t_wall,t_seq,state,stage,nav_state,armed,x,y,z,vx,vy,vz,heading
1785821853.448,0.000,WAIT,idle,4,0,0.005,-0.003,0.001,0.005,0.003,-0.001,1.5482
1785821853.548,0.000,WAIT,idle,4,0,0.005,-0.003,0.001,0.007,0.003,-0.002,1.5483
1785821853.648,0.000,WAIT,idle,4,0,0.006,-0.003,0.001,0.007,0.002,-0.001,1.5483
1785821853.748,0.000,WAIT,idle,4,0,0.006,-0.003,0.001,0.009,0.001,0.001,1.5483
1785821853.848,0.000,WAIT,idle,4,0,0.006,-0.003,0.002,0.009,0.001,0.001,1.5483
1785821853.948,0.000,WAIT,idle,4,0,0.006,-0.003,0.002,0.008,0.000,0.003,1.5486
1785821854.048,0.000,WAIT,idle,4,0,0.007,-0.003,0.003,0.010,-0.001,0.005,1.5489
1785821854.148,0.000,WAIT,idle,4,0,0.008,-0.003,0.003,0.008,-0.002,0.004,1.5492
1785821854.248,0.000,WAIT,idle,4,0,0.008,-0.003,0.004,0.007,0.001,0.002,1.5492
1785821854.348,0.000,WAIT,idle,4,0,0.008,-0.003,0.004,0.005,-0.001,0.004,1.5492
1785821854.448,0.000,WAIT,idle,4,0,0.008,-0.003,0.005,0.005,-0.002,0.005,1.5491
1785821854.548,0.000,WAIT,idle,4,0,0.007,-0.003,0.005,0.003,0.001,0.006,1.5492
1785821854.648,0.000,WAIT,idle,4,0,0.006,-0.002,0.006,0.001,0.003,0.006,1.5492
1785821854.748,0.000,WAIT,idle,4,0,0.006,-0.002,0.008,0.002,0.004,0.005,1.5492
1785821854.848,0.000,WAIT,idle,4,0,0.006,-0.001,0.008,0.001,0.006,0.006,1.5493
1785821854.948,0.000,WAIT,idle,4,0,0.006,-0.001,0.009,-0.001,0.005,0.005,1.5493
1785821855.048,0.000,WAIT,idle,4,0,0.005,-0.000,0.010,-0.002,0.008,0.006,1.5491
1785821855.148,0.000,WAIT,idle,4,0,0.004,0.000,0.010,-0.005,0.007,0.008,1.5490
1785821855.248,0.000,WAIT,idle,4,0,0.004,0.001,0.010,-0.005,0.007,0.009,1.5490
1785821855.348,0.000,WAIT,idle,4,0,0.003,0.001,0.011,-0.006,0.007,0.009,1.5491
1785821855.448,0.000,WAIT,idle,4,0,0.003,0.001,0.011,-0.005,0.008,0.010,1.5490
1785821855.548,0.000,WAIT,idle,4,0,0.002,0.001,0.011,-0.006,0.008,0.007,1.5489
1785821855.648,0.000,WAIT,idle,4,0,0.003,0.001,0.011,-0.002,0.006,0.008,1.5491
1785821855.748,0.000,WAIT,idle,4,0,0.003,0.001,0.011,-0.001,0.006,0.007,1.5492
1785821855.848,0.000,WAIT,idle,4,0,0.004,0.001,0.011,0.000,0.008,0.005,1.5492
1785821855.948,0.000,WAIT,idle,4,0,0.005,0.002,0.010,0.001,0.010,0.004,1.5491
1785821856.048,0.000,WAIT,idle,2,0,0.005,0.003,0.009,0.001,0.011,0.004,1.5491
1785821856.148,0.000,WAIT,idle,2,0,0.005,0.004,0.009,0.001,0.013,0.006,1.5489
1785821856.248,0.000,WAIT,idle,2,0,0.005,0.004,0.008,0.000,0.012,0.004,1.5486
1785821856.348,0.000,WAIT,idle,2,0,0.004,0.005,0.007,-0.000,0.012,0.002,1.5484
1785821856.448,0.000,WAIT,idle,2,0,0.005,0.005,0.006,0.001,0.012,0.003,1.5481
1785821856.548,0.000,WAIT,idle,2,0,0.005,0.006,0.006,0.001,0.011,0.002,1.5482
1785821856.648,0.000,WAIT,idle,2,0,0.005,0.006,0.005,0.002,0.012,0.002,1.5483
1785821856.748,0.000,WAIT,idle,2,0,0.005,0.006,0.005,0.004,0.011,0.002,1.5484
1785821856.848,0.000,WAIT,idle,2,0,0.005,0.007,0.005,0.003,0.012,0.003,1.5486
1785821856.948,0.000,WAIT,idle,2,0,0.005,0.007,0.004,0.005,0.010,0.002,1.5488
1785821857.048,0.000,WAIT,idle,2,0,0.005,0.006,0.004,0.002,0.008,0.001,1.5488
1785821857.148,0.000,WAIT,idle,2,0,0.004,0.006,0.003,0.002,0.004,-0.002,1.5488
1785821857.248,0.000,WAIT,idle,2,0,0.004,0.004,0.002,0.002,0.001,-0.003,1.5490
1785821857.348,0.000,WAIT,idle,2,0,0.003,0.003,0.001,-0.000,-0.001,-0.001,1.5491
1785821857.448,0.000,WAIT,idle,2,0,0.003,0.002,0.001,-0.003,-0.003,-0.004,1.5492
1785821857.548,0.000,WAIT,idle,2,0,0.002,0.002,0.001,-0.005,-0.001,-0.001,1.5491
1785821857.648,0.000,WAIT,idle,2,0,0.002,0.001,0.001,-0.004,-0.000,-0.002,1.5490
1785821857.748,0.000,WAIT,idle,2,0,0.002,0.001,0.001,-0.003,-0.000,-0.001,1.5491
1785821857.848,0.000,WAIT,idle,2,0,0.003,0.001,0.001,-0.003,0.002,-0.001,1.5490
1785821857.948,0.000,WAIT,idle,2,0,0.003,0.002,0.001,-0.003,0.004,-0.001,1.5492
1785821858.048,0.000,WAIT,idle,2,0,0.003,0.002,0.001,-0.004,0.007,-0.001,1.5496
1785821858.148,0.000,WAIT,idle,2,0,0.003,0.003,0.001,-0.005,0.010,0.001,1.5496
1785821858.248,0.000,WAIT,idle,2,0,0.003,0.004,0.002,-0.008,0.009,0.002,1.5494
1785821858.348,0.000,WAIT,idle,2,0,0.002,0.004,0.002,-0.007,0.010,0.003,1.5494
1785821858.448,0.000,WAIT,idle,2,0,0.002,0.005,0.003,-0.005,0.011,0.002,1.5496
1785821858.548,0.000,WAIT,idle,2,0,0.002,0.006,0.003,-0.004,0.013,0.001,1.5495
1785821858.648,0.000,WAIT,idle,2,0,0.002,0.007,0.002,-0.004,0.014,0.001,1.5491
1785821858.748,0.000,WAIT,idle,2,0,0.002,0.007,0.002,-0.003,0.014,0.000,1.5487
1785821858.848,0.000,WAIT,idle,2,0,0.002,0.008,0.001,-0.004,0.012,0.001,1.5486
1785821858.948,0.000,WAIT,idle,2,0,0.002,0.008,0.001,-0.003,0.012,0.004,1.5488
1785821859.048,0.000,WAIT,idle,2,0,0.002,0.008,0.001,-0.005,0.013,0.004,1.5492
1785821859.148,0.000,WAIT,idle,2,0,0.002,0.008,0.002,-0.006,0.013,0.004,1.5494
1785821859.248,0.000,WAIT,idle,2,0,0.001,0.008,0.002,-0.005,0.014,0.003,1.5493
1785821859.348,0.000,WAIT,idle,2,0,0.001,0.008,0.003,-0.003,0.016,0.004,1.5492
1785821859.448,0.000,WAIT,idle,2,0,0.002,0.008,0.004,-0.001,0.015,0.005,1.5494
1785821859.548,0.000,WAIT,idle,2,0,0.002,0.008,0.004,-0.001,0.016,0.005,1.5495
1785821859.648,0.000,WAIT,idle,2,0,0.003,0.008,0.005,-0.003,0.017,0.004,1.5495
1785821859.748,0.000,WAIT,idle,2,0,0.002,0.009,0.005,-0.003,0.018,0.000,1.5494
1785821859.848,0.000,WAIT,idle,2,0,0.002,0.008,0.005,-0.005,0.017,-0.001,1.5496
1785821859.948,0.000,WAIT,idle,2,0,0.002,0.008,0.004,-0.005,0.017,-0.001,1.5492
1785821860.048,0.000,WAIT,idle,2,0,0.002,0.008,0.004,-0.003,0.016,-0.002,1.5495
1785821860.148,0.000,WAIT,idle,2,0,0.002,0.008,0.004,-0.004,0.013,-0.003,1.5493
1785821860.248,0.000,WAIT,idle,2,0,0.001,0.007,0.004,-0.002,0.015,-0.002,1.5492
1785821860.348,0.000,WAIT,idle,2,0,0.002,0.007,0.004,-0.002,0.016,-0.003,1.5489
1785821860.448,0.000,WAIT,idle,2,0,0.002,0.007,0.003,0.002,0.014,-0.005,1.5488
1785821860.548,0.000,WAIT,idle,2,0,0.002,0.006,0.002,0.001,0.012,-0.007,1.5486
1785821860.648,0.000,WAIT,idle,2,0,0.003,0.006,0.002,-0.001,0.010,-0.006,1.5486
1785821860.748,0.000,WAIT,idle,2,0,0.003,0.005,0.002,0.002,0.010,-0.005,1.5483
1785821860.848,0.000,WAIT,idle,2,0,0.004,0.005,0.002,0.006,0.008,-0.005,1.5482
1785821860.948,0.000,WAIT,idle,2,0,0.005,0.004,0.001,0.006,0.007,-0.004,1.5484
1785821861.048,0.000,WAIT,idle,2,0,0.005,0.003,0.001,0.005,0.003,-0.002,1.5483
1785821861.148,0.000,WAIT,idle,2,0,0.005,0.002,0.001,0.001,0.004,-0.001,1.5483
1785821861.248,0.000,WAIT,idle,2,0,0.004,0.002,0.001,0.000,0.002,-0.001,1.5479
1785821861.348,0.000,WAIT,idle,2,0,0.003,0.002,0.001,-0.001,0.002,-0.001,1.5477
1785821861.448,0.000,WAIT,idle,2,0,0.003,0.001,0.001,-0.001,0.000,-0.003,1.5475
1785821861.548,0.000,WAIT,idle,2,0,0.003,0.000,-0.000,-0.000,0.001,-0.003,1.5476
1785821861.648,0.000,WAIT,idle,2,0,0.003,0.000,-0.001,-0.002,0.002,-0.008,1.5476
1785821861.748,0.000,WAIT,idle,2,0,0.002,0.000,-0.002,-0.002,0.004,-0.006,1.5477
1785821861.848,0.000,WAIT,idle,2,0,0.002,0.000,-0.002,-0.003,0.002,-0.005,1.5477
1785821861.948,0.000,WAIT,idle,2,0,0.001,0.000,-0.002,-0.006,0.001,-0.006,1.5474
1785821862.048,0.000,WAIT,idle,2,0,0.001,0.000,-0.003,-0.002,0.003,-0.006,1.5473
1785821862.148,0.000,WAIT,idle,2,0,0.002,0.001,-0.003,0.001,0.003,-0.006,1.5474
1785821862.248,0.000,WAIT,idle,2,0,0.003,0.001,-0.003,0.005,0.002,-0.005,1.5476
1785821862.348,0.000,WAIT,idle,2,0,0.005,0.000,-0.003,0.007,-0.000,-0.003,1.5478
1785821862.448,0.000,WAIT,idle,2,0,0.006,0.000,-0.003,0.009,0.000,-0.003,1.5478
1785821862.548,0.000,WAIT,idle,2,0,0.006,-0.000,-0.003,0.007,0.001,-0.003,1.5478
1785821862.648,0.000,WAIT,idle,2,0,0.007,-0.000,-0.003,0.008,0.000,-0.005,1.5477
1785821862.748,0.000,WAIT,idle,2,0,0.007,-0.000,-0.003,0.007,0.001,-0.005,1.5478
1785821862.848,0.000,WAIT,idle,2,0,0.007,-0.000,-0.004,0.007,0.000,-0.003,1.5476
1785821862.948,0.000,WAIT,idle,2,0,0.006,-0.000,-0.004,0.008,0.001,-0.003,1.5476
1785821863.048,0.000,WAIT,idle,2,0,0.006,-0.000,-0.004,0.008,-0.001,-0.003,1.5474
1785821863.148,0.000,WAIT,idle,2,0,0.006,-0.000,-0.003,0.007,-0.001,-0.001,1.5472
1785821863.248,0.000,WAIT,idle,2,0,0.006,-0.001,-0.002,0.007,-0.001,-0.002,1.5470
1785821863.348,0.000,WAIT,idle,2,0,0.006,-0.001,-0.002,0.006,-0.002,-0.003,1.5468
1785821863.448,0.000,WAIT,idle,2,0,0.007,-0.001,-0.002,0.006,0.002,-0.002,1.5467
1785821863.548,0.000,WAIT,idle,2,0,0.007,0.000,-0.001,0.003,0.005,-0.002,1.5467
1785821863.648,0.000,WAIT,idle,2,0,0.007,0.001,0.000,0.004,0.004,0.001,1.5466
1785821863.748,0.000,WAIT,idle,2,0,0.007,0.001,0.001,0.004,0.005,0.000,1.5469
1785821863.848,0.000,WAIT,idle,2,0,0.007,0.002,0.001,0.001,0.007,-0.002,1.5469
1785821863.948,0.000,WAIT,idle,2,0,0.007,0.002,0.001,0.003,0.005,-0.005,1.5467
1785821864.048,0.000,WAIT,idle,2,0,0.006,0.002,0.000,0.002,0.004,-0.006,1.5467
1785821864.148,0.000,WAIT,idle,2,0,0.006,0.001,0.000,0.003,0.002,-0.003,1.5464
1785821864.248,0.000,WAIT,idle,2,0,0.006,0.001,0.000,0.002,0.004,-0.005,1.5461
1785821864.348,0.000,WAIT,idle,2,0,0.005,0.001,0.000,0.002,0.004,-0.004,1.5460
1785821864.448,0.000,WAIT,idle,2,0,0.004,0.001,0.000,0.001,0.005,-0.005,1.5458
1785821864.548,0.000,WAIT,idle,2,0,0.004,0.001,0.000,0.002,0.003,-0.007,1.5458
1785821864.648,0.000,WAIT,idle,2,0,0.005,0.001,0.000,0.004,0.001,-0.009,1.5458
1785821864.748,0.000,WAIT,idle,2,0,0.005,0.001,-0.001,0.005,0.002,-0.010,1.5458
1785821864.848,0.000,WAIT,idle,2,0,0.005,0.000,-0.001,0.005,0.002,-0.008,1.5455
1785821864.948,0.000,WAIT,idle,2,0,0.005,0.000,-0.001,0.006,0.000,-0.005,1.5455
1785821865.048,0.000,WAIT,idle,2,0,0.006,0.000,-0.001,0.005,-0.002,-0.008,1.5451
1785821865.148,0.000,WAIT,idle,2,0,0.005,0.000,-0.000,0.005,-0.001,-0.006,1.5452
1785821865.248,0.000,WAIT,idle,2,0,0.006,0.000,-0.000,0.005,-0.002,-0.004,1.5452
1785821865.348,0.000,WAIT,idle,2,0,0.006,-0.000,0.000,0.004,-0.001,-0.001,1.5453
1785821865.448,0.000,WAIT,idle,2,0,0.006,-0.000,0.001,0.004,-0.004,-0.000,1.5453
1785821865.548,0.000,WAIT,idle,2,0,0.006,-0.001,0.001,0.003,-0.006,0.001,1.5452
1785821865.648,0.000,WAIT,idle,2,0,0.005,-0.001,0.001,0.004,-0.004,0.000,1.5449
1785821865.748,0.000,WAIT,idle,2,0,0.005,-0.001,0.002,0.005,-0.002,0.000,1.5447
1785821865.848,0.000,WAIT,idle,2,0,0.005,-0.000,0.002,0.007,0.001,-0.002,1.5448
1785821865.948,0.000,WAIT,idle,2,0,0.005,0.001,0.002,0.007,0.003,0.000,1.5446
1785821866.048,0.000,WAIT,idle,2,0,0.006,0.002,0.002,0.005,0.003,0.000,1.5444
1785821866.148,0.000,WAIT,idle,2,0,0.005,0.003,0.002,0.004,0.003,0.000,1.5443
1785821866.248,0.000,WAIT,idle,2,0,0.004,0.003,0.002,0.003,0.002,0.002,1.5443
1785821866.348,0.000,WAIT,idle,2,0,0.004,0.003,0.003,0.000,0.001,0.002,1.5445
1785821866.448,0.000,WAIT,idle,2,0,0.003,0.003,0.003,0.003,-0.001,0.004,1.5446
1785821866.548,0.000,WAIT,idle,2,0,0.003,0.002,0.004,0.001,-0.002,0.004,1.5445
1785821866.648,0.000,WAIT,idle,2,0,0.003,0.001,0.004,0.002,-0.006,0.003,1.5446
1785821866.748,0.000,WAIT,idle,2,0,0.003,0.000,0.004,0.003,-0.009,0.004,1.5444
1785821866.848,0.000,WAIT,idle,2,0,0.004,-0.001,0.004,0.004,-0.008,0.002,1.5442
1785821866.948,0.000,WAIT,idle,2,0,0.004,-0.001,0.003,0.004,-0.008,-0.001,1.5440
1785821867.048,0.000,WAIT,idle,2,0,0.004,-0.001,0.003,0.005,-0.007,-0.001,1.5439
1785821867.148,0.000,WAIT,idle,2,0,0.005,-0.000,0.003,0.004,-0.005,0.002,1.5440
1785821867.248,0.000,WAIT,idle,2,0,0.006,-0.000,0.003,0.005,-0.006,0.002,1.5438
1785821867.348,0.000,WAIT,idle,2,0,0.006,-0.000,0.004,0.004,-0.007,0.004,1.5439
1785821867.448,0.000,WAIT,idle,2,0,0.006,-0.001,0.004,0.003,-0.008,0.004,1.5439
1785821867.548,0.000,WAIT,idle,2,0,0.007,-0.001,0.004,0.002,-0.007,0.004,1.5441
1785821867.648,0.000,WAIT,idle,2,0,0.007,-0.000,0.004,0.003,-0.003,0.004,1.5440
1785821867.748,0.000,WAIT,idle,2,0,0.007,0.000,0.004,-0.000,-0.003,0.002,1.5441
1785821867.848,0.000,WAIT,idle,2,0,0.006,0.001,0.004,-0.002,-0.002,0.001,1.5442
1785821867.948,0.000,WAIT,idle,2,0,0.006,0.001,0.003,-0.002,-0.005,0.001,1.5440
1785821868.048,0.000,WAIT,idle,2,0,0.005,0.001,0.003,-0.003,-0.007,-0.001,1.5440
1785821868.148,0.000,WAIT,idle,2,0,0.005,0.000,0.002,-0.002,-0.008,-0.004,1.5437
1785821868.248,0.000,WAIT,idle,2,0,0.005,-0.000,0.002,-0.002,-0.007,-0.002,1.5437
1785821868.348,0.000,WAIT,idle,2,0,0.005,-0.001,0.001,-0.000,-0.010,-0.000,1.5438
1785821868.448,0.000,WAIT,idle,2,0,0.005,-0.001,0.001,-0.001,-0.009,0.000,1.5435
1785821868.548,0.000,WAIT,idle,2,0,0.005,-0.001,0.001,-0.000,-0.005,-0.000,1.5433
1785821868.648,0.000,WAIT,idle,2,0,0.005,-0.001,0.000,-0.002,-0.007,0.001,1.5432
1785821868.748,0.000,WAIT,idle,2,0,0.005,-0.001,0.000,-0.001,-0.009,0.001,1.5432
1785821868.848,0.000,WAIT,idle,2,0,0.006,-0.002,-0.000,-0.001,-0.011,0.001,1.5432
1785821868.948,0.000,WAIT,idle,2,0,0.006,-0.002,-0.001,0.003,-0.011,-0.001,1.5433
1785821869.048,0.000,WAIT,idle,2,0,0.007,-0.002,-0.001,0.004,-0.009,-0.004,1.5433
1785821869.148,0.000,WAIT,idle,2,0,0.007,-0.002,-0.002,0.003,-0.008,-0.004,1.5433
1785821869.248,0.000,WAIT,idle,2,0,0.008,-0.002,-0.003,0.004,-0.008,-0.003,1.5434
1785821869.348,0.000,WAIT,idle,2,0,0.008,-0.001,-0.003,0.004,-0.007,-0.003,1.5433
1785821869.448,0.000,WAIT,idle,2,0,0.008,-0.001,-0.003,0.002,-0.004,-0.000,1.5431
1785821869.548,0.000,WAIT,idle,2,0,0.007,-0.000,-0.002,0.002,-0.002,0.002,1.5430
1785821869.648,0.000,WAIT,idle,2,0,0.008,0.000,-0.002,0.004,0.001,0.001,1.5429
1785821869.748,0.000,WAIT,idle,2,0,0.008,0.001,-0.001,0.006,0.002,-0.001,1.5431
1785821869.848,0.000,WAIT,idle,2,0,0.009,0.001,-0.001,0.005,0.004,0.001,1.5432
1785821869.948,0.000,WAIT,idle,2,0,0.009,0.002,-0.000,0.006,0.002,-0.001,1.5434
1785821870.048,0.000,WAIT,idle,2,0,0.010,0.002,0.000,0.005,0.002,-0.001,1.5433
1785821870.148,0.000,WAIT,idle,2,0,0.010,0.001,0.000,0.004,-0.001,-0.000,1.5435
1785821870.248,0.000,WAIT,idle,2,0,0.010,0.001,0.001,0.001,-0.002,-0.003,1.5439
1785821870.348,0.000,WAIT,idle,2,0,0.009,0.000,0.001,-0.000,-0.001,-0.003,1.5440
1785821870.448,0.000,WAIT,idle,2,0,0.008,0.000,0.001,-0.002,-0.004,-0.005,1.5439
1785821870.548,0.000,WAIT,idle,2,0,0.007,-0.000,-0.000,-0.003,-0.004,-0.005,1.5437
1785821870.648,0.000,WAIT,idle,2,0,0.006,-0.001,-0.001,-0.003,-0.003,-0.005,1.5435
1785821870.748,0.000,WAIT,idle,2,0,0.006,-0.001,-0.001,-0.002,-0.002,-0.006,1.5434
1785821870.848,0.000,WAIT,idle,2,0,0.006,-0.001,-0.002,0.002,-0.003,-0.002,1.5434
1785821870.948,0.000,WAIT,idle,2,0,0.006,-0.001,-0.002,0.002,-0.002,-0.004,1.5434
1785821871.048,0.000,WAIT,idle,2,0,0.006,-0.000,-0.003,0.000,0.002,-0.004,1.5432
1785821871.148,0.000,WAIT,idle,2,0,0.006,0.001,-0.003,0.003,0.006,-0.003,1.5431
1785821871.248,0.000,WAIT,idle,2,0,0.006,0.002,-0.004,0.006,0.011,-0.003,1.5430
1785821871.348,0.000,WAIT,idle,2,0,0.006,0.003,-0.004,0.002,0.009,-0.004,1.5430
1785821871.448,0.000,WAIT,idle,2,0,0.006,0.003,-0.004,0.001,0.008,-0.003,1.5434
1785821871.548,0.000,WAIT,idle,2,0,0.005,0.003,-0.003,-0.001,0.007,-0.003,1.5435
1785821871.648,0.000,WAIT,idle,2,0,0.005,0.003,-0.003,-0.002,0.005,-0.002,1.5434
1785821871.748,0.000,WAIT,idle,2,0,0.004,0.003,-0.002,-0.003,0.004,-0.002,1.5433
1785821871.848,0.000,WAIT,idle,2,0,0.004,0.003,-0.002,0.000,0.005,-0.000,1.5430
1785821871.948,0.000,WAIT,idle,2,0,0.005,0.002,-0.000,0.001,0.004,0.002,1.5426
1785821872.048,0.000,WAIT,idle,2,0,0.005,0.002,0.001,0.002,0.003,0.002,1.5425
1785821872.148,0.000,WAIT,idle,2,0,0.005,0.002,0.002,0.001,0.001,0.000,1.5424
1785821872.248,0.000,WAIT,idle,2,0,0.005,0.001,0.003,0.001,0.000,0.001,1.5426
1785821872.348,0.000,WAIT,idle,2,0,0.005,0.001,0.004,0.001,-0.002,0.001,1.5426
1785821872.448,0.000,WAIT,idle,2,0,0.004,0.000,0.004,0.002,-0.003,0.002,1.5425
1785821872.548,0.000,WAIT,idle,2,0,0.004,-0.000,0.005,0.001,-0.004,0.001,1.5424
1785821872.648,0.000,WAIT,idle,2,0,0.004,-0.001,0.005,0.003,-0.004,-0.001,1.5422
1785821872.748,0.000,WAIT,idle,2,0,0.004,-0.001,0.005,0.004,-0.006,0.002,1.5422
1785821872.848,0.000,WAIT,idle,2,0,0.005,-0.002,0.005,0.005,-0.005,0.001,1.5421
1785821872.948,0.000,WAIT,idle,2,0,0.005,-0.001,0.005,0.007,-0.003,0.002,1.5421
1785821873.048,0.000,WAIT,idle,2,0,0.006,-0.001,0.004,0.006,-0.003,0.005,1.5420
1785821873.148,0.000,WAIT,idle,2,0,0.007,-0.001,0.004,0.008,-0.004,0.003,1.5420
1785821873.248,0.000,WAIT,idle,2,0,0.007,-0.002,0.004,0.010,-0.005,0.002,1.5418
1785821873.348,0.000,WAIT,idle,2,0,0.007,-0.002,0.003,0.010,-0.005,0.003,1.5416
1785821873.448,0.000,WAIT,idle,2,0,0.007,-0.002,0.003,0.008,-0.004,0.003,1.5416
1785821873.548,0.000,WAIT,idle,2,0,0.007,-0.002,0.003,0.009,-0.003,0.002,1.5416
1785821873.648,0.000,WAIT,idle,2,0,0.007,-0.002,0.003,0.010,-0.003,0.003,1.5416
1785821873.748,0.000,WAIT,idle,2,0,0.008,-0.002,0.003,0.011,0.001,0.003,1.5416
1785821873.848,0.000,WAIT,idle,2,0,0.008,-0.001,0.003,0.012,0.002,0.002,1.5420
1785821873.948,0.000,WAIT,idle,2,0,0.009,-0.001,0.003,0.013,0.001,0.001,1.5421
1785821874.048,0.000,WAIT,idle,2,0,0.009,-0.000,0.003,0.014,0.003,0.003,1.5421
1785821874.148,0.000,WAIT,idle,2,0,0.010,0.000,0.003,0.014,0.002,0.005,1.5421
1785821874.248,0.000,WAIT,idle,2,0,0.010,0.000,0.004,0.014,-0.001,0.003,1.5419
1785821874.348,0.000,WAIT,idle,2,0,0.010,0.000,0.004,0.011,-0.000,0.006,1.5421
1785821874.448,0.000,WAIT,idle,2,0,0.009,0.000,0.004,0.010,0.000,0.005,1.5423
1785821874.548,0.000,WAIT,idle,2,0,0.008,0.000,0.004,0.007,-0.000,0.005,1.5427
1785821874.648,0.000,WAIT,idle,2,0,0.008,0.001,0.004,0.006,0.001,0.002,1.5428
1785821874.748,0.000,WAIT,idle,2,0,0.008,0.001,0.003,0.004,-0.001,0.002,1.5425
1785821874.848,0.000,WAIT,idle,2,0,0.007,0.001,0.003,0.005,-0.003,-0.000,1.5425
1785821874.948,0.000,WAIT,idle,2,0,0.008,0.001,0.002,0.008,-0.003,0.001,1.5424
1785821875.048,0.000,WAIT,idle,2,0,0.008,0.000,0.002,0.007,-0.003,0.001,1.5425
1785821875.148,0.000,WAIT,idle,2,0,0.007,0.000,0.002,0.007,-0.004,0.001,1.5425
1785821875.248,0.000,WAIT,idle,2,0,0.007,-0.001,0.001,0.005,-0.007,0.000,1.5425
1785821875.348,0.000,WAIT,idle,2,0,0.006,-0.001,0.001,0.001,-0.006,-0.001,1.5425
1785821875.448,0.000,WAIT,idle,2,0,0.005,-0.002,0.001,0.001,-0.008,-0.003,1.5422
1785821875.548,0.000,WAIT,idle,2,0,0.005,-0.002,0.001,0.001,-0.007,0.003,1.5421
1785821875.648,0.000,WAIT,idle,2,0,0.005,-0.002,0.001,0.002,-0.006,0.004,1.5418
1785821875.748,0.000,WAIT,idle,2,0,0.005,-0.002,0.002,0.001,-0.004,0.007,1.5419
1785821875.848,0.000,WAIT,idle,2,0,0.005,-0.001,0.003,0.003,-0.003,0.005,1.5418
1785821875.948,0.000,WAIT,idle,2,0,0.006,-0.001,0.003,0.004,-0.005,0.004,1.5417
1785821876.048,0.000,WAIT,idle,2,0,0.006,-0.001,0.003,0.006,-0.004,0.005,1.5417
1785821876.148,0.000,WAIT,idle,2,0,0.007,-0.001,0.003,0.005,-0.002,0.003,1.5418
1785821876.248,0.000,WAIT,idle,2,0,0.008,-0.000,0.002,0.006,-0.002,0.002,1.5420
1785821876.348,0.000,WAIT,idle,2,0,0.008,-0.000,0.002,0.005,-0.003,0.004,1.5422
1785821876.448,0.000,WAIT,idle,2,0,0.008,-0.001,0.003,0.004,-0.007,0.004,1.5421
1785821876.548,0.000,WAIT,idle,2,0,0.009,-0.001,0.003,0.005,-0.008,0.001,1.5420
1785821876.648,0.000,WAIT,idle,2,0,0.009,-0.002,0.003,0.005,-0.011,0.007,1.5422
1785821876.748,0.000,WAIT,idle,2,0,0.009,-0.003,0.004,0.007,-0.011,0.007,1.5423
1785821876.848,0.000,WAIT,idle,2,0,0.010,-0.003,0.004,0.007,-0.008,0.009,1.5423
1785821876.948,0.000,WAIT,idle,2,0,0.010,-0.003,0.005,0.008,-0.007,0.010,1.5421
1785821877.048,0.000,WAIT,idle,2,0,0.011,-0.003,0.006,0.008,-0.005,0.008,1.5418
1785821877.148,0.000,WAIT,idle,2,0,0.011,-0.002,0.006,0.006,-0.003,0.009,1.5416
1785821877.248,0.000,WAIT,idle,2,0,0.011,-0.002,0.007,0.007,-0.003,0.007,1.5419
1785821877.348,0.000,WAIT,idle,2,0,0.010,-0.001,0.007,0.005,-0.002,0.003,1.5420
1785821877.448,0.000,WAIT,idle,2,0,0.010,-0.001,0.007,0.006,-0.002,0.003,1.5419
1785821877.548,0.000,WAIT,idle,2,0,0.009,-0.001,0.007,0.002,-0.000,0.004,1.5419
1785821877.648,0.000,WAIT,idle,2,0,0.008,-0.000,0.007,0.001,0.001,0.005,1.5417
1785821877.748,0.000,WAIT,idle,2,0,0.007,0.000,0.007,0.001,-0.001,0.004,1.5416
1785821877.848,0.000,WAIT,idle,2,0,0.007,0.000,0.006,0.003,-0.001,0.001,1.5414
1785821877.948,0.000,WAIT,idle,2,0,0.008,0.000,0.005,0.001,-0.001,0.000,1.5414
1785821878.048,0.000,WAIT,idle,2,0,0.007,0.000,0.004,0.000,0.000,-0.002,1.5415
1785821878.148,0.000,WAIT,idle,2,0,0.007,0.000,0.004,0.001,0.000,-0.001,1.5417
1785821878.248,0.000,WAIT,idle,2,0,0.007,0.000,0.004,0.001,-0.003,-0.000,1.5416
1785821878.348,0.000,WAIT,idle,2,0,0.007,-0.000,0.004,-0.001,-0.003,0.000,1.5416
1785821878.448,0.000,WAIT,idle,2,0,0.007,-0.000,0.005,-0.002,-0.002,0.000,1.5417
1785821878.548,0.000,WAIT,idle,2,0,0.006,-0.001,0.005,-0.006,-0.001,-0.000,1.5417
1785821878.648,0.000,WAIT,idle,2,0,0.005,-0.001,0.006,-0.005,0.001,0.001,1.5418
1785821878.748,0.000,WAIT,idle,2,0,0.004,-0.000,0.006,-0.008,-0.001,-0.001,1.5417
1785821878.848,0.000,WAIT,idle,2,0,0.004,-0.001,0.006,-0.005,-0.004,-0.000,1.5418
1785821878.948,0.000,WAIT,idle,2,0,0.004,-0.001,0.006,-0.003,-0.006,0.001,1.5419
1785821879.048,0.000,WAIT,idle,2,0,0.004,-0.002,0.007,-0.004,-0.005,0.000,1.5422
1785821879.148,0.000,WAIT,idle,2,0,0.004,-0.002,0.007,-0.004,-0.005,-0.000,1.5421
1785821879.248,0.000,WAIT,idle,2,0,0.005,-0.002,0.007,-0.003,-0.005,-0.001,1.5418
1785821879.348,0.000,WAIT,idle,2,0,0.005,-0.002,0.007,-0.001,-0.005,-0.005,1.5416
1785821879.448,0.000,WAIT,idle,2,0,0.006,-0.002,0.006,-0.001,-0.004,-0.004,1.5414
1785821879.548,0.000,WAIT,idle,2,0,0.007,-0.002,0.006,-0.001,-0.001,-0.003,1.5415
1785821879.648,0.000,WAIT,idle,2,0,0.007,-0.001,0.006,-0.002,-0.000,-0.004,1.5418
1785821879.748,0.000,WAIT,idle,2,0,0.007,-0.001,0.006,-0.004,-0.001,-0.001,1.5420
1785821879.848,0.000,WAIT,idle,2,0,0.007,-0.001,0.006,-0.002,0.001,0.000,1.5424
1785821879.948,0.000,WAIT,idle,2,0,0.008,-0.000,0.007,-0.002,0.000,-0.003,1.5423
1785821880.048,0.000,WAIT,idle,2,0,0.008,0.000,0.006,-0.003,0.004,-0.004,1.5422
1785821880.148,0.000,WAIT,idle,2,0,0.007,0.001,0.006,-0.004,0.006,-0.006,1.5420
1785821880.248,0.000,WAIT,idle,2,0,0.007,0.001,0.006,-0.005,0.007,-0.003,1.5420
1785821880.348,0.000,WAIT,idle,2,0,0.006,0.002,0.006,-0.005,0.005,-0.002,1.5417
1785821880.448,0.000,WAIT,idle,2,0,0.005,0.002,0.006,-0.005,0.005,-0.003,1.5416
1785821880.548,0.000,WAIT,idle,2,0,0.005,0.003,0.006,-0.006,0.004,-0.002,1.5415
1785821880.648,0.000,WAIT,idle,2,0,0.004,0.003,0.006,-0.006,0.005,-0.001,1.5413
1785821880.748,0.000,WAIT,idle,2,0,0.004,0.002,0.006,-0.006,0.002,-0.000,1.5414
1785821880.848,0.000,WAIT,idle,2,0,0.003,0.002,0.007,-0.005,0.002,0.001,1.5414
1785821880.948,0.000,WAIT,idle,2,0,0.003,0.002,0.007,-0.004,-0.000,0.000,1.5413
1785821881.048,0.000,WAIT,idle,2,0,0.003,0.001,0.007,-0.002,0.001,0.003,1.5416
1785821881.148,0.000,WAIT,idle,2,0,0.003,0.001,0.008,-0.003,0.000,0.007,1.5415
1785821881.248,0.000,WAIT,idle,2,0,0.003,0.001,0.009,-0.006,0.001,0.007,1.5415
1785821881.348,0.000,WAIT,idle,2,0,0.002,0.001,0.009,-0.007,-0.001,0.003,1.5415
1785821881.448,0.000,WAIT,idle,2,0,0.002,0.000,0.009,-0.006,-0.000,0.003,1.5413
1785821881.548,0.000,WAIT,idle,2,0,0.002,0.001,0.008,-0.007,0.001,0.001,1.5409
1785821881.648,0.000,WAIT,idle,2,0,0.002,0.001,0.007,-0.007,0.002,0.001,1.5408
1785821881.748,0.000,WAIT,idle,2,0,0.002,0.001,0.007,-0.007,0.001,0.001,1.5408
1785821881.848,0.000,WAIT,idle,2,0,0.003,0.001,0.006,-0.006,0.001,-0.003,1.5407
1785821881.948,0.000,WAIT,idle,2,0,0.004,0.001,0.005,-0.004,0.001,-0.002,1.5406
1785821882.048,0.000,WAIT,idle,2,0,0.005,0.001,0.004,-0.000,-0.001,-0.004,1.5406
1785821882.148,0.000,WAIT,idle,2,0,0.006,0.001,0.003,0.002,-0.004,-0.003,1.5407
1785821882.248,0.000,WAIT,idle,2,0,0.006,0.000,0.002,0.001,-0.004,-0.004,1.5407
1785821882.348,0.000,WAIT,idle,2,0,0.006,-0.001,0.002,-0.002,-0.007,-0.003,1.5409
1785821882.448,0.000,WAIT,idle,2,0,0.006,-0.001,0.001,-0.001,-0.004,-0.004,1.5411
1785821882.548,0.000,WAIT,idle,2,0,0.005,-0.001,0.000,-0.002,-0.002,-0.004,1.5412
1785821882.648,0.000,WAIT,idle,2,0,0.005,-0.001,-0.000,-0.001,-0.003,-0.005,1.5415
1785821882.748,0.000,WAIT,idle,2,0,0.006,-0.001,-0.000,-0.000,-0.003,-0.004,1.5416
1785821882.848,0.000,WAIT,idle,2,0,0.006,-0.001,-0.000,0.001,-0.004,-0.003,1.5417
1785821882.948,0.000,WAIT,idle,2,0,0.006,-0.001,-0.000,0.001,-0.004,-0.005,1.5416
1785821883.048,0.000,WAIT,idle,2,0,0.007,-0.001,-0.000,0.003,-0.004,-0.005,1.5416
1785821883.148,0.000,WAIT,idle,2,0,0.008,-0.002,-0.000,0.003,-0.004,-0.005,1.5416
1785821883.248,0.000,WAIT,idle,2,0,0.008,-0.002,-0.000,0.004,-0.007,-0.005,1.5416
1785821883.348,0.000,WAIT,idle,2,0,0.009,-0.002,-0.000,0.008,-0.009,-0.002,1.5418
1785821883.448,0.000,WAIT,idle,2,0,0.010,-0.003,0.000,0.010,-0.010,-0.001,1.5416
1785821883.548,0.000,WAIT,idle,2,0,0.011,-0.004,0.001,0.012,-0.011,-0.001,1.5417
1785821883.648,0.000,WAIT,idle,2,0,0.011,-0.004,0.002,0.011,-0.008,-0.003,1.5419
1785821883.748,0.000,WAIT,idle,2,0,0.011,-0.004,0.002,0.011,-0.009,-0.004,1.5422
1785821883.848,0.000,WAIT,idle,2,0,0.011,-0.004,0.002,0.008,-0.007,-0.003,1.5421
1785821883.948,0.000,WAIT,idle,2,0,0.009,-0.003,0.002,0.004,-0.005,-0.003,1.5422
1785821884.048,0.000,WAIT,idle,2,0,0.008,-0.002,0.001,0.003,-0.000,-0.003,1.5423
1785821884.148,0.000,WAIT,idle,2,0,0.007,-0.001,0.001,0.003,0.002,-0.003,1.5424
1785821884.248,0.000,WAIT,idle,2,0,0.007,-0.000,0.000,0.003,0.007,-0.005,1.5426
1785821884.348,0.000,WAIT,idle,2,0,0.007,0.001,-0.001,0.003,0.008,-0.007,1.5425
1785821884.448,0.000,WAIT,idle,2,0,0.007,0.002,-0.001,0.003,0.009,-0.007,1.5424
1785821884.548,0.000,WAIT,idle,2,0,0.007,0.003,-0.002,0.005,0.007,-0.007,1.5426
1785821884.648,0.000,WAIT,idle,2,0,0.008,0.003,-0.002,0.006,0.007,-0.006,1.5426
1785821884.748,0.000,WAIT,idle,2,0,0.009,0.003,-0.002,0.006,0.007,-0.004,1.5428
1785821884.848,0.000,WAIT,idle,2,0,0.009,0.003,-0.002,0.004,0.007,-0.003,1.5430
1785821884.948,0.000,WAIT,idle,2,0,0.009,0.003,-0.001,0.002,0.006,-0.002,1.5429
1785821885.048,0.000,WAIT,idle,2,0,0.009,0.003,-0.001,0.002,0.005,-0.001,1.5432
1785821885.148,0.000,WAIT,idle,2,0,0.008,0.002,0.000,0.002,0.005,-0.000,1.5433
1785821885.248,0.000,WAIT,idle,2,0,0.008,0.002,0.001,-0.001,0.007,-0.001,1.5434
1785821885.348,0.000,WAIT,idle,2,0,0.007,0.003,0.002,-0.002,0.008,0.001,1.5434
1785821885.448,0.000,WAIT,idle,2,0,0.007,0.003,0.002,0.001,0.006,-0.002,1.5435
1785821885.548,0.000,WAIT,idle,2,0,0.007,0.003,0.002,0.001,0.007,-0.002,1.5435
1785821885.648,0.000,WAIT,idle,2,0,0.007,0.003,0.002,-0.000,0.007,0.001,1.5434
1785821885.748,0.000,WAIT,idle,2,0,0.007,0.003,0.003,-0.000,0.006,0.002,1.5434
1785821885.848,0.000,WAIT,idle,2,0,0.006,0.003,0.003,0.000,0.007,0.004,1.5434
1785821885.948,0.000,WAIT,idle,2,0,0.006,0.003,0.004,-0.001,0.007,0.005,1.5434
1785821886.048,0.000,WAIT,idle,2,0,0.005,0.003,0.004,0.001,0.008,0.002,1.5434
1785821886.148,0.000,WAIT,idle,2,0,0.005,0.003,0.004,0.001,0.009,0.004,1.5434
1785821886.248,0.000,WAIT,idle,2,0,0.005,0.004,0.005,-0.001,0.008,0.003,1.5433
1785821886.348,0.000,WAIT,idle,2,0,0.004,0.004,0.005,-0.002,0.008,0.001,1.5435
1785821886.448,0.000,WAIT,idle,2,0,0.004,0.004,0.005,-0.001,0.008,-0.001,1.5437
1785821886.548,0.000,WAIT,idle,2,0,0.003,0.004,0.005,0.001,0.008,-0.000,1.5439
1785821886.648,0.000,WAIT,idle,2,0,0.003,0.003,0.005,-0.001,0.005,0.003,1.5440
1785821886.748,0.000,WAIT,idle,2,0,0.003,0.003,0.005,-0.001,0.007,0.002,1.5442
1785821886.848,0.000,WAIT,idle,2,0,0.002,0.003,0.006,0.000,0.008,-0.000,1.5443
1785821886.948,0.000,WAIT,idle,2,0,0.002,0.003,0.006,0.000,0.009,0.002,1.5442
1785821887.048,0.000,WAIT,idle,2,0,0.002,0.003,0.006,0.001,0.009,0.001,1.5441
1785821887.148,0.000,WAIT,idle,2,0,0.002,0.003,0.006,0.002,0.010,0.003,1.5442
1785821887.248,0.000,WAIT,idle,2,0,0.003,0.003,0.006,0.006,0.007,0.002,1.5442
1785821887.348,0.000,WAIT,idle,2,0,0.003,0.003,0.007,0.007,0.005,0.003,1.5442
1785821887.448,0.000,WAIT,idle,2,0,0.004,0.002,0.007,0.006,0.005,0.002,1.5443
1785821887.548,0.000,WAIT,idle,2,0,0.004,0.002,0.007,0.007,0.004,0.003,1.5444
1785821887.648,0.000,WAIT,idle,2,0,0.005,0.002,0.008,0.007,0.005,0.004,1.5443
1785821887.748,0.000,WAIT,idle,2,0,0.005,0.002,0.009,0.005,0.005,0.004,1.5441
1785821887.848,0.000,WAIT,idle,2,0,0.005,0.002,0.009,0.003,0.000,0.000,1.5441
1785821887.948,0.000,WAIT,idle,2,0,0.005,0.002,0.008,0.002,-0.002,-0.001,1.5440
1785821888.048,0.000,WAIT,idle,2,0,0.005,0.001,0.008,0.002,-0.003,0.001,1.5438
1785821888.148,0.000,WAIT,idle,2,0,0.004,0.001,0.008,-0.001,-0.003,0.000,1.5438
1785821888.248,0.000,WAIT,idle,2,0,0.004,0.001,0.008,-0.003,-0.004,0.001,1.5438
1785821888.348,0.000,WAIT,idle,2,0,0.003,0.001,0.008,-0.001,-0.004,-0.002,1.5439
1785821888.448,0.000,WAIT,idle,2,0,0.003,0.001,0.008,-0.001,-0.002,-0.001,1.5439
1785821888.548,0.000,WAIT,idle,2,0,0.003,0.001,0.008,0.000,-0.002,-0.002,1.5440
1785821888.648,0.000,WAIT,idle,2,0,0.003,0.001,0.008,-0.001,-0.004,0.001,1.5442
1785821888.748,0.000,WAIT,idle,2,0,0.003,0.001,0.009,-0.004,-0.007,0.004,1.5441
1785821888.848,0.000,WAIT,idle,2,0,0.003,0.001,0.009,-0.006,-0.007,0.004,1.5441
1785821888.948,0.000,WAIT,idle,2,0,0.003,0.000,0.009,-0.005,-0.008,0.003,1.5441
1785821889.048,0.000,WAIT,idle,2,0,0.003,0.000,0.009,-0.002,-0.008,0.004,1.5440
1785821889.148,0.000,WAIT,idle,2,0,0.003,0.000,0.009,-0.001,-0.008,0.002,1.5440
1785821889.248,0.000,WAIT,idle,2,0,0.003,-0.000,0.008,-0.002,-0.007,0.002,1.5439
1785821889.348,0.000,WAIT,idle,2,0,0.003,-0.000,0.008,-0.001,-0.007,0.001,1.5440
1785821889.448,0.000,WAIT,idle,2,0,0.003,-0.001,0.007,-0.001,-0.008,0.002,1.5440
1785821889.548,0.000,WAIT,idle,2,0,0.003,-0.001,0.007,-0.003,-0.006,0.005,1.5439
1785821889.648,0.000,WAIT,idle,2,0,0.003,-0.001,0.007,-0.004,-0.006,0.004,1.5440
1785821889.748,0.000,WAIT,idle,2,0,0.003,-0.001,0.007,-0.001,-0.006,0.001,1.5439
1785821889.848,0.000,WAIT,idle,2,0,0.003,-0.000,0.007,-0.001,-0.003,0.004,1.5437
1785821889.948,0.000,WAIT,idle,2,0,0.003,0.000,0.007,0.002,-0.002,0.005,1.5438
1785821890.048,0.000,WAIT,idle,2,0,0.003,0.000,0.007,0.004,-0.003,0.004,1.5438
1785821890.148,0.000,WAIT,idle,2,0,0.004,0.000,0.007,0.003,-0.003,0.003,1.5438
1785821890.248,0.000,WAIT,idle,2,0,0.004,0.000,0.007,0.003,-0.003,0.004,1.5437
1785821890.348,0.000,WAIT,idle,2,0,0.004,0.000,0.007,0.000,-0.002,0.004,1.5439
1785821890.448,0.000,WAIT,idle,2,0,0.004,0.000,0.007,0.001,-0.002,0.007,1.5437
1785821890.548,0.000,WAIT,idle,2,0,0.004,0.000,0.007,0.001,-0.001,0.005,1.5436
1785821890.648,0.000,WAIT,idle,2,0,0.005,0.000,0.007,0.000,-0.002,0.005,1.5436
1785821890.748,0.000,WAIT,idle,2,0,0.005,0.000,0.007,-0.001,-0.001,0.004,1.5436
1785821890.848,0.000,WAIT,idle,2,0,0.005,0.000,0.006,-0.003,-0.002,-0.000,1.5436
1785821890.948,0.000,WAIT,idle,2,0,0.005,0.000,0.006,-0.002,0.000,-0.001,1.5436
1785821891.048,0.000,WAIT,idle,2,0,0.005,0.001,0.005,-0.004,0.001,-0.002,1.5435
1785821891.148,0.000,WAIT,idle,2,0,0.005,0.001,0.005,-0.006,0.004,-0.002,1.5435
1785821891.248,0.000,WAIT,idle,2,0,0.005,0.001,0.004,-0.006,0.004,-0.004,1.5433
1785821891.348,0.000,WAIT,idle,2,0,0.005,0.002,0.002,-0.006,0.005,-0.006,1.5432
1785821891.448,0.000,WAIT,idle,2,0,0.005,0.002,0.002,-0.008,0.003,-0.004,1.5432
1785821891.548,0.000,WAIT,idle,2,0,0.005,0.002,0.001,-0.008,0.002,-0.003,1.5432
1785821891.648,0.000,WAIT,idle,2,0,0.005,0.002,0.001,-0.004,0.002,-0.001,1.5432
1785821891.748,0.000,WAIT,idle,2,0,0.006,0.002,0.002,-0.001,0.004,-0.002,1.5429
1785821891.848,0.000,WAIT,idle,2,0,0.006,0.002,0.002,-0.003,0.004,-0.001,1.5433
1785821891.948,0.000,WAIT,idle,2,0,0.006,0.002,0.003,-0.002,0.005,-0.003,1.5432
1785821892.048,0.000,WAIT,idle,2,0,0.007,0.002,0.003,-0.002,0.004,-0.004,1.5431
1785821892.148,0.000,WAIT,idle,2,0,0.007,0.002,0.003,-0.000,0.006,-0.003,1.5433
1785821892.248,0.000,WAIT,idle,2,0,0.007,0.003,0.003,-0.001,0.006,-0.002,1.5434
1785821892.348,0.000,WAIT,idle,2,0,0.006,0.003,0.003,-0.001,0.009,-0.003,1.5433
1785821892.448,0.000,WAIT,idle,2,0,0.006,0.003,0.003,-0.001,0.008,0.001,1.5433
1785821892.548,0.000,WAIT,idle,2,0,0.006,0.004,0.004,-0.002,0.012,0.001,1.5433
1785821892.648,0.000,WAIT,idle,2,0,0.006,0.004,0.004,-0.004,0.008,0.000,1.5433
1785821892.748,0.000,WAIT,idle,2,0,0.005,0.004,0.004,-0.004,0.009,0.001,1.5435
1785821892.848,0.000,WAIT,idle,2,0,0.005,0.004,0.004,-0.005,0.006,-0.001,1.5436
1785821892.948,0.000,WAIT,idle,2,0,0.005,0.003,0.003,-0.007,0.005,-0.002,1.5436
1785821893.048,0.000,WAIT,idle,2,0,0.005,0.002,0.002,-0.009,0.002,-0.005,1.5437
1785821893.148,0.000,WAIT,idle,2,0,0.005,0.002,0.002,-0.010,0.001,-0.003,1.5439
1785821893.248,0.000,WAIT,idle,2,0,0.005,0.001,0.002,-0.009,-0.000,-0.004,1.5440
1785821893.348,0.000,WAIT,idle,2,0,0.005,0.001,0.002,-0.009,0.000,-0.002,1.5441
1785821893.448,0.000,WAIT,idle,2,0,0.005,0.000,0.002,-0.006,-0.000,0.000,1.5443
1785821893.548,0.000,WAIT,idle,2,0,0.005,0.000,0.002,-0.004,0.001,0.001,1.5443
1785821893.648,0.000,WAIT,idle,2,0,0.006,0.000,0.002,-0.002,0.002,0.002,1.5442
1785821893.748,0.000,WAIT,idle,2,0,0.006,0.000,0.003,-0.005,0.003,0.001,1.5440
1785821893.848,0.000,WAIT,idle,2,0,0.006,0.001,0.003,-0.004,-0.000,0.001,1.5439
1785821893.948,0.000,WAIT,idle,2,0,0.005,0.001,0.002,-0.004,0.004,0.001,1.5438
1785821894.048,0.000,WAIT,idle,2,0,0.005,0.001,0.001,-0.005,0.005,-0.001,1.5439
1785821894.148,0.000,WAIT,idle,2,0,0.005,0.002,0.001,-0.006,0.004,-0.000,1.5436
1785821894.248,0.000,WAIT,idle,2,0,0.004,0.003,0.000,-0.006,0.005,0.000,1.5435
1785821894.348,0.000,WAIT,idle,2,0,0.004,0.003,0.000,-0.005,0.004,-0.001,1.5437
1785821894.448,0.000,WAIT,idle,2,0,0.003,0.003,-0.000,-0.003,0.003,-0.004,1.5435
1785821894.548,0.000,WAIT,idle,2,0,0.003,0.003,-0.001,-0.000,0.004,-0.004,1.5435
1785821894.648,0.000,WAIT,idle,2,0,0.004,0.003,-0.001,0.001,0.001,-0.003,1.5435
1785821894.748,0.000,WAIT,idle,2,0,0.004,0.002,-0.000,0.001,0.000,-0.002,1.5433
1785821894.848,0.000,WAIT,idle,2,0,0.004,0.002,0.000,0.002,0.002,0.001,1.5435
1785821894.948,0.000,WAIT,idle,2,0,0.004,0.002,0.001,0.002,0.002,0.000,1.5435
1785821895.048,0.000,WAIT,idle,2,0,0.004,0.002,0.002,0.001,0.004,-0.001,1.5434
1785821895.148,0.000,WAIT,idle,2,0,0.003,0.002,0.002,-0.001,0.004,-0.002,1.5433
1785821895.248,0.000,WAIT,idle,2,0,0.003,0.002,0.002,-0.003,0.006,-0.002,1.5433
1785821895.348,0.000,WAIT,idle,2,0,0.003,0.003,0.002,-0.004,0.005,-0.004,1.5431
1785821895.448,0.000,WAIT,idle,2,0,0.002,0.003,0.002,-0.005,0.008,-0.002,1.5430
1785821895.548,0.000,WAIT,idle,2,0,0.002,0.003,0.002,-0.004,0.009,-0.002,1.5430
1785821895.648,0.000,WAIT,idle,2,0,0.002,0.004,0.002,-0.003,0.010,-0.001,1.5430
1785821895.748,0.000,WAIT,idle,2,0,0.002,0.004,0.003,-0.003,0.009,0.000,1.5430
1785821895.848,0.000,WAIT,idle,2,0,0.002,0.005,0.004,-0.001,0.011,0.001,1.5428
1785821895.948,0.000,WAIT,idle,2,0,0.003,0.005,0.005,0.001,0.010,0.003,1.5428
1785821896.048,0.000,WAIT,idle,2,0,0.003,0.005,0.006,-0.001,0.010,0.004,1.5425
1785821896.148,0.000,WAIT,idle,2,0,0.003,0.005,0.006,0.002,0.014,0.002,1.5426
1785821896.248,0.000,WAIT,idle,2,0,0.004,0.006,0.006,0.001,0.014,0.003,1.5424
1785821896.348,0.000,WAIT,idle,2,0,0.004,0.006,0.006,0.001,0.014,0.005,1.5424
1785821896.448,0.000,WAIT,idle,2,0,0.004,0.006,0.007,-0.000,0.012,0.004,1.5423
1785821896.548,0.000,WAIT,idle,2,0,0.003,0.006,0.007,-0.000,0.012,0.005,1.5421
1785821896.648,0.000,WAIT,idle,2,0,0.003,0.005,0.008,-0.003,0.012,0.003,1.5418
1785821896.748,0.000,WAIT,idle,2,0,0.003,0.005,0.008,-0.005,0.012,0.002,1.5419
1785821896.848,0.000,WAIT,idle,2,0,0.003,0.004,0.008,-0.005,0.011,0.002,1.5420
1785821896.948,0.000,WAIT,idle,2,0,0.003,0.004,0.007,-0.007,0.010,-0.001,1.5420
1785821897.048,0.000,WAIT,idle,2,0,0.003,0.004,0.006,-0.010,0.011,0.002,1.5420
1785821897.148,0.000,WAIT,idle,2,0,0.003,0.004,0.006,-0.010,0.008,0.001,1.5421
1785821897.248,0.000,WAIT,idle,2,0,0.003,0.003,0.006,-0.010,0.009,0.001,1.5419
1785821897.348,0.000,WAIT,idle,2,0,0.003,0.004,0.006,-0.011,0.008,0.003,1.5421
1785821897.448,0.000,WAIT,idle,2,0,0.003,0.003,0.007,-0.012,0.005,0.003,1.5422
1785821897.548,0.000,WAIT,idle,2,0,0.003,0.003,0.007,-0.011,0.002,0.002,1.5426
1785821897.648,0.000,WAIT,idle,2,0,0.004,0.002,0.007,-0.008,0.000,0.002,1.5430
1785821897.748,0.000,WAIT,idle,2,0,0.004,0.001,0.007,-0.007,-0.001,0.001,1.5433
1785821897.848,0.000,WAIT,idle,2,0,0.004,0.000,0.006,-0.007,-0.002,0.002,1.5436
1785821897.948,0.000,WAIT,idle,2,0,0.005,-0.000,0.006,-0.005,-0.003,0.000,1.5439
1785821898.048,0.000,WAIT,idle,2,0,0.005,-0.001,0.006,-0.005,-0.000,0.002,1.5443
1785821898.148,0.000,WAIT,idle,2,0,0.005,-0.000,0.006,-0.005,0.000,0.002,1.5445
1785821898.248,0.000,WAIT,idle,2,0,0.004,-0.000,0.006,-0.004,-0.002,0.002,1.5449
1785821898.348,0.000,WAIT,idle,2,0,0.004,-0.000,0.006,-0.003,-0.002,0.005,1.5450
1785821898.448,0.000,WAIT,idle,2,0,0.004,-0.001,0.006,-0.003,-0.001,0.006,1.5451
1785821898.548,0.000,WAIT,idle,2,0,0.004,-0.000,0.006,-0.003,0.001,0.007,1.5452
1785821898.648,0.000,WAIT,idle,2,0,0.003,-0.000,0.006,-0.005,0.001,0.006,1.5451
1785821898.748,0.000,WAIT,idle,2,0,0.003,0.000,0.006,-0.006,-0.000,0.007,1.5448
1785821898.848,0.000,WAIT,idle,2,0,0.002,0.000,0.006,-0.006,0.001,0.005,1.5447
1785821898.948,0.000,WAIT,idle,2,0,0.001,0.000,0.006,-0.008,0.000,0.007,1.5447
1785821899.048,0.000,WAIT,idle,2,0,0.001,-0.000,0.006,-0.008,-0.003,0.005,1.5446
1785821899.148,0.000,WAIT,idle,2,0,0.000,-0.001,0.006,-0.007,-0.004,0.003,1.5447
1785821899.248,0.000,WAIT,idle,2,0,-0.000,-0.001,0.005,-0.007,-0.001,0.001,1.5449
1785821899.348,0.000,WAIT,idle,2,0,-0.000,-0.001,0.005,-0.005,0.000,0.001,1.5451
1785821899.448,0.000,WAIT,idle,2,0,-0.000,-0.000,0.005,-0.004,0.003,0.003,1.5455
1785821899.548,0.000,WAIT,idle,2,0,0.000,0.000,0.006,-0.004,0.003,0.003,1.5455
1785821899.648,0.000,WAIT,idle,2,0,-0.000,0.001,0.006,-0.005,0.002,0.003,1.5456
1785821899.748,0.000,WAIT,idle,2,0,0.000,0.001,0.006,-0.002,0.004,0.003,1.5459
1785821899.848,0.000,WAIT,idle,2,0,0.001,0.002,0.007,-0.001,0.004,0.006,1.5459
1785821899.948,0.000,WAIT,idle,2,0,0.001,0.002,0.007,-0.001,0.004,0.005,1.5457
1785821900.048,0.000,WAIT,idle,2,0,0.001,0.002,0.008,0.001,0.004,0.007,1.5455
1785821900.148,0.000,WAIT,idle,2,0,0.002,0.002,0.008,0.003,0.004,0.008,1.5454
1785821900.248,0.000,WAIT,idle,2,0,0.002,0.001,0.009,0.002,0.005,0.008,1.5456
1785821900.348,0.000,WAIT,idle,2,0,0.002,0.001,0.009,0.003,0.001,0.008,1.5455
1785821900.448,0.000,WAIT,idle,2,0,0.003,0.000,0.010,0.004,0.000,0.006,1.5455
1785821900.548,0.000,WAIT,idle,2,0,0.003,-0.000,0.010,0.003,0.002,0.007,1.5458
1785821900.648,0.000,WAIT,idle,2,0,0.003,-0.000,0.010,0.002,-0.002,0.006,1.5457
1785821900.748,0.000,WAIT,idle,2,0,0.003,-0.001,0.011,0.002,-0.003,0.005,1.5456
1785821900.848,0.000,WAIT,idle,2,0,0.003,-0.002,0.011,0.001,-0.004,0.002,1.5456
1785821900.948,0.000,WAIT,idle,2,0,0.003,-0.002,0.010,0.002,-0.002,0.003,1.5455
1785821901.048,0.000,WAIT,idle,2,0,0.004,-0.003,0.010,0.000,-0.003,0.003,1.5456
1785821901.148,0.000,WAIT,idle,2,0,0.004,-0.003,0.010,-0.000,-0.002,0.003,1.5455
1785821901.248,0.000,WAIT,idle,2,0,0.004,-0.002,0.010,-0.001,0.001,0.005,1.5455
1785821901.348,0.000,WAIT,idle,2,0,0.004,-0.002,0.010,-0.002,-0.001,0.007,1.5455
1785821901.448,0.000,WAIT,idle,2,0,0.004,-0.002,0.011,-0.000,-0.002,0.006,1.5452
1785821901.548,0.000,WAIT,idle,2,0,0.004,-0.002,0.011,-0.001,-0.004,0.009,1.5451
1785821901.648,0.000,WAIT,idle,2,0,0.005,-0.003,0.011,0.002,-0.006,0.006,1.5452
1785821901.748,0.000,WAIT,idle,2,0,0.005,-0.003,0.011,0.004,-0.004,0.006,1.5450
1785821901.848,0.000,WAIT,idle,2,0,0.006,-0.003,0.011,0.003,-0.005,0.004,1.5449
1785821901.948,0.000,WAIT,idle,2,0,0.006,-0.003,0.011,0.004,-0.005,0.004,1.5449
1785821902.048,0.000,WAIT,idle,2,0,0.006,-0.003,0.010,0.005,-0.003,0.004,1.5447
1785821902.148,0.000,WAIT,idle,2,0,0.007,-0.003,0.010,0.004,-0.005,0.004,1.5446
1785821902.248,0.000,WAIT,idle,2,0,0.007,-0.003,0.010,0.004,-0.006,0.004,1.5446
1785821902.348,0.000,WAIT,idle,2,0,0.007,-0.003,0.010,0.005,-0.008,0.004,1.5447
1785821902.448,0.000,WAIT,idle,2,0,0.007,-0.003,0.009,0.005,-0.008,0.004,1.5447
1785821902.548,0.000,WAIT,idle,2,0,0.007,-0.003,0.009,0.007,-0.008,0.005,1.5447
1785821902.648,0.000,WAIT,idle,2,0,0.007,-0.003,0.009,0.006,-0.006,0.006,1.5446
1785821902.748,0.000,WAIT,idle,2,0,0.007,-0.003,0.009,0.006,-0.005,0.001,1.5445
1785821902.848,0.000,WAIT,idle,2,0,0.007,-0.002,0.008,0.005,-0.005,-0.001,1.5444
1785821902.948,0.000,WAIT,idle,2,0,0.007,-0.002,0.008,0.005,-0.005,-0.001,1.5445
1785821903.048,0.000,WAIT,idle,2,0,0.006,-0.002,0.007,0.004,-0.005,-0.003,1.5444
1785821903.148,0.000,WAIT,idle,2,0,0.006,-0.001,0.006,0.007,-0.004,-0.001,1.5444
1785821903.248,0.000,WAIT,idle,2,0,0.006,-0.001,0.005,0.009,-0.005,-0.001,1.5443
1785821903.348,0.000,WAIT,idle,2,0,0.006,-0.001,0.005,0.009,-0.004,-0.002,1.5442
1785821903.448,0.000,WAIT,idle,2,0,0.006,-0.001,0.005,0.012,-0.005,-0.001,1.5442
1785821903.548,0.000,WAIT,idle,2,0,0.006,-0.001,0.004,0.010,-0.003,-0.001,1.5441
1785821903.648,0.000,WAIT,idle,2,0,0.007,-0.001,0.003,0.011,-0.002,-0.003,1.5441
1785821903.748,0.000,WAIT,idle,2,1,0.007,-0.001,0.003,0.013,-0.003,-0.004,1.5442
1785821903.848,0.000,WAIT,idle,2,1,0.007,-0.000,0.003,0.013,-0.002,-0.002,1.5445
1785821903.948,0.000,WAIT,idle,2,1,0.008,-0.000,0.003,0.012,-0.002,-0.002,1.5445
1785821904.048,0.000,WAIT,idle,2,1,0.008,-0.000,0.003,0.012,0.000,-0.002,1.5446
1785821904.148,0.000,WAIT,idle,2,1,0.008,0.000,0.004,0.010,0.001,-0.002,1.5446
1785821904.248,0.000,WAIT,idle,2,1,0.008,0.001,0.004,0.009,0.002,-0.003,1.5444
1785821904.348,0.000,WAIT,idle,2,1,0.008,0.001,0.004,0.009,0.003,-0.002,1.5442
1785821904.448,0.000,WAIT,idle,2,1,0.008,0.001,0.004,0.010,0.002,-0.001,1.5442
1785821904.548,0.000,WAIT,idle,2,1,0.008,0.001,0.004,0.011,0.003,-0.000,1.5443
1785821904.648,0.000,WAIT,idle,2,1,0.008,0.001,0.004,0.012,0.002,0.000,1.5441
1785821904.748,0.000,WAIT,idle,2,1,0.008,0.001,0.005,0.012,0.001,0.001,1.5441
1785821904.848,0.000,WAIT,idle,2,1,0.008,0.001,0.005,0.012,0.000,0.002,1.5442
1785821904.948,0.000,WAIT,idle,2,1,0.009,0.001,0.005,0.011,-0.000,0.001,1.5441
1785821905.048,0.000,WAIT,idle,2,1,0.009,0.001,0.004,0.011,0.001,-0.000,1.5441
1785821905.148,0.000,WAIT,idle,2,1,0.008,0.001,0.004,0.008,0.002,-0.003,1.5440
1785821905.248,0.000,WAIT,idle,2,1,0.008,0.001,0.003,0.005,0.005,-0.003,1.5441
1785821905.348,0.000,WAIT,idle,2,1,0.007,0.002,0.003,0.005,0.006,-0.003,1.5440
1785821905.448,0.000,WAIT,idle,2,1,0.007,0.002,0.003,0.005,0.006,-0.002,1.5440
1785821905.548,0.000,WAIT,idle,2,1,0.006,0.002,0.002,0.004,0.004,-0.003,1.5441
1785821905.648,0.000,WAIT,idle,2,1,0.006,0.002,0.002,0.006,0.004,-0.001,1.5441
1785821905.748,0.000,WAIT,idle,2,1,0.006,0.002,0.002,0.006,0.004,-0.001,1.5441
1785821905.848,0.000,WAIT,idle,2,1,0.006,0.002,0.002,0.006,0.002,-0.001,1.5442
1785821905.948,0.000,WAIT,idle,2,1,0.006,0.001,0.002,0.006,0.002,-0.001,1.5440
1785821906.048,0.000,WAIT,idle,2,1,0.006,0.001,0.002,0.008,0.002,0.001,1.5439
1785821906.148,0.000,WAIT,idle,2,1,0.006,0.001,0.002,0.008,0.001,0.000,1.5440
1785821906.248,0.000,WAIT,idle,2,1,0.006,0.001,0.002,0.006,-0.000,0.002,1.5441
1785821906.348,0.000,WAIT,idle,2,1,0.006,0.000,0.002,0.005,-0.001,0.004,1.5442
1785821906.448,0.000,WAIT,idle,2,1,0.005,0.000,0.002,0.005,-0.001,0.003,1.5441
1785821906.548,0.000,WAIT,idle,2,1,0.005,-0.000,0.002,0.003,-0.001,0.002,1.5442
1785821906.648,0.000,WAIT,idle,2,1,0.004,-0.001,0.002,0.001,-0.001,0.003,1.5440
1785821906.748,0.000,WAIT,idle,2,1,0.004,-0.001,0.002,0.002,-0.002,0.006,1.5440
1785821906.848,0.000,WAIT,idle,2,1,0.003,-0.001,0.002,0.001,-0.002,0.005,1.5441
1785821906.948,0.000,WAIT,idle,2,1,0.003,-0.002,0.002,0.002,-0.001,0.003,1.5443
1785821907.048,0.000,WAIT,idle,2,1,0.003,-0.002,0.002,0.001,-0.001,0.003,1.5444
1785821907.148,0.000,WAIT,idle,2,1,0.003,-0.002,0.002,0.000,-0.004,0.003,1.5442
1785821907.248,0.000,WAIT,idle,2,1,0.003,-0.002,0.002,0.004,-0.003,0.002,1.5444
1785821907.348,0.000,WAIT,idle,2,1,0.004,-0.002,0.002,0.005,-0.004,0.001,1.5443
1785821907.448,0.000,WAIT,idle,2,1,0.004,-0.002,0.002,0.006,-0.002,-0.000,1.5442
1785821907.548,0.000,WAIT,idle,2,1,0.005,-0.002,0.001,0.003,-0.000,-0.002,1.5441
1785821907.648,0.000,WAIT,idle,2,1,0.005,-0.001,0.001,0.002,-0.001,0.000,1.5441
1785821907.748,0.000,WAIT,idle,2,1,0.006,-0.001,0.001,0.005,0.001,-0.000,1.5441
1785821907.848,0.000,WAIT,idle,2,1,0.006,-0.001,0.000,0.003,0.001,-0.002,1.5442
1785821907.948,0.000,WAIT,idle,2,1,0.006,-0.001,0.000,0.002,0.002,-0.002,1.5443
1785821908.048,0.000,WAIT,idle,2,1,0.006,-0.001,-0.000,0.003,0.001,-0.004,1.5444
1785821908.148,0.000,WAIT,idle,2,1,0.006,-0.000,-0.000,0.001,0.001,-0.004,1.5446
1785821908.248,0.000,WAIT,idle,2,1,0.006,-0.000,-0.000,-0.001,-0.001,-0.003,1.5448
1785821908.348,0.000,WAIT,idle,2,1,0.005,-0.000,-0.001,-0.001,0.001,-0.003,1.5450
1785821908.448,0.000,WAIT,idle,2,1,0.005,-0.000,-0.001,-0.003,-0.000,-0.002,1.5449
1785821908.548,0.000,WAIT,idle,2,1,0.004,-0.000,-0.001,-0.005,-0.001,-0.003,1.5450
1785821908.648,0.000,WAIT,idle,2,1,0.004,-0.000,-0.001,-0.005,0.000,-0.003,1.5450
1785821908.748,0.000,WAIT,idle,2,1,0.003,-0.001,-0.001,-0.003,-0.000,-0.002,1.5449
1785821908.848,0.000,WAIT,idle,2,1,0.003,-0.001,-0.001,-0.000,0.002,-0.001,1.5450
1785821908.948,0.000,WAIT,idle,2,1,0.003,-0.000,-0.000,-0.001,0.003,0.000,1.5451
1785821909.048,0.000,WAIT,idle,2,1,0.003,0.000,-0.000,-0.001,0.006,0.001,1.5451
1785821909.148,0.000,WAIT,idle,2,1,0.003,0.000,0.000,-0.003,0.004,0.003,1.5452
1785821909.248,0.000,WAIT,idle,2,1,0.003,0.000,0.001,-0.003,0.003,0.005,1.5452
1785821909.348,0.000,WAIT,idle,2,1,0.003,0.001,0.002,-0.000,0.006,0.005,1.5453
1785821909.448,0.000,WAIT,idle,2,1,0.003,0.001,0.003,-0.002,0.006,0.004,1.5453
1785821909.548,0.000,WAIT,idle,2,1,0.004,0.001,0.003,-0.002,0.003,0.003,1.5456
1785821909.648,0.000,WAIT,idle,2,1,0.004,0.001,0.003,-0.006,0.006,-0.000,1.5466
1785821909.748,0.000,WAIT,idle,2,1,0.003,0.001,0.003,-0.008,0.003,-0.017,1.5510
1785821909.848,0.000,WAIT,idle,2,1,0.003,-0.001,-0.002,0.003,-0.034,-0.084,1.5505
1785821909.948,0.000,WAIT,idle,2,1,0.003,-0.005,-0.018,-0.001,-0.034,-0.248,1.5454
1785821910.048,0.000,WAIT,idle,2,1,0.004,-0.008,-0.051,0.008,-0.012,-0.443,1.5434
1785821910.148,0.000,WAIT,idle,2,1,0.006,-0.008,-0.120,0.019,0.015,-0.678,1.5447
1785821910.248,0.000,WAIT,idle,2,1,0.008,-0.005,-0.212,0.028,0.037,-0.805,1.5460
1785821910.348,0.000,WAIT,idle,2,1,0.010,-0.001,-0.301,0.026,0.054,-0.868,1.5454
1785821910.448,0.000,WAIT,idle,2,1,0.014,0.006,-0.410,0.026,0.070,-0.920,1.5438
1785821910.548,0.000,WAIT,idle,2,1,0.017,0.012,-0.501,0.031,0.072,-0.955,1.5431
1785821910.648,0.000,WAIT,idle,2,1,0.020,0.019,-0.619,0.031,0.067,-0.993,1.5427
1785821910.748,0.000,WAIT,idle,2,1,0.022,0.026,-0.741,0.027,0.058,-1.025,1.5432
1785821910.848,0.000,WAIT,idle,2,1,0.024,0.032,-0.874,0.020,0.049,-1.055,1.5442
1785821910.948,0.000,WAIT,idle,2,1,0.026,0.036,-0.993,0.013,0.041,-1.080,1.5448
1785821911.048,0.000,WAIT,idle,2,1,0.027,0.039,-1.125,0.009,0.033,-1.110,1.5454
1785821911.148,0.000,WAIT,idle,2,1,0.028,0.041,-1.241,0.003,0.030,-1.132,1.5460
1785821911.249,0.000,WAIT,idle,2,1,0.030,0.042,-1.378,0.004,0.016,-1.156,1.5458
1785821911.348,0.000,WAIT,idle,2,1,0.030,0.041,-1.489,0.004,-0.002,-1.173,1.5451
1785821911.448,0.000,WAIT,idle,2,1,0.031,0.040,-1.612,-0.009,-0.001,-1.192,1.5456
1785821911.548,0.000,WAIT,idle,2,1,0.031,0.038,-1.727,0.001,-0.022,-1.208,1.5456
1785821911.648,0.000,WAIT,idle,2,1,0.031,0.035,-1.873,-0.003,-0.028,-1.226,1.5455
1785821911.748,0.000,WAIT,idle,2,1,0.031,0.033,-2.001,-0.017,-0.019,-1.240,1.5450
1785821911.848,0.000,WAIT,idle,2,1,0.031,0.030,-2.145,-0.020,-0.019,-1.141,1.5449
1785821911.948,0.000,WAIT,idle,2,1,0.030,0.027,-2.268,-0.018,-0.020,-0.895,1.5453
1785821912.048,0.000,WAIT,idle,2,1,0.030,0.025,-2.330,-0.017,-0.026,-0.661,1.5447
1785821912.148,0.000,WAIT,idle,2,1,0.030,0.023,-2.383,-0.019,-0.018,-0.250,1.5448
1785821912.248,0.000,WAIT,idle,2,1,0.029,0.021,-2.391,-0.009,-0.022,0.058,1.5449
1785821912.348,0.000,WAIT,idle,2,1,0.028,0.019,-2.363,-0.011,-0.020,0.326,1.5453
1785821912.448,0.000,WAIT,idle,2,1,0.026,0.018,-2.320,-0.024,-0.011,0.415,1.5452
1785821912.548,0.000,WAIT,idle,2,1,0.024,0.017,-2.268,-0.026,-0.009,0.383,1.5452
1785821912.648,0.000,WAIT,idle,2,1,0.021,0.015,-2.222,-0.023,-0.018,0.267,1.5413
1785821912.748,0.000,WAIT,idle,2,1,0.019,0.013,-2.198,-0.018,-0.013,0.208,1.4994
1785821912.848,0.000,WAIT,idle,2,1,0.018,0.011,-2.180,0.007,-0.031,0.174,1.3848
1785821912.948,0.000,WAIT,idle,2,1,0.020,0.007,-2.164,0.028,-0.032,0.156,1.1539
1785821913.048,0.000,WAIT,idle,2,1,0.024,0.002,-2.150,0.059,-0.062,0.167,0.8816
1785821913.148,0.000,WAIT,idle,2,1,0.028,-0.003,-2.138,0.058,-0.058,0.152,0.6569
1785821913.248,0.000,WAIT,idle,2,1,0.032,-0.008,-2.127,0.046,-0.050,0.159,0.4476
1785821913.348,0.000,WAIT,idle,2,1,0.035,-0.013,-2.111,0.036,-0.035,0.163,0.1845
1785821913.448,0.000,WAIT,idle,2,1,0.037,-0.015,-2.097,0.022,-0.008,0.162,-0.0668
1785821913.548,0.000,WAIT,idle,2,1,0.038,-0.016,-2.082,0.021,0.016,0.155,-0.3363
1785821913.648,0.000,WAIT,idle,2,1,0.038,-0.014,-2.071,0.014,0.029,0.103,-0.4939
1785821913.748,0.000,WAIT,idle,2,1,0.040,-0.007,-2.061,0.032,0.086,0.104,-0.5047
1785821913.848,0.000,WAIT,idle,2,1,0.044,0.003,-2.050,0.048,0.128,0.130,-0.4613
1785821913.948,0.000,WAIT,idle,2,1,0.050,0.016,-2.036,0.072,0.102,0.124,-0.4565
1785821914.048,0.000,WAIT,idle,2,1,0.061,0.023,-2.024,0.148,0.013,0.097,-0.4726
1785821914.148,0.000,WAIT,idle,2,1,0.087,0.017,-2.017,0.324,-0.119,0.041,-0.4695
1785821914.248,0.000,WAIT,idle,2,1,0.142,-0.007,-2.018,0.614,-0.301,-0.019,-0.4592
1785821914.348,0.000,WAIT,idle,2,1,0.237,-0.054,-2.022,0.984,-0.506,-0.016,-0.4577
1785821914.448,0.000,WAIT,idle,2,1,0.380,-0.126,-2.023,1.382,-0.716,0.022,-0.4591
1785821914.548,0.000,WAIT,idle,2,1,0.573,-0.221,-2.019,1.782,-0.912,0.056,-0.4563
1785821914.648,0.000,WAIT,idle,2,1,0.813,-0.339,-2.012,2.164,-1.088,0.075,-0.4514
1785821914.748,0.000,WAIT,idle,2,1,1.098,-0.476,-2.003,2.511,-1.245,0.084,-0.4475
1785821914.848,0.000,WAIT,idle,2,1,1.421,-0.631,-1.992,2.805,-1.375,0.114,-0.4446
1785821914.948,0.000,WAIT,idle,2,1,1.776,-0.800,-1.978,3.028,-1.476,0.146,-0.4420
1785821915.048,0.000,WAIT,idle,2,1,2.151,-0.978,-1.961,3.163,-1.539,0.165,-0.4411
1785821915.148,0.000,WAIT,idle,2,1,2.536,-1.160,-1.942,3.195,-1.557,0.168,-0.4422
1785821915.248,0.000,WAIT,idle,2,1,2.917,-1.342,-1.924,3.122,-1.529,0.160,-0.4433
1785821915.348,0.000,WAIT,idle,2,1,3.282,-1.517,-1.907,2.944,-1.447,0.135,-0.4434
1785821915.448,0.000,WAIT,idle,2,1,3.619,-1.679,-1.894,2.662,-1.313,0.101,-0.4439
1785821915.548,0.000,WAIT,idle,2,1,3.915,-1.823,-1.885,2.278,-1.127,0.058,-0.4448
1785821915.648,0.000,WAIT,idle,2,1,4.186,-1.956,-1.882,1.726,-0.864,-0.003,-0.4453
1785821915.748,0.000,WAIT,idle,2,1,4.356,-2.041,-1.887,1.136,-0.585,-0.054,-0.4453
1785821915.848,0.000,WAIT,idle,2,1,4.451,-2.092,-1.894,0.512,-0.288,-0.024,-0.4450
1785821915.948,0.000,WAIT,idle,2,1,4.465,-2.106,-1.895,-0.235,0.069,0.037,-0.4447
1785821916.048,0.000,WAIT,idle,2,1,4.395,-2.081,-1.889,-0.833,0.349,0.068,-0.4441
1785821916.148,0.000,WAIT,idle,2,1,4.234,-2.014,-1.879,-1.448,0.645,0.089,-0.4432
1785821916.248,0.000,WAIT,idle,2,1,4.027,-1.925,-1.869,-1.941,0.868,0.093,-0.4438
1785821916.348,0.000,WAIT,idle,2,1,3.765,-1.812,-1.859,-2.383,1.070,0.089,-0.4436
1785821916.448,0.000,WAIT,idle,2,1,3.455,-1.676,-1.849,-2.778,1.256,0.086,-0.4436
1785821916.548,0.000,WAIT,idle,2,1,3.100,-1.519,-1.840,-3.135,1.431,0.083,-0.4437
1785821916.648,0.000,WAIT,idle,2,1,2.622,-1.304,-1.829,-3.515,1.618,0.073,-0.4445
1785821916.748,0.000,WAIT,idle,2,1,2.185,-1.105,-1.822,-3.808,1.760,0.071,-0.4450
1785821916.848,0.000,WAIT,idle,2,1,1.714,-0.889,-1.814,-4.077,1.894,0.068,-0.4451
1785821916.948,0.000,WAIT,idle,2,1,1.143,-0.625,-1.806,-4.360,2.036,0.066,-0.4454
1785821917.048,0.000,WAIT,idle,2,1,0.609,-0.377,-1.799,-4.590,2.147,0.062,-0.4457
1785821917.148,0.000,WAIT,idle,2,1,0.048,-0.115,-1.793,-4.807,2.253,0.063,-0.4458
1785821917.248,0.000,WAIT,idle,2,1,-0.537,0.160,-1.786,-5.006,2.356,0.065,-0.4455
1785821917.348,0.000,WAIT,idle,2,1,-1.146,0.446,-1.779,-5.193,2.454,0.064,-0.4455
1785821917.448,0.000,WAIT,idle,2,1,-1.777,0.744,-1.771,-5.367,2.546,0.065,-0.4451
1785821917.548,0.000,WAIT,idle,2,1,-2.428,1.052,-1.764,-5.530,2.635,0.065,-0.4450
1785821917.648,0.000,WAIT,idle,2,1,-3.009,1.326,-1.758,-5.665,2.694,0.063,-0.4451
1785821917.748,0.000,WAIT,idle,2,1,-3.696,1.652,-1.750,-5.814,2.757,0.061,-0.4455
1785821917.848,0.000,WAIT,idle,2,1,-4.400,1.985,-1.741,-5.944,2.814,0.090,-0.4457
1785821917.948,0.000,WAIT,idle,2,1,-5.117,2.325,-1.727,-6.023,2.850,0.130,-0.4467
1785821918.048,0.000,WAIT,idle,2,1,-5.839,2.667,-1.708,-6.029,2.857,0.167,-0.4468
1785821918.148,0.000,WAIT,idle,2,1,-6.414,2.939,-1.690,-5.962,2.845,0.190,-0.4463
1785821918.248,0.000,WAIT,idle,2,1,-7.119,3.274,-1.665,-5.796,2.762,0.200,-0.4467
1785821918.348,0.000,WAIT,idle,2,1,-7.799,3.597,-1.640,-5.530,2.633,0.196,-0.4472
1785821918.448,0.000,WAIT,idle,2,1,-8.440,3.902,-1.617,-5.165,2.457,0.175,-0.4474
1785821918.548,0.000,WAIT,idle,2,1,-8.956,4.148,-1.600,-4.770,2.269,0.141,-0.4471
1785821918.648,0.000,WAIT,idle,2,1,-9.494,4.403,-1.585,-4.215,2.010,0.092,-0.4473
1785821918.748,0.000,WAIT,idle,2,1,-9.873,4.583,-1.576,-3.721,1.770,0.099,-0.4473
1785821918.848,0.000,WAIT,idle,2,1,-10.281,4.777,-1.560,-3.106,1.469,0.169,-0.4474
1785821918.948,0.000,WAIT,idle,2,1,-10.575,4.916,-1.539,-2.597,1.227,0.222,-0.4472
1785821919.048,0.000,WAIT,idle,2,1,-10.801,5.023,-1.516,-2.163,1.027,0.254,-0.4473
1785821919.148,0.000,WAIT,idle,2,1,-11.030,5.131,-1.484,-1.702,0.800,0.264,-0.4474
1785821919.248,0.000,WAIT,idle,2,1,-11.208,5.216,-1.452,-1.327,0.618,0.255,-0.4473
1785821919.348,0.000,WAIT,idle,2,1,-11.348,5.283,-1.422,-1.038,0.476,0.237,-0.4471
1785821919.448,0.000,WAIT,idle,2,1,-11.425,5.319,-1.403,-0.882,0.417,0.224,-0.4469
1785821919.548,0.000,WAIT,idle,2,1,-11.520,5.365,-1.377,-0.701,0.331,0.206,-0.4472
1785821919.648,0.000,WAIT,idle,2,1,-11.597,5.402,-1.352,-0.568,0.263,0.190,-0.4471
1785821919.748,0.000,WAIT,idle,2,1,-11.653,5.430,-1.333,-0.477,0.221,0.180,-0.4469
1785821919.848,0.000,WAIT,idle,2,1,-11.706,5.457,-1.311,-0.385,0.185,0.171,-0.4468
1785821919.948,0.000,WAIT,idle,2,1,-11.742,5.474,-1.294,-0.317,0.149,0.169,-0.4470
1785821920.048,0.000,WAIT,idle,2,1,-11.780,5.493,-1.274,-0.251,0.112,0.163,-0.4472
1785821920.148,0.000,WAIT,idle,2,1,-11.810,5.508,-1.254,-0.199,0.083,0.159,-0.4473
1785821920.248,0.000,WAIT,idle,2,1,-11.835,5.520,-1.235,-0.159,0.062,0.156,-0.4474
1785821920.348,0.000,WAIT,idle,2,1,-11.856,5.529,-1.215,-0.137,0.052,0.153,-0.4475
1785821920.448,0.000,WAIT,idle,2,1,-11.876,5.538,-1.197,-0.133,0.053,0.149,-0.4473
1785821920.548,0.000,WAIT,idle,2,1,-11.893,5.545,-1.181,-0.136,0.067,0.146,-0.4470
1785821920.648,0.000,WAIT,idle,2,1,-11.915,5.554,-1.164,-0.154,0.070,0.144,-0.4469
1785821920.748,0.000,WAIT,idle,2,1,-11.939,5.564,-1.147,-0.168,0.074,0.140,-0.4468
1785821920.848,0.000,WAIT,idle,2,1,-11.958,5.572,-1.134,-0.179,0.078,0.138,-0.4469
1785821920.948,0.000,WAIT,idle,2,1,-11.983,5.583,-1.118,-0.181,0.087,0.135,-0.4469
1785821921.048,0.000,WAIT,idle,2,1,-12.008,5.594,-1.102,-0.174,0.091,0.133,-0.4467
1785821921.148,0.000,WAIT,idle,2,1,-12.031,5.604,-1.087,-0.163,0.088,0.134,-0.4466
1785821921.248,0.000,WAIT,idle,2,1,-12.051,5.612,-1.073,-0.151,0.067,0.132,-0.4470
1785821921.348,0.000,WAIT,idle,2,1,-12.071,5.620,-1.058,-0.136,0.054,0.130,-0.4471
1785821921.448,0.000,WAIT,idle,2,1,-12.088,5.627,-1.042,-0.120,0.043,0.129,-0.4468
1785821921.548,0.000,WAIT,idle,2,1,-12.101,5.631,-1.029,-0.102,0.054,0.129,-0.4462
1785821921.648,0.000,WAIT,idle,2,1,-12.114,5.635,-1.013,-0.081,0.041,0.129,-0.4460
1785821921.748,0.000,WAIT,idle,2,1,-12.124,5.638,-0.999,-0.066,0.014,0.129,-0.4464
1785821921.848,0.000,WAIT,idle,2,1,-12.131,5.639,-0.986,-0.049,0.022,0.126,-0.4460
1785821921.948,0.000,WAIT,idle,2,1,-12.136,5.640,-0.972,-0.026,0.009,0.125,-0.4464
1785821922.048,0.000,WAIT,idle,2,1,-12.139,5.640,-0.956,-0.004,-0.002,0.124,-0.4467
1785821922.148,0.000,WAIT,idle,2,1,-12.139,5.640,-0.943,0.006,0.003,0.122,-0.4470
1785821922.248,0.000,WAIT,idle,2,1,-12.138,5.640,-0.930,0.024,0.001,0.121,-0.4475
1785821922.348,0.000,WAIT,idle,2,1,-12.136,5.640,-0.914,0.040,-0.006,0.121,-0.4473
1785821922.448,0.000,WAIT,idle,2,1,-12.133,5.639,-0.902,0.044,-0.011,0.121,-0.4472
1785821922.548,0.000,WAIT,idle,2,1,-12.127,5.638,-0.887,0.057,-0.007,0.119,-0.4468
1785821922.648,0.000,WAIT,idle,2,1,-12.122,5.637,-0.875,0.068,-0.008,0.118,-0.4465
1785821922.748,0.000,WAIT,idle,2,1,-12.115,5.636,-0.860,0.072,-0.014,0.117,-0.4470
1785821922.848,0.000,WAIT,idle,2,1,-12.110,5.635,-0.849,0.067,-0.017,0.116,-0.4474
1785821922.948,0.000,WAIT,idle,2,1,-12.104,5.633,-0.836,0.075,-0.008,0.116,-0.4470
1785821923.048,0.000,WAIT,idle,2,1,-12.096,5.630,-0.822,0.078,-0.013,0.115,-0.4466
1785821923.148,0.000,WAIT,idle,2,1,-12.090,5.629,-0.811,0.070,-0.026,0.115,-0.4470
1785821923.248,0.000,WAIT,idle,2,1,-12.084,5.626,-0.799,0.074,-0.013,0.111,-0.4469
1785821923.348,0.000,WAIT,idle,2,1,-12.076,5.623,-0.786,0.077,-0.015,0.113,-0.4468
1785821923.448,0.000,WAIT,idle,2,1,-12.069,5.620,-0.775,0.070,-0.033,0.111,-0.4470
1785821923.548,0.000,WAIT,idle,2,1,-12.062,5.617,-0.762,0.069,-0.031,0.111,-0.4472
1785821923.648,0.000,WAIT,idle,2,1,-12.054,5.613,-0.749,0.069,-0.026,0.112,-0.4476
1785821923.748,0.000,WAIT,idle,2,1,-12.047,5.610,-0.738,0.072,-0.018,0.112,-0.4470
1785821923.848,0.000,WAIT,idle,2,1,-12.039,5.607,-0.724,0.067,-0.020,0.111,-0.4469
1785821923.948,0.000,WAIT,idle,2,1,-12.034,5.605,-0.713,0.060,-0.029,0.113,-0.4470
1785821924.048,0.000,WAIT,idle,2,1,-12.027,5.602,-0.698,0.056,-0.023,0.114,-0.4467
1785821924.148,0.000,WAIT,idle,2,1,-12.022,5.600,-0.686,0.058,-0.012,0.110,-0.4463
1785821924.248,0.000,WAIT,idle,2,1,-12.017,5.598,-0.675,0.054,-0.028,0.111,-0.4466
1785821924.348,0.000,WAIT,idle,2,1,-12.012,5.596,-0.660,0.048,-0.026,0.111,-0.4468
1785821924.448,0.000,WAIT,idle,2,1,-12.007,5.594,-0.648,0.050,-0.008,0.113,-0.4464
1785821924.548,0.000,WAIT,idle,2,1,-12.002,5.592,-0.633,0.050,-0.009,0.113,-0.4465
1785821924.648,0.000,WAIT,idle,2,1,-11.998,5.591,-0.621,0.044,-0.024,0.113,-0.4471
1785821924.748,0.000,WAIT,idle,2,1,-11.994,5.590,-0.606,0.041,-0.018,0.113,-0.4467
1785821924.848,0.000,WAIT,idle,2,1,-11.990,5.590,-0.593,0.043,0.001,0.112,-0.4463
1785821924.948,0.000,WAIT,idle,2,1,-11.987,5.589,-0.578,0.040,0.001,0.111,-0.4461
1785821925.048,0.000,WAIT,idle,2,1,-11.984,5.589,-0.566,0.032,-0.017,0.110,-0.4467
1785821925.148,0.000,WAIT,idle,2,1,-11.982,5.588,-0.554,0.032,-0.002,0.110,-0.4462
1785821925.248,0.000,WAIT,idle,2,1,-11.979,5.587,-0.539,0.030,0.001,0.109,-0.4460
1785821925.348,0.000,WAIT,idle,2,1,-11.978,5.587,-0.527,0.028,-0.017,0.109,-0.4465
1785821925.448,0.000,WAIT,idle,2,1,-11.975,5.586,-0.513,0.024,-0.020,0.108,-0.4469
1785821925.548,0.000,WAIT,idle,2,1,-11.974,5.585,-0.501,0.024,-0.007,0.110,-0.4468
1785821925.648,0.000,WAIT,idle,2,1,-11.972,5.583,-0.489,0.026,-0.020,0.108,-0.4470
1785821925.748,0.000,WAIT,idle,2,1,-11.970,5.582,-0.476,0.022,-0.022,0.106,-0.4470
1785821925.848,0.000,WAIT,idle,2,1,-11.968,5.581,-0.464,0.021,-0.010,0.105,-0.4468
1785821925.948,0.000,WAIT,idle,2,1,-11.966,5.581,-0.451,0.025,-0.003,0.107,-0.4464
1785821926.048,0.000,WAIT,idle,2,1,-11.964,5.580,-0.440,0.028,-0.013,0.109,-0.4468
1785821926.148,0.000,WAIT,idle,2,1,-11.961,5.580,-0.429,0.024,-0.011,0.106,-0.4470
1785821926.248,0.000,WAIT,idle,2,1,-11.958,5.580,-0.416,0.027,-0.006,0.106,-0.4470
1785821926.348,0.000,WAIT,idle,2,1,-11.955,5.579,-0.403,0.028,-0.003,0.106,-0.4469
1785821926.448,0.000,WAIT,idle,2,1,-11.953,5.578,-0.392,0.028,-0.016,0.107,-0.4470
1785821926.548,0.000,WAIT,idle,2,1,-11.950,5.577,-0.379,0.027,-0.020,0.106,-0.4474
1785821926.648,0.000,WAIT,idle,2,1,-11.948,5.577,-0.367,0.024,-0.011,0.107,-0.4473
1785821926.748,0.000,WAIT,idle,2,1,-11.945,5.576,-0.353,0.023,-0.009,0.106,-0.4473
1785821926.848,0.000,WAIT,idle,2,1,-11.943,5.575,-0.339,0.023,-0.005,0.107,-0.4470
1785821926.948,0.000,WAIT,idle,2,1,-11.941,5.574,-0.327,0.020,-0.021,0.110,-0.4475
1785821927.048,0.000,WAIT,idle,2,1,-11.939,5.573,-0.313,0.020,-0.020,0.108,-0.4473
1785821927.148,0.000,WAIT,idle,2,1,-11.938,5.573,-0.301,0.020,-0.003,0.108,-0.4465
1785821927.248,0.000,WAIT,idle,2,1,-11.936,5.573,-0.290,0.020,-0.014,0.108,-0.4467
1785821927.348,0.000,WAIT,idle,2,1,-11.935,5.573,-0.279,0.015,-0.013,0.107,-0.4470
1785821927.448,0.000,WAIT,idle,2,1,-11.934,5.573,-0.266,0.016,-0.007,0.107,-0.4471
1785821927.548,0.000,WAIT,idle,2,1,-11.933,5.572,-0.256,0.020,-0.010,0.106,-0.4467
1785821927.648,0.000,WAIT,idle,2,1,-11.931,5.572,-0.243,0.017,-0.015,0.107,-0.4467
1785821927.748,0.000,WAIT,idle,2,1,-11.930,5.572,-0.232,0.010,-0.015,0.106,-0.4470
1785821927.848,0.000,WAIT,idle,2,1,-11.929,5.571,-0.222,0.017,-0.008,0.107,-0.4466
1785821927.948,0.000,WAIT,idle,2,1,-11.928,5.570,-0.209,0.017,-0.013,0.106,-0.4469
1785821928.048,0.000,WAIT,idle,2,1,-11.926,5.569,-0.199,0.012,-0.019,0.109,-0.4473
1785821928.148,0.000,WAIT,idle,2,1,-11.924,5.569,-0.186,0.015,-0.012,0.107,-0.4472
1785821928.248,0.000,WAIT,idle,2,1,-11.922,5.568,-0.176,0.024,-0.003,0.106,-0.4468
1785821928.348,0.000,WAIT,idle,2,1,-11.920,5.568,-0.164,0.020,-0.020,0.106,-0.4476
1785821928.448,0.000,WAIT,idle,2,1,-11.917,5.567,-0.151,0.016,-0.022,0.108,-0.4478
1785821928.548,0.000,WAIT,idle,2,1,-11.915,5.565,-0.141,0.020,-0.008,0.106,-0.4473
1785821928.648,0.000,WAIT,idle,2,1,-11.913,5.564,-0.130,0.017,-0.024,0.104,-0.4475
1785821928.748,0.000,WAIT,idle,2,1,-11.911,5.562,-0.118,0.017,-0.027,0.104,-0.4476
1785821928.848,0.000,WAIT,idle,2,1,-11.909,5.560,-0.108,0.020,-0.008,0.104,-0.4474
1785821928.948,0.000,WAIT,idle,2,1,-11.906,5.559,-0.097,0.019,-0.018,0.105,-0.4478
1785821929.048,0.000,WAIT,idle,2,1,-11.904,5.558,-0.087,0.014,-0.008,0.107,-0.4475
1785821929.148,0.000,WAIT,idle,2,1,-11.903,5.557,-0.074,0.014,-0.001,0.107,-0.4471
1785821929.248,0.000,WAIT,idle,2,1,-11.901,5.557,-0.062,0.015,-0.005,0.108,-0.4470
1785821929.348,0.000,WAIT,idle,2,1,-11.900,5.556,-0.049,0.013,-0.012,0.109,-0.4469
1785821929.448,0.000,WAIT,idle,2,1,-11.899,5.555,-0.038,0.007,-0.005,0.109,-0.4467
1785821929.548,0.000,WAIT,idle,2,1,-11.898,5.554,-0.026,0.010,-0.004,0.111,-0.4466
1785821929.648,0.000,WAIT,idle,2,1,-11.897,5.553,-0.015,0.004,-0.015,0.109,-0.4469
1785821929.748,0.000,WAIT,idle,2,1,-11.897,5.554,-0.010,-0.006,0.019,0.009,-0.4479
1785821929.848,0.000,WAIT,idle,2,1,-11.897,5.556,-0.009,-0.004,0.029,0.003,-0.4482
1785821929.948,0.000,WAIT,idle,2,1,-11.897,5.558,-0.009,-0.002,0.012,-0.002,-0.4487
1785821930.048,0.000,WAIT,idle,2,1,-11.897,5.558,-0.008,-0.001,0.009,-0.006,-0.4487
1785821930.148,0.000,WAIT,idle,2,1,-11.896,5.558,-0.008,0.001,0.020,-0.005,-0.4483
1785821930.248,0.000,WAIT,idle,2,1,-11.895,5.558,-0.008,0.003,0.018,-0.008,-0.4481
1785821930.348,0.000,WAIT,idle,2,1,-11.894,5.558,-0.008,0.005,0.002,-0.009,-0.4484
1785821930.448,0.000,WAIT,idle,2,1,-11.893,5.557,-0.008,0.006,0.008,-0.007,-0.4480
1785821930.548,0.000,WAIT,idle,2,1,-11.891,5.556,-0.008,0.008,0.006,-0.007,-0.4478
1785821930.648,0.000,WAIT,idle,2,1,-11.891,5.555,-0.008,0.007,-0.004,-0.012,-0.4479
1785821930.748,0.000,WAIT,idle,2,1,-11.890,5.554,-0.008,0.009,-0.002,-0.006,-0.4478
1785821930.848,0.000,WAIT,idle,2,1,-11.890,5.553,-0.007,0.008,-0.002,-0.006,-0.4474
1785821930.948,0.000,WAIT,idle,2,1,-11.890,5.552,-0.007,0.008,-0.008,-0.009,-0.4472
1785821931.048,0.000,WAIT,idle,2,1,-11.890,5.551,-0.007,0.009,-0.009,-0.008,-0.4480
1785821931.148,0.000,WAIT,idle,2,1,-11.890,5.550,-0.007,0.009,-0.008,-0.005,-0.4481
1785821931.248,0.000,WAIT,idle,2,1,-11.890,5.549,-0.006,0.008,-0.013,-0.005,-0.4489
1785821931.348,0.000,WAIT,idle,2,1,-11.890,5.547,-0.006,0.004,-0.012,-0.007,-0.4494
1785821931.448,0.000,WAIT,idle,2,1,-11.890,5.547,-0.005,0.006,-0.012,-0.005,-0.4504
1785821931.548,0.000,WAIT,idle,2,1,-11.890,5.547,-0.005,0.005,-0.012,-0.016,-0.4507
1785821931.648,0.000,WAIT,idle,2,1,-11.889,5.546,-0.008,0.012,-0.010,-0.067,-0.4494
1785821931.748,0.000,WAIT,idle,2,1,-11.888,5.545,-0.029,0.030,-0.044,-0.327,-0.4470
1785821931.848,0.000,WAIT,idle,2,1,-11.883,5.538,-0.093,0.056,-0.098,-0.767,-0.4467
1785821931.948,0.000,WAIT,idle,2,1,-11.876,5.526,-0.218,0.076,-0.147,-1.251,-0.4478
1785821932.048,0.000,WAIT,idle,2,1,-11.867,5.509,-0.387,0.082,-0.168,-1.483,-0.4477
1785821932.148,0.000,WAIT,idle,2,1,-11.857,5.491,-0.573,0.083,-0.165,-1.549,-0.4472
1785821932.248,0.000,WAIT,idle,2,1,-11.849,5.475,-0.735,0.084,-0.147,-1.505,-0.4468
1785821932.348,0.000,WAIT,idle,2,1,-11.840,5.458,-0.911,0.079,-0.134,-1.410,-0.4474
1785821932.448,0.000,WAIT,idle,2,1,-11.832,5.444,-1.078,0.070,-0.118,-1.373,-0.4476
1785821932.548,0.000,WAIT,idle,2,1,-11.826,5.432,-1.242,0.055,-0.098,-1.363,-0.4474
1785821932.648,0.000,WAIT,idle,2,1,-11.821,5.423,-1.405,0.043,-0.073,-1.362,-0.4476
1785821932.748,0.000,WAIT,idle,2,1,-11.817,5.418,-1.565,0.029,-0.048,-1.305,-0.4474
1785821932.848,0.000,WAIT,idle,2,1,-11.814,5.415,-1.714,0.019,-0.023,-1.198,-0.4469
1785821932.948,0.000,WAIT,idle,2,1,-11.813,5.416,-1.844,0.007,0.002,-0.981,-0.4464
1785821933.048,0.000,WAIT,idle,2,1,-11.812,5.418,-1.940,-0.001,0.026,-0.653,-0.4460
1785821933.148,0.000,WAIT,idle,2,1,-11.813,5.421,-1.992,-0.004,0.038,-0.491,-0.4457
1785821933.248,0.000,WAIT,idle,2,1,-11.814,5.426,-2.044,-0.014,0.051,-0.461,-0.4460
1785821933.348,0.000,WAIT,idle,2,1,-11.816,5.433,-2.102,-0.026,0.062,-0.552,-0.4460
1785821933.448,0.000,WAIT,idle,2,1,-11.819,5.440,-2.160,-0.034,0.081,-0.598,-0.4459
1785821933.548,0.000,WAIT,idle,2,1,-11.822,5.450,-2.232,-0.038,0.096,-0.623,-0.4458
1785821933.648,0.000,WAIT,idle,2,1,-11.824,5.458,-2.291,-0.038,0.090,-0.615,-0.4464
1785821933.748,0.000,WAIT,idle,2,1,-11.827,5.469,-2.355,-0.040,0.090,-0.447,-0.4465
1785821933.848,0.000,WAIT,idle,2,1,-11.830,5.480,-2.391,-0.040,0.088,-0.141,-0.4467
1785821933.948,0.000,WAIT,idle,2,1,-11.833,5.491,-2.391,-0.038,0.086,0.088,-0.4467
1785821934.048,0.000,WAIT,idle,2,1,-11.836,5.500,-2.376,-0.033,0.099,0.142,-0.4460
1785821934.148,0.000,WAIT,idle,2,1,-11.839,5.510,-2.362,-0.030,0.092,0.047,-0.4461
1785821934.248,0.000,WAIT,idle,2,1,-11.842,5.519,-2.366,-0.033,0.082,-0.098,-0.4467
1785821934.348,0.000,WAIT,idle,2,1,-11.846,5.528,-2.375,-0.035,0.073,-0.022,-0.4464
1785821934.448,0.000,WAIT,idle,2,1,-11.849,5.535,-2.373,-0.041,0.066,0.041,-0.4463
1785821934.548,0.000,WAIT,idle,2,1,-11.853,5.543,-2.370,-0.042,0.063,0.015,-0.4462
1785821934.648,0.000,WAIT,idle,2,1,-11.857,5.550,-2.370,-0.041,0.061,-0.001,-0.4462
1785821934.748,0.000,WAIT,idle,2,1,-11.861,5.555,-2.372,-0.037,0.048,-0.004,-0.4462
1785821934.848,0.000,WAIT,idle,2,1,-11.864,5.560,-2.373,-0.032,0.035,-0.009,-0.4465
1785821934.948,0.000,WAIT,idle,2,1,-11.867,5.564,-2.375,-0.028,0.025,-0.004,-0.4465
1785821935.048,0.000,WAIT,idle,2,1,-11.869,5.568,-2.377,-0.026,0.018,-0.003,-0.4466
1785821935.148,0.000,WAIT,idle,2,1,-11.870,5.571,-2.378,-0.020,0.030,-0.001,-0.4461
1785821935.249,0.000,WAIT,idle,2,1,-11.871,5.573,-2.379,-0.015,0.021,-0.001,-0.4468
1785821935.348,0.000,WAIT,idle,2,1,-11.872,5.574,-2.379,-0.012,0.011,0.004,-0.4473
1785821935.448,0.000,WAIT,idle,2,1,-11.872,5.574,-2.379,-0.007,0.001,0.004,-0.4475
1785821935.548,0.000,WAIT,idle,2,1,-11.872,5.574,-2.379,-0.005,-0.006,0.002,-0.4477
1785821935.648,0.000,WAIT,idle,2,1,-11.871,5.573,-2.380,-0.006,-0.013,0.003,-0.4476
1785821935.748,0.000,WAIT,idle,2,1,-11.871,5.573,-2.380,-0.006,-0.005,0.002,-0.4473
1785821935.848,0.000,WAIT,idle,2,1,-11.871,5.573,-2.380,-0.004,0.000,0.005,-0.4469
1785821935.948,0.000,WAIT,idle,2,1,-11.871,5.573,-2.380,-0.001,-0.001,0.005,-0.4469
1785821936.048,0.000,WAIT,idle,2,1,-11.871,5.572,-2.380,0.001,-0.002,0.006,-0.4469
1785821936.148,0.000,WAIT,idle,2,1,-11.871,5.571,-2.380,-0.004,-0.019,0.006,-0.4473
1785821936.248,0.000,WAIT,idle,2,1,-11.871,5.571,-2.380,-0.006,-0.020,0.004,-0.4474
1785821936.348,0.000,WAIT,idle,2,1,-11.872,5.570,-2.380,-0.008,-0.017,0.006,-0.4469
1785821936.448,0.000,WAIT,idle,2,1,-11.872,5.570,-2.380,-0.006,-0.003,0.006,-0.4462
1785821936.548,0.000,WAIT,idle,2,1,-11.873,5.569,-2.380,-0.006,-0.007,0.005,-0.4461
1785821936.648,0.000,WAIT,idle,2,1,-11.874,5.569,-2.381,-0.006,-0.011,0.005,-0.4464
1785821936.748,0.000,WAIT,idle,2,1,-11.875,5.569,-2.381,-0.011,-0.022,0.005,-0.4470
1785821936.848,0.000,WAIT,idle,2,1,-11.875,5.568,-2.381,-0.008,-0.010,0.008,-0.4466
1785821936.948,0.000,WAIT,idle,2,1,-11.874,5.568,-2.381,-0.006,-0.009,0.007,-0.4466
1785821937.048,0.000,WAIT,idle,2,1,-11.874,5.567,-2.381,-0.003,-0.004,0.007,-0.4469
1785821937.148,0.000,WAIT,idle,2,1,-11.873,5.566,-2.382,-0.001,-0.003,0.006,-0.4470
1785821937.248,0.000,WAIT,idle,2,1,-11.872,5.566,-2.382,0.001,-0.006,0.007,-0.4466
1785821937.348,0.000,WAIT,idle,2,1,-11.870,5.565,-2.383,0.002,-0.011,0.005,-0.4470
1785821937.448,0.000,WAIT,idle,2,1,-11.869,5.565,-2.383,-0.003,-0.021,0.005,-0.4475
1785821937.548,0.000,WAIT,idle,2,1,-11.867,5.564,-2.384,-0.003,-0.019,0.006,-0.4474
1785821937.648,0.000,WAIT,idle,2,1,-11.865,5.563,-2.385,-0.002,-0.013,0.007,-0.4473
1785821937.748,0.000,WAIT,idle,2,1,-11.864,5.562,-2.385,-0.001,-0.009,0.008,-0.4470
1785821937.848,0.000,WAIT,idle,2,1,-11.862,5.561,-2.386,0.001,-0.019,0.008,-0.4472
1785821937.948,0.000,WAIT,idle,2,1,-11.860,5.561,-2.387,-0.004,-0.019,0.009,-0.4475
1785821938.048,0.000,WAIT,idle,2,1,-11.858,5.561,-2.387,0.000,-0.011,0.012,-0.4473
1785821938.148,0.000,WAIT,idle,2,1,-11.857,5.560,-2.388,0.003,-0.010,0.012,-0.4472
1785821938.248,0.000,WAIT,idle,2,1,-11.855,5.560,-2.388,-0.000,-0.015,0.012,-0.4471
1785821938.348,0.000,WAIT,idle,2,1,-11.853,5.560,-2.389,-0.004,-0.019,0.012,-0.4472
1785821938.448,0.000,WAIT,idle,2,1,-11.853,5.559,-2.390,-0.009,-0.011,0.014,-0.4470
1785821938.548,0.000,WAIT,idle,2,1,-11.852,5.559,-2.390,-0.012,-0.006,0.016,-0.4465
1785821938.648,0.000,WAIT,idle,2,1,-11.852,5.558,-2.390,-0.010,-0.014,0.017,-0.4470
1785821938.748,0.000,WAIT,idle,2,1,-11.852,5.558,-2.389,-0.012,-0.017,0.015,-0.4471
1785821938.848,0.000,WAIT,idle,2,1,-11.852,5.558,-2.389,-0.014,-0.019,0.014,-0.4469
1785821938.948,0.000,WAIT,idle,2,1,-11.852,5.557,-2.388,-0.013,-0.005,0.014,-0.4466
1785821939.048,0.000,WAIT,idle,2,1,-11.851,5.556,-2.387,-0.011,-0.004,0.014,-0.4465
1785821939.148,0.000,WAIT,idle,2,1,-11.851,5.555,-2.387,-0.011,-0.019,0.012,-0.4471
1785821939.248,0.000,WAIT,idle,2,1,-11.851,5.554,-2.386,-0.012,-0.021,0.011,-0.4478
1785821939.348,0.000,WAIT,idle,2,1,-11.850,5.553,-2.385,-0.013,-0.008,0.011,-0.4475
1785821939.448,0.000,WAIT,idle,2,1,-11.850,5.552,-2.384,-0.010,-0.002,0.011,-0.4469
1785821939.548,0.000,WAIT,idle,2,1,-11.849,5.552,-2.383,-0.005,0.002,0.010,-0.4468
1785821939.648,0.000,WAIT,idle,2,1,-11.849,5.551,-2.382,-0.006,-0.001,0.009,-0.4470
1785821939.748,0.000,WAIT,idle,2,1,-11.849,5.551,-2.381,-0.010,-0.016,0.009,-0.4473
1785821939.848,0.000,WAIT,idle,2,1,-11.849,5.550,-2.380,-0.011,-0.013,0.007,-0.4472
1785821939.948,0.000,WAIT,idle,2,1,-11.849,5.550,-2.379,-0.012,-0.008,0.007,-0.4471
1785821940.048,0.000,WAIT,idle,2,1,-11.850,5.549,-2.379,-0.011,-0.003,0.005,-0.4468
1785821940.148,0.000,WAIT,idle,2,1,-11.851,5.548,-2.378,-0.010,0.000,0.005,-0.4464
1785821940.248,0.000,WAIT,idle,2,1,-11.853,5.547,-2.377,-0.010,-0.000,0.003,-0.4462
1785821940.348,0.000,WAIT,idle,2,1,-11.854,5.547,-2.377,-0.011,-0.015,0.003,-0.4471
1785821940.448,0.000,WAIT,idle,2,1,-11.856,5.547,-2.376,-0.012,-0.004,0.005,-0.4470
1785821940.548,0.000,WAIT,idle,2,1,-11.857,5.546,-2.376,-0.014,-0.017,0.003,-0.4473
1785821940.648,0.000,WAIT,idle,2,1,-11.858,5.546,-2.376,-0.012,-0.002,0.002,-0.4468
1785821940.748,0.000,WAIT,idle,2,1,-11.860,5.545,-2.375,-0.011,-0.003,0.002,-0.4465
1785821940.848,0.000,WAIT,idle,2,1,-11.863,5.545,-2.375,-0.011,-0.004,-0.001,-0.4464
1785821940.948,0.000,WAIT,idle,2,1,-11.866,5.544,-2.375,-0.013,-0.009,-0.002,-0.4466
1785821941.048,0.000,WAIT,idle,2,1,-11.870,5.543,-2.374,-0.011,-0.013,-0.002,-0.4468
1785821941.148,0.000,WAIT,idle,2,1,-11.872,5.543,-2.374,-0.013,-0.013,-0.001,-0.4468
1785821941.248,0.000,WAIT,idle,2,1,-11.874,5.543,-2.373,-0.011,-0.007,0.001,-0.4470
1785821941.348,0.000,WAIT,idle,2,1,-11.875,5.543,-2.372,-0.004,-0.004,-0.002,-0.4470
1785821941.448,0.000,WAIT,idle,2,1,-11.877,5.544,-2.372,-0.003,-0.009,-0.002,-0.4469
1785821941.548,0.000,WAIT,idle,2,1,-11.878,5.545,-2.371,-0.001,-0.010,-0.002,-0.4469
1785821941.648,0.000,WAIT,idle,2,1,-11.879,5.546,-2.371,0.000,-0.011,-0.005,-0.4472
1785821941.748,0.000,WAIT,idle,2,1,-11.879,5.546,-2.371,0.002,-0.011,-0.004,-0.4473
1785821941.848,0.000,WAIT,idle,2,1,-11.879,5.547,-2.370,0.006,-0.009,-0.005,-0.4470
1785821941.948,0.000,WAIT,idle,2,1,-11.879,5.547,-2.370,0.011,-0.004,-0.003,-0.4475
1785821942.048,0.000,WAIT,idle,2,1,-11.878,5.547,-2.370,0.012,-0.002,-0.005,-0.4473
1785821942.148,0.000,WAIT,idle,2,1,-11.878,5.547,-2.369,0.013,-0.004,-0.005,-0.4470
1785821942.248,0.000,WAIT,idle,2,1,-11.878,5.547,-2.369,0.007,-0.012,-0.005,-0.4472
1785821942.348,0.000,WAIT,idle,2,1,-11.879,5.547,-2.369,0.006,-0.007,-0.003,-0.4469
1785821942.448,0.000,WAIT,idle,2,1,-11.879,5.547,-2.368,0.009,-0.002,-0.003,-0.4467
1785821942.548,0.000,WAIT,idle,2,1,-11.880,5.547,-2.369,0.008,-0.007,-0.006,-0.4465
1785821942.648,0.000,WAIT,idle,2,1,-11.881,5.547,-2.369,0.002,-0.014,-0.006,-0.4468
1785821942.748,0.000,WAIT,idle,2,1,-11.881,5.546,-2.369,0.008,-0.002,-0.006,-0.4469
1785821942.848,0.000,WAIT,idle,2,1,-11.881,5.546,-2.370,0.010,-0.006,-0.007,-0.4473
1785821942.948,0.000,WAIT,idle,2,1,-11.881,5.546,-2.371,0.006,-0.019,-0.006,-0.4479
1785821943.048,0.000,WAIT,idle,2,1,-11.881,5.545,-2.372,0.005,-0.016,-0.004,-0.4475
1785821943.148,0.000,WAIT,idle,2,1,-11.881,5.545,-2.373,0.010,-0.003,-0.004,-0.4468
1785821943.248,0.000,WAIT,idle,2,1,-11.880,5.545,-2.373,0.012,-0.005,-0.003,-0.4468
1785821943.348,0.000,WAIT,idle,2,1,-11.879,5.545,-2.374,0.012,-0.007,-0.002,-0.4470
1785821943.448,0.000,WAIT,idle,2,1,-11.878,5.545,-2.375,0.013,-0.012,-0.001,-0.4470
1785821943.548,0.000,WAIT,idle,2,1,-11.876,5.545,-2.376,0.013,-0.016,-0.001,-0.4473
1785821943.648,0.000,WAIT,idle,2,1,-11.874,5.545,-2.376,0.013,-0.018,0.001,-0.4480
1785821943.748,0.000,WAIT,idle,2,1,-11.873,5.545,-2.376,0.011,-0.005,-0.000,-0.4475
1785821943.848,0.000,WAIT,idle,2,1,-11.871,5.545,-2.377,0.015,-0.000,-0.001,-0.4471
1785821943.948,0.000,WAIT,idle,2,1,-11.869,5.545,-2.377,0.015,-0.017,0.001,-0.4476
1785821944.048,0.000,WAIT,idle,2,1,-11.867,5.545,-2.377,0.013,-0.019,0.003,-0.4475
1785821944.148,0.000,WAIT,idle,2,1,-11.865,5.545,-2.378,0.010,-0.018,0.004,-0.4480
1785821944.248,0.000,WAIT,idle,2,1,-11.863,5.544,-2.378,0.009,-0.014,0.004,-0.4479
1785821944.348,0.000,WAIT,idle,2,1,-11.861,5.544,-2.378,0.014,-0.003,0.004,-0.4471
1785821944.448,0.000,WAIT,idle,2,1,-11.859,5.544,-2.378,0.007,-0.016,0.005,-0.4474
1785821944.548,0.000,WAIT,idle,2,1,-11.858,5.544,-2.379,0.004,-0.015,0.004,-0.4470
1785821944.648,0.000,WAIT,idle,2,1,-11.857,5.544,-2.379,0.008,0.002,0.004,-0.4466
1785821944.748,0.000,WAIT,idle,2,1,-11.856,5.544,-2.380,0.003,-0.014,0.003,-0.4471
1785821944.848,0.000,WAIT,idle,2,1,-11.855,5.543,-2.381,-0.000,-0.018,0.004,-0.4470
1785821944.948,0.000,WAIT,idle,2,1,-11.855,5.543,-2.381,-0.003,-0.018,0.005,-0.4474
1785821945.048,0.000,WAIT,idle,2,1,-11.855,5.542,-2.382,-0.000,-0.003,0.007,-0.4474
1785821945.148,0.000,WAIT,idle,2,1,-11.855,5.541,-2.382,-0.000,-0.004,0.008,-0.4477
1785821945.248,0.000,WAIT,idle,2,1,-11.855,5.540,-2.382,-0.004,-0.016,0.008,-0.4478
1785821945.348,0.000,WAIT,idle,2,1,-11.855,5.540,-2.382,-0.008,-0.014,0.007,-0.4474
1785821945.448,0.000,WAIT,idle,2,1,-11.855,5.539,-2.382,-0.008,-0.011,0.007,-0.4472
1785821945.548,0.000,WAIT,idle,2,1,-11.854,5.538,-2.382,-0.001,-0.002,0.007,-0.4468
1785821945.648,0.000,WAIT,idle,2,1,-11.854,5.536,-2.382,0.000,-0.007,0.007,-0.4474
1785821945.748,0.000,WAIT,idle,2,1,-11.853,5.535,-2.382,0.001,-0.012,0.007,-0.4474
1785821945.848,0.000,WAIT,idle,2,1,-11.852,5.533,-2.382,-0.001,-0.018,0.008,-0.4475
1785821945.948,0.000,WAIT,idle,2,1,-11.851,5.532,-2.382,-0.003,-0.011,0.010,-0.4479
1785821946.048,0.000,WAIT,idle,2,1,-11.851,5.530,-2.382,-0.004,-0.005,0.008,-0.4482
1785821946.148,0.000,WAIT,idle,2,1,-11.851,5.529,-2.382,-0.005,-0.001,0.007,-0.4474
1785821946.248,0.000,WAIT,idle,2,1,-11.852,5.528,-2.383,-0.003,-0.014,0.003,-0.4473
1785821946.348,0.000,WAIT,idle,2,1,-11.852,5.527,-2.383,-0.006,-0.015,0.007,-0.4475
1785821946.448,0.000,WAIT,idle,2,1,-11.853,5.526,-2.383,-0.005,-0.001,0.009,-0.4469
1785821946.548,0.000,WAIT,idle,2,1,-11.854,5.526,-2.383,-0.001,-0.006,0.008,-0.4470
1785821946.648,0.000,WAIT,idle,2,1,-11.855,5.526,-2.383,-0.005,-0.008,0.008,-0.4472
1785821946.748,0.000,WAIT,idle,2,1,-11.856,5.526,-2.383,-0.006,-0.006,0.005,-0.4470
1785821946.848,0.000,WAIT,idle,2,1,-11.858,5.526,-2.383,-0.009,-0.006,0.007,-0.4470
1785821946.948,0.000,WAIT,idle,2,1,-11.860,5.527,-2.383,-0.010,0.000,0.007,-0.4468
1785821947.048,0.000,WAIT,idle,2,1,-11.862,5.528,-2.383,-0.009,0.005,0.008,-0.4469
1785821947.148,0.000,WAIT,idle,2,1,-11.864,5.528,-2.383,-0.006,0.008,0.008,-0.4469
1785821947.248,0.000,WAIT,idle,2,1,-11.865,5.528,-2.382,-0.006,0.007,0.009,-0.4473
1785821947.348,0.000,WAIT,idle,2,1,-11.866,5.528,-2.382,0.000,0.001,0.007,-0.4471
1785821947.448,0.000,WAIT,idle,2,1,-11.867,5.528,-2.382,-0.002,-0.003,0.008,-0.4471
1785821947.548,0.000,WAIT,idle,2,1,-11.868,5.528,-2.382,-0.003,0.008,0.007,-0.4468
1785821947.648,0.000,WAIT,idle,2,1,-11.868,5.528,-2.382,0.003,0.005,0.005,-0.4468
1785821947.748,0.000,WAIT,idle,2,1,-11.869,5.527,-2.382,0.005,-0.002,0.006,-0.4472
1785821947.848,0.000,WAIT,idle,2,1,-11.869,5.527,-2.382,0.001,-0.002,0.006,-0.4477
1785821947.948,0.000,WAIT,idle,2,1,-11.870,5.526,-2.381,0.002,0.004,0.007,-0.4476
1785821948.048,0.000,WAIT,idle,2,1,-11.870,5.526,-2.380,0.008,0.003,0.007,-0.4474
1785821948.148,0.000,WAIT,idle,2,1,-11.870,5.526,-2.379,0.008,-0.002,0.008,-0.4474
1785821948.248,0.000,WAIT,idle,2,1,-11.870,5.527,-2.378,0.002,0.002,0.009,-0.4475
1785821948.348,0.000,WAIT,idle,2,1,-11.870,5.528,-2.376,0.006,0.006,0.005,-0.4471
1785821948.448,0.000,WAIT,idle,2,1,-11.870,5.528,-2.375,0.012,0.005,0.003,-0.4471
1785821948.548,0.000,WAIT,idle,2,1,-11.870,5.529,-2.374,0.011,0.001,0.001,-0.4474
1785821948.648,0.000,WAIT,idle,2,1,-11.870,5.530,-2.374,0.008,-0.000,-0.001,-0.4474
1785821948.748,0.000,WAIT,idle,2,1,-11.870,5.532,-2.374,0.005,0.013,-0.002,-0.4468
1785821948.848,0.000,WAIT,idle,2,1,-11.870,5.533,-2.374,0.004,0.016,-0.001,-0.4466
1785821948.948,0.000,WAIT,idle,2,1,-11.871,5.535,-2.374,0.006,0.018,-0.000,-0.4467
1785821949.048,0.000,WAIT,idle,2,1,-11.871,5.537,-2.374,0.006,0.004,-0.002,-0.4472
1785821949.148,0.000,WAIT,idle,2,1,-11.872,5.539,-2.374,0.001,-0.004,-0.000,-0.4472
1785821949.248,0.000,WAIT,idle,2,1,-11.872,5.540,-2.374,0.000,-0.005,-0.001,-0.4473
1785821949.348,0.000,WAIT,idle,2,1,-11.872,5.541,-2.374,0.001,-0.006,0.020,-0.4474
1785821949.448,0.000,WAIT,idle,2,1,-11.872,5.542,-2.363,0.003,-0.003,0.194,-0.4469
1785821949.548,0.000,WAIT,idle,2,1,-11.871,5.542,-2.333,0.011,-0.003,0.433,-0.4465
1785821949.648,0.000,WAIT,idle,2,1,-11.869,5.542,-2.242,0.011,0.001,0.768,-0.4465
1785821949.748,0.000,WAIT,idle,2,1,-11.867,5.543,-2.143,0.014,0.003,0.821,-0.4472
1785821949.848,0.000,WAIT,idle,2,1,-11.865,5.544,-2.047,0.015,0.001,0.739,-0.4476
1785821949.948,0.000,WAIT,idle,2,1,-11.864,5.544,-1.976,0.009,-0.015,0.699,-0.4484
1785821950.048,0.000,WAIT,idle,2,1,-11.862,5.545,-1.892,0.007,-0.010,0.677,-0.4480
1785821950.148,0.000,WAIT,idle,2,1,-11.860,5.546,-1.822,0.012,0.004,0.670,-0.4473
1785821950.248,0.000,WAIT,idle,2,1,-11.858,5.547,-1.741,0.011,0.001,0.671,-0.4471
1785821950.348,0.000,WAIT,idle,2,1,-11.856,5.547,-1.660,0.008,-0.004,0.670,-0.4471
1785821950.448,0.000,WAIT,idle,2,1,-11.854,5.547,-1.595,0.002,-0.013,0.670,-0.4473
1785821950.548,0.000,WAIT,idle,2,1,-11.853,5.547,-1.525,0.006,-0.002,0.672,-0.4469
1785821950.648,0.000,WAIT,idle,2,1,-11.851,5.546,-1.459,0.005,-0.023,0.674,-0.4474
1785821950.748,0.000,WAIT,idle,2,1,-11.849,5.546,-1.378,0.001,-0.024,0.673,-0.4477
1785821950.848,0.000,WAIT,idle,2,1,-11.848,5.544,-1.297,-0.004,-0.021,0.677,-0.4478
1785821950.948,0.000,WAIT,idle,2,1,-11.847,5.543,-1.199,-0.003,-0.021,0.679,-0.4472
1785821951.048,0.000,WAIT,idle,2,1,-11.847,5.543,-1.134,-0.007,-0.009,0.678,-0.4468
1785821951.148,0.000,WAIT,idle,2,1,-11.846,5.542,-1.052,-0.007,-0.004,0.680,-0.4466
1785821951.248,0.000,WAIT,idle,2,1,-11.846,5.541,-0.981,-0.004,-0.013,0.682,-0.4470
1785821951.348,0.000,WAIT,idle,2,1,-11.845,5.540,-0.898,-0.007,-0.015,0.683,-0.4473
1785821951.448,0.000,WAIT,idle,2,1,-11.845,5.539,-0.844,-0.005,-0.003,0.684,-0.4471
1785821951.548,0.000,WAIT,idle,2,1,-11.844,5.538,-0.778,-0.011,-0.018,0.685,-0.4476
1785821951.648,0.000,WAIT,idle,2,1,-11.844,5.537,-0.706,-0.008,-0.003,0.683,-0.4474
1785821951.748,0.000,WAIT,idle,2,1,-11.843,5.536,-0.640,-0.009,-0.019,0.685,-0.4480
1785821951.848,0.000,WAIT,idle,2,1,-11.843,5.534,-0.569,-0.013,-0.013,0.685,-0.4479
1785821951.948,0.000,WAIT,idle,2,1,-11.842,5.532,-0.487,-0.012,-0.010,0.687,-0.4476
1785821952.048,0.000,WAIT,idle,2,1,-11.842,5.531,-0.404,-0.014,-0.005,0.688,-0.4473
1785821952.148,0.000,WAIT,idle,2,1,-11.842,5.529,-0.321,-0.012,-0.000,0.689,-0.4472
1785821952.248,0.000,WAIT,idle,2,1,-11.842,5.528,-0.238,-0.011,-0.002,0.690,-0.4469
1785821952.348,0.000,WAIT,idle,2,1,-11.842,5.527,-0.155,-0.008,-0.004,0.692,-0.4471
1785821952.448,0.000,WAIT,idle,2,1,-11.841,5.526,-0.071,-0.009,-0.007,0.691,-0.4472
1785821952.548,0.000,WAIT,idle,2,1,-11.842,5.527,0.001,-0.060,-0.009,0.005,-0.4467
1785821952.648,0.000,WAIT,idle,2,1,-11.845,5.527,0.002,-0.027,0.001,0.013,-0.4506
1785821952.748,0.000,WAIT,idle,2,1,-11.845,5.527,0.001,-0.015,-0.002,0.004,-0.4508
1785821952.848,0.000,WAIT,idle,2,1,-11.845,5.526,-0.001,-0.013,-0.009,0.000,-0.4510
1785821952.948,0.000,WAIT,idle,2,1,-11.845,5.525,-0.002,-0.010,-0.010,0.002,-0.4512
1785821953.048,0.000,WAIT,idle,2,1,-11.844,5.523,-0.003,-0.003,-0.016,-0.001,-0.4513
1785821953.148,0.000,WAIT,idle,2,1,-11.843,5.521,-0.003,-0.001,-0.019,0.000,-0.4514
1785821953.248,0.000,WAIT,idle,2,1,-11.842,5.520,-0.003,0.002,-0.021,-0.000,-0.4514
1785821953.348,0.000,WAIT,idle,2,1,-11.841,5.518,-0.004,0.005,-0.023,-0.002,-0.4513
1785821953.448,0.000,WAIT,idle,2,1,-11.840,5.517,-0.004,0.006,-0.028,-0.004,-0.4514
1785821953.548,0.000,WAIT,idle,2,1,-11.839,5.515,-0.004,0.003,-0.031,-0.002,-0.4514
1785821953.648,0.000,WAIT,idle,2,1,-11.839,5.514,-0.004,0.002,-0.030,-0.001,-0.4514
1785821953.748,0.000,WAIT,idle,2,1,-11.839,5.513,-0.004,0.001,-0.029,-0.002,-0.4516
1785821953.848,0.000,WAIT,idle,2,1,-11.840,5.512,-0.004,-0.002,-0.030,-0.005,-0.4516
1785821953.948,0.000,WAIT,idle,2,1,-11.840,5.511,-0.004,-0.004,-0.029,-0.005,-0.4516
1785821954.048,0.000,WAIT,idle,2,1,-11.841,5.511,-0.004,-0.006,-0.029,-0.003,-0.4515
1785821954.148,0.000,WAIT,idle,2,1,-11.841,5.511,-0.004,-0.007,-0.027,-0.002,-0.4516
1785821954.248,0.000,WAIT,idle,2,1,-11.842,5.511,-0.003,-0.007,-0.026,-0.002,-0.4516
1785821954.348,0.000,WAIT,idle,2,1,-11.842,5.511,-0.003,-0.007,-0.027,-0.002,-0.4518
1785821954.448,0.000,WAIT,idle,2,1,-11.843,5.511,-0.002,-0.007,-0.025,-0.004,-0.4519
1785821954.548,0.000,WAIT,idle,2,1,-11.843,5.511,-0.002,-0.006,-0.027,-0.000,-0.4520
1785821954.648,0.000,WAIT,idle,2,1,-11.843,5.511,-0.002,-0.005,-0.027,0.000,-0.4520
1785821954.748,0.000,WAIT,idle,2,1,-11.843,5.511,-0.002,-0.007,-0.027,-0.001,-0.4522
1785821954.848,0.000,WAIT,idle,2,1,-11.843,5.510,-0.001,-0.006,-0.025,-0.001,-0.4521
1785821954.948,0.000,WAIT,idle,2,1,-11.843,5.510,-0.001,-0.006,-0.024,-0.002,-0.4520
1785821955.048,0.000,WAIT,idle,2,1,-11.843,5.511,0.000,-0.003,-0.020,0.000,-0.4520
1785821955.148,0.000,WAIT,idle,2,1,-11.843,5.511,0.001,-0.003,-0.019,0.001,-0.4520
1785821955.248,0.000,WAIT,idle,2,1,-11.842,5.512,0.002,-0.003,-0.016,-0.000,-0.4521
1785821955.348,0.000,WAIT,idle,2,1,-11.842,5.513,0.003,-0.002,-0.013,-0.002,-0.4524
1785821955.448,0.000,WAIT,idle,2,0,-11.842,5.515,0.003,-0.000,-0.011,0.000,-0.4526
1785821955.548,0.000,WAIT,idle,2,0,-11.842,5.515,0.003,0.001,-0.009,0.001,-0.4526
1785821955.648,0.000,WAIT,idle,2,0,-11.841,5.516,0.003,0.003,-0.009,0.000,-0.4526
1785821955.748,0.000,WAIT,idle,2,0,-11.841,5.517,0.003,0.005,-0.006,-0.000,-0.4524
1785821955.848,0.000,WAIT,idle,2,0,-11.840,5.517,0.003,0.005,-0.004,-0.000,-0.4524
1785821955.948,0.000,WAIT,idle,2,0,-11.840,5.518,0.004,0.002,-0.001,0.001,-0.4523
1785821956.048,0.000,WAIT,idle,2,0,-11.840,5.519,0.004,0.003,0.002,0.001,-0.4522
1785821956.148,0.000,WAIT,idle,2,0,-11.840,5.520,0.004,0.003,0.003,0.003,-0.4524
1785821956.248,0.000,WAIT,idle,2,0,-11.840,5.520,0.004,0.002,0.004,0.005,-0.4526
1785821956.348,0.000,WAIT,idle,2,0,-11.840,5.521,0.005,0.001,0.004,0.005,-0.4527
1785821956.448,0.000,WAIT,idle,2,0,-11.841,5.521,0.005,-0.001,0.008,0.005,-0.4528
1785821956.548,0.000,WAIT,idle,2,0,-11.841,5.522,0.005,-0.001,0.010,0.005,-0.4528
1785821956.648,0.000,WAIT,idle,2,0,-11.841,5.523,0.005,0.000,0.012,0.003,-0.4529
1785821956.748,0.000,WAIT,idle,2,0,-11.841,5.524,0.006,-0.002,0.012,0.002,-0.4528
1785821956.848,0.000,WAIT,idle,2,0,-11.842,5.524,0.006,-0.003,0.012,0.002,-0.4527
1785821956.948,0.000,WAIT,idle,2,0,-11.842,5.524,0.006,-0.002,0.011,0.001,-0.4528
1785821957.048,0.000,WAIT,idle,2,0,-11.842,5.524,0.005,-0.002,0.009,0.003,-0.4528
1785821957.148,0.000,WAIT,idle,2,0,-11.842,5.524,0.005,-0.003,0.009,0.003,-0.4530
1785821957.248,0.000,WAIT,idle,2,0,-11.842,5.524,0.004,-0.005,0.009,0.001,-0.4530
1785821957.348,0.000,WAIT,idle,2,0,-11.842,5.524,0.004,-0.004,0.008,0.001,-0.4532
1785821957.448,0.000,WAIT,idle,2,0,-11.842,5.524,0.003,-0.003,0.009,0.002,-0.4534
1785821957.548,0.000,WAIT,idle,2,0,-11.842,5.524,0.003,-0.001,0.010,0.001,-0.4537
1785821957.648,0.000,WAIT,idle,2,0,-11.842,5.524,0.002,-0.001,0.011,0.002,-0.4535
1785821957.748,0.000,WAIT,idle,2,0,-11.842,5.525,0.002,0.000,0.011,0.004,-0.4535
1785821957.848,0.000,WAIT,idle,2,0,-11.841,5.525,0.002,0.001,0.013,0.003,-0.4536
1785821957.948,0.000,WAIT,idle,2,0,-11.841,5.526,0.002,0.001,0.016,0.002,-0.4538
1785821958.048,0.000,WAIT,idle,2,0,-11.840,5.527,0.003,0.003,0.017,0.004,-0.4538
1785821958.148,0.000,WAIT,idle,2,0,-11.840,5.527,0.003,0.003,0.019,0.005,-0.4538
1785821958.248,0.000,WAIT,idle,2,0,-11.839,5.528,0.004,0.004,0.019,0.005,-0.4536
1785821958.348,0.000,WAIT,idle,2,0,-11.839,5.529,0.005,0.002,0.019,0.006,-0.4536
1785821958.448,0.000,WAIT,idle,2,0,-11.840,5.529,0.006,0.001,0.017,0.007,-0.4538
1785821958.548,0.000,WAIT,idle,2,0,-11.840,5.529,0.007,0.001,0.015,0.006,-0.4536
1785821958.648,0.000,WAIT,idle,2,0,-11.840,5.529,0.008,0.002,0.013,0.007,-0.4536
1785821958.748,0.000,WAIT,idle,2,0,-11.840,5.528,0.008,0.003,0.013,0.005,-0.4537
1785821958.848,0.000,WAIT,idle,2,0,-11.840,5.528,0.008,0.003,0.012,0.003,-0.4536
1785821958.948,0.000,WAIT,idle,2,0,-11.840,5.528,0.008,0.003,0.013,0.002,-0.4537
1785821959.048,0.000,WAIT,idle,2,0,-11.840,5.527,0.008,0.000,0.012,0.000,-0.4535
1785821959.148,0.000,WAIT,idle,2,0,-11.840,5.527,0.007,-0.001,0.011,0.001,-0.4536
1785821959.248,0.000,WAIT,idle,2,0,-11.841,5.527,0.007,-0.002,0.012,-0.001,-0.4537
1785821959.348,0.000,WAIT,idle,2,0,-11.841,5.527,0.006,-0.002,0.012,0.000,-0.4536
1785821959.448,0.000,WAIT,idle,2,0,-11.841,5.527,0.006,-0.003,0.013,-0.000,-0.4534
1785821959.548,0.000,WAIT,idle,2,0,-11.841,5.527,0.005,-0.002,0.014,0.001,-0.4533
1785821959.648,0.000,WAIT,idle,2,0,-11.842,5.527,0.005,-0.002,0.015,0.001,-0.4529
1785821959.748,0.000,WAIT,idle,2,0,-11.842,5.527,0.005,-0.002,0.018,0.002,-0.4528
1785821959.848,0.000,WAIT,idle,2,0,-11.842,5.527,0.005,0.000,0.020,0.002,-0.4528
1785821959.948,0.000,WAIT,idle,2,0,-11.841,5.528,0.004,0.001,0.023,0.002,-0.4529
1785821960.048,0.000,WAIT,idle,2,0,-11.841,5.529,0.004,0.002,0.025,0.002,-0.4529
1785821960.148,0.000,WAIT,idle,2,0,-11.840,5.530,0.004,0.002,0.024,0.002,-0.4529
1785821960.248,0.000,WAIT,idle,2,0,-11.840,5.530,0.004,0.003,0.024,0.003,-0.4530
1785821960.348,0.000,WAIT,idle,2,0,-11.839,5.530,0.004,0.004,0.022,0.004,-0.4531
1785821960.448,0.000,WAIT,idle,2,0,-11.838,5.530,0.004,0.005,0.022,0.005,-0.4532
1785821960.548,0.000,WAIT,idle,2,0,-11.838,5.531,0.004,0.003,0.023,0.004,-0.4534
1785821960.648,0.000,WAIT,idle,2,0,-11.838,5.531,0.004,0.003,0.021,0.007,-0.4536
1785821960.748,0.000,WAIT,idle,2,0,-11.838,5.531,0.005,0.002,0.020,0.009,-0.4537
1785821960.848,0.000,WAIT,idle,2,0,-11.838,5.530,0.005,0.002,0.019,0.008,-0.4535
1785821960.948,0.000,WAIT,idle,2,0,-11.838,5.530,0.006,0.001,0.017,0.008,-0.4535
1785821961.048,0.000,WAIT,idle,2,0,-11.838,5.529,0.006,0.002,0.016,0.006,-0.4536
1785821961.148,0.000,WAIT,idle,2,0,-11.838,5.528,0.007,0.002,0.015,0.008,-0.4536
1785821961.248,0.000,WAIT,idle,2,0,-11.838,5.528,0.007,0.004,0.014,0.006,-0.4534
1785821961.348,0.000,WAIT,idle,2,0,-11.838,5.527,0.008,0.001,0.016,0.007,-0.4533
1785821961.448,0.000,WAIT,idle,2,0,-11.839,5.527,0.008,0.000,0.017,0.004,-0.4534
1785821961.548,0.000,WAIT,idle,2,0,-11.839,5.526,0.008,0.001,0.013,0.004,-0.4534
1785821961.648,0.000,WAIT,idle,2,0,-11.839,5.526,0.008,0.004,0.013,0.006,-0.4533
1785821961.748,0.000,WAIT,idle,2,0,-11.839,5.525,0.008,0.004,0.011,0.004,-0.4533
1785821961.848,0.000,WAIT,idle,2,0,-11.838,5.525,0.008,0.008,0.010,0.005,-0.4533
1785821961.948,0.000,WAIT,idle,2,0,-11.838,5.524,0.008,0.006,0.010,0.004,-0.4534
1785821962.048,0.000,WAIT,idle,2,0,-11.838,5.524,0.008,0.008,0.010,0.001,-0.4534
1785821962.148,0.000,WAIT,idle,2,0,-11.837,5.523,0.007,0.010,0.009,-0.001,-0.4533
1785821962.248,0.000,WAIT,idle,2,0,-11.837,5.523,0.007,0.011,0.012,-0.004,-0.4532
1785821962.348,0.000,WAIT,idle,2,0,-11.836,5.523,0.006,0.010,0.012,-0.003,-0.4532
1785821962.448,0.000,WAIT,idle,2,0,-11.836,5.523,0.005,0.008,0.011,-0.004,-0.4531
1785821962.548,0.000,WAIT,idle,2,0,-11.837,5.523,0.005,0.007,0.012,-0.002,-0.4531
1785821962.648,0.000,WAIT,idle,2,0,-11.837,5.523,0.005,0.005,0.012,-0.002,-0.4531
1785821962.748,0.000,WAIT,idle,2,0,-11.837,5.524,0.005,0.004,0.011,-0.002,-0.4530
1785821962.848,0.000,WAIT,idle,2,0,-11.838,5.524,0.005,0.004,0.013,0.001,-0.4529
1785821962.948,0.000,WAIT,idle,2,0,-11.838,5.525,0.005,0.003,0.012,0.001,-0.4529
1785821963.048,0.000,WAIT,idle,2,0,-11.839,5.525,0.005,0.001,0.011,0.001,-0.4531
1785821963.148,0.000,WAIT,idle,2,0,-11.840,5.525,0.005,-0.003,0.015,0.001,-0.4531
1785821963.248,0.000,WAIT,idle,2,0,-11.840,5.526,0.005,-0.003,0.013,0.002,-0.4530
1785821963.348,0.000,WAIT,idle,2,0,-11.841,5.526,0.005,-0.004,0.014,0.002,-0.4530
1785821963.448,0.000,WAIT,idle,2,0,-11.841,5.527,0.005,-0.003,0.015,0.001,-0.4532
1785821963.548,0.000,WAIT,idle,2,0,-11.841,5.527,0.004,-0.005,0.015,0.001,-0.4533
1785821963.648,0.000,WAIT,idle,2,0,-11.841,5.527,0.004,-0.004,0.016,0.001,-0.4532
1785821963.748,0.000,WAIT,idle,2,0,-11.841,5.528,0.003,-0.003,0.014,-0.002,-0.4533
1785821963.848,0.000,WAIT,idle,2,0,-11.841,5.527,0.003,-0.001,0.014,-0.003,-0.4534
1785821963.948,0.000,WAIT,idle,2,0,-11.840,5.527,0.002,-0.001,0.012,-0.002,-0.4534
1785821964.048,0.000,WAIT,idle,2,0,-11.840,5.526,0.002,-0.001,0.011,-0.002,-0.4533
1785821964.148,0.000,WAIT,idle,2,0,-11.840,5.526,0.002,0.000,0.013,-0.003,-0.4532
1785821964.248,0.000,WAIT,idle,2,0,-11.839,5.526,0.001,0.001,0.012,-0.001,-0.4532
1785821964.348,0.000,WAIT,idle,2,0,-11.839,5.525,0.001,0.000,0.012,0.001,-0.4531
1785821964.448,0.000,WAIT,idle,2,0,-11.840,5.525,0.002,-0.000,0.012,0.001,-0.4531
1785821964.548,0.000,WAIT,idle,2,0,-11.840,5.525,0.002,-0.000,0.013,0.004,-0.4533
1785821964.648,0.000,WAIT,idle,2,0,-11.840,5.525,0.002,-0.001,0.014,0.003,-0.4533
1785821964.748,0.000,WAIT,idle,2,0,-11.840,5.525,0.003,-0.001,0.010,0.003,-0.4534
1785821964.848,0.000,WAIT,idle,2,0,-11.841,5.524,0.003,-0.002,0.013,0.002,-0.4536
1785821964.948,0.000,WAIT,idle,2,0,-11.841,5.525,0.004,-0.002,0.014,0.001,-0.4536
1785821965.048,0.000,WAIT,idle,2,0,-11.841,5.525,0.004,-0.002,0.014,0.002,-0.4538
1785821965.148,0.000,WAIT,idle,2,0,-11.841,5.525,0.004,-0.003,0.015,0.001,-0.4538
1785821965.248,0.000,WAIT,idle,2,0,-11.841,5.525,0.005,-0.002,0.017,0.000,-0.4538
1785821965.348,0.000,WAIT,idle,2,0,-11.841,5.526,0.005,-0.001,0.018,0.000,-0.4538
1785821965.448,0.000,WAIT,idle,2,0,-11.841,5.526,0.005,-0.002,0.018,0.001,-0.4539
1785821965.548,0.000,WAIT,idle,2,0,-11.841,5.526,0.005,-0.001,0.018,0.001,-0.4538
1785821965.648,0.000,WAIT,idle,2,0,-11.841,5.526,0.005,0.000,0.016,-0.001,-0.4539
1785821965.748,0.000,WAIT,idle,2,0,-11.840,5.526,0.005,0.002,0.016,-0.003,-0.4539
1785821965.848,0.000,WAIT,idle,2,0,-11.840,5.527,0.005,0.003,0.015,-0.004,-0.4540
1785821965.948,0.000,WAIT,idle,2,0,-11.840,5.527,0.005,0.004,0.012,-0.000,-0.4543
1785821966.048,0.000,WAIT,idle,2,0,-11.839,5.526,0.006,0.005,0.011,-0.002,-0.4545
1785821966.148,0.000,WAIT,idle,2,0,-11.839,5.526,0.006,0.004,0.009,-0.002,-0.4544
1785821966.248,0.000,WAIT,idle,2,0,-11.839,5.526,0.006,0.003,0.009,-0.004,-0.4545
1785821966.348,0.000,WAIT,idle,2,0,-11.839,5.525,0.006,0.004,0.008,-0.005,-0.4543
1785821966.448,0.000,WAIT,idle,2,0,-11.839,5.525,0.005,0.003,0.008,-0.005,-0.4542
1785821966.548,0.000,WAIT,idle,2,0,-11.839,5.525,0.005,0.003,0.010,-0.004,-0.4540
1785821966.648,0.000,WAIT,idle,2,0,-11.839,5.526,0.005,0.002,0.011,-0.005,-0.4538
1785821966.748,0.000,WAIT,idle,2,0,-11.839,5.526,0.005,0.003,0.011,-0.004,-0.4540
1785821966.848,0.000,WAIT,idle,2,0,-11.839,5.526,0.004,0.001,0.009,-0.004,-0.4541
1785821966.948,0.000,WAIT,idle,2,0,-11.840,5.526,0.004,-0.001,0.008,-0.005,-0.4542
1785821967.048,0.000,WAIT,idle,2,0,-11.840,5.525,0.003,-0.004,0.007,-0.006,-0.4543
1785821967.148,0.000,WAIT,idle,2,0,-11.841,5.525,0.003,-0.005,0.005,-0.004,-0.4543
1785821967.248,0.000,WAIT,idle,2,0,-11.842,5.524,0.002,-0.007,0.002,-0.001,-0.4544
1785821967.348,0.000,WAIT,idle,2,0,-11.842,5.524,0.002,-0.008,0.004,0.001,-0.4543
1785821967.448,0.000,WAIT,idle,2,0,-11.843,5.524,0.002,-0.010,0.003,-0.002,-0.4544
1785821967.548,0.000,WAIT,idle,2,0,-11.843,5.524,0.001,-0.010,0.004,-0.001,-0.4544
1785821967.648,0.000,WAIT,idle,2,0,-11.843,5.524,0.001,-0.013,0.004,-0.001,-0.4544
1785821967.748,0.000,WAIT,idle,2,0,-11.844,5.524,0.001,-0.011,0.003,-0.001,-0.4545
1785821967.848,0.000,WAIT,idle,2,0,-11.844,5.523,0.001,-0.011,0.002,0.001,-0.4546
1785821967.948,0.000,WAIT,idle,2,0,-11.844,5.523,0.001,-0.009,0.001,0.002,-0.4546
1785821968.048,0.000,WAIT,idle,2,0,-11.844,5.523,0.002,-0.008,0.001,0.002,-0.4545
1785821968.148,0.000,WAIT,idle,2,0,-11.843,5.522,0.002,-0.007,0.001,0.001,-0.4545
1785821968.248,0.000,WAIT,idle,2,0,-11.843,5.522,0.003,-0.006,0.003,0.001,-0.4545
1785821968.348,0.000,WAIT,idle,2,0,-11.843,5.522,0.003,-0.007,0.002,0.002,-0.4546
1785821968.448,0.000,WAIT,idle,2,0,-11.842,5.522,0.003,-0.006,0.001,0.003,-0.4548
1785821968.548,0.000,WAIT,idle,2,0,-11.842,5.522,0.003,-0.004,0.002,0.001,-0.4545
1785821968.648,0.000,WAIT,idle,2,0,-11.842,5.522,0.003,-0.004,0.003,-0.001,-0.4546
1785821968.748,0.000,WAIT,idle,2,0,-11.842,5.522,0.002,-0.002,0.002,-0.000,-0.4545
1785821968.848,0.000,WAIT,idle,2,0,-11.842,5.522,0.002,-0.002,0.001,0.001,-0.4546
1785821968.948,0.000,WAIT,idle,2,0,-11.841,5.521,0.002,-0.001,0.001,-0.000,-0.4550
1785821969.048,0.000,WAIT,idle,2,0,-11.841,5.521,0.002,-0.003,0.002,-0.002,-0.4552
1785821969.148,0.000,WAIT,idle,2,0,-11.841,5.521,0.002,-0.004,0.001,-0.004,-0.4553
1785821969.248,0.000,WAIT,idle,2,0,-11.841,5.521,0.001,-0.005,0.002,-0.003,-0.4552
1785821969.348,0.000,WAIT,idle,2,0,-11.842,5.521,0.001,-0.008,0.001,-0.004,-0.4552
1785821969.448,0.000,WAIT,idle,2,0,-11.842,5.521,0.001,-0.010,0.002,-0.003,-0.4552
1785821969.548,0.000,WAIT,idle,2,0,-11.843,5.521,0.001,-0.010,0.002,-0.005,-0.4552
1785821969.648,0.000,WAIT,idle,2,0,-11.843,5.521,0.001,-0.007,0.004,-0.006,-0.4552
1785821969.748,0.000,WAIT,idle,2,0,-11.843,5.521,0.000,-0.005,0.004,-0.006,-0.4551
1785821969.848,0.000,WAIT,idle,2,0,-11.843,5.522,-0.000,-0.007,0.005,-0.005,-0.4550
1785821969.948,0.000,WAIT,idle,2,0,-11.842,5.522,-0.000,-0.005,0.004,-0.002,-0.4548
1785821970.048,0.000,WAIT,idle,2,0,-11.842,5.522,-0.000,-0.004,0.005,-0.002,-0.4548
1785821970.148,0.000,WAIT,idle,2,0,-11.842,5.522,-0.001,-0.004,0.007,-0.002,-0.4549
1785821970.248,0.000,WAIT,idle,2,0,-11.842,5.522,-0.001,-0.005,0.008,-0.002,-0.4549
1785821970.348,0.000,WAIT,idle,2,0,-11.842,5.523,-0.001,-0.003,0.011,-0.002,-0.4551
1785821970.448,0.000,WAIT,idle,2,0,-11.842,5.524,-0.001,-0.005,0.013,-0.002,-0.4554
1785821970.548,0.000,WAIT,idle,2,0,-11.842,5.524,-0.001,-0.003,0.014,-0.003,-0.4554
1785821970.648,0.000,WAIT,idle,2,0,-11.842,5.525,-0.001,-0.003,0.014,-0.005,-0.4554
1785821970.748,0.000,WAIT,idle,2,0,-11.842,5.526,-0.002,-0.002,0.016,-0.000,-0.4554
1785821970.848,0.000,WAIT,idle,2,0,-11.842,5.526,-0.001,-0.005,0.017,0.001,-0.4555
1785821970.948,0.000,WAIT,idle,2,0,-11.842,5.527,-0.001,-0.003,0.017,0.002,-0.4555
1785821971.048,0.000,WAIT,idle,2,0,-11.842,5.528,-0.001,-0.002,0.017,0.002,-0.4555
1785821971.148,0.000,WAIT,idle,2,0,-11.842,5.528,-0.001,0.002,0.018,0.001,-0.4557
1785821971.248,0.000,WAIT,idle,2,0,-11.841,5.529,-0.001,0.004,0.021,0.001,-0.4558
1785821971.348,0.000,WAIT,idle,2,0,-11.841,5.529,-0.001,0.004,0.023,0.003,-0.4558
1785821971.448,0.000,WAIT,idle,2,0,-11.840,5.530,-0.001,0.005,0.025,0.003,-0.4557
1785821971.548,0.000,WAIT,idle,2,0,-11.840,5.531,-0.001,0.005,0.025,0.002,-0.4556
1785821971.648,0.000,WAIT,idle,2,0,-11.840,5.531,-0.001,0.005,0.024,0.001,-0.4556
1785821971.748,0.000,WAIT,idle,2,0,-11.840,5.532,-0.001,0.003,0.022,-0.001,-0.4557
1785821971.848,0.000,WAIT,idle,2,0,-11.840,5.532,-0.002,0.002,0.021,-0.002,-0.4557
1785821971.948,0.000,WAIT,idle,2,0,-11.840,5.531,-0.002,0.000,0.020,-0.001,-0.4557
1785821972.048,0.000,WAIT,idle,2,0,-11.841,5.531,-0.003,0.001,0.018,-0.002,-0.4558
1785821972.148,0.000,WAIT,idle,2,0,-11.841,5.530,-0.003,0.003,0.015,-0.002,-0.4558
1785821972.248,0.000,WAIT,idle,2,0,-11.841,5.529,-0.004,0.001,0.013,-0.001,-0.4558
1785821972.348,0.000,WAIT,idle,2,0,-11.841,5.528,-0.004,0.003,0.014,-0.001,-0.4557
1785821972.448,0.000,WAIT,idle,2,0,-11.841,5.527,-0.004,0.002,0.011,-0.000,-0.4555
1785821972.548,0.000,WAIT,idle,2,0,-11.841,5.526,-0.003,0.002,0.011,0.000,-0.4554
1785821972.648,0.000,WAIT,idle,2,0,-11.841,5.526,-0.003,0.001,0.011,0.004,-0.4555
1785821972.748,0.000,WAIT,idle,2,0,-11.841,5.525,-0.002,0.000,0.009,0.004,-0.4557
1785821972.848,0.000,WAIT,idle,2,0,-11.841,5.524,-0.001,-0.001,0.009,0.003,-0.4558
1785821972.948,0.000,WAIT,idle,2,0,-11.841,5.524,-0.001,-0.004,0.007,0.002,-0.4557
1785821973.048,0.000,WAIT,idle,2,0,-11.841,5.523,-0.001,-0.004,0.005,0.002,-0.4558
1785821973.148,0.000,WAIT,idle,2,0,-11.841,5.522,-0.000,-0.004,0.005,0.003,-0.4558
1785821973.248,0.000,WAIT,idle,2,0,-11.842,5.522,0.000,-0.005,0.006,0.004,-0.4557
1785821973.348,0.000,WAIT,idle,2,0,-11.842,5.521,0.000,-0.004,0.006,0.003,-0.4557
1785821973.448,0.000,WAIT,idle,2,0,-11.842,5.521,0.001,-0.002,0.005,0.005,-0.4556
1785821973.548,0.000,WAIT,idle,2,0,-11.842,5.521,0.001,-0.001,0.006,0.006,-0.4555
1785821973.648,0.000,WAIT,idle,2,0,-11.842,5.521,0.002,-0.001,0.006,0.006,-0.4555
1785821973.748,0.000,WAIT,idle,2,0,-11.842,5.521,0.002,-0.001,0.003,0.005,-0.4556
1785821973.848,0.000,WAIT,idle,2,0,-11.842,5.520,0.002,-0.002,0.002,0.003,-0.4557
1785821973.948,0.000,WAIT,idle,2,0,-11.842,5.520,0.003,-0.002,0.001,0.004,-0.4558
1785821974.048,0.000,WAIT,idle,2,0,-11.842,5.519,0.003,-0.002,0.003,0.006,-0.4560
1785821974.148,0.000,WAIT,idle,2,0,-11.842,5.519,0.004,-0.001,0.002,0.003,-0.4559
1785821974.248,0.000,WAIT,idle,2,0,-11.842,5.519,0.004,0.001,0.002,0.004,-0.4559
1785821974.348,0.000,WAIT,idle,2,0,-11.842,5.519,0.004,-0.001,0.003,0.002,-0.4557
1785821974.448,0.000,WAIT,idle,2,0,-11.842,5.519,0.004,-0.002,0.004,0.003,-0.4559
1785821974.548,0.000,WAIT,idle,2,0,-11.842,5.519,0.005,-0.002,0.002,0.004,-0.4558
1785821974.649,0.000,WAIT,idle,2,0,-11.842,5.518,0.005,-0.002,-0.001,0.003,-0.4557
1785821974.748,0.000,WAIT,idle,2,0,-11.842,5.518,0.005,-0.002,-0.002,-0.001,-0.4557
1785821974.848,0.000,WAIT,idle,2,0,-11.842,5.517,0.004,-0.002,-0.001,-0.001,-0.4556
1785821974.948,0.000,WAIT,idle,2,0,-11.842,5.517,0.004,-0.003,-0.002,-0.000,-0.4557
1785821975.048,0.000,WAIT,idle,2,0,-11.843,5.517,0.004,-0.003,-0.000,0.003,-0.4557
1785821975.148,0.000,WAIT,idle,2,0,-11.843,5.517,0.004,-0.002,0.001,0.005,-0.4558
1785821975.248,0.000,WAIT,idle,2,0,-11.843,5.517,0.005,-0.004,0.001,0.005,-0.4558
1785821975.348,0.000,WAIT,idle,2,0,-11.843,5.518,0.005,-0.004,0.001,0.003,-0.4556
1785821975.448,0.000,WAIT,idle,2,0,-11.843,5.518,0.005,-0.006,0.003,0.005,-0.4555
1785821975.548,0.000,WAIT,idle,2,0,-11.843,5.519,0.005,-0.006,0.005,0.004,-0.4551
1785821975.648,0.000,WAIT,idle,2,0,-11.843,5.520,0.005,-0.006,0.007,0.005,-0.4551
1785821975.748,0.000,WAIT,idle,2,0,-11.843,5.520,0.005,-0.004,0.008,0.005,-0.4550
1785821975.848,0.000,WAIT,idle,2,0,-11.843,5.521,0.005,-0.005,0.008,0.005,-0.4550
1785821975.948,0.000,WAIT,idle,2,0,-11.843,5.522,0.005,-0.003,0.006,0.004,-0.4550
1785821976.048,0.000,WAIT,idle,2,0,-11.843,5.522,0.005,-0.004,0.007,0.002,-0.4549
1785821976.148,0.000,WAIT,idle,2,0,-11.843,5.522,0.005,-0.003,0.007,-0.001,-0.4550
1785821976.248,0.000,WAIT,idle,2,0,-11.843,5.523,0.004,-0.003,0.007,-0.003,-0.4549
1785821976.348,0.000,WAIT,idle,2,0,-11.842,5.523,0.003,-0.003,0.006,-0.005,-0.4549
1785821976.448,0.000,WAIT,idle,2,0,-11.843,5.523,0.002,-0.005,0.006,-0.007,-0.4550
1785821976.548,0.000,WAIT,idle,2,0,-11.843,5.524,0.001,-0.006,0.007,-0.007,-0.4552
1785821976.648,0.000,WAIT,idle,2,0,-11.843,5.524,0.000,-0.006,0.008,-0.007,-0.4551
1785821976.748,0.000,WAIT,idle,2,0,-11.843,5.524,-0.000,-0.006,0.006,-0.006,-0.4551
1785821976.848,0.000,WAIT,idle,2,0,-11.844,5.524,-0.000,-0.005,0.006,-0.006,-0.4551
1785821976.948,0.000,WAIT,idle,2,0,-11.844,5.524,-0.001,-0.007,0.004,-0.006,-0.4552
1785821977.048,0.000,WAIT,idle,2,0,-11.844,5.523,-0.001,-0.008,0.004,-0.008,-0.4553
1785821977.148,0.000,WAIT,idle,2,0,-11.845,5.523,-0.002,-0.009,0.007,-0.007,-0.4554
1785821977.248,0.000,WAIT,idle,2,0,-11.845,5.523,-0.002,-0.007,0.007,-0.007,-0.4555
1785821977.348,0.000,WAIT,idle,2,0,-11.845,5.523,-0.003,-0.006,0.008,-0.008,-0.4557
1785821977.448,0.000,WAIT,idle,2,0,-11.845,5.523,-0.003,-0.006,0.010,-0.006,-0.4558
1785821977.548,0.000,WAIT,idle,2,0,-11.844,5.524,-0.003,-0.006,0.009,-0.005,-0.4560
1785821977.648,0.000,WAIT,idle,2,0,-11.844,5.524,-0.003,-0.007,0.008,-0.005,-0.4560
1785821977.748,0.000,WAIT,idle,2,0,-11.844,5.524,-0.003,-0.007,0.007,-0.006,-0.4559
1785821977.848,0.000,WAIT,idle,2,0,-11.844,5.524,-0.003,-0.004,0.003,-0.007,-0.4560
1785821977.948,0.000,WAIT,idle,2,0,-11.844,5.523,-0.004,-0.004,0.001,-0.007,-0.4559
1785821978.048,0.000,WAIT,idle,2,0,-11.844,5.522,-0.004,-0.005,0.002,-0.007,-0.4558
1785821978.148,0.000,WAIT,idle,2,0,-11.843,5.522,-0.004,-0.005,0.001,-0.007,-0.4557
1785821978.248,0.000,WAIT,idle,2,0,-11.843,5.521,-0.004,-0.004,-0.001,-0.007,-0.4556
1785821978.348,0.000,WAIT,idle,2,0,-11.843,5.521,-0.004,-0.003,0.001,-0.006,-0.4557
1785821978.448,0.000,WAIT,idle,2,0,-11.843,5.521,-0.004,-0.003,0.002,-0.005,-0.4557
1785821978.548,0.000,WAIT,idle,2,0,-11.842,5.521,-0.004,-0.003,0.003,-0.003,-0.4557
1785821978.648,0.000,WAIT,idle,2,0,-11.843,5.522,-0.003,-0.005,0.004,-0.001,-0.4556
1785821978.748,0.000,WAIT,idle,2,0,-11.843,5.522,-0.003,-0.006,0.005,0.001,-0.4555
1785821978.848,0.000,WAIT,idle,2,0,-11.843,5.523,-0.002,-0.007,0.007,0.003,-0.4552
1785821978.948,0.000,WAIT,idle,2,0,-11.843,5.523,-0.001,-0.008,0.007,0.002,-0.4550
1785821979.048,0.000,WAIT,idle,2,0,-11.844,5.523,-0.000,-0.008,0.006,0.003,-0.4551
1785821979.148,0.000,WAIT,idle,2,0,-11.844,5.523,0.000,-0.007,0.002,0.001,-0.4550
1785821979.248,0.000,WAIT,idle,2,0,-11.844,5.523,0.000,-0.008,-0.000,0.004,-0.4549
1785821979.348,0.000,WAIT,idle,2,0,-11.844,5.523,0.001,-0.005,0.000,0.005,-0.4549
1785821979.448,0.000,WAIT,idle,2,0,-11.844,5.522,0.001,-0.005,-0.001,0.006,-0.4548
1785821979.548,0.000,WAIT,idle,2,0,-11.844,5.522,0.001,-0.003,-0.001,0.005,-0.4547
1785821979.648,0.000,WAIT,idle,2,0,-11.843,5.522,0.002,-0.002,-0.002,0.005,-0.4544
1785821979.748,0.000,WAIT,idle,2,0,-11.843,5.522,0.002,-0.001,-0.001,0.004,-0.4543
1785821979.848,0.000,WAIT,idle,2,0,-11.843,5.522,0.002,-0.001,-0.001,0.004,-0.4543
1785821979.948,0.000,WAIT,idle,2,0,-11.843,5.522,0.002,-0.002,-0.001,0.004,-0.4543
1785821980.048,0.000,WAIT,idle,2,0,-11.843,5.522,0.002,-0.003,-0.002,0.004,-0.4546
1785821980.148,0.000,WAIT,idle,2,0,-11.843,5.522,0.002,-0.003,-0.001,0.003,-0.4546
1785821980.248,0.000,WAIT,idle,2,0,-11.843,5.522,0.001,-0.003,-0.002,0.003,-0.4546
1785821980.348,0.000,WAIT,idle,2,0,-11.843,5.522,0.001,-0.003,-0.000,0.004,-0.4548
1785821980.448,0.000,WAIT,idle,2,0,-11.843,5.522,0.002,-0.004,0.000,0.004,-0.4547
1785821980.548,0.000,WAIT,idle,2,0,-11.843,5.522,0.002,-0.002,0.001,0.005,-0.4547
1785821980.648,0.000,WAIT,idle,2,0,-11.842,5.522,0.003,-0.002,0.003,0.004,-0.4547
1785821980.748,0.000,WAIT,idle,2,0,-11.842,5.523,0.003,-0.003,0.005,0.002,-0.4546
1785821980.848,0.000,WAIT,idle,2,0,-11.842,5.523,0.003,-0.005,0.004,0.003,-0.4545
1785821980.948,0.000,WAIT,idle,2,0,-11.843,5.523,0.003,-0.005,0.003,0.003,-0.4546
1785821981.048,0.000,WAIT,idle,2,0,-11.843,5.523,0.004,-0.008,0.002,0.002,-0.4548
1785821981.148,0.000,WAIT,idle,2,0,-11.844,5.523,0.003,-0.008,0.002,0.001,-0.4549
1785821981.248,0.000,WAIT,idle,2,0,-11.844,5.523,0.003,-0.007,0.003,0.003,-0.4548
1785821981.348,0.000,WAIT,idle,2,0,-11.844,5.523,0.004,-0.008,0.004,0.004,-0.4547
1785821981.448,0.000,WAIT,idle,2,0,-11.844,5.523,0.004,-0.009,0.006,0.002,-0.4547
1785821981.548,0.000,WAIT,idle,2,0,-11.845,5.523,0.004,-0.012,0.008,0.003,-0.4548
1785821981.648,0.000,WAIT,idle,2,0,-11.846,5.523,0.004,-0.011,0.008,0.004,-0.4548
1785821981.748,0.000,WAIT,idle,2,0,-11.846,5.523,0.005,-0.011,0.010,0.007,-0.4548
1785821981.848,0.000,WAIT,idle,2,0,-11.846,5.524,0.006,-0.011,0.011,0.008,-0.4546
1785821981.948,0.000,WAIT,idle,2,0,-11.846,5.524,0.007,-0.010,0.012,0.008,-0.4547
1785821982.048,0.000,WAIT,idle,2,0,-11.846,5.524,0.007,-0.006,0.010,0.007,-0.4548
1785821982.148,0.000,WAIT,idle,2,0,-11.846,5.524,0.008,-0.007,0.009,0.007,-0.4549
1785821982.248,0.000,WAIT,idle,2,0,-11.845,5.524,0.008,-0.008,0.009,0.008,-0.4549
1785821982.348,0.000,WAIT,idle,2,0,-11.845,5.523,0.008,-0.007,0.008,0.007,-0.4547
1785821982.448,0.000,WAIT,idle,2,0,-11.844,5.523,0.008,-0.006,0.008,0.007,-0.4548
1785821982.548,0.000,WAIT,idle,2,0,-11.844,5.523,0.008,-0.006,0.006,0.007,-0.4548
1785821982.648,0.000,WAIT,idle,2,0,-11.843,5.523,0.008,-0.005,0.010,0.008,-0.4550
1785821982.748,0.000,WAIT,idle,2,0,-11.843,5.523,0.008,-0.004,0.010,0.008,-0.4549
1785821982.848,0.000,WAIT,idle,2,0,-11.842,5.523,0.008,-0.004,0.011,0.007,-0.4549
1785821982.948,0.000,WAIT,idle,2,0,-11.842,5.524,0.008,-0.005,0.011,0.007,-0.4549
1785821983.048,0.000,WAIT,idle,2,0,-11.842,5.524,0.007,-0.006,0.010,0.005,-0.4550
1785821983.148,0.000,WAIT,idle,2,0,-11.842,5.524,0.007,-0.007,0.010,0.001,-0.4549
1785821983.248,0.000,WAIT,idle,2,0,-11.842,5.524,0.006,-0.006,0.007,0.001,-0.4550
1785821983.348,0.000,WAIT,idle,2,0,-11.842,5.523,0.005,-0.006,0.004,0.001,-0.4550
1785821983.448,0.000,WAIT,idle,2,0,-11.842,5.522,0.005,-0.005,0.003,0.002,-0.4551
1785821983.548,0.000,WAIT,idle,2,0,-11.842,5.521,0.005,-0.004,0.004,0.004,-0.4553
1785821983.648,0.000,WAIT,idle,2,0,-11.842,5.521,0.004,-0.004,0.003,0.003,-0.4553
1785821983.748,0.000,WAIT,idle,2,0,-11.842,5.520,0.004,-0.005,0.002,0.001,-0.4553
1785821983.848,0.000,WAIT,idle,2,0,-11.842,5.520,0.004,-0.006,0.003,0.003,-0.4553
1785821983.948,0.000,WAIT,idle,2,0,-11.843,5.520,0.004,-0.008,0.003,0.001,-0.4553
1785821984.048,0.000,WAIT,idle,2,0,-11.843,5.520,0.003,-0.007,0.003,-0.003,-0.4552
1785821984.148,0.000,WAIT,idle,2,0,-11.843,5.520,0.003,-0.008,0.003,-0.003,-0.4550
1785821984.248,0.000,WAIT,idle,2,0,-11.843,5.520,0.003,-0.005,0.002,-0.002,-0.4547
1785821984.348,0.000,WAIT,idle,2,0,-11.843,5.519,0.003,-0.006,0.002,0.000,-0.4547
1785821984.448,0.000,WAIT,idle,2,0,-11.843,5.519,0.003,-0.004,0.003,-0.000,-0.4547
1785821984.548,0.000,WAIT,idle,2,0,-11.843,5.519,0.003,-0.004,0.002,0.000,-0.4548
1785821984.648,0.000,WAIT,idle,2,0,-11.843,5.519,0.003,-0.004,0.002,-0.000,-0.4548
1785821984.748,0.000,WAIT,idle,2,0,-11.843,5.520,0.003,-0.007,0.006,0.002,-0.4550
1785821984.848,0.000,WAIT,idle,2,0,-11.843,5.520,0.003,-0.006,0.006,0.000,-0.4549
1785821984.948,0.000,WAIT,idle,2,0,-11.843,5.520,0.003,-0.005,0.005,-0.002,-0.4549
1785821985.048,0.000,WAIT,idle,2,0,-11.842,5.521,0.003,-0.004,0.006,-0.002,-0.4549
1785821985.148,0.000,WAIT,idle,2,0,-11.842,5.521,0.002,-0.006,0.007,-0.003,-0.4550
1785821985.248,0.000,WAIT,idle,2,0,-11.843,5.522,0.002,-0.008,0.008,-0.004,-0.4551
1785821985.348,0.000,WAIT,idle,2,0,-11.843,5.523,0.002,-0.007,0.007,-0.003,-0.4551
1785821985.448,0.000,WAIT,idle,2,0,-11.843,5.523,0.002,-0.009,0.004,-0.004,-0.4550
1785821985.548,0.000,WAIT,idle,2,1,-11.844,5.523,0.002,-0.009,0.004,-0.001,-0.4550
1785821985.648,0.000,WAIT,idle,2,1,-11.844,5.522,0.002,-0.009,0.001,0.001,-0.4550
1785821985.748,0.000,WAIT,idle,2,1,-11.844,5.522,0.002,-0.010,0.000,0.002,-0.4551
1785821985.848,0.000,WAIT,idle,2,1,-11.845,5.522,0.003,-0.011,-0.001,0.001,-0.4552
1785821985.948,0.000,WAIT,idle,2,1,-11.845,5.522,0.003,-0.012,-0.001,0.003,-0.4549
1785821986.048,0.000,WAIT,idle,2,1,-11.845,5.522,0.004,-0.010,-0.003,0.004,-0.4548
1785821986.148,0.000,WAIT,idle,2,1,-11.845,5.521,0.005,-0.009,-0.003,0.002,-0.4548
1785821986.248,0.000,WAIT,idle,2,1,-11.845,5.521,0.005,-0.007,-0.004,0.004,-0.4548
1785821986.348,0.000,WAIT,idle,2,1,-11.845,5.520,0.006,-0.007,-0.008,0.003,-0.4549
1785821986.448,0.000,WAIT,idle,2,1,-11.844,5.519,0.006,-0.006,-0.009,0.004,-0.4548
1785821986.548,0.000,WAIT,idle,2,1,-11.844,5.518,0.006,-0.004,-0.009,0.003,-0.4547
1785821986.648,0.000,WAIT,idle,2,1,-11.844,5.518,0.006,-0.005,-0.010,0.003,-0.4548
1785821986.748,0.000,WAIT,idle,2,1,-11.844,5.518,0.005,-0.006,-0.009,0.002,-0.4548
1785821986.848,0.000,WAIT,idle,2,1,-11.844,5.518,0.005,-0.005,-0.010,0.002,-0.4548
1785821986.948,0.000,WAIT,idle,2,1,-11.843,5.518,0.006,-0.001,-0.007,0.004,-0.4547
1785821987.048,0.000,WAIT,idle,2,1,-11.842,5.518,0.006,0.000,-0.007,0.002,-0.4547
1785821987.148,0.000,WAIT,idle,2,1,-11.842,5.518,0.006,0.001,-0.007,0.001,-0.4547
1785821987.248,0.000,WAIT,idle,2,1,-11.842,5.519,0.006,0.001,-0.005,0.003,-0.4547
1785821987.348,0.000,WAIT,idle,2,1,-11.841,5.519,0.005,-0.001,-0.003,0.001,-0.4545
1785821987.448,0.000,WAIT,idle,2,1,-11.841,5.520,0.005,-0.005,-0.004,0.002,-0.4546
1785821987.548,0.000,WAIT,idle,2,1,-11.842,5.520,0.004,-0.005,-0.003,0.001,-0.4546
1785821987.648,0.000,WAIT,idle,2,1,-11.842,5.521,0.004,-0.005,-0.004,0.002,-0.4546
1785821987.748,0.000,WAIT,idle,2,1,-11.842,5.521,0.004,-0.006,-0.003,0.002,-0.4549
1785821987.848,0.000,WAIT,idle,2,1,-11.843,5.521,0.004,-0.007,-0.004,0.001,-0.4549
1785821987.948,0.000,WAIT,idle,2,1,-11.843,5.521,0.004,-0.006,-0.003,-0.002,-0.4551
1785821988.048,0.000,WAIT,idle,2,1,-11.843,5.521,0.004,-0.005,-0.004,-0.002,-0.4551
1785821988.148,0.000,WAIT,idle,2,1,-11.843,5.521,0.004,-0.004,-0.005,-0.002,-0.4551
1785821988.248,0.000,WAIT,idle,2,1,-11.843,5.520,0.004,-0.004,-0.005,-0.002,-0.4552
1785821988.348,0.000,WAIT,idle,2,1,-11.843,5.520,0.004,-0.002,-0.006,-0.000,-0.4551
1785821988.448,0.000,WAIT,idle,2,1,-11.843,5.520,0.005,-0.003,-0.006,-0.001,-0.4550
1785821988.548,0.000,WAIT,idle,2,1,-11.843,5.520,0.005,-0.004,-0.006,-0.000,-0.4549
1785821988.648,0.000,WAIT,idle,2,1,-11.843,5.520,0.005,-0.004,-0.003,-0.000,-0.4546
1785821988.748,0.000,WAIT,idle,2,1,-11.843,5.520,0.005,-0.002,-0.002,0.002,-0.4543
1785821988.848,0.000,WAIT,idle,2,1,-11.842,5.521,0.005,-0.001,-0.001,0.001,-0.4542
1785821988.948,0.000,WAIT,idle,2,1,-11.842,5.521,0.005,-0.002,-0.002,0.001,-0.4541
1785821989.048,0.000,WAIT,idle,2,1,-11.841,5.521,0.005,-0.002,-0.002,0.003,-0.4542
1785821989.148,0.000,WAIT,idle,2,1,-11.841,5.521,0.005,-0.000,-0.003,0.004,-0.4543
1785821989.248,0.000,WAIT,idle,2,1,-11.840,5.521,0.006,0.000,0.000,0.006,-0.4542
1785821989.348,0.000,WAIT,idle,2,1,-11.839,5.521,0.006,0.001,-0.001,0.004,-0.4540
1785821989.448,0.000,WAIT,idle,2,1,-11.839,5.521,0.006,0.000,-0.000,0.003,-0.4539
1785821989.548,0.000,WAIT,idle,2,1,-11.838,5.521,0.006,-0.000,-0.000,0.003,-0.4539
1785821989.648,0.000,WAIT,idle,2,1,-11.838,5.521,0.006,0.000,0.001,0.004,-0.4538
1785821989.748,0.000,WAIT,idle,2,1,-11.837,5.521,0.006,-0.000,-0.001,0.005,-0.4537
1785821989.848,0.000,WAIT,idle,2,1,-11.837,5.520,0.006,-0.001,-0.003,0.005,-0.4534
1785821989.948,0.000,WAIT,idle,2,1,-11.837,5.520,0.005,-0.002,0.005,0.001,-0.4511
1785821990.048,0.000,WAIT,idle,2,1,-11.838,5.521,0.002,-0.027,0.025,-0.044,-0.4483
1785821990.148,0.000,WAIT,idle,2,1,-11.842,5.523,-0.012,-0.037,0.026,-0.201,-0.4525
1785821990.248,0.000,WAIT,idle,2,1,-11.846,5.525,-0.051,-0.021,0.003,-0.440,-0.4561
1785821990.348,0.000,WAIT,idle,2,1,-11.847,5.523,-0.126,0.007,-0.019,-0.686,-0.4548
1785821990.448,0.000,WAIT,idle,2,1,-11.845,5.520,-0.212,0.026,-0.046,-0.803,-0.4544
1785821990.548,0.000,WAIT,idle,2,1,-11.840,5.514,-0.336,0.042,-0.045,-0.887,-0.4556
1785821990.648,0.000,WAIT,idle,2,1,-11.834,5.508,-0.470,0.045,-0.050,-0.944,-0.4562
1785821990.748,0.000,WAIT,idle,2,1,-11.830,5.504,-0.579,0.048,-0.040,-0.979,-0.4552
1785821990.848,0.000,WAIT,idle,2,1,-11.825,5.500,-0.707,0.044,-0.036,-1.013,-0.4550
1785821990.948,0.000,WAIT,idle,2,1,-11.821,5.497,-0.823,0.042,-0.032,-1.041,-0.4554
1785821991.048,0.000,WAIT,idle,2,1,-11.818,5.495,-0.950,0.034,-0.031,-1.071,-0.4554
1785821991.148,0.000,WAIT,idle,2,1,-11.815,5.493,-1.107,0.024,-0.010,-1.103,-0.4547
1785821991.248,0.000,WAIT,idle,2,1,-11.814,5.493,-1.242,0.018,-0.004,-1.130,-0.4544
1785821991.348,0.000,WAIT,idle,2,1,-11.814,5.493,-1.379,0.011,-0.002,-1.154,-0.4541
1785821991.448,0.000,WAIT,idle,2,1,-11.814,5.494,-1.537,0.001,0.011,-1.178,-0.4539
1785821991.548,0.000,WAIT,idle,2,1,-11.815,5.496,-1.680,-0.003,0.013,-1.199,-0.4537
1785821991.648,0.000,WAIT,idle,2,1,-11.817,5.497,-1.825,-0.010,0.013,-1.218,-0.4537
1785821991.748,0.000,WAIT,idle,2,1,-11.819,5.499,-1.972,-0.013,0.009,-1.234,-0.4540
1785821991.848,0.000,WAIT,idle,2,1,-11.821,5.501,-2.121,-0.016,0.005,-1.253,-0.4541
1785821991.948,0.000,WAIT,idle,2,1,-11.822,5.503,-2.302,-0.015,0.023,-1.272,-0.4541
1785821992.048,0.000,WAIT,idle,2,1,-11.824,5.505,-2.454,-0.015,0.020,-1.286,-0.4543
1785821992.148,0.000,WAIT,idle,2,1,-11.825,5.507,-2.609,-0.013,0.014,-1.299,-0.4543
1785821992.248,0.000,WAIT,idle,2,1,-11.826,5.509,-2.765,-0.013,0.011,-1.312,-0.4548
1785821992.348,0.000,WAIT,idle,2,1,-11.827,5.512,-2.944,-0.013,0.019,-1.327,-0.4543
1785821992.448,0.000,WAIT,idle,2,1,-11.829,5.514,-3.104,-0.016,0.017,-1.341,-0.4544
1785821992.548,0.000,WAIT,idle,2,1,-11.831,5.517,-3.266,-0.018,0.012,-1.349,-0.4544
1785821992.648,0.000,WAIT,idle,2,1,-11.834,5.521,-3.461,-0.014,0.025,-1.362,-0.4543
1785821992.748,0.000,WAIT,idle,2,1,-11.836,5.523,-3.593,-0.019,0.006,-1.368,-0.4547
1785821992.848,0.000,WAIT,idle,2,1,-11.839,5.525,-3.757,-0.018,0.006,-1.376,-0.4544
1785821992.948,0.000,WAIT,idle,2,1,-11.841,5.527,-3.923,-0.014,0.009,-1.382,-0.4548
1785821993.048,0.000,WAIT,idle,2,1,-11.844,5.530,-4.119,-0.012,-0.003,-1.298,-0.4556
1785821993.148,0.000,WAIT,idle,2,1,-11.847,5.532,-4.261,-0.014,-0.004,-1.050,-0.4553
1785821993.248,0.000,WAIT,idle,2,1,-11.850,5.534,-4.376,-0.011,0.000,-0.623,-0.4546
1785821993.348,0.000,WAIT,idle,2,1,-11.852,5.536,-4.420,-0.010,0.005,-0.259,-0.4548
1785821993.448,0.000,WAIT,idle,2,1,-11.854,5.538,-4.426,-0.003,-0.005,0.089,-0.4549
1785821993.548,0.000,WAIT,idle,2,1,-11.855,5.540,-4.404,-0.002,-0.004,0.198,-0.4550
1785821993.648,0.000,WAIT,idle,2,1,-11.856,5.541,-4.378,-0.005,-0.003,0.152,-0.4553
1785821993.748,0.000,WAIT,idle,2,1,-11.857,5.542,-4.365,-0.003,0.002,0.046,-0.4559
1785821993.848,0.000,WAIT,idle,2,1,-11.858,5.543,-4.362,-0.005,-0.013,-0.010,-0.4556
1785821993.948,0.000,WAIT,idle,2,1,-11.860,5.544,-4.365,-0.005,-0.013,-0.027,-0.4552
1785821994.048,0.000,WAIT,idle,2,1,-11.860,5.545,-4.369,-0.003,-0.009,-0.028,-0.4549
1785821994.148,0.000,WAIT,idle,2,1,-11.861,5.545,-4.373,-0.001,-0.018,-0.027,-0.4548
1785821994.248,0.000,WAIT,idle,2,1,-11.861,5.546,-4.377,-0.001,-0.016,-0.025,-0.4547
1785821994.348,0.000,WAIT,idle,2,1,-11.862,5.546,-4.381,0.002,-0.011,-0.019,-0.4550
1785821994.448,0.000,WAIT,idle,2,1,-11.862,5.546,-4.385,0.004,-0.023,-0.013,-0.4549
1785821994.548,0.000,WAIT,idle,2,1,-11.862,5.547,-4.388,0.004,-0.023,-0.009,-0.4549
1785821994.648,0.000,WAIT,idle,2,1,-11.862,5.547,-4.390,0.006,-0.018,-0.007,-0.4548
1785821994.748,0.000,WAIT,idle,2,1,-11.862,5.548,-4.392,0.005,-0.020,-0.005,-0.4550
1785821994.848,0.000,WAIT,idle,2,1,-11.862,5.550,-4.393,0.007,-0.019,0.000,-0.4549
1785821994.948,0.000,WAIT,idle,2,1,-11.861,5.551,-4.394,0.007,-0.017,0.001,-0.4549
1785821995.048,0.000,WAIT,idle,2,1,-11.861,5.551,-4.395,0.011,-0.020,0.003,-0.4547
1785821995.148,0.000,WAIT,idle,2,1,-11.861,5.552,-4.396,0.008,-0.025,0.004,-0.4548
1785821995.248,0.000,WAIT,idle,2,1,-11.861,5.552,-4.397,0.012,-0.016,0.007,-0.4546
1785821995.348,0.000,WAIT,idle,2,1,-11.861,5.553,-4.397,0.009,-0.023,0.004,-0.4550
1785821995.448,0.000,WAIT,idle,2,1,-11.861,5.553,-4.398,0.006,-0.026,0.004,-0.4549
1785821995.548,0.000,WAIT,idle,2,1,-11.861,5.552,-4.399,0.010,-0.014,0.008,-0.4547
1785821995.648,0.000,WAIT,idle,2,1,-11.861,5.552,-4.399,0.009,-0.019,0.008,-0.4554
1785821995.748,0.000,WAIT,idle,2,1,-11.860,5.552,-4.398,0.012,-0.011,0.009,-0.4549
1785821995.848,0.000,WAIT,idle,2,1,-11.859,5.551,-4.398,0.012,-0.016,0.010,-0.4546
1785821995.948,0.000,WAIT,idle,2,1,-11.859,5.551,-4.398,0.011,-0.020,0.009,-0.4547
1785821996.048,0.000,WAIT,idle,2,1,-11.858,5.551,-4.397,0.009,-0.025,0.009,-0.4548
1785821996.148,0.000,WAIT,idle,2,1,-11.857,5.550,-4.397,0.011,-0.029,0.009,-0.4555
1785821996.248,0.000,WAIT,idle,2,1,-11.856,5.550,-4.396,0.008,-0.027,0.010,-0.4555
1785821996.348,0.000,WAIT,idle,2,1,-11.854,5.549,-4.396,0.012,-0.020,0.009,-0.4550
1785821996.448,0.000,WAIT,idle,2,1,-11.853,5.547,-4.396,0.010,-0.025,0.009,-0.4551
1785821996.548,0.000,WAIT,idle,2,1,-11.852,5.546,-4.396,0.009,-0.029,0.006,-0.4553
1785821996.648,0.000,WAIT,idle,2,1,-11.851,5.544,-4.396,0.004,-0.032,0.005,-0.4554
1785821996.748,0.000,WAIT,idle,2,1,-11.850,5.542,-4.396,0.005,-0.027,0.007,-0.4554
1785821996.848,0.000,WAIT,idle,2,1,-11.849,5.540,-4.396,0.004,-0.031,0.008,-0.4554
1785821996.948,0.000,WAIT,idle,2,1,-11.848,5.538,-4.395,0.004,-0.030,0.009,-0.4557
1785821997.048,0.000,WAIT,idle,2,1,-11.848,5.535,-4.395,0.001,-0.026,0.007,-0.4556
1785821997.148,0.000,WAIT,idle,2,1,-11.847,5.533,-4.394,0.000,-0.019,0.005,-0.4555
1785821997.248,0.000,WAIT,idle,2,1,-11.847,5.532,-4.394,0.001,-0.012,0.008,-0.4555
1785821997.348,0.000,WAIT,idle,2,1,-11.847,5.529,-4.393,-0.001,-0.026,0.005,-0.4551
1785821997.448,0.000,WAIT,idle,2,1,-11.846,5.527,-4.393,-0.001,-0.025,0.001,-0.4551
1785821997.548,0.000,WAIT,idle,2,1,-11.846,5.525,-4.393,-0.001,-0.019,0.003,-0.4554
1785821997.648,0.000,WAIT,idle,2,1,-11.846,5.523,-4.392,-0.001,-0.012,0.005,-0.4554
1785821997.748,0.000,WAIT,idle,2,1,-11.845,5.521,-4.391,0.002,-0.004,0.002,-0.4549
1785821997.848,0.000,WAIT,idle,2,1,-11.845,5.520,-4.390,0.003,0.001,0.002,-0.4546
1785821997.948,0.000,WAIT,idle,2,1,-11.845,5.519,-4.389,0.005,0.003,0.002,-0.4545
1785821998.048,0.000,WAIT,idle,2,1,-11.844,5.519,-4.388,0.003,0.005,0.004,-0.4546
1785821998.148,0.000,WAIT,idle,2,1,-11.844,5.519,-4.387,0.004,0.007,0.002,-0.4543
1785821998.248,0.000,WAIT,idle,2,1,-11.843,5.518,-4.386,0.004,0.007,0.001,-0.4546
1785821998.348,0.000,WAIT,idle,2,1,-11.844,5.518,-4.385,0.003,0.004,-0.002,-0.4545
1785821998.448,0.000,WAIT,idle,2,1,-11.844,5.518,-4.385,0.002,-0.002,-0.005,-0.4545
1785821998.548,0.000,WAIT,idle,2,1,-11.845,5.517,-4.385,0.001,0.009,-0.005,-0.4547
1785821998.648,0.000,WAIT,idle,2,1,-11.846,5.517,-4.385,0.002,-0.011,-0.007,-0.4551
1785821998.748,0.000,WAIT,idle,2,1,-11.847,5.516,-4.385,0.003,0.003,-0.005,-0.4548
1785821998.848,0.000,WAIT,idle,2,1,-11.848,5.515,-4.386,0.001,-0.001,-0.005,-0.4551
1785821998.948,0.000,WAIT,idle,2,1,-11.850,5.515,-4.386,-0.001,-0.003,-0.003,-0.4551
1785821999.048,0.000,WAIT,idle,2,1,-11.852,5.515,-4.385,0.002,0.009,-0.002,-0.4544
1785821999.148,0.000,WAIT,idle,2,1,-11.853,5.515,-4.384,0.002,0.002,-0.003,-0.4543
1785821999.248,0.000,WAIT,idle,2,1,-11.855,5.514,-4.383,0.000,-0.004,-0.003,-0.4547
1785821999.348,0.000,WAIT,idle,2,1,-11.857,5.514,-4.382,-0.002,-0.006,-0.004,-0.4550
1785821999.448,0.000,WAIT,idle,2,1,-11.859,5.513,-4.380,0.004,0.006,-0.005,-0.4545
1785821999.548,0.000,WAIT,idle,2,1,-11.860,5.512,-4.379,0.007,0.001,-0.006,-0.4546
1785821999.648,0.000,WAIT,idle,2,1,-11.861,5.512,-4.378,0.008,-0.006,-0.009,-0.4549
1785821999.748,0.000,WAIT,idle,2,1,-11.861,5.511,-4.377,0.008,-0.008,-0.008,-0.4553
1785821999.848,0.000,WAIT,idle,2,1,-11.862,5.511,-4.377,0.009,-0.008,-0.009,-0.4553
1785821999.948,0.000,WAIT,idle,2,1,-11.862,5.511,-4.376,0.010,-0.003,-0.010,-0.4554
1785822000.048,0.000,WAIT,idle,2,1,-11.861,5.511,-4.376,0.010,0.002,-0.010,-0.4552
1785822000.148,0.000,WAIT,idle,2,1,-11.862,5.512,-4.376,0.011,0.009,-0.012,-0.4548
1785822000.248,0.000,WAIT,idle,2,1,-11.862,5.512,-4.376,0.010,0.004,-0.013,-0.4550
1785822000.348,0.000,WAIT,idle,2,1,-11.862,5.514,-4.376,0.009,0.008,-0.013,-0.4548
1785822000.448,0.000,WAIT,idle,2,1,-11.863,5.514,-4.376,0.009,0.010,-0.013,-0.4546
1785822000.548,0.000,WAIT,idle,2,1,-11.864,5.515,-4.376,0.009,0.011,-0.011,-0.4546
1785822000.648,0.000,WAIT,idle,2,1,-11.864,5.514,-4.375,0.009,0.013,-0.011,-0.4551
1785822000.748,0.000,WAIT,idle,2,1,-11.865,5.514,-4.375,0.006,0.000,-0.011,-0.4553
1785822000.848,0.000,WAIT,idle,2,1,-11.866,5.514,-4.375,0.011,0.005,-0.013,-0.4549
1785822000.948,0.000,WAIT,idle,2,1,-11.865,5.514,-4.375,0.011,0.007,-0.012,-0.4551
1785822001.048,0.000,WAIT,idle,2,1,-11.864,5.514,-4.375,0.015,0.013,-0.013,-0.4553
1785822001.148,0.000,WAIT,idle,2,1,-11.863,5.514,-4.376,0.018,0.014,-0.013,-0.4552
1785822001.248,0.000,WAIT,idle,2,1,-11.861,5.515,-4.377,0.021,0.012,-0.011,-0.4549
1785822001.348,0.000,WAIT,idle,2,1,-11.858,5.516,-4.378,0.021,0.016,-0.009,-0.4547
1785822001.448,0.000,WAIT,idle,2,1,-11.856,5.516,-4.378,0.024,0.002,-0.010,-0.4550
1785822001.548,0.000,WAIT,idle,2,1,-11.852,5.517,-4.379,0.023,0.011,-0.009,-0.4550
1785822001.648,0.000,WAIT,idle,2,1,-11.850,5.517,-4.380,0.020,0.006,-0.008,-0.4550
1785822001.748,0.000,WAIT,idle,2,1,-11.848,5.518,-4.381,0.015,0.002,-0.009,-0.4550
1785822001.848,0.000,WAIT,idle,2,1,-11.846,5.518,-4.382,0.012,-0.003,-0.009,-0.4548
1785822001.948,0.000,WAIT,idle,2,1,-11.845,5.519,-4.384,0.010,0.013,-0.006,-0.4544
1785822002.048,0.000,WAIT,idle,2,1,-11.844,5.519,-4.385,0.008,0.006,-0.004,-0.4544
1785822002.148,0.000,WAIT,idle,2,1,-11.844,5.518,-4.386,0.006,-0.003,-0.005,-0.4548
1785822002.248,0.000,WAIT,idle,2,1,-11.843,5.518,-4.387,0.002,-0.008,-0.003,-0.4551
1785822002.348,0.000,WAIT,idle,2,1,-11.843,5.516,-4.388,0.001,-0.010,-0.001,-0.4556
1785822002.448,0.000,WAIT,idle,2,1,-11.843,5.515,-4.388,0.006,-0.009,0.001,-0.4556
1785822002.548,0.000,WAIT,idle,2,1,-11.842,5.514,-4.388,0.006,-0.011,0.002,-0.4554
1785822002.648,0.000,WAIT,idle,2,1,-11.841,5.513,-4.389,0.004,-0.010,-0.000,-0.4553
1785822002.748,0.000,WAIT,idle,2,1,-11.841,5.512,-4.389,0.002,-0.007,0.002,-0.4550
1785822002.848,0.000,WAIT,idle,2,1,-11.840,5.511,-4.390,0.005,-0.001,0.003,-0.4547
1785822002.948,0.000,WAIT,idle,2,1,-11.840,5.511,-4.390,0.003,-0.003,0.003,-0.4551
1785822003.048,0.000,WAIT,idle,2,1,-11.840,5.511,-4.390,-0.000,-0.006,0.005,-0.4552
1785822003.148,0.000,WAIT,idle,2,1,-11.840,5.511,-4.390,-0.002,-0.003,0.004,-0.4553
1785822003.248,0.000,WAIT,idle,2,1,-11.841,5.510,-4.390,0.001,-0.006,0.003,-0.4550
1785822003.348,0.000,WAIT,idle,2,1,-11.842,5.510,-4.391,-0.002,-0.008,0.004,-0.4553
1785822003.448,0.000,WAIT,idle,2,1,-11.843,5.508,-4.391,0.000,0.001,0.003,-0.4553
1785822003.548,0.000,WAIT,idle,2,1,-11.845,5.508,-4.392,-0.002,-0.004,0.004,-0.4550
1785822003.648,0.000,WAIT,idle,2,1,-11.846,5.508,-4.393,-0.003,-0.004,0.004,-0.4551
1785822003.748,0.000,WAIT,idle,2,1,-11.848,5.508,-4.394,-0.003,-0.002,0.004,-0.4547
1785822003.848,0.000,WAIT,idle,2,1,-11.850,5.509,-4.395,0.002,0.002,0.004,-0.4545
1785822003.948,0.000,WAIT,idle,2,1,-11.852,5.509,-4.397,0.000,-0.002,0.006,-0.4547
1785822004.048,0.000,WAIT,idle,2,1,-11.854,5.510,-4.398,0.003,0.011,0.007,-0.4544
1785822004.148,0.000,WAIT,idle,2,1,-11.856,5.510,-4.398,0.004,0.007,0.009,-0.4543
1785822004.248,0.000,WAIT,idle,2,1,-11.859,5.511,-4.399,0.004,0.013,0.010,-0.4547
1785822004.348,0.000,WAIT,idle,2,1,-11.861,5.511,-4.400,0.003,0.011,0.011,-0.4548
1785822004.448,0.000,WAIT,idle,2,1,-11.863,5.513,-4.400,0.004,0.008,0.012,-0.4548
1785822004.548,0.000,WAIT,idle,2,1,-11.864,5.514,-4.400,0.007,0.018,0.013,-0.4546
1785822004.648,0.000,WAIT,idle,2,1,-11.865,5.515,-4.400,0.005,-0.001,0.013,-0.4548
1785822004.748,0.000,WAIT,idle,2,1,-11.866,5.517,-4.399,0.006,0.015,0.013,-0.4545
1785822004.848,0.000,WAIT,idle,2,1,-11.868,5.519,-4.400,0.008,0.011,0.014,-0.4545
1785822004.948,0.000,WAIT,idle,2,1,-11.868,5.521,-4.400,0.011,0.005,0.012,-0.4547
1785822005.048,0.000,WAIT,idle,2,1,-11.868,5.522,-4.400,0.013,-0.001,0.010,-0.4546
1785822005.148,0.000,WAIT,idle,2,1,-11.867,5.524,-4.400,0.018,0.006,0.010,-0.4549
1785822005.248,0.000,WAIT,idle,2,1,-11.866,5.525,-4.401,0.020,0.006,0.012,-0.4549
1785822005.348,0.000,WAIT,idle,2,1,-11.865,5.526,-4.401,0.019,-0.004,0.013,-0.4552
1785822005.448,0.000,WAIT,idle,2,1,-11.864,5.527,-4.401,0.017,-0.005,0.013,-0.4553
1785822005.548,0.000,WAIT,idle,2,1,-11.863,5.528,-4.401,0.019,0.010,0.012,-0.4549
1785822005.648,0.000,WAIT,idle,2,1,-11.862,5.529,-4.401,0.016,-0.003,0.012,-0.4552
1785822005.748,0.000,WAIT,idle,2,1,-11.860,5.529,-4.400,0.019,-0.001,0.013,-0.4556
1785822005.848,0.000,WAIT,idle,2,1,-11.858,5.529,-4.399,0.018,0.002,0.013,-0.4558
1785822005.948,0.000,WAIT,idle,2,1,-11.856,5.529,-4.398,0.021,0.003,0.010,-0.4554
1785822006.048,0.000,WAIT,idle,2,1,-11.853,5.529,-4.397,0.016,-0.010,0.009,-0.4553
1785822006.148,0.000,WAIT,idle,2,1,-11.851,5.529,-4.396,0.014,-0.002,0.009,-0.4553
1785822006.248,0.000,WAIT,idle,2,1,-11.848,5.530,-4.395,0.015,-0.012,0.010,-0.4554
1785822006.348,0.000,WAIT,idle,2,1,-11.846,5.530,-4.394,0.012,-0.009,0.007,-0.4554
1785822006.448,0.000,WAIT,idle,2,1,-11.844,5.530,-4.393,0.010,-0.004,0.006,-0.4552
1785822006.548,0.000,WAIT,idle,2,1,-11.843,5.529,-4.392,0.008,0.000,0.006,-0.4550
1785822006.648,0.000,WAIT,idle,2,1,-11.841,5.529,-4.391,0.005,-0.013,0.002,-0.4553
1785822006.748,0.000,WAIT,idle,2,1,-11.840,5.529,-4.390,0.003,-0.010,0.002,-0.4551
1785822006.848,0.000,WAIT,idle,2,1,-11.839,5.529,-4.389,0.003,-0.006,0.002,-0.4552
1785822006.948,0.000,WAIT,idle,2,1,-11.838,5.528,-4.387,0.005,-0.002,0.003,-0.4553
1785822007.048,0.000,WAIT,idle,2,1,-11.837,5.527,-4.386,0.003,0.001,0.003,-0.4550
1785822007.148,0.000,WAIT,idle,2,1,-11.836,5.526,-4.385,-0.001,-0.007,-0.000,-0.4550
1785822007.248,0.000,WAIT,idle,2,1,-11.836,5.525,-4.385,-0.001,0.000,-0.002,-0.4549
1785822007.348,0.000,WAIT,idle,2,1,-11.836,5.524,-4.384,0.001,0.000,-0.003,-0.4550
1785822007.448,0.000,WAIT,idle,2,1,-11.835,5.522,-4.383,0.003,-0.001,-0.004,-0.4549
1785822007.548,0.000,WAIT,idle,2,1,-11.835,5.521,-4.383,-0.003,-0.008,-0.002,-0.4554
1785822007.648,0.000,WAIT,idle,2,1,-11.835,5.520,-4.382,-0.003,-0.004,-0.002,-0.4555
1785822007.748,0.000,WAIT,idle,2,1,-11.835,5.519,-4.382,-0.002,0.002,-0.004,-0.4553
1785822007.848,0.000,WAIT,idle,2,1,-11.835,5.518,-4.382,-0.003,0.004,-0.005,-0.4551
1785822007.948,0.000,WAIT,idle,2,1,-11.835,5.518,-4.382,-0.002,0.003,-0.005,-0.4547
1785822008.048,0.000,WAIT,idle,2,1,-11.835,5.517,-4.383,-0.004,0.006,-0.005,-0.4547
1785822008.148,0.000,WAIT,idle,2,1,-11.835,5.517,-4.384,-0.004,0.007,-0.006,-0.4543
1785822008.248,0.000,WAIT,idle,2,1,-11.835,5.517,-4.385,-0.004,0.004,-0.007,-0.4545
1785822008.348,0.000,WAIT,idle,2,1,-11.836,5.517,-4.386,-0.005,0.002,-0.005,-0.4544
1785822008.448,0.000,WAIT,idle,2,1,-11.836,5.516,-4.387,-0.006,-0.004,-0.003,-0.4548
1785822008.548,0.000,WAIT,idle,2,1,-11.835,5.516,-4.388,-0.005,-0.008,-0.003,-0.4548
1785822008.648,0.000,WAIT,idle,2,1,-11.835,5.515,-4.389,-0.003,-0.013,-0.001,-0.4554
1785822008.748,0.000,WAIT,idle,2,1,-11.834,5.514,-4.390,-0.004,-0.012,0.000,-0.4559
1785822008.848,0.000,WAIT,idle,2,1,-11.834,5.513,-4.391,-0.000,-0.003,0.001,-0.4563
1785822008.948,0.000,WAIT,idle,2,1,-11.833,5.512,-4.391,0.001,0.005,0.003,-0.4558
1785822009.048,0.000,WAIT,idle,2,1,-11.832,5.512,-4.391,0.001,0.012,0.005,-0.4556
1785822009.148,0.000,WAIT,idle,2,1,-11.832,5.512,-4.390,-0.002,0.015,0.002,-0.4553
1785822009.248,0.000,WAIT,idle,2,1,-11.832,5.511,-4.391,-0.002,0.016,0.001,-0.4548
1785822009.348,0.000,WAIT,idle,2,1,-11.832,5.510,-4.391,-0.009,0.007,0.003,-0.4550
1785822009.448,0.000,WAIT,idle,2,1,-11.833,5.509,-4.391,-0.007,0.008,0.002,-0.4551
1785822009.548,0.000,WAIT,idle,2,1,-11.833,5.508,-4.392,-0.006,0.009,0.003,-0.4548
1785822009.648,0.000,WAIT,idle,2,1,-11.834,5.507,-4.392,-0.003,0.007,0.004,-0.4550
1785822009.748,0.000,WAIT,idle,2,1,-11.834,5.505,-4.392,-0.001,0.006,0.003,-0.4555
1785822009.848,0.000,WAIT,idle,2,1,-11.835,5.504,-4.392,-0.000,0.002,0.003,-0.4556
1785822009.948,0.000,WAIT,idle,2,1,-11.836,5.504,-4.392,-0.001,-0.001,0.005,-0.4553
1785822010.048,0.000,WAIT,idle,2,1,-11.837,5.504,-4.392,-0.002,-0.002,0.004,-0.4552
1785822010.148,0.000,WAIT,idle,2,1,-11.838,5.505,-4.391,-0.004,-0.001,0.004,-0.4549
1785822010.248,0.000,WAIT,idle,2,1,-11.840,5.506,-4.391,-0.006,0.003,0.004,-0.4549
1785822010.348,0.000,WAIT,idle,2,1,-11.841,5.507,-4.391,-0.006,0.009,0.004,-0.4547
1785822010.448,0.000,WAIT,idle,2,1,-11.842,5.509,-4.391,-0.007,0.015,0.004,-0.4547
1785822010.548,0.000,WAIT,idle,2,1,-11.845,5.510,-4.391,-0.007,0.021,0.005,-0.4547
1785822010.648,0.000,WAIT,idle,2,1,-11.847,5.512,-4.392,-0.005,0.025,0.003,-0.4547
1785822010.748,0.000,WAIT,idle,2,1,-11.849,5.514,-4.392,-0.003,0.024,0.003,-0.4546
1785822010.848,0.000,WAIT,idle,2,1,-11.851,5.515,-4.392,-0.004,0.016,0.003,-0.4547
1785822010.948,0.000,WAIT,idle,2,1,-11.853,5.516,-4.392,-0.001,0.014,0.003,-0.4551
1785822011.048,0.000,WAIT,idle,2,1,-11.855,5.516,-4.393,0.002,0.012,0.005,-0.4552
1785822011.148,0.000,WAIT,idle,2,1,-11.857,5.516,-4.393,0.002,0.004,0.005,-0.4555
1785822011.248,0.000,WAIT,idle,2,1,-11.858,5.516,-4.393,0.005,0.008,0.004,-0.4553
1785822011.348,0.000,WAIT,idle,2,1,-11.859,5.517,-4.394,0.007,0.012,0.005,-0.4551
1785822011.448,0.000,WAIT,idle,2,1,-11.860,5.517,-4.394,0.009,0.013,0.005,-0.4549
1785822011.548,0.000,WAIT,idle,2,1,-11.860,5.518,-4.394,0.013,0.014,0.005,-0.4547
1785822011.648,0.000,WAIT,idle,2,1,-11.861,5.520,-4.394,0.013,0.013,0.006,-0.4546
1785822011.748,0.000,WAIT,idle,2,1,-11.861,5.522,-4.394,0.014,0.008,0.008,-0.4546
1785822011.848,0.000,WAIT,idle,2,1,-11.862,5.524,-4.393,0.010,0.004,0.007,-0.4546
1785822011.949,0.000,WAIT,idle,2,1,-11.862,5.525,-4.393,0.011,-0.001,0.006,-0.4547
1785822012.048,0.000,WAIT,idle,2,1,-11.862,5.526,-4.392,0.013,-0.003,0.006,-0.4551
1785822012.148,0.000,WAIT,idle,2,1,-11.862,5.526,-4.392,0.013,-0.003,0.005,-0.4555
1785822012.248,0.000,WAIT,idle,2,1,-11.863,5.526,-4.392,0.014,-0.012,0.005,-0.4554
1785822012.348,0.000,WAIT,idle,2,1,-11.863,5.525,-4.391,0.015,-0.011,0.004,-0.4552
1785822012.448,0.000,WAIT,idle,2,1,-11.863,5.525,-4.391,0.015,-0.008,0.004,-0.4551
1785822012.548,0.000,WAIT,idle,2,1,-11.863,5.525,-4.390,0.014,-0.003,0.003,-0.4554
1785822012.648,0.000,WAIT,idle,2,1,-11.863,5.525,-4.390,0.019,0.002,0.002,-0.4554
1785822012.748,0.000,WAIT,idle,2,1,-11.864,5.525,-4.389,0.016,-0.010,0.003,-0.4554
1785822012.848,0.000,WAIT,idle,2,1,-11.864,5.526,-4.388,0.013,-0.007,0.002,-0.4552
1785822012.948,0.000,WAIT,idle,2,1,-11.865,5.526,-4.387,0.011,-0.003,0.001,-0.4551
1785822013.048,0.000,WAIT,idle,2,1,-11.865,5.527,-4.387,0.012,0.005,0.001,-0.4549
1785822013.148,0.000,WAIT,idle,2,1,-11.866,5.528,-4.386,0.013,0.010,0.001,-0.4548
1785822013.248,0.000,WAIT,idle,2,1,-11.867,5.529,-4.385,0.011,0.012,-0.002,-0.4547
1785822013.348,0.000,WAIT,idle,2,1,-11.868,5.530,-4.385,0.013,0.008,-0.002,-0.4545
1785822013.448,0.000,WAIT,idle,2,1,-11.868,5.531,-4.384,0.015,0.002,-0.002,-0.4546
1785822013.548,0.000,WAIT,idle,2,1,-11.868,5.531,-4.384,0.015,0.006,-0.005,-0.4548
1785822013.648,0.000,WAIT,idle,2,1,-11.868,5.531,-4.384,0.016,-0.005,-0.003,-0.4551
1785822013.748,0.000,WAIT,idle,2,1,-11.867,5.530,-4.383,0.019,-0.001,-0.004,-0.4550
1785822013.848,0.000,WAIT,idle,2,1,-11.865,5.529,-4.383,0.023,0.002,-0.004,-0.4547
1785822013.948,0.000,WAIT,idle,2,1,-11.863,5.529,-4.383,0.024,0.003,-0.005,-0.4548
1785822014.048,0.000,WAIT,idle,2,1,-11.860,5.528,-4.383,0.023,-0.000,-0.005,-0.4550
1785822014.148,0.000,WAIT,idle,2,1,-11.858,5.527,-4.383,0.022,0.004,-0.004,-0.4549
1785822014.248,0.000,WAIT,idle,2,1,-11.856,5.527,-4.383,0.024,0.005,-0.006,-0.4548
1785822014.348,0.000,WAIT,idle,2,1,-11.853,5.526,-4.383,0.024,0.001,-0.006,-0.4552
1785822014.448,0.000,WAIT,idle,2,1,-11.851,5.525,-4.383,0.021,-0.005,-0.004,-0.4554
1785822014.548,0.000,WAIT,idle,2,1,-11.849,5.523,-4.384,0.016,0.002,-0.005,-0.4549
1785822014.648,0.000,WAIT,idle,2,1,-11.847,5.522,-4.383,0.015,0.002,-0.004,-0.4551
1785822014.748,0.000,WAIT,idle,2,1,-11.845,5.520,-4.383,0.015,-0.001,-0.004,-0.4550
1785822014.848,0.000,WAIT,idle,2,1,-11.843,5.518,-4.383,0.012,-0.005,-0.006,-0.4547
1785822014.948,0.000,WAIT,idle,2,1,-11.842,5.517,-4.383,0.007,-0.012,-0.005,-0.4552
1785822015.048,0.000,WAIT,idle,2,1,-11.841,5.516,-4.382,0.007,-0.004,-0.004,-0.4555
1785822015.148,0.000,WAIT,idle,2,1,-11.839,5.515,-4.382,0.008,0.002,-0.004,-0.4554
1785822015.248,0.000,WAIT,idle,2,1,-11.838,5.514,-4.382,0.009,0.005,-0.006,-0.4551
1785822015.348,0.000,WAIT,idle,2,1,-11.837,5.514,-4.382,0.007,0.008,-0.006,-0.4548
1785822015.448,0.000,WAIT,idle,2,1,-11.836,5.514,-4.382,0.005,0.008,-0.007,-0.4546
1785822015.548,0.000,WAIT,idle,2,1,-11.836,5.514,-4.382,-0.001,0.008,-0.008,-0.4547
1785822015.648,0.000,WAIT,idle,2,1,-11.836,5.514,-4.383,-0.000,0.011,-0.007,-0.4543
1785822015.748,0.000,WAIT,idle,2,1,-11.836,5.513,-4.383,-0.001,0.013,-0.006,-0.4545
1785822015.848,0.000,WAIT,idle,2,1,-11.836,5.513,-4.383,0.001,0.011,-0.003,-0.4545
1785822015.948,0.000,WAIT,idle,2,1,-11.835,5.513,-4.383,0.001,0.006,-0.002,-0.4544
1785822016.048,0.000,WAIT,idle,2,1,-11.835,5.513,-4.384,0.002,0.012,-0.003,-0.4544
1785822016.148,0.000,WAIT,idle,2,1,-11.835,5.512,-4.384,0.004,0.009,-0.005,-0.4547
1785822016.248,0.000,WAIT,idle,2,1,-11.834,5.512,-4.384,0.005,0.005,-0.004,-0.4551
1785822016.348,0.000,WAIT,idle,2,1,-11.834,5.511,-4.385,0.005,0.000,-0.003,-0.4549
1785822016.448,0.000,WAIT,idle,2,1,-11.833,5.510,-4.385,0.002,0.011,-0.004,-0.4547
1785822016.548,0.000,WAIT,idle,2,1,-11.833,5.510,-4.386,-0.004,0.009,-0.003,-0.4549
1785822016.648,0.000,WAIT,idle,2,1,-11.834,5.510,-4.386,-0.003,0.012,-0.001,-0.4550
1785822016.748,0.000,WAIT,idle,2,1,-11.834,5.510,-4.387,-0.002,0.012,-0.001,-0.4547
1785822016.848,0.000,WAIT,idle,2,1,-11.834,5.510,-4.387,-0.003,0.006,-0.001,-0.4549
1785822016.948,0.000,WAIT,idle,2,1,-11.834,5.511,-4.387,-0.003,0.013,-0.000,-0.4548
1785822017.048,0.000,WAIT,idle,2,1,-11.834,5.512,-4.387,-0.003,0.017,0.001,-0.4546
1785822017.148,0.000,WAIT,idle,2,1,-11.835,5.513,-4.387,-0.006,0.010,0.001,-0.4545
1785822017.248,0.000,WAIT,idle,2,1,-11.836,5.514,-4.387,-0.006,0.014,0.001,-0.4546
1785822017.348,0.000,WAIT,idle,2,1,-11.837,5.515,-4.387,-0.005,0.008,-0.001,-0.4547
1785822017.448,0.000,WAIT,idle,2,1,-11.838,5.516,-4.387,-0.004,0.017,0.000,-0.4550
1785822017.548,0.000,WAIT,idle,2,1,-11.839,5.518,-4.387,-0.003,0.001,-0.000,-0.4550
1785822017.648,0.000,WAIT,idle,2,1,-11.839,5.519,-4.387,-0.004,-0.002,-0.000,-0.4549
1785822017.748,0.000,WAIT,idle,2,1,-11.840,5.521,-4.387,-0.001,0.002,0.000,-0.4546
1785822017.848,0.000,WAIT,idle,2,1,-11.840,5.522,-4.387,-0.002,-0.006,0.001,-0.4549
1785822017.948,0.000,WAIT,idle,2,1,-11.840,5.523,-4.387,-0.000,-0.009,0.001,-0.4555
1785822018.048,0.000,WAIT,idle,2,1,-11.840,5.524,-4.387,-0.002,-0.009,-0.001,-0.4554
1785822018.148,0.000,WAIT,idle,2,1,-11.840,5.525,-4.387,-0.001,-0.004,-0.001,-0.4550
1785822018.248,0.000,WAIT,idle,2,1,-11.840,5.526,-4.387,-0.001,0.003,-0.000,-0.4552
1785822018.348,0.000,WAIT,idle,2,1,-11.840,5.528,-4.388,-0.002,0.005,0.001,-0.4550
1785822018.448,0.000,WAIT,idle,2,1,-11.840,5.529,-4.388,-0.001,0.009,0.001,-0.4547
1785822018.548,0.000,WAIT,idle,2,1,-11.840,5.530,-4.389,-0.000,0.013,0.001,-0.4543
1785822018.648,0.000,WAIT,idle,2,1,-11.841,5.531,-4.389,-0.004,0.004,-0.000,-0.4546
1785822018.748,0.000,WAIT,idle,2,1,-11.841,5.534,-4.390,-0.003,-0.004,0.001,-0.4545
1785822018.848,0.000,WAIT,idle,2,1,-11.841,5.535,-4.390,-0.002,0.010,-0.000,-0.4542
1785822018.948,0.000,WAIT,idle,2,1,-11.842,5.536,-4.390,0.001,0.007,0.004,-0.4543
1785822019.048,0.000,WAIT,idle,2,1,-11.842,5.536,-4.391,0.004,0.001,0.003,-0.4547
1785822019.148,0.000,WAIT,idle,2,1,-11.843,5.535,-4.391,0.000,-0.018,0.004,-0.4554
1785822019.248,0.000,WAIT,idle,2,1,-11.843,5.535,-4.391,-0.002,-0.018,0.002,-0.4556
1785822019.348,0.000,WAIT,idle,2,1,-11.844,5.534,-4.392,-0.002,-0.018,0.001,-0.4554
1785822019.448,0.000,WAIT,idle,2,1,-11.845,5.533,-4.392,-0.001,-0.013,0.003,-0.4552
1785822019.548,0.000,WAIT,idle,2,1,-11.845,5.533,-4.392,0.002,-0.008,0.005,-0.4550
1785822019.648,0.000,WAIT,idle,2,1,-11.845,5.532,-4.392,0.004,-0.015,0.006,-0.4547
1785822019.748,0.000,WAIT,idle,2,1,-11.846,5.531,-4.393,0.002,-0.017,0.005,-0.4548
1785822019.848,0.000,WAIT,idle,2,1,-11.846,5.530,-4.393,0.000,-0.018,0.006,-0.4551
1785822019.948,0.000,WAIT,idle,2,1,-11.847,5.529,-4.393,0.001,-0.003,0.007,-0.4547
1785822020.048,0.000,WAIT,idle,2,1,-11.847,5.528,-4.394,0.002,0.002,0.005,-0.4547
1785822020.148,0.000,WAIT,idle,2,1,-11.847,5.527,-4.394,0.003,0.003,0.005,-0.4549
1785822020.248,0.000,WAIT,idle,2,1,-11.848,5.525,-4.394,0.003,0.001,0.004,-0.4549
1785822020.348,0.000,WAIT,idle,2,1,-11.848,5.523,-4.394,0.004,-0.002,0.005,-0.4549
1785822020.448,0.000,WAIT,idle,2,1,-11.849,5.521,-4.394,0.003,-0.007,0.008,-0.4547
1785822020.548,0.000,WAIT,idle,2,1,-11.850,5.519,-4.394,0.004,-0.001,0.007,-0.4547
1785822020.648,0.000,WAIT,idle,2,1,-11.850,5.517,-4.393,0.001,-0.018,0.007,-0.4553
1785822020.748,0.000,WAIT,idle,2,1,-11.850,5.514,-4.394,0.000,-0.016,0.006,-0.4558
1785822020.848,0.000,WAIT,idle,2,1,-11.850,5.512,-4.394,-0.002,-0.011,0.006,-0.4557
1785822020.948,0.000,WAIT,idle,2,1,-11.851,5.509,-4.394,0.001,-0.008,0.005,-0.4554
1785822021.048,0.000,WAIT,idle,2,1,-11.851,5.507,-4.395,0.002,-0.001,0.005,-0.4551
1785822021.148,0.000,WAIT,idle,2,1,-11.851,5.504,-4.395,0.005,0.005,0.007,-0.4550
1785822021.248,0.000,WAIT,idle,2,1,-11.850,5.503,-4.395,0.008,0.010,0.008,-0.4552
1785822021.348,0.000,WAIT,idle,2,1,-11.850,5.502,-4.396,0.010,0.009,0.006,-0.4549
1785822021.448,0.000,WAIT,idle,2,1,-11.850,5.501,-4.396,0.008,0.012,0.007,-0.4548
1785822021.548,0.000,WAIT,idle,2,1,-11.850,5.500,-4.396,0.007,0.003,0.007,-0.4549
1785822021.648,0.000,WAIT,idle,2,1,-11.850,5.500,-4.397,0.007,0.014,0.010,-0.4548
1785822021.748,0.000,WAIT,idle,2,1,-11.850,5.500,-4.397,0.006,-0.000,0.009,-0.4550
1785822021.848,0.000,WAIT,idle,2,1,-11.850,5.501,-4.397,0.004,0.002,0.009,-0.4548
1785822021.948,0.000,WAIT,idle,2,1,-11.850,5.502,-4.397,0.007,0.005,0.009,-0.4544
1785822022.048,0.000,WAIT,idle,2,1,-11.850,5.502,-4.397,0.006,0.001,0.007,-0.4546
1785822022.148,0.000,WAIT,idle,2,1,-11.850,5.503,-4.397,0.005,0.001,0.007,-0.4550
1785822022.248,0.000,WAIT,idle,2,1,-11.850,5.504,-4.397,0.006,0.006,0.006,-0.4552
1785822022.348,0.000,WAIT,idle,2,1,-11.850,5.506,-4.397,0.007,0.014,0.007,-0.4547
1785822022.448,0.000,WAIT,idle,2,1,-11.850,5.507,-4.397,0.009,0.005,0.009,-0.4547
1785822022.548,0.000,WAIT,idle,2,1,-11.850,5.509,-4.396,0.010,0.024,0.009,-0.4542
1785822022.648,0.000,WAIT,idle,2,1,-11.850,5.512,-4.394,0.003,0.009,0.008,-0.4548
1785822022.748,0.000,WAIT,idle,2,1,-11.851,5.514,-4.393,0.003,0.013,0.009,-0.4550
1785822022.848,0.000,WAIT,idle,2,1,-11.851,5.516,-4.391,0.005,0.016,0.006,-0.4547
1785822022.948,0.000,WAIT,idle,2,1,-11.852,5.519,-4.390,0.006,0.019,0.006,-0.4545
1785822023.048,0.000,WAIT,idle,2,1,-11.852,5.521,-4.389,0.008,0.021,0.004,-0.4546
1785822023.148,0.000,WAIT,idle,2,1,-11.852,5.524,-4.387,0.008,0.017,0.002,-0.4547
1785822023.248,0.000,WAIT,idle,2,1,-11.852,5.526,-4.387,0.004,0.001,-0.001,-0.4549
1785822023.348,0.000,WAIT,idle,2,1,-11.852,5.528,-4.386,0.003,0.002,-0.001,-0.4550
1785822023.448,0.000,WAIT,idle,2,1,-11.852,5.531,-4.386,0.000,0.007,-0.001,-0.4548
1785822023.548,0.000,WAIT,idle,2,1,-11.852,5.533,-4.385,0.003,0.009,-0.002,-0.4546
1785822023.648,0.000,WAIT,idle,2,1,-11.852,5.534,-4.385,0.007,0.009,-0.002,-0.4545
1785822023.748,0.000,WAIT,idle,2,1,-11.852,5.536,-4.385,0.007,0.009,-0.002,-0.4550
1785822023.848,0.000,WAIT,idle,2,1,-11.852,5.537,-4.384,0.008,0.005,-0.002,-0.4552
1785822023.948,0.000,WAIT,idle,2,1,-11.852,5.538,-4.384,0.010,-0.003,-0.003,-0.4550
1785822024.048,0.000,WAIT,idle,2,1,-11.852,5.539,-4.383,0.007,-0.011,-0.004,-0.4549
1785822024.148,0.000,WAIT,idle,2,1,-11.851,5.540,-4.383,0.006,-0.019,-0.004,-0.4552
1785822024.248,0.000,WAIT,idle,2,1,-11.851,5.541,-4.383,0.003,-0.020,-0.005,-0.4549
1785822024.348,0.000,WAIT,idle,2,1,-11.850,5.542,-4.383,0.004,-0.019,-0.003,-0.4551
1785822024.448,0.000,WAIT,idle,2,1,-11.849,5.543,-4.383,0.002,-0.017,-0.004,-0.4550
1785822024.548,0.000,WAIT,idle,2,1,-11.847,5.544,-4.384,0.007,-0.021,-0.004,-0.4548
1785822024.648,0.000,WAIT,idle,2,1,-11.846,5.544,-4.384,0.006,-0.024,-0.005,-0.4551
1785822024.748,0.000,WAIT,idle,2,1,-11.844,5.545,-4.385,0.008,-0.005,-0.005,-0.4553
1785822024.848,0.000,WAIT,idle,2,1,-11.842,5.546,-4.385,0.006,-0.017,-0.004,-0.4552
1785822024.948,0.000,WAIT,idle,2,1,-11.840,5.547,-4.385,0.009,-0.002,-0.002,-0.4548
1785822025.048,0.000,WAIT,idle,2,1,-11.837,5.548,-4.386,0.004,-0.005,-0.001,-0.4548
1785822025.148,0.000,WAIT,idle,2,1,-11.835,5.549,-4.386,0.004,-0.002,-0.003,-0.4545
1785822025.248,0.000,WAIT,idle,2,1,-11.833,5.550,-4.386,0.008,-0.003,-0.003,-0.4544
1785822025.348,0.000,WAIT,idle,2,1,-11.829,5.550,-4.386,0.004,-0.012,-0.002,-0.4550
1785822025.448,0.000,WAIT,idle,2,1,-11.827,5.549,-4.387,0.004,-0.009,-0.002,-0.4548
1785822025.548,0.000,WAIT,idle,2,1,-11.825,5.549,-4.387,0.002,-0.010,-0.001,-0.4546
1785822025.648,0.000,WAIT,idle,2,1,-11.823,5.548,-4.387,-0.001,-0.012,-0.003,-0.4552
1785822025.748,0.000,WAIT,idle,2,1,-11.822,5.546,-4.387,-0.008,-0.019,-0.000,-0.4555
1785822025.848,0.000,WAIT,idle,2,1,-11.822,5.545,-4.387,-0.009,-0.017,0.000,-0.4551
1785822025.948,0.000,WAIT,idle,2,1,-11.821,5.543,-4.387,-0.009,-0.015,-0.001,-0.4549
1785822026.048,0.000,WAIT,idle,2,1,-11.821,5.541,-4.386,-0.008,-0.015,-0.001,-0.4547
1785822026.148,0.000,WAIT,idle,2,1,-11.821,5.539,-4.386,-0.013,-0.014,-0.001,-0.4549
1785822026.248,0.000,WAIT,idle,2,1,-11.820,5.537,-4.386,-0.010,-0.012,-0.001,-0.4546
1785822026.348,0.000,WAIT,idle,2,1,-11.820,5.534,-4.387,-0.013,-0.023,-0.002,-0.4550
1785822026.448,0.000,WAIT,idle,2,1,-11.819,5.532,-4.387,-0.016,-0.016,0.001,-0.4551
1785822026.548,0.000,WAIT,idle,2,1,-11.819,5.530,-4.387,-0.014,-0.010,-0.000,-0.4550
1785822026.648,0.000,WAIT,idle,2,1,-11.819,5.529,-4.388,-0.012,-0.006,0.000,-0.4547
1785822026.748,0.000,WAIT,idle,2,1,-11.819,5.527,-4.388,-0.014,-0.010,0.000,-0.4550
1785822026.848,0.000,WAIT,idle,2,1,-11.818,5.526,-4.388,-0.014,-0.006,0.001,-0.4547
1785822026.948,0.000,WAIT,idle,2,1,-11.818,5.524,-4.388,-0.011,-0.004,0.002,-0.4547
1785822027.048,0.000,WAIT,idle,2,1,-11.818,5.523,-4.388,-0.013,-0.004,0.000,-0.4548
1785822027.148,0.000,WAIT,idle,2,1,-11.819,5.521,-4.388,-0.018,-0.007,-0.001,-0.4551
1785822027.248,0.000,WAIT,idle,2,1,-11.820,5.519,-4.388,-0.019,-0.001,0.001,-0.4550
1785822027.348,0.000,WAIT,idle,2,1,-11.821,5.518,-4.388,-0.016,0.001,-0.000,-0.4548
1785822027.448,0.000,WAIT,idle,2,1,-11.823,5.516,-4.388,-0.015,0.002,-0.001,-0.4547
1785822027.548,0.000,WAIT,idle,2,1,-11.825,5.515,-4.389,-0.014,-0.003,-0.000,-0.4547
1785822027.648,0.000,WAIT,idle,2,1,-11.827,5.513,-4.389,-0.015,0.002,0.002,-0.4550
1785822027.748,0.000,WAIT,idle,2,1,-11.829,5.512,-4.389,-0.016,-0.001,0.002,-0.4552
1785822027.848,0.000,WAIT,idle,2,1,-11.832,5.510,-4.389,-0.017,-0.003,0.003,-0.4550
1785822027.948,0.000,WAIT,idle,2,1,-11.835,5.509,-4.389,-0.017,-0.007,0.000,-0.4547
1785822028.048,0.000,WAIT,idle,2,1,-11.838,5.508,-4.389,-0.016,-0.004,-0.000,-0.4547
1785822028.148,0.000,WAIT,idle,2,1,-11.840,5.507,-4.389,-0.017,-0.010,-0.000,-0.4549
1785822028.248,0.000,WAIT,idle,2,1,-11.842,5.507,-4.390,-0.015,-0.005,0.001,-0.4548
1785822028.348,0.000,WAIT,idle,2,1,-11.843,5.508,-4.390,-0.013,0.000,0.000,-0.4549
1785822028.448,0.000,WAIT,idle,2,1,-11.845,5.509,-4.389,-0.004,-0.000,0.002,-0.4548
1785822028.548,0.000,WAIT,idle,2,1,-11.845,5.510,-4.389,0.000,-0.000,0.003,-0.4551
1785822028.648,0.000,WAIT,idle,2,1,-11.845,5.512,-4.389,0.000,-0.000,0.002,-0.4553
1785822028.748,0.000,WAIT,idle,2,1,-11.845,5.514,-4.389,-0.000,0.003,0.003,-0.4550
1785822028.848,0.000,WAIT,idle,2,1,-11.846,5.515,-4.389,-0.003,0.008,0.002,-0.4549
1785822028.948,0.000,WAIT,idle,2,1,-11.847,5.517,-4.389,-0.004,0.016,0.002,-0.4546
1785822029.048,0.000,WAIT,idle,2,1,-11.848,5.519,-4.389,-0.002,0.021,0.002,-0.4545
1785822029.148,0.000,WAIT,idle,2,1,-11.848,5.521,-4.389,0.000,0.020,0.001,-0.4545
1785822029.248,0.000,WAIT,idle,2,1,-11.849,5.523,-4.389,-0.000,0.004,0.002,-0.4549
1785822029.348,0.000,WAIT,idle,2,1,-11.849,5.524,-4.390,-0.000,0.008,0.001,-0.4553
1785822029.448,0.000,WAIT,idle,2,1,-11.849,5.525,-4.390,0.004,0.013,0.000,-0.4552
1785822029.548,0.000,WAIT,idle,2,1,-11.849,5.526,-4.390,0.002,-0.001,0.003,-0.4553
1785822029.648,0.000,WAIT,idle,2,1,-11.849,5.527,-4.390,0.003,0.005,0.001,-0.4551
1785822029.748,0.000,WAIT,idle,2,1,-11.849,5.527,-4.391,0.002,0.009,0.003,-0.4550
1785822029.848,0.000,WAIT,idle,2,1,-11.849,5.528,-4.391,0.000,-0.000,0.003,-0.4546
1785822029.948,0.000,WAIT,idle,2,1,-11.850,5.528,-4.391,0.002,0.004,0.004,-0.4545
1785822030.048,0.000,WAIT,idle,2,1,-11.850,5.528,-4.392,0.003,0.005,0.003,-0.4548
1785822030.148,0.000,WAIT,idle,2,1,-11.850,5.528,-4.392,0.004,0.004,0.005,-0.4548
1785822030.248,0.000,WAIT,idle,2,1,-11.850,5.527,-4.392,0.000,-0.011,0.003,-0.4550
1785822030.348,0.000,WAIT,idle,2,1,-11.851,5.527,-4.393,-0.001,-0.003,0.004,-0.4552
1785822030.448,0.000,WAIT,idle,2,1,-11.851,5.527,-4.394,0.002,0.002,0.003,-0.4549
1785822030.548,0.000,WAIT,idle,2,1,-11.851,5.527,-4.394,-0.001,-0.005,0.004,-0.4549
1785822030.648,0.000,WAIT,idle,2,1,-11.851,5.527,-4.395,0.001,-0.001,0.006,-0.4549
1785822030.748,0.000,WAIT,idle,2,1,-11.851,5.527,-4.395,0.001,0.002,0.008,-0.4548
1785822030.848,0.000,WAIT,idle,2,1,-11.851,5.526,-4.395,0.003,-0.012,0.008,-0.4548
1785822030.948,0.000,WAIT,idle,2,1,-11.850,5.526,-4.394,0.003,-0.007,0.009,-0.4552
1785822031.048,0.000,WAIT,idle,2,1,-11.850,5.526,-4.393,0.008,-0.001,0.007,-0.4549
1785822031.148,0.000,WAIT,idle,2,1,-11.848,5.526,-4.392,0.005,0.004,0.006,-0.4548
1785822031.248,0.000,WAIT,idle,2,1,-11.847,5.525,-4.391,0.005,0.006,0.005,-0.4547
1785822031.348,0.000,WAIT,idle,2,1,-11.846,5.524,-4.390,0.006,0.001,0.003,-0.4549
1785822031.448,0.000,WAIT,idle,2,1,-11.845,5.523,-4.389,0.007,-0.003,0.002,-0.4552
1785822031.548,0.000,WAIT,idle,2,1,-11.844,5.523,-4.389,0.004,-0.005,0.002,-0.4551
1785822031.648,0.000,WAIT,idle,2,1,-11.843,5.522,-4.389,0.001,0.002,-0.001,-0.4547
1785822031.748,0.000,WAIT,idle,2,1,-11.842,5.521,-4.389,0.001,-0.002,0.001,-0.4547
1785822031.848,0.000,WAIT,idle,2,1,-11.841,5.520,-4.388,0.003,-0.005,0.002,-0.4547
1785822031.948,0.000,WAIT,idle,2,1,-11.839,5.520,-4.388,0.003,-0.008,0.002,-0.4550
1785822032.048,0.000,WAIT,idle,2,1,-11.837,5.520,-4.387,0.003,-0.009,0.000,-0.4552
1785822032.148,0.000,WAIT,idle,2,1,-11.835,5.520,-4.387,0.004,-0.007,-0.001,-0.4553
1785822032.248,0.000,WAIT,idle,2,1,-11.833,5.519,-4.386,0.004,0.002,0.000,-0.4550
1785822032.348,0.000,WAIT,idle,2,1,-11.832,5.519,-4.386,0.002,0.009,-0.000,-0.4549
1785822032.448,0.000,WAIT,idle,2,1,-11.831,5.518,-4.385,-0.000,0.003,0.000,-0.4553
1785822032.548,0.000,WAIT,idle,2,1,-11.830,5.516,-4.384,-0.003,-0.004,-0.001,-0.4554
1785822032.648,0.000,WAIT,idle,2,1,-11.830,5.515,-4.384,-0.004,0.006,-0.003,-0.4550
1785822032.748,0.000,WAIT,idle,2,1,-11.829,5.514,-4.385,-0.007,-0.012,-0.005,-0.4554
1785822032.848,0.000,WAIT,idle,2,1,-11.829,5.513,-4.386,-0.011,-0.013,-0.003,-0.4557
1785822032.948,0.000,WAIT,idle,2,1,-11.829,5.511,-4.386,-0.007,-0.002,-0.001,-0.4547
1785822033.048,0.000,WAIT,idle,2,1,-11.829,5.510,-4.385,-0.008,-0.007,-0.003,-0.4550
1785822033.148,0.000,WAIT,idle,2,1,-11.829,5.510,-4.385,-0.009,-0.007,-0.002,-0.4549
1785822033.248,0.000,WAIT,idle,2,1,-11.828,5.510,-4.386,-0.009,-0.007,-0.003,-0.4549
1785822033.348,0.000,WAIT,idle,2,1,-11.828,5.509,-4.386,-0.012,-0.003,-0.003,-0.4550
1785822033.448,0.000,WAIT,idle,2,1,-11.828,5.509,-4.386,-0.009,-0.004,-0.003,-0.4550
1785822033.548,0.000,WAIT,idle,2,1,-11.827,5.509,-4.386,-0.009,0.008,-0.002,-0.4549
1785822033.648,0.000,WAIT,idle,2,1,-11.827,5.508,-4.387,-0.008,0.011,-0.002,-0.4546
1785822033.748,0.000,WAIT,idle,2,1,-11.827,5.508,-4.387,-0.009,0.002,-0.001,-0.4553
1785822033.848,0.000,WAIT,idle,2,1,-11.827,5.508,-4.387,-0.009,0.008,-0.000,-0.4555
1785822033.948,0.000,WAIT,idle,2,1,-11.827,5.508,-4.387,-0.009,0.011,-0.001,-0.4550
1785822034.048,0.000,WAIT,idle,2,1,-11.829,5.508,-4.387,-0.008,0.016,0.000,-0.4546
1785822034.148,0.000,WAIT,idle,2,1,-11.830,5.509,-4.387,-0.009,0.014,0.000,-0.4547
1785822034.248,0.000,WAIT,idle,2,1,-11.832,5.509,-4.387,-0.013,0.010,-0.001,-0.4552
1785822034.348,0.000,WAIT,idle,2,1,-11.833,5.510,-4.387,-0.009,0.006,-0.001,-0.4548
1785822034.448,0.000,WAIT,idle,2,1,-11.835,5.511,-4.387,-0.011,-0.001,-0.001,-0.4548
1785822034.548,0.000,WAIT,idle,2,1,-11.838,5.512,-4.387,-0.008,0.014,-0.000,-0.4551
1785822034.648,0.000,WAIT,idle,2,1,-11.840,5.513,-4.387,-0.009,0.013,-0.001,-0.4551
1785822034.748,0.000,WAIT,idle,2,1,-11.842,5.514,-4.387,-0.009,0.008,-0.002,-0.4550
1785822034.848,0.000,WAIT,idle,2,1,-11.844,5.516,-4.387,-0.007,0.016,-0.001,-0.4548
1785822034.948,0.000,WAIT,idle,2,1,-11.846,5.518,-4.387,-0.007,0.012,-0.001,-0.4546
1785822035.048,0.000,WAIT,idle,2,1,-11.848,5.519,-4.387,-0.008,0.006,-0.001,-0.4546
1785822035.148,0.000,WAIT,idle,2,1,-11.850,5.522,-4.387,-0.007,0.015,-0.002,-0.4544
1785822035.248,0.000,WAIT,idle,2,1,-11.851,5.524,-4.388,-0.004,0.014,-0.001,-0.4544
1785822035.348,0.000,WAIT,idle,2,1,-11.852,5.525,-4.388,-0.002,-0.004,-0.000,-0.4546
1785822035.448,0.000,WAIT,idle,2,1,-11.852,5.527,-4.388,0.003,0.003,-0.000,-0.4546
1785822035.548,0.000,WAIT,idle,2,1,-11.852,5.528,-4.389,0.004,-0.004,0.000,-0.4547
1785822035.648,0.000,WAIT,idle,2,1,-11.852,5.528,-4.389,0.004,-0.008,0.001,-0.4549
1785822035.748,0.000,WAIT,idle,2,1,-11.852,5.529,-4.389,0.007,-0.006,0.001,-0.4549
1785822035.848,0.000,WAIT,idle,2,1,-11.852,5.529,-4.389,0.007,-0.014,0.000,-0.4554
1785822035.948,0.000,WAIT,idle,2,1,-11.852,5.528,-4.389,0.007,-0.015,0.001,-0.4556
1785822036.048,0.000,WAIT,idle,2,1,-11.853,5.528,-4.389,0.003,-0.018,-0.000,-0.4552
1785822036.148,0.000,WAIT,idle,2,1,-11.853,5.528,-4.389,0.001,-0.015,-0.001,-0.4549
1785822036.248,0.000,WAIT,idle,2,1,-11.854,5.528,-4.389,0.003,-0.009,0.000,-0.4548
1785822036.348,0.000,WAIT,idle,2,1,-11.854,5.528,-4.389,0.005,-0.002,0.000,-0.4547
1785822036.448,0.000,WAIT,idle,2,1,-11.854,5.528,-4.389,0.004,-0.016,0.000,-0.4549
1785822036.548,0.000,WAIT,idle,2,1,-11.853,5.528,-4.389,0.002,-0.013,0.003,-0.4548
1785822036.648,0.000,WAIT,idle,2,1,-11.853,5.527,-4.389,0.005,-0.008,0.004,-0.4548
1785822036.748,0.000,WAIT,idle,2,1,-11.852,5.527,-4.388,0.006,0.000,0.003,-0.4548
1785822036.848,0.000,WAIT,idle,2,1,-11.852,5.527,-4.387,0.005,0.004,-0.000,-0.4546
1785822036.948,0.000,WAIT,idle,2,1,-11.851,5.527,-4.387,0.007,0.008,-0.000,-0.4547
1785822037.048,0.000,WAIT,idle,2,1,-11.850,5.526,-4.387,0.003,-0.002,0.001,-0.4549
1785822037.148,0.000,WAIT,idle,2,1,-11.849,5.524,-4.387,0.006,-0.002,-0.002,-0.4552
1785822037.248,0.000,WAIT,idle,2,1,-11.848,5.523,-4.386,0.009,0.001,-0.001,-0.4553
1785822037.348,0.000,WAIT,idle,2,1,-11.847,5.521,-4.386,0.010,-0.001,0.002,-0.4549
1785822037.448,0.000,WAIT,idle,2,1,-11.846,5.519,-4.385,0.005,-0.004,0.000,-0.4551
1785822037.548,0.000,WAIT,idle,2,1,-11.845,5.518,-4.384,0.006,0.004,-0.001,-0.4549
1785822037.648,0.000,WAIT,idle,2,1,-11.843,5.517,-4.384,0.007,0.008,-0.001,-0.4546
1785822037.748,0.000,WAIT,idle,2,1,-11.842,5.516,-4.383,0.006,0.009,-0.004,-0.4544
1785822037.848,0.000,WAIT,idle,2,1,-11.841,5.514,-4.383,0.006,0.004,-0.003,-0.4545
1785822037.948,0.000,WAIT,idle,2,1,-11.839,5.513,-4.383,0.005,-0.001,-0.003,-0.4546
1785822038.048,0.000,WAIT,idle,2,1,-11.838,5.511,-4.383,0.003,0.007,-0.005,-0.4550
1785822038.148,0.000,WAIT,idle,2,1,-11.836,5.510,-4.383,0.003,0.005,-0.006,-0.4548
1785822038.248,0.000,WAIT,idle,2,1,-11.835,5.508,-4.382,0.002,0.002,-0.005,-0.4548
1785822038.348,0.000,WAIT,idle,2,1,-11.833,5.507,-4.382,0.004,-0.003,-0.004,-0.4549
1785822038.448,0.000,WAIT,idle,2,1,-11.831,5.506,-4.382,0.002,0.001,-0.004,-0.4552
1785822038.548,0.000,WAIT,idle,2,1,-11.829,5.505,-4.382,0.003,0.010,-0.005,-0.4552
1785822038.648,0.000,WAIT,idle,2,1,-11.828,5.505,-4.382,0.001,0.010,-0.007,-0.4549
1785822038.748,0.000,WAIT,idle,2,1,-11.827,5.505,-4.382,-0.003,0.005,-0.007,-0.4549
1785822038.848,0.000,WAIT,idle,2,1,-11.826,5.505,-4.383,-0.005,0.001,-0.005,-0.4549
1785822038.948,0.000,WAIT,idle,2,1,-11.825,5.505,-4.383,-0.008,0.011,-0.004,-0.4548
1785822039.048,0.000,WAIT,idle,2,1,-11.825,5.505,-4.382,-0.010,0.011,-0.005,-0.4547
1785822039.148,0.000,WAIT,idle,2,1,-11.825,5.505,-4.383,-0.011,0.019,-0.005,-0.4546
1785822039.248,0.000,WAIT,idle,2,1,-11.825,5.505,-4.383,-0.009,0.016,-0.004,-0.4545
1785822039.348,0.000,WAIT,idle,2,1,-11.825,5.506,-4.384,-0.009,0.018,-0.004,-0.4545
1785822039.448,0.000,WAIT,idle,2,1,-11.824,5.506,-4.386,-0.007,0.017,-0.005,-0.4544
1785822039.548,0.000,WAIT,idle,2,1,-11.823,5.506,-4.386,-0.008,0.010,-0.003,-0.4548
1785822039.648,0.000,WAIT,idle,2,1,-11.823,5.507,-4.387,-0.013,0.016,-0.003,-0.4556
1785822039.748,0.000,WAIT,idle,2,1,-11.822,5.508,-4.388,-0.010,0.019,-0.001,-0.4553
1785822039.848,0.000,WAIT,idle,2,1,-11.822,5.509,-4.388,-0.010,0.021,0.000,-0.4550
1785822039.948,0.000,WAIT,idle,2,1,-11.822,5.511,-4.388,-0.008,0.020,0.000,-0.4545
1785822040.048,0.000,WAIT,idle,2,1,-11.822,5.514,-4.388,-0.010,0.025,0.001,-0.4545
1785822040.148,0.000,WAIT,idle,2,1,-11.822,5.516,-4.389,-0.009,0.010,0.001,-0.4547
1785822040.248,0.000,WAIT,idle,2,1,-11.822,5.518,-4.389,-0.011,0.005,-0.000,-0.4549
1785822040.348,0.000,WAIT,idle,2,1,-11.822,5.521,-4.389,-0.009,0.011,0.001,-0.4545
1785822040.448,0.000,WAIT,idle,2,1,-11.821,5.523,-4.390,-0.010,0.003,0.001,-0.4547
1785822040.548,0.000,WAIT,idle,2,1,-11.822,5.524,-4.391,-0.015,0.003,0.001,-0.4550
1785822040.648,0.000,WAIT,idle,2,1,-11.822,5.526,-4.391,-0.014,0.007,0.003,-0.4547
1785822040.748,0.000,WAIT,idle,2,1,-11.823,5.527,-4.392,-0.014,0.010,0.002,-0.4548
1785822040.848,0.000,WAIT,idle,2,1,-11.824,5.528,-4.393,-0.015,0.011,0.004,-0.4547
1785822040.948,0.000,WAIT,idle,2,1,-11.826,5.529,-4.393,-0.015,0.009,0.005,-0.4546
1785822041.048,0.000,WAIT,idle,2,1,-11.828,5.529,-4.394,-0.015,0.005,0.006,-0.4546
1785822041.148,0.000,WAIT,idle,2,1,-11.830,5.530,-4.394,-0.017,-0.003,0.007,-0.4549
1785822041.248,0.000,WAIT,idle,2,1,-11.833,5.530,-4.394,-0.017,-0.009,0.004,-0.4552
1785822041.348,0.000,WAIT,idle,2,1,-11.835,5.530,-4.395,-0.016,-0.016,0.006,-0.4553
1785822041.448,0.000,WAIT,idle,2,1,-11.837,5.530,-4.395,-0.015,-0.017,0.006,-0.4552
1785822041.548,0.000,WAIT,idle,2,1,-11.840,5.530,-4.396,-0.016,-0.016,0.007,-0.4552
1785822041.648,0.000,WAIT,idle,2,1,-11.842,5.530,-4.395,-0.013,-0.018,0.009,-0.4550
1785822041.748,0.000,WAIT,idle,2,1,-11.843,5.530,-4.395,-0.011,-0.019,0.010,-0.4549
1785822041.848,0.000,WAIT,idle,2,1,-11.845,5.530,-4.395,-0.013,-0.018,0.009,-0.4548
1785822041.948,0.000,WAIT,idle,2,1,-11.846,5.530,-4.395,-0.006,-0.011,0.004,-0.4546
1785822042.048,0.000,WAIT,idle,2,1,-11.847,5.531,-4.395,-0.008,-0.006,0.006,-0.4549
1785822042.148,0.000,WAIT,idle,2,1,-11.848,5.531,-4.395,-0.008,-0.020,0.009,-0.4552
1785822042.248,0.000,WAIT,idle,2,1,-11.849,5.531,-4.395,-0.007,-0.020,0.009,-0.4551
1785822042.348,0.000,WAIT,idle,2,1,-11.849,5.531,-4.395,-0.006,-0.014,0.008,-0.4550
1785822042.448,0.000,WAIT,idle,2,1,-11.849,5.532,-4.395,-0.003,-0.007,0.008,-0.4549
1785822042.548,0.000,WAIT,idle,2,1,-11.849,5.532,-4.394,0.001,-0.002,0.009,-0.4547
1785822042.648,0.000,WAIT,idle,2,1,-11.849,5.532,-4.393,0.006,0.004,0.008,-0.4547
1785822042.748,0.000,WAIT,idle,2,1,-11.848,5.533,-4.393,0.003,-0.007,0.006,-0.4551
1785822042.848,0.000,WAIT,idle,2,1,-11.848,5.533,-4.392,0.007,-0.004,0.006,-0.4548
1785822042.948,0.000,WAIT,idle,2,1,-11.848,5.532,-4.392,0.004,-0.010,0.003,-0.4550
1785822043.048,0.000,WAIT,idle,2,1,-11.849,5.532,-4.391,0.005,-0.015,0.003,-0.4548
1785822043.148,0.000,WAIT,idle,2,1,-11.849,5.531,-4.390,0.002,-0.021,0.004,-0.4550
1785822043.248,0.000,WAIT,idle,2,1,-11.849,5.531,-4.390,0.004,-0.010,0.002,-0.4553
1785822043.348,0.000,WAIT,idle,2,1,-11.850,5.530,-4.390,0.001,-0.015,0.002,-0.4553
1785822043.448,0.000,WAIT,idle,2,1,-11.850,5.529,-4.390,-0.000,-0.019,-0.001,-0.4552
1785822043.548,0.000,WAIT,idle,2,1,-11.850,5.529,-4.390,-0.003,-0.018,0.000,-0.4552
1785822043.648,0.000,WAIT,idle,2,1,-11.851,5.528,-4.390,-0.003,-0.016,0.002,-0.4550
1785822043.748,0.000,WAIT,idle,2,1,-11.851,5.527,-4.390,-0.001,-0.012,0.001,-0.4549
1785822043.848,0.000,WAIT,idle,2,1,-11.850,5.526,-4.389,0.004,-0.017,0.002,-0.4550
1785822043.948,0.000,WAIT,idle,2,1,-11.850,5.525,-4.389,0.003,-0.002,0.000,-0.4551
1785822044.048,0.000,WAIT,idle,2,1,-11.849,5.523,-4.389,0.004,0.002,0.001,-0.4550
1785822044.148,0.000,WAIT,idle,2,1,-11.849,5.522,-4.388,0.005,0.004,0.003,-0.4546
1785822044.248,0.000,WAIT,idle,2,1,-11.849,5.521,-4.388,0.006,0.002,0.002,-0.4546
1785822044.348,0.000,WAIT,idle,2,1,-11.848,5.520,-4.387,0.007,-0.005,0.003,-0.4550
1785822044.448,0.000,WAIT,idle,2,1,-11.848,5.518,-4.386,0.007,-0.011,0.001,-0.4555
1785822044.548,0.000,WAIT,idle,2,1,-11.847,5.517,-4.386,0.007,0.005,-0.002,-0.4548
1785822044.648,0.000,WAIT,idle,2,1,-11.847,5.515,-4.386,0.003,-0.013,-0.001,-0.4550
1785822044.748,0.000,WAIT,idle,2,1,-11.846,5.514,-4.385,0.005,-0.001,-0.003,-0.4549
1785822044.848,0.000,WAIT,idle,2,1,-11.846,5.513,-4.385,0.002,-0.005,-0.002,-0.4548
1785822044.948,0.000,WAIT,idle,2,1,-11.846,5.512,-4.385,-0.002,-0.007,-0.003,-0.4550
1785822045.048,0.000,WAIT,idle,2,1,-11.847,5.511,-4.385,-0.003,-0.008,-0.005,-0.4552
1785822045.148,0.000,WAIT,idle,2,1,-11.847,5.511,-4.385,-0.004,-0.005,-0.005,-0.4548
1785822045.248,0.000,WAIT,idle,2,1,-11.846,5.510,-4.385,-0.003,-0.002,-0.004,-0.4548
1785822045.348,0.000,WAIT,idle,2,1,-11.846,5.510,-4.385,-0.003,-0.005,-0.005,-0.4553
1785822045.448,0.000,WAIT,idle,2,1,-11.846,5.510,-4.385,-0.003,-0.000,-0.001,-0.4552
1785822045.548,0.000,WAIT,idle,2,1,-11.845,5.510,-4.385,-0.004,0.006,-0.003,-0.4548
1785822045.648,0.000,WAIT,idle,2,1,-11.845,5.510,-4.385,-0.005,0.010,-0.006,-0.4548
1785822045.748,0.000,WAIT,idle,2,1,-11.844,5.510,-4.385,-0.002,0.014,-0.003,-0.4549
1785822045.848,0.000,WAIT,idle,2,1,-11.843,5.510,-4.385,-0.004,-0.002,-0.003,-0.4550
1785822045.948,0.000,WAIT,idle,2,1,-11.843,5.510,-4.384,-0.003,-0.000,-0.003,-0.4553
1785822046.048,0.000,WAIT,idle,2,1,-11.842,5.509,-4.384,-0.001,0.005,-0.004,-0.4554
1785822046.148,0.000,WAIT,idle,2,1,-11.842,5.509,-4.383,-0.000,0.011,-0.003,-0.4555
1785822046.248,0.000,WAIT,idle,2,1,-11.841,5.509,-4.383,0.000,0.013,-0.004,-0.4551
1785822046.348,0.000,WAIT,idle,2,1,-11.841,5.510,-4.382,0.000,0.014,-0.004,-0.4550
1785822046.448,0.000,WAIT,idle,2,1,-11.841,5.510,-4.382,-0.001,0.012,-0.005,-0.4550
1785822046.548,0.000,WAIT,idle,2,1,-11.840,5.511,-4.381,-0.000,0.014,-0.005,-0.4546
1785822046.648,0.000,WAIT,idle,2,1,-11.840,5.512,-4.381,-0.003,0.014,-0.008,-0.4547
1785822046.748,0.000,WAIT,idle,2,1,-11.839,5.514,-4.381,-0.006,0.009,-0.008,-0.4550
1785822046.848,0.000,WAIT,idle,2,1,-11.839,5.516,-4.381,-0.005,0.014,-0.008,-0.4546
1785822046.948,0.000,WAIT,idle,2,1,-11.838,5.517,-4.381,-0.002,0.017,-0.005,-0.4545
1785822047.048,0.000,WAIT,idle,2,1,-11.837,5.519,-4.380,0.000,0.018,-0.006,-0.4546
1785822047.148,0.000,WAIT,idle,2,1,-11.835,5.521,-4.379,-0.001,0.016,-0.005,-0.4550
1785822047.248,0.000,WAIT,idle,2,1,-11.834,5.523,-4.379,0.001,0.021,-0.006,-0.4547
1785822047.348,0.000,WAIT,idle,2,1,-11.833,5.526,-4.378,0.005,0.022,-0.009,-0.4548
1785822047.448,0.000,WAIT,idle,2,1,-11.831,5.528,-4.379,0.005,0.018,-0.010,-0.4548
1785822047.548,0.000,WAIT,idle,2,1,-11.830,5.530,-4.379,0.004,0.012,-0.010,-0.4547
1785822047.648,0.000,WAIT,idle,2,1,-11.829,5.533,-4.380,0.001,0.016,-0.007,-0.4546
1785822047.748,0.000,WAIT,idle,2,1,-11.829,5.534,-4.380,-0.001,0.011,-0.009,-0.4547
1785822047.848,0.000,WAIT,idle,2,1,-11.829,5.534,-4.381,-0.003,0.006,-0.008,-0.4548
1785822047.948,0.000,WAIT,idle,2,1,-11.829,5.534,-4.382,-0.003,-0.002,-0.009,-0.4552
1785822048.048,0.000,WAIT,idle,2,1,-11.830,5.535,-4.383,-0.006,0.003,-0.009,-0.4552
1785822048.148,0.000,WAIT,idle,2,1,-11.831,5.534,-4.384,-0.006,0.004,-0.007,-0.4548
1785822048.248,0.000,WAIT,idle,2,1,-11.832,5.534,-4.384,-0.012,-0.004,-0.005,-0.4545
1785822048.348,0.000,WAIT,idle,2,1,-11.834,5.533,-4.385,-0.010,-0.002,-0.004,-0.4543
1785822048.448,0.000,WAIT,idle,2,1,-11.836,5.532,-4.385,-0.009,-0.001,-0.002,-0.4547
1785822048.548,0.000,WAIT,idle,2,1,-11.839,5.531,-4.385,-0.010,-0.004,-0.003,-0.4549
1785822048.648,0.000,WAIT,idle,2,1,-11.841,5.530,-4.385,-0.012,-0.011,-0.001,-0.4548
1785822048.748,0.000,WAIT,idle,2,1,-11.844,5.529,-4.385,-0.014,-0.016,-0.002,-0.4549
1785822048.848,0.000,WAIT,idle,2,1,-11.847,5.527,-4.385,-0.013,-0.018,-0.001,-0.4551
1785822048.948,0.000,WAIT,idle,2,1,-11.849,5.526,-4.385,-0.008,-0.009,-0.004,-0.4550
1785822049.048,0.000,WAIT,idle,2,1,-11.852,5.525,-4.385,-0.007,0.000,-0.002,-0.4551
1785822049.148,0.000,WAIT,idle,2,1,-11.853,5.524,-4.385,-0.005,-0.015,-0.002,-0.4550
1785822049.248,0.000,WAIT,idle,2,1,-11.854,5.522,-4.385,-0.000,-0.001,-0.002,-0.4546
1785822049.348,0.000,WAIT,idle,2,1,-11.855,5.521,-4.385,0.001,-0.003,-0.002,-0.4545
1785822049.448,0.000,WAIT,idle,2,1,-11.856,5.519,-4.385,0.002,-0.009,-0.001,-0.4547
1785822049.548,0.000,WAIT,idle,2,1,-11.857,5.518,-4.385,0.006,-0.002,-0.004,-0.4548
1785822049.648,0.000,WAIT,idle,2,1,-11.858,5.516,-4.386,0.005,-0.001,-0.002,-0.4555
1785822049.748,0.000,WAIT,idle,2,1,-11.858,5.515,-4.386,0.010,-0.010,-0.001,-0.4554
1785822049.848,0.000,WAIT,idle,2,1,-11.858,5.514,-4.386,0.009,0.008,-0.002,-0.4548
1785822049.948,0.000,WAIT,idle,2,1,-11.858,5.514,-4.386,0.011,0.008,-0.001,-0.4550
1785822050.048,0.000,WAIT,idle,2,1,-11.859,5.514,-4.386,0.009,0.013,-0.003,-0.4549
1785822050.148,0.000,WAIT,idle,2,1,-11.859,5.513,-4.387,0.008,0.013,-0.002,-0.4547
1785822050.248,0.000,WAIT,idle,2,1,-11.859,5.513,-4.387,0.011,0.010,-0.002,-0.4547
1785822050.348,0.000,WAIT,idle,2,1,-11.859,5.512,-4.386,0.010,0.006,-0.000,-0.4546
1785822050.448,0.000,WAIT,idle,2,1,-11.859,5.511,-4.386,0.012,0.000,-0.002,-0.4545
1785822050.548,0.000,WAIT,idle,2,1,-11.859,5.511,-4.386,0.008,-0.000,-0.001,-0.4549
1785822050.648,0.000,WAIT,idle,2,1,-11.859,5.510,-4.386,0.010,0.004,0.000,-0.4550
1785822050.748,0.000,WAIT,idle,2,1,-11.858,5.509,-4.386,0.011,-0.006,-0.002,-0.4554
1785822050.848,0.000,WAIT,idle,2,1,-11.858,5.508,-4.387,0.010,-0.004,-0.002,-0.4558
1785822050.948,0.000,WAIT,idle,2,1,-11.857,5.506,-4.387,0.011,0.002,-0.002,-0.4557
1785822051.048,0.000,WAIT,idle,2,1,-11.857,5.505,-4.388,0.010,0.008,-0.001,-0.4553
1785822051.148,0.000,WAIT,idle,2,1,-11.855,5.505,-4.389,0.011,-0.007,0.003,-0.4551
1785822051.248,0.000,WAIT,idle,2,1,-11.854,5.504,-4.389,0.012,-0.003,0.002,-0.4551
1785822051.348,0.000,WAIT,idle,2,1,-11.853,5.504,-4.389,0.012,-0.008,0.002,-0.4551
1785822051.448,0.000,WAIT,idle,2,1,-11.852,5.504,-4.389,0.010,-0.004,-0.000,-0.4549
1785822051.548,0.000,WAIT,idle,2,1,-11.851,5.505,-4.389,0.010,0.004,0.003,-0.4547
1785822051.648,0.000,WAIT,idle,2,1,-11.850,5.506,-4.388,0.010,0.013,0.001,-0.4545
1785822051.748,0.000,WAIT,idle,2,1,-11.849,5.508,-4.389,0.009,0.002,-0.001,-0.4546
1785822051.848,0.000,WAIT,idle,2,1,-11.848,5.510,-4.389,0.011,0.022,-0.000,-0.4541
1785822051.948,0.000,WAIT,idle,2,1,-11.847,5.512,-4.389,0.007,0.009,0.002,-0.4548
1785822052.048,0.000,WAIT,idle,2,1,-11.846,5.514,-4.388,0.006,0.001,0.003,-0.4549
1785822052.148,0.000,WAIT,idle,2,1,-11.845,5.515,-4.388,0.003,0.000,0.001,-0.4548
1785822052.248,0.000,WAIT,idle,2,1,-11.844,5.517,-4.387,0.004,0.005,0.001,-0.4552
1785822052.348,0.000,WAIT,idle,2,1,-11.842,5.518,-4.387,0.007,0.002,0.002,-0.4551
1785822052.448,0.000,WAIT,idle,2,1,-11.840,5.520,-4.386,0.006,-0.000,0.000,-0.4549
1785822052.548,0.000,WAIT,idle,2,1,-11.839,5.522,-4.386,0.007,-0.000,-0.001,-0.4550
1785822052.648,0.000,WAIT,idle,2,1,-11.837,5.523,-4.386,0.005,0.002,-0.001,-0.4552
1785822052.748,0.000,WAIT,idle,2,1,-11.836,5.524,-4.386,0.006,-0.008,-0.002,-0.4551
1785822052.848,0.000,WAIT,idle,2,1,-11.835,5.525,-4.387,0.006,0.002,-0.003,-0.4552
1785822052.948,0.000,WAIT,idle,2,1,-11.835,5.525,-4.387,0.004,-0.005,-0.001,-0.4553
1785822053.048,0.000,WAIT,idle,2,1,-11.835,5.526,-4.387,0.001,-0.007,-0.001,-0.4553
1785822053.148,0.000,WAIT,idle,2,1,-11.835,5.527,-4.387,-0.004,-0.009,-0.001,-0.4553
1785822053.248,0.000,WAIT,idle,2,1,-11.835,5.528,-4.387,-0.004,-0.004,0.001,-0.4547
1785822053.348,0.000,WAIT,idle,2,1,-11.836,5.528,-4.388,-0.005,-0.009,-0.002,-0.4547
1785822053.448,0.000,WAIT,idle,2,1,-11.836,5.529,-4.389,-0.009,-0.010,-0.003,-0.4551
1785822053.548,0.000,WAIT,idle,2,1,-11.836,5.530,-4.390,-0.009,-0.011,0.001,-0.4550
1785822053.648,0.000,WAIT,idle,2,1,-11.836,5.530,-4.391,-0.010,-0.008,0.000,-0.4550
1785822053.748,0.000,WAIT,idle,2,1,-11.836,5.529,-4.391,-0.006,-0.004,0.001,-0.4551
1785822053.848,0.000,WAIT,idle,2,1,-11.836,5.529,-4.391,-0.003,-0.014,0.004,-0.4555
1785822053.948,0.000,WAIT,idle,2,1,-11.835,5.529,-4.391,-0.004,-0.013,0.004,-0.4554
1785822054.048,0.000,WAIT,idle,2,1,-11.834,5.529,-4.391,-0.004,-0.008,0.004,-0.4550
1785822054.148,0.000,WAIT,idle,2,1,-11.834,5.529,-4.392,-0.004,-0.015,0.003,-0.4548
1785822054.248,0.000,WAIT,idle,2,1,-11.833,5.528,-4.392,-0.005,-0.014,0.003,-0.4553
1785822054.348,0.000,WAIT,idle,2,1,-11.833,5.528,-4.393,-0.007,-0.014,0.004,-0.4551
1785822054.448,0.000,WAIT,idle,2,1,-11.833,5.527,-4.393,-0.006,-0.010,0.005,-0.4549
1785822054.548,0.000,WAIT,idle,2,1,-11.833,5.525,-4.393,-0.006,-0.019,0.005,-0.4552
1785822054.648,0.000,WAIT,idle,2,1,-11.833,5.524,-4.393,-0.008,-0.018,0.005,-0.4551
1785822054.748,0.000,WAIT,idle,2,1,-11.833,5.523,-4.393,-0.007,-0.017,0.004,-0.4547
1785822054.848,0.000,WAIT,idle,2,1,-11.834,5.523,-4.393,-0.006,0.001,0.003,-0.4546
1785822054.948,0.000,WAIT,idle,2,1,-11.834,5.522,-4.393,-0.007,-0.001,0.004,-0.4549
1785822055.048,0.000,WAIT,idle,2,1,-11.834,5.522,-4.393,-0.005,-0.006,0.006,-0.4545
1785822055.148,0.000,WAIT,idle,2,1,-11.834,5.523,-4.393,-0.007,-0.008,0.006,-0.4547
1785822055.248,0.000,WAIT,idle,2,1,-11.835,5.523,-4.393,-0.006,-0.009,0.006,-0.4549
1785822055.348,0.000,WAIT,idle,2,1,-11.835,5.523,-4.392,-0.004,-0.002,0.006,-0.4548
1785822055.448,0.000,WAIT,idle,2,1,-11.835,5.523,-4.392,-0.008,-0.004,0.005,-0.4552
1785822055.548,0.000,WAIT,idle,2,1,-11.836,5.523,-4.391,-0.008,-0.002,0.005,-0.4552
1785822055.648,0.000,WAIT,idle,2,1,-11.837,5.522,-4.391,-0.009,-0.012,0.003,-0.4551
1785822055.748,0.000,WAIT,idle,2,1,-11.839,5.521,-4.391,-0.009,-0.007,0.003,-0.4553
1785822055.848,0.000,WAIT,idle,2,1,-11.840,5.520,-4.391,-0.010,-0.003,0.002,-0.4551
1785822055.948,0.000,WAIT,idle,2,1,-11.842,5.519,-4.391,-0.007,0.000,0.003,-0.4548
1785822056.048,0.000,WAIT,idle,2,1,-11.844,5.518,-4.391,-0.008,-0.011,0.004,-0.4553
1785822056.148,0.000,WAIT,idle,2,1,-11.845,5.518,-4.390,-0.007,-0.006,0.005,-0.4551
1785822056.248,0.000,WAIT,idle,2,1,-11.847,5.517,-4.388,-0.007,-0.010,0.004,-0.4549
1785822056.348,0.000,WAIT,idle,2,1,-11.849,5.516,-4.387,-0.007,-0.007,0.002,-0.4552
1785822056.448,0.000,WAIT,idle,2,1,-11.851,5.516,-4.386,-0.005,-0.005,-0.001,-0.4552
1785822056.548,0.000,WAIT,idle,2,1,-11.852,5.515,-4.386,-0.003,0.002,-0.000,-0.4554
1785822056.648,0.000,WAIT,idle,2,1,-11.854,5.514,-4.385,-0.002,0.007,-0.001,-0.4551
1785822056.748,0.000,WAIT,idle,2,1,-11.855,5.514,-4.385,0.000,0.008,-0.002,-0.4546
1785822056.848,0.000,WAIT,idle,2,1,-11.857,5.513,-4.385,0.001,0.009,-0.003,-0.4549
1785822056.948,0.000,WAIT,idle,2,1,-11.858,5.513,-4.384,0.003,0.011,-0.003,-0.4547
1785822057.048,0.000,WAIT,idle,2,1,-11.859,5.513,-4.384,0.003,0.010,-0.002,-0.4545
1785822057.148,0.000,WAIT,idle,2,1,-11.860,5.514,-4.383,0.008,0.014,-0.002,-0.4547
1785822057.248,0.000,WAIT,idle,2,1,-11.860,5.514,-4.382,0.012,0.015,-0.004,-0.4549
1785822057.348,0.000,WAIT,idle,2,1,-11.860,5.514,-4.381,0.013,0.011,-0.004,-0.4549
1785822057.448,0.000,WAIT,idle,2,1,-11.860,5.514,-4.381,0.012,0.011,-0.007,-0.4548
1785822057.548,0.000,WAIT,idle,2,1,-11.860,5.514,-4.381,0.011,0.010,-0.008,-0.4549
1785822057.648,0.000,WAIT,idle,2,1,-11.860,5.515,-4.381,0.014,0.011,-0.007,-0.4547
1785822057.748,0.000,WAIT,idle,2,1,-11.861,5.516,-4.381,0.010,0.007,-0.008,-0.4547
1785822057.848,0.000,WAIT,idle,2,1,-11.861,5.516,-4.381,0.010,0.012,-0.007,-0.4549
1785822057.948,0.000,WAIT,idle,2,1,-11.862,5.517,-4.381,0.010,0.011,-0.008,-0.4545
1785822058.048,0.000,WAIT,idle,2,1,-11.862,5.518,-4.381,0.012,0.011,-0.006,-0.4545
1785822058.148,0.000,WAIT,idle,2,1,-11.863,5.520,-4.381,0.014,0.007,-0.008,-0.4545
1785822058.248,0.000,WAIT,idle,2,1,-11.863,5.521,-4.381,0.014,0.002,-0.007,-0.4545
1785822058.348,0.000,WAIT,idle,2,1,-11.863,5.523,-4.381,0.015,0.013,-0.007,-0.4543
1785822058.448,0.000,WAIT,idle,2,1,-11.863,5.525,-4.381,0.016,0.009,-0.006,-0.4542
1785822058.548,0.000,WAIT,idle,2,1,-11.862,5.527,-4.381,0.017,0.005,-0.006,-0.4544
1785822058.648,0.000,WAIT,idle,2,1,-11.861,5.529,-4.382,0.017,-0.000,-0.007,-0.4545
1785822058.748,0.000,WAIT,idle,2,1,-11.860,5.531,-4.384,0.014,-0.006,-0.005,-0.4545
1785822058.848,0.000,WAIT,idle,2,1,-11.858,5.532,-4.385,0.016,0.005,-0.005,-0.4548
1785822058.948,0.000,WAIT,idle,2,1,-11.857,5.533,-4.386,0.015,-0.002,-0.003,-0.4549
1785822059.048,0.000,WAIT,idle,2,1,-11.856,5.533,-4.386,0.014,-0.009,-0.002,-0.4551
1785822059.148,0.000,WAIT,idle,2,1,-11.855,5.534,-4.387,0.010,-0.013,-0.000,-0.4550
1785822059.248,0.000,WAIT,idle,2,1,-11.854,5.534,-4.387,0.011,-0.015,0.001,-0.4548
1785822059.348,0.000,WAIT,idle,2,1,-11.852,5.534,-4.387,0.011,-0.012,-0.001,-0.4552
1785822059.448,0.000,WAIT,idle,2,1,-11.850,5.534,-4.388,0.009,-0.009,-0.000,-0.4557
1785822059.548,0.000,WAIT,idle,2,1,-11.848,5.534,-4.389,0.011,-0.003,-0.001,-0.4552
1785822059.648,0.000,WAIT,idle,2,1,-11.845,5.534,-4.389,0.013,-0.000,0.001,-0.4548
1785822059.748,0.000,WAIT,idle,2,1,-11.843,5.533,-4.390,0.014,0.002,-0.000,-0.4547
1785822059.848,0.000,WAIT,idle,2,1,-11.841,5.533,-4.390,0.013,-0.001,0.001,-0.4549
1785822059.948,0.000,WAIT,idle,2,1,-11.839,5.533,-4.391,0.011,-0.007,0.002,-0.4545
1785822060.048,0.000,WAIT,idle,2,1,-11.838,5.532,-4.391,0.007,-0.014,0.001,-0.4547
1785822060.148,0.000,WAIT,idle,2,1,-11.837,5.531,-4.391,0.002,-0.013,0.002,-0.4553
1785822060.248,0.000,WAIT,idle,2,1,-11.836,5.529,-4.391,0.001,-0.023,0.004,-0.4555
1785822060.348,0.000,WAIT,idle,2,1,-11.836,5.528,-4.391,-0.001,-0.021,0.004,-0.4550
1785822060.448,0.000,WAIT,idle,2,1,-11.835,5.527,-4.391,-0.004,-0.018,0.002,-0.4549
1785822060.548,0.000,WAIT,idle,2,1,-11.835,5.527,-4.392,-0.005,-0.012,0.003,-0.4549
1785822060.648,0.000,WAIT,idle,2,1,-11.835,5.526,-4.392,-0.001,-0.007,0.004,-0.4548
1785822060.748,0.000,WAIT,idle,2,1,-11.836,5.525,-4.392,-0.004,-0.001,0.007,-0.4547
1785822060.848,0.000,WAIT,idle,2,1,-11.836,5.524,-4.392,-0.002,0.003,0.004,-0.4545
1785822060.948,0.000,WAIT,idle,2,1,-11.835,5.523,-4.392,-0.004,0.003,0.004,-0.4546
1785822061.048,0.000,WAIT,idle,2,1,-11.835,5.522,-4.392,-0.003,-0.000,0.003,-0.4544
1785822061.148,0.000,WAIT,idle,2,1,-11.835,5.522,-4.392,-0.003,-0.005,0.004,-0.4544
1785822061.248,0.000,WAIT,idle,2,1,-11.835,5.521,-4.391,-0.002,-0.010,0.007,-0.4549
1785822061.348,0.000,WAIT,idle,2,1,-11.834,5.519,-4.391,-0.003,-0.013,0.004,-0.4554
1785822061.448,0.000,WAIT,idle,2,1,-11.834,5.518,-4.392,-0.005,-0.011,0.002,-0.4552
1785822061.548,0.000,WAIT,idle,2,1,-11.835,5.517,-4.392,-0.001,-0.010,0.004,-0.4547
1785822061.648,0.000,WAIT,idle,2,1,-11.835,5.515,-4.392,-0.003,-0.013,0.004,-0.4549
1785822061.748,0.000,WAIT,idle,2,1,-11.835,5.514,-4.393,-0.005,-0.015,0.004,-0.4550
1785822061.848,0.000,WAIT,idle,2,1,-11.836,5.512,-4.393,-0.006,-0.012,0.004,-0.4556
1785822061.948,0.000,WAIT,idle,2,1,-11.837,5.510,-4.393,-0.006,-0.004,0.006,-0.4559
1785822062.048,0.000,WAIT,idle,2,1,-11.838,5.509,-4.392,-0.007,0.005,0.004,-0.4554
1785822062.148,0.000,WAIT,idle,2,1,-11.838,5.508,-4.392,-0.004,0.011,0.004,-0.4547
1785822062.248,0.000,WAIT,idle,2,1,-11.839,5.507,-4.392,-0.004,0.012,0.003,-0.4547
1785822062.348,0.000,WAIT,idle,2,1,-11.841,5.507,-4.392,-0.005,0.012,0.005,-0.4544
1785822062.448,0.000,WAIT,idle,2,1,-11.842,5.506,-4.391,-0.004,0.008,0.004,-0.4543
1785822062.548,0.000,WAIT,idle,2,1,-11.844,5.505,-4.390,-0.005,0.015,0.004,-0.4547
1785822062.648,0.000,WAIT,idle,2,1,-11.845,5.505,-4.389,-0.002,0.002,0.002,-0.4547
1785822062.748,0.000,WAIT,idle,2,1,-11.847,5.504,-4.388,-0.003,-0.001,0.002,-0.4547
1785822062.848,0.000,WAIT,idle,2,1,-11.848,5.504,-4.387,0.001,0.012,0.000,-0.4548
1785822062.948,0.000,WAIT,idle,2,1,-11.850,5.503,-4.386,-0.005,0.002,-0.000,-0.4551
1785822063.048,0.000,WAIT,idle,2,1,-11.851,5.503,-4.386,0.000,0.004,0.000,-0.4546
1785822063.148,0.000,WAIT,idle,2,1,-11.853,5.503,-4.385,0.000,0.001,-0.001,-0.4549
1785822063.248,0.000,WAIT,idle,2,1,-11.854,5.504,-4.385,0.001,0.002,-0.001,-0.4549
1785822063.348,0.000,WAIT,idle,2,1,-11.855,5.504,-4.385,0.006,0.002,-0.002,-0.4549
1785822063.448,0.000,WAIT,idle,2,1,-11.855,5.504,-4.385,0.008,-0.001,-0.002,-0.4554
1785822063.548,0.000,WAIT,idle,2,1,-11.856,5.505,-4.384,0.008,0.000,-0.002,-0.4554
1785822063.648,0.000,WAIT,idle,2,1,-11.856,5.506,-4.384,0.006,0.005,-0.002,-0.4552
1785822063.748,0.000,WAIT,idle,2,1,-11.856,5.507,-4.383,0.009,0.003,-0.004,-0.4551
1785822063.848,0.000,WAIT,idle,2,1,-11.857,5.508,-4.383,0.009,0.002,-0.004,-0.4552
1785822063.948,0.000,WAIT,idle,2,1,-11.857,5.509,-4.383,0.008,0.000,-0.005,-0.4552
1785822064.048,0.000,WAIT,idle,2,1,-11.857,5.510,-4.383,0.009,0.000,-0.005,-0.4550
1785822064.148,0.000,WAIT,idle,2,1,-11.858,5.512,-4.382,0.007,-0.002,-0.007,-0.4552
1785822064.248,0.000,WAIT,idle,2,1,-11.858,5.514,-4.382,0.007,-0.002,-0.005,-0.4552
1785822064.348,0.000,WAIT,idle,2,1,-11.859,5.516,-4.381,0.010,0.007,-0.006,-0.4545
1785822064.448,0.000,WAIT,idle,2,1,-11.859,5.519,-4.381,0.009,0.009,-0.008,-0.4545
1785822064.548,0.000,WAIT,idle,2,1,-11.858,5.522,-4.381,0.012,0.014,-0.005,-0.4547
1785822064.648,0.000,WAIT,idle,2,1,-11.858,5.525,-4.381,0.014,0.000,-0.005,-0.4550
1785822064.748,0.000,WAIT,idle,2,1,-11.857,5.528,-4.380,0.017,0.018,-0.005,-0.4542
1785822064.848,0.000,WAIT,idle,2,1,-11.856,5.531,-4.380,0.018,0.019,-0.008,-0.4541
1785822064.948,0.000,WAIT,idle,2,1,-11.855,5.535,-4.380,0.015,0.013,-0.007,-0.4544
1785822065.048,0.000,WAIT,idle,2,1,-11.854,5.538,-4.380,0.013,0.014,-0.007,-0.4542
1785822065.148,0.000,WAIT,idle,2,1,-11.853,5.541,-4.381,0.013,0.016,-0.007,-0.4541
1785822065.248,0.000,WAIT,idle,2,1,-11.852,5.543,-4.381,0.015,0.012,-0.006,-0.4539
1785822065.348,0.000,WAIT,idle,2,1,-11.851,5.545,-4.382,0.014,0.004,-0.009,-0.4544
1785822065.448,0.000,WAIT,idle,2,1,-11.850,5.546,-4.384,0.010,-0.008,-0.005,-0.4546
1785822065.548,0.000,WAIT,idle,2,1,-11.850,5.546,-4.385,0.008,-0.014,-0.005,-0.4552
1785822065.648,0.000,WAIT,idle,2,1,-11.849,5.546,-4.387,0.006,-0.021,-0.005,-0.4554
1785822065.748,0.000,WAIT,idle,2,1,-11.848,5.546,-4.388,0.008,-0.025,-0.002,-0.4554
1785822065.848,0.000,WAIT,idle,2,1,-11.846,5.545,-4.389,0.011,-0.024,-0.001,-0.4555
1785822065.948,0.000,WAIT,idle,2,1,-11.843,5.544,-4.389,0.011,-0.027,0.000,-0.4556
1785822066.048,0.000,WAIT,idle,2,1,-11.841,5.542,-4.390,0.009,-0.027,0.001,-0.4556
1785822066.148,0.000,WAIT,idle,2,1,-11.839,5.541,-4.390,0.007,-0.025,0.001,-0.4556
1785822066.248,0.000,WAIT,idle,2,1,-11.836,5.539,-4.390,0.008,-0.020,0.003,-0.4556
1785822066.348,0.000,WAIT,idle,2,1,-11.833,5.537,-4.390,0.006,-0.027,0.001,-0.4551
1785822066.448,0.000,WAIT,idle,2,1,-11.832,5.535,-4.391,0.005,-0.008,0.000,-0.4546
1785822066.548,0.000,WAIT,idle,2,1,-11.830,5.533,-4.391,0.004,-0.006,0.001,-0.4548
1785822066.648,0.000,WAIT,idle,2,1,-11.828,5.531,-4.391,-0.002,-0.018,0.002,-0.4552
1785822066.748,0.000,WAIT,idle,2,1,-11.826,5.529,-4.391,-0.004,-0.013,0.003,-0.4549
1785822066.848,0.000,WAIT,idle,2,1,-11.825,5.526,-4.391,-0.007,-0.008,0.006,-0.4549
1785822066.948,0.000,WAIT,idle,2,1,-11.825,5.524,-4.391,-0.007,-0.006,0.006,-0.4549
1785822067.048,0.000,WAIT,idle,2,1,-11.824,5.521,-4.390,-0.006,-0.008,0.005,-0.4548
1785822067.148,0.000,WAIT,idle,2,1,-11.824,5.519,-4.390,-0.006,-0.009,0.002,-0.4550
1785822067.248,0.000,WAIT,idle,2,1,-11.823,5.517,-4.390,-0.004,-0.013,0.003,-0.4552
1785822067.348,0.000,WAIT,idle,2,1,-11.822,5.515,-4.390,-0.006,0.001,0.002,-0.4547
1785822067.448,0.000,WAIT,idle,2,1,-11.821,5.513,-4.390,-0.006,-0.003,0.003,-0.4548
1785822067.548,0.000,WAIT,idle,2,1,-11.821,5.512,-4.390,-0.008,-0.006,0.000,-0.4547
1785822067.648,0.000,WAIT,idle,2,1,-11.820,5.511,-4.390,-0.007,-0.003,0.001,-0.4547
1785822067.748,0.000,WAIT,idle,2,1,-11.820,5.510,-4.390,-0.008,-0.009,0.001,-0.4550
1785822067.848,0.000,WAIT,idle,2,1,-11.820,5.509,-4.389,-0.009,-0.011,-0.000,-0.4550
1785822067.948,0.000,WAIT,idle,2,1,-11.820,5.509,-4.389,-0.013,-0.010,0.002,-0.4550
1785822068.048,0.000,WAIT,idle,2,1,-11.820,5.508,-4.388,-0.013,-0.000,0.003,-0.4546
1785822068.148,0.000,WAIT,idle,2,1,-11.821,5.509,-4.388,-0.016,-0.003,0.001,-0.4548
1785822068.248,0.000,WAIT,idle,2,1,-11.823,5.509,-4.387,-0.018,-0.000,0.001,-0.4550
1785822068.348,0.000,WAIT,idle,2,1,-11.825,5.509,-4.386,-0.016,0.003,0.002,-0.4547
1785822068.448,0.000,WAIT,idle,2,1,-11.826,5.509,-4.385,-0.019,0.006,0.001,-0.4547
1785822068.548,0.000,WAIT,idle,2,1,-11.828,5.509,-4.384,-0.013,-0.001,-0.002,-0.4547
1785822068.648,0.000,WAIT,idle,2,1,-11.829,5.509,-4.384,-0.016,-0.000,-0.004,-0.4554
1785822068.748,0.000,WAIT,idle,2,1,-11.831,5.508,-4.383,-0.018,0.003,-0.004,-0.4554
1785822068.848,0.000,WAIT,idle,2,1,-11.834,5.508,-4.383,-0.016,-0.003,-0.005,-0.4551
1785822068.948,0.000,WAIT,idle,2,1,-11.836,5.508,-4.383,-0.017,-0.004,-0.004,-0.4551
1785822069.048,0.000,WAIT,idle,2,1,-11.839,5.508,-4.382,-0.016,-0.002,-0.005,-0.4553
1785822069.148,0.000,WAIT,idle,2,1,-11.840,5.508,-4.382,-0.013,0.005,-0.005,-0.4550
1785822069.248,0.000,WAIT,idle,2,1,-11.842,5.509,-4.382,-0.012,0.001,-0.005,-0.4549
1785822069.348,0.000,WAIT,idle,2,1,-11.843,5.510,-4.382,-0.009,0.020,-0.004,-0.4545
1785822069.448,0.000,WAIT,idle,2,1,-11.844,5.511,-4.382,-0.009,0.009,-0.005,-0.4548
1785822069.548,0.000,WAIT,idle,2,1,-11.845,5.511,-4.382,-0.005,0.012,-0.005,-0.4551
1785822069.648,0.000,WAIT,idle,2,1,-11.846,5.511,-4.381,-0.002,0.016,-0.006,-0.4549
1785822069.748,0.000,WAIT,idle,2,1,-11.847,5.511,-4.381,0.000,0.018,-0.006,-0.4547
1785822069.848,0.000,WAIT,idle,2,1,-11.848,5.510,-4.381,0.002,0.016,-0.004,-0.4549
1785822069.948,0.000,WAIT,idle,2,1,-11.849,5.510,-4.381,0.003,0.012,-0.006,-0.4550
1785822070.048,0.000,WAIT,idle,2,1,-11.850,5.510,-4.382,0.001,0.012,-0.006,-0.4551
1785822070.148,0.000,WAIT,idle,2,1,-11.850,5.509,-4.382,0.002,-0.003,-0.008,-0.4552
1785822070.248,0.000,WAIT,idle,2,1,-11.851,5.508,-4.383,0.003,0.011,-0.006,-0.4548
1785822070.348,0.000,WAIT,idle,2,1,-11.852,5.507,-4.384,0.005,0.008,-0.006,-0.4549
1785822070.448,0.000,WAIT,idle,2,1,-11.853,5.507,-4.385,0.004,0.012,-0.006,-0.4549
1785822070.548,0.000,WAIT,idle,2,1,-11.853,5.506,-4.386,0.009,0.012,-0.003,-0.4548
1785822070.648,0.000,WAIT,idle,2,1,-11.854,5.506,-4.386,0.010,0.008,-0.002,-0.4549
1785822070.748,0.000,WAIT,idle,2,1,-11.854,5.506,-4.386,0.010,0.004,-0.002,-0.4552
1785822070.848,0.000,WAIT,idle,2,1,-11.854,5.507,-4.387,0.009,-0.000,-0.002,-0.4549
1785822070.948,0.000,WAIT,idle,2,1,-11.854,5.508,-4.387,0.011,0.017,0.001,-0.4547
1785822071.048,0.000,WAIT,idle,2,1,-11.855,5.508,-4.387,0.008,0.012,-0.001,-0.4547
1785822071.148,0.000,WAIT,idle,2,1,-11.856,5.509,-4.388,0.005,0.006,-0.001,-0.4547
1785822071.248,0.000,WAIT,idle,2,1,-11.857,5.510,-4.388,0.002,0.001,-0.001,-0.4548
1785822071.348,0.000,WAIT,idle,2,1,-11.858,5.510,-4.388,-0.001,-0.001,0.000,-0.4548
1785822071.448,0.000,WAIT,idle,2,1,-11.859,5.512,-4.388,-0.002,-0.001,-0.000,-0.4551
1785822071.548,0.000,WAIT,idle,2,1,-11.860,5.513,-4.389,-0.001,0.002,-0.000,-0.4549
1785822071.648,0.000,WAIT,idle,2,1,-11.860,5.515,-4.389,0.002,0.006,0.001,-0.4548
1785822071.748,0.000,WAIT,idle,2,1,-11.860,5.516,-4.389,0.009,0.015,0.000,-0.4546
1785822071.848,0.000,WAIT,idle,2,1,-11.859,5.517,-4.389,0.011,0.008,0.000,-0.4547
1785822071.948,0.000,WAIT,idle,2,1,-11.858,5.519,-4.389,0.014,0.002,-0.001,-0.4550
1785822072.048,0.000,WAIT,idle,2,1,-11.857,5.520,-4.389,0.014,-0.003,-0.001,-0.4552
1785822072.148,0.000,WAIT,idle,2,1,-11.856,5.521,-4.389,0.011,-0.002,0.003,-0.4552
1785822072.248,0.000,WAIT,idle,2,1,-11.855,5.522,-4.388,0.011,-0.001,0.003,-0.4550
1785822072.348,0.000,WAIT,idle,2,1,-11.854,5.523,-4.387,0.014,0.012,0.000,-0.4551
1785822072.448,0.000,WAIT,idle,2,1,-11.854,5.523,-4.387,0.012,0.012,-0.000,-0.4553
1785822072.548,0.000,WAIT,idle,2,1,-11.853,5.524,-4.387,0.010,0.009,0.001,-0.4550
1785822072.648,0.000,WAIT,idle,2,1,-11.852,5.524,-4.386,0.013,0.000,0.000,-0.4549
1785822072.748,0.000,WAIT,idle,2,1,-11.851,5.525,-4.386,0.012,-0.006,-0.001,-0.4549
1785822072.848,0.000,WAIT,idle,2,1,-11.850,5.525,-4.386,0.010,-0.008,-0.002,-0.4549
1785822072.948,0.000,WAIT,idle,2,1,-11.848,5.525,-4.386,0.010,-0.013,-0.001,-0.4553
1785822073.048,0.000,WAIT,idle,2,1,-11.847,5.525,-4.386,0.008,-0.010,-0.003,-0.4555
1785822073.148,0.000,WAIT,idle,2,1,-11.846,5.525,-4.386,0.005,-0.004,-0.003,-0.4555
1785822073.248,0.000,WAIT,idle,2,1,-11.845,5.525,-4.386,0.006,0.000,-0.002,-0.4553
1785822073.348,0.000,WAIT,idle,2,1,-11.844,5.525,-4.386,0.008,0.004,-0.000,-0.4550
1785822073.448,0.000,WAIT,idle,2,1,-11.843,5.525,-4.386,0.008,0.007,0.000,-0.4547
1785822073.548,0.000,WAIT,idle,2,1,-11.843,5.525,-4.386,0.006,0.008,-0.001,-0.4549
1785822073.648,0.000,WAIT,idle,2,1,-11.843,5.525,-4.386,0.006,0.004,-0.002,-0.4549
1785822073.748,0.000,WAIT,idle,2,1,-11.843,5.524,-4.386,0.004,-0.001,-0.001,-0.4547
1785822073.848,0.000,WAIT,idle,2,1,-11.844,5.524,-4.386,-0.000,-0.009,-0.001,-0.4546
1785822073.948,0.000,WAIT,idle,2,1,-11.844,5.523,-4.386,0.001,0.002,-0.002,-0.4545
1785822074.048,0.000,WAIT,idle,2,1,-11.844,5.523,-4.386,0.001,-0.004,-0.002,-0.4546
1785822074.148,0.000,WAIT,idle,2,1,-11.844,5.523,-4.386,0.000,-0.009,-0.001,-0.4550
1785822074.248,0.000,WAIT,idle,2,1,-11.844,5.522,-4.385,-0.000,-0.012,0.000,-0.4551
1785822074.348,0.000,WAIT,idle,2,1,-11.844,5.522,-4.385,-0.002,-0.013,-0.001,-0.4550
1785822074.448,0.000,WAIT,idle,2,1,-11.844,5.521,-4.385,0.004,-0.004,-0.002,-0.4549
1785822074.548,0.000,WAIT,idle,2,1,-11.843,5.520,-4.385,0.004,-0.011,-0.004,-0.4553
1785822074.648,0.000,WAIT,idle,2,1,-11.843,5.519,-4.386,0.001,-0.014,-0.001,-0.4556
1785822074.748,0.000,WAIT,idle,2,1,-11.843,5.519,-4.386,-0.001,-0.011,-0.003,-0.4554
1785822074.848,0.000,WAIT,idle,2,1,-11.843,5.518,-4.386,-0.001,-0.007,-0.004,-0.4547
1785822074.948,0.000,WAIT,idle,2,1,-11.843,5.519,-4.386,-0.006,-0.002,-0.004,-0.4548
1785822075.048,0.000,WAIT,idle,2,1,-11.843,5.519,-4.387,-0.005,-0.008,-0.002,-0.4547
1785822075.148,0.000,WAIT,idle,2,1,-11.844,5.520,-4.386,-0.005,-0.005,0.000,-0.4544
1785822075.248,0.000,WAIT,idle,2,1,-11.844,5.521,-4.386,-0.005,-0.001,0.000,-0.4546
1785822075.348,0.000,WAIT,idle,2,1,-11.843,5.521,-4.386,0.001,-0.006,0.001,-0.4548
1785822075.448,0.000,WAIT,idle,2,1,-11.843,5.522,-4.386,0.002,0.010,-0.001,-0.4545
1785822075.548,0.000,WAIT,idle,2,1,-11.842,5.522,-4.386,0.004,0.011,-0.002,-0.4545
1785822075.648,0.000,WAIT,idle,2,1,-11.842,5.522,-4.386,0.004,0.011,-0.003,-0.4550
1785822075.748,0.000,WAIT,idle,2,1,-11.842,5.523,-4.386,0.005,0.007,-0.003,-0.4551
1785822075.848,0.000,WAIT,idle,2,1,-11.842,5.523,-4.386,0.004,0.001,-0.003,-0.4547
1785822075.948,0.000,WAIT,idle,2,1,-11.842,5.522,-4.386,0.001,-0.004,-0.002,-0.4548
1785822076.048,0.000,WAIT,idle,2,1,-11.842,5.522,-4.386,0.005,-0.002,-0.002,-0.4550
1785822076.148,0.000,WAIT,idle,2,1,-11.842,5.521,-4.385,0.001,-0.012,-0.003,-0.4554
1785822076.248,0.000,WAIT,idle,2,1,-11.841,5.520,-4.385,0.001,-0.012,-0.002,-0.4560
1785822076.348,0.000,WAIT,idle,2,1,-11.841,5.519,-4.385,0.003,-0.009,-0.002,-0.4554
1785822076.448,0.000,WAIT,idle,2,1,-11.841,5.518,-4.385,-0.000,-0.001,-0.002,-0.4551
1785822076.548,0.000,WAIT,idle,2,1,-11.842,5.518,-4.385,-0.002,0.006,0.000,-0.4547
1785822076.648,0.000,WAIT,idle,2,1,-11.843,5.518,-4.385,-0.001,0.008,-0.002,-0.4545
1785822076.748,0.000,WAIT,idle,2,1,-11.844,5.517,-4.385,-0.006,-0.003,-0.003,-0.4549
1785822076.848,0.000,WAIT,idle,2,1,-11.845,5.517,-4.386,-0.002,0.006,-0.001,-0.4547
1785822076.948,0.000,WAIT,idle,2,1,-11.846,5.516,-4.386,-0.001,-0.002,0.001,-0.4547
1785822077.048,0.000,WAIT,idle,2,1,-11.847,5.515,-4.386,-0.002,0.008,-0.003,-0.4545
1785822077.148,0.000,WAIT,idle,2,1,-11.848,5.514,-4.386,-0.000,0.009,-0.002,-0.4548
1785822077.248,0.000,WAIT,idle,2,1,-11.849,5.513,-4.387,0.001,0.007,-0.002,-0.4549
1785822077.348,0.000,WAIT,idle,2,1,-11.851,5.512,-4.387,0.002,0.004,-0.000,-0.4546
1785822077.448,0.000,WAIT,idle,2,1,-11.851,5.511,-4.388,0.004,-0.002,-0.000,-0.4548
1785822077.548,0.000,WAIT,idle,2,1,-11.852,5.510,-4.388,0.003,0.012,-0.003,-0.4550
1785822077.648,0.000,WAIT,idle,2,1,-11.853,5.510,-4.389,0.002,-0.009,0.001,-0.4555
1785822077.748,0.000,WAIT,idle,2,1,-11.854,5.509,-4.389,-0.001,-0.004,0.000,-0.4552
1785822077.848,0.000,WAIT,idle,2,1,-11.855,5.508,-4.389,0.002,-0.001,0.000,-0.4553
1785822077.948,0.000,WAIT,idle,2,1,-11.856,5.508,-4.389,0.001,-0.003,0.002,-0.4552
1785822078.048,0.000,WAIT,idle,2,1,-11.857,5.507,-4.389,0.002,-0.002,0.003,-0.4552
1785822078.148,0.000,WAIT,idle,2,1,-11.857,5.506,-4.389,0.005,0.002,0.003,-0.4554
1785822078.248,0.000,WAIT,idle,2,1,-11.857,5.505,-4.389,0.008,0.007,0.001,-0.4553
1785822078.348,0.000,WAIT,idle,2,1,-11.857,5.504,-4.390,0.010,-0.003,0.001,-0.4553
1785822078.448,0.000,WAIT,idle,2,1,-11.856,5.503,-4.390,0.009,-0.001,0.002,-0.4553
1785822078.548,0.000,WAIT,idle,2,1,-11.856,5.503,-4.391,0.012,0.018,0.001,-0.4549
1785822078.648,0.000,WAIT,idle,2,1,-11.857,5.502,-4.391,0.011,0.013,0.003,-0.4551
1785822078.748,0.000,WAIT,idle,2,1,-11.857,5.502,-4.392,0.014,0.012,0.004,-0.4549
1785822078.848,0.000,WAIT,idle,2,1,-11.857,5.501,-4.392,0.014,0.004,0.003,-0.4551
1785822078.948,0.000,WAIT,idle,2,1,-11.857,5.500,-4.392,0.014,0.019,0.004,-0.4554
1785822079.048,0.000,WAIT,idle,2,1,-11.857,5.500,-4.392,0.014,0.017,0.005,-0.4551
1785822079.148,0.000,WAIT,idle,2,1,-11.857,5.500,-4.392,0.014,0.014,0.004,-0.4550
1785822079.248,0.000,WAIT,idle,2,1,-11.858,5.500,-4.392,0.013,0.009,0.005,-0.4549
1785822079.348,0.000,WAIT,idle,2,1,-11.858,5.501,-4.392,0.010,0.004,0.006,-0.4551
1785822079.448,0.000,WAIT,idle,2,1,-11.858,5.501,-4.392,0.011,0.003,0.006,-0.4552
1785822079.548,0.000,WAIT,idle,2,1,-11.858,5.502,-4.393,0.011,0.007,0.004,-0.4551
1785822079.648,0.000,WAIT,idle,2,1,-11.858,5.503,-4.393,0.010,0.013,0.004,-0.4547
1785822079.748,0.000,WAIT,idle,2,1,-11.858,5.504,-4.395,0.011,0.007,0.005,-0.4549
1785822079.848,0.000,WAIT,idle,2,1,-11.859,5.505,-4.395,0.008,0.007,0.006,-0.4549
1785822079.948,0.000,WAIT,idle,2,1,-11.859,5.505,-4.396,0.008,0.010,0.006,-0.4550
1785822080.048,0.000,WAIT,idle,2,1,-11.859,5.506,-4.397,0.007,0.017,0.008,-0.4550
1785822080.148,0.000,WAIT,idle,2,1,-11.860,5.508,-4.397,0.008,0.022,0.009,-0.4548
1785822080.248,0.000,WAIT,idle,2,1,-11.860,5.509,-4.397,0.004,0.006,0.009,-0.4549
1785822080.348,0.000,WAIT,idle,2,1,-11.860,5.510,-4.397,0.008,0.024,0.010,-0.4545
1785822080.448,0.000,WAIT,idle,2,1,-11.860,5.512,-4.397,0.006,0.014,0.012,-0.4550
1785822080.548,0.000,WAIT,idle,2,1,-11.860,5.514,-4.397,0.010,0.019,0.008,-0.4547
1785822080.648,0.000,WAIT,idle,2,1,-11.858,5.515,-4.398,0.012,0.019,0.006,-0.4547
1785822080.748,0.000,WAIT,idle,2,1,-11.857,5.516,-4.398,0.015,0.016,0.008,-0.4552
1785822080.848,0.000,WAIT,idle,2,1,-11.855,5.517,-4.398,0.019,0.013,0.011,-0.4553
1785822080.948,0.000,WAIT,idle,2,1,-11.852,5.518,-4.397,0.020,0.009,0.012,-0.4552
1785822081.048,0.000,WAIT,idle,2,1,-11.850,5.519,-4.396,0.021,0.002,0.010,-0.4551
1785822081.148,0.000,WAIT,idle,2,1,-11.847,5.521,-4.395,0.020,-0.001,0.007,-0.4551
1785822081.248,0.000,WAIT,idle,2,1,-11.845,5.523,-4.394,0.020,0.006,0.010,-0.4548
1785822081.348,0.000,WAIT,idle,2,1,-11.843,5.524,-4.393,0.015,-0.000,0.009,-0.4547
1785822081.448,0.000,WAIT,idle,2,1,-11.842,5.525,-4.392,0.009,-0.006,0.006,-0.4553
1785822081.548,0.000,WAIT,idle,2,1,-11.842,5.527,-4.391,0.009,0.009,0.003,-0.4554
1785822081.648,0.000,WAIT,idle,2,1,-11.841,5.528,-4.391,0.005,-0.008,0.003,-0.4555
1785822081.748,0.000,WAIT,idle,2,1,-11.841,5.529,-4.390,0.001,-0.003,0.002,-0.4553
1785822081.848,0.000,WAIT,idle,2,1,-11.842,5.530,-4.390,0.001,0.003,0.002,-0.4549
1785822081.948,0.000,WAIT,idle,2,1,-11.842,5.532,-4.389,-0.000,0.007,0.003,-0.4546
1785822082.048,0.000,WAIT,idle,2,1,-11.842,5.533,-4.389,0.000,0.010,0.001,-0.4546
1785822082.148,0.000,WAIT,idle,2,1,-11.843,5.535,-4.388,0.000,0.010,0.001,-0.4544
1785822082.248,0.000,WAIT,idle,2,1,-11.843,5.536,-4.388,0.004,0.005,0.002,-0.4544
1785822082.348,0.000,WAIT,idle,2,1,-11.843,5.537,-4.387,0.002,-0.012,0.002,-0.4548
1785822082.448,0.000,WAIT,idle,2,1,-11.842,5.538,-4.386,0.004,-0.013,0.001,-0.4553
1785822082.548,0.000,WAIT,idle,2,1,-11.842,5.539,-4.385,0.004,-0.011,-0.002,-0.4554
1785822082.648,0.000,WAIT,idle,2,1,-11.841,5.540,-4.384,0.005,-0.007,-0.005,-0.4551
1785822082.748,0.000,WAIT,idle,2,1,-11.841,5.540,-4.384,0.006,-0.003,-0.002,-0.4548
1785822082.848,0.000,WAIT,idle,2,1,-11.841,5.540,-4.383,0.004,-0.014,-0.001,-0.4553
1785822082.948,0.000,WAIT,idle,2,1,-11.841,5.540,-4.382,0.002,-0.009,-0.004,-0.4556
1785822083.048,0.000,WAIT,idle,2,1,-11.841,5.539,-4.382,0.003,-0.004,-0.005,-0.4553
1785822083.148,0.000,WAIT,idle,2,1,-11.842,5.538,-4.382,0.001,-0.006,-0.006,-0.4547
1785822083.248,0.000,WAIT,idle,2,1,-11.843,5.537,-4.381,-0.006,-0.020,-0.006,-0.4555
1785822083.348,0.000,WAIT,idle,2,1,-11.845,5.536,-4.380,-0.006,-0.024,-0.007,-0.4557
1785822083.448,0.000,WAIT,idle,2,1,-11.847,5.534,-4.380,-0.007,-0.023,-0.008,-0.4553
1785822083.548,0.000,WAIT,idle,2,1,-11.848,5.533,-4.379,-0.005,-0.018,-0.005,-0.4551
1785822083.648,0.000,WAIT,idle,2,1,-11.850,5.531,-4.379,-0.002,-0.023,-0.008,-0.4551
1785822083.748,0.000,WAIT,idle,2,1,-11.852,5.530,-4.379,-0.001,-0.023,-0.007,-0.4551
1785822083.848,0.000,WAIT,idle,2,1,-11.853,5.529,-4.379,0.004,-0.015,-0.006,-0.4548
1785822083.948,0.000,WAIT,idle,2,1,-11.854,5.528,-4.380,0.002,-0.015,-0.007,-0.4552
1785822084.048,0.000,WAIT,idle,2,1,-11.856,5.528,-4.380,0.001,-0.014,-0.008,-0.4551
1785822084.148,0.000,WAIT,idle,2,1,-11.857,5.527,-4.381,0.002,-0.014,-0.008,-0.4554
1785822084.248,0.000,WAIT,idle,2,1,-11.858,5.526,-4.383,0.001,-0.009,-0.009,-0.4554
1785822084.348,0.000,WAIT,idle,2,1,-11.860,5.525,-4.384,0.005,-0.013,-0.005,-0.4551
1785822084.448,0.000,WAIT,idle,2,1,-11.860,5.523,-4.385,0.006,-0.017,-0.007,-0.4551
1785822084.548,0.000,WAIT,idle,2,1,-11.860,5.522,-4.386,0.007,-0.017,-0.004,-0.4553
1785822084.648,0.000,WAIT,idle,2,1,-11.860,5.520,-4.387,0.012,0.002,-0.003,-0.4551
1785822084.748,0.000,WAIT,idle,2,1,-11.860,5.519,-4.387,0.015,-0.002,-0.001,-0.4552
1785822084.848,0.000,WAIT,idle,2,1,-11.860,5.517,-4.388,0.014,-0.005,-0.001,-0.4551
1785822084.948,0.000,WAIT,idle,2,1,-11.859,5.516,-4.389,0.015,-0.012,-0.000,-0.4555
1785822085.048,0.000,WAIT,idle,2,1,-11.859,5.515,-4.390,0.010,-0.011,-0.000,-0.4558
1785822085.148,0.000,WAIT,idle,2,1,-11.859,5.514,-4.391,0.011,-0.004,0.000,-0.4558
1785822085.248,0.000,WAIT,idle,2,1,-11.859,5.513,-4.392,0.011,0.003,0.002,-0.4551
1785822085.348,0.000,WAIT,idle,2,1,-11.859,5.512,-4.392,0.009,0.007,0.003,-0.4549
1785822085.448,0.000,WAIT,idle,2,1,-11.859,5.512,-4.392,0.012,0.009,0.003,-0.4548
1785822085.548,0.000,WAIT,idle,2,1,-11.858,5.512,-4.392,0.012,0.009,0.003,-0.4547
1785822085.648,0.000,WAIT,idle,2,1,-11.858,5.512,-4.392,0.013,0.007,0.001,-0.4546
1785822085.748,0.000,WAIT,idle,2,1,-11.857,5.512,-4.392,0.015,0.004,0.004,-0.4547
1785822085.848,0.000,WAIT,idle,2,1,-11.855,5.513,-4.393,0.017,0.002,0.004,-0.4546
1785822085.948,0.000,WAIT,idle,2,1,-11.853,5.514,-4.393,0.016,-0.001,0.004,-0.4549
1785822086.048,0.000,WAIT,idle,2,1,-11.851,5.515,-4.393,0.016,0.001,0.006,-0.4551
1785822086.148,0.000,WAIT,idle,2,1,-11.849,5.516,-4.394,0.014,0.005,0.006,-0.4551
1785822086.248,0.000,WAIT,idle,2,1,-11.847,5.516,-4.394,0.011,0.007,0.005,-0.4552
1785822086.348,0.000,WAIT,idle,2,1,-11.845,5.516,-4.394,0.012,-0.003,0.007,-0.4554
1785822086.448,0.000,WAIT,idle,2,1,-11.842,5.517,-4.394,0.011,0.000,0.009,-0.4554
1785822086.548,0.000,WAIT,idle,2,1,-11.840,5.517,-4.394,0.007,0.006,0.006,-0.4555
1785822086.648,0.000,WAIT,idle,2,1,-11.839,5.517,-4.394,0.007,-0.006,0.008,-0.4555
1785822086.748,0.000,WAIT,idle,2,1,-11.837,5.518,-4.394,0.005,-0.006,0.007,-0.4554
1785822086.848,0.000,WAIT,idle,2,1,-11.835,5.518,-4.394,0.006,-0.003,0.008,-0.4553
1785822086.948,0.000,WAIT,idle,2,1,-11.833,5.518,-4.394,0.004,-0.007,0.008,-0.4554
1785822087.048,0.000,WAIT,idle,2,1,-11.832,5.519,-4.394,0.001,-0.004,0.007,-0.4551
1785822087.148,0.000,WAIT,idle,2,1,-11.831,5.520,-4.393,-0.002,0.002,0.006,-0.4550
1785822087.248,0.000,WAIT,idle,2,1,-11.830,5.521,-4.393,-0.004,0.008,0.007,-0.4548
1785822087.348,0.000,WAIT,idle,2,1,-11.829,5.523,-4.393,-0.006,-0.003,0.006,-0.4550
1785822087.448,0.000,WAIT,idle,2,1,-11.829,5.524,-4.393,-0.005,-0.000,0.003,-0.4548
1785822087.548,0.000,WAIT,idle,2,1,-11.828,5.525,-4.393,-0.005,-0.007,0.005,-0.4549
1785822087.648,0.000,WAIT,idle,2,1,-11.827,5.526,-4.393,-0.008,-0.010,0.006,-0.4549
1785822087.748,0.000,WAIT,idle,2,1,-11.827,5.526,-4.393,-0.009,-0.009,0.004,-0.4553
1785822087.848,0.000,WAIT,idle,2,1,-11.826,5.526,-4.392,-0.010,-0.004,0.005,-0.4553
1785822087.948,0.000,WAIT,idle,2,1,-11.826,5.527,-4.392,-0.008,0.001,0.004,-0.4548
1785822088.048,0.000,WAIT,idle,2,1,-11.825,5.527,-4.391,-0.007,0.006,0.004,-0.4549
1785822088.148,0.000,WAIT,idle,2,1,-11.824,5.527,-4.390,-0.008,0.007,0.004,-0.4549
1785822088.248,0.000,WAIT,idle,2,1,-11.824,5.527,-4.390,-0.009,-0.005,0.003,-0.4549
1785822088.348,0.000,WAIT,idle,2,1,-11.823,5.527,-4.390,-0.013,-0.002,0.003,-0.4551
1785822088.448,0.000,WAIT,idle,2,1,-11.823,5.527,-4.389,-0.014,0.003,0.004,-0.4549
1785822088.548,0.000,WAIT,idle,2,1,-11.823,5.527,-4.388,-0.010,-0.001,0.001,-0.4546
1785822088.648,0.000,WAIT,idle,2,1,-11.822,5.527,-4.388,-0.007,-0.006,0.002,-0.4549
1785822088.748,0.000,WAIT,idle,2,1,-11.822,5.526,-4.388,-0.007,-0.012,0.002,-0.4550
1785822088.848,0.000,WAIT,idle,2,1,-11.821,5.526,-4.388,-0.011,-0.016,0.000,-0.4549
1785822088.948,0.000,WAIT,idle,2,1,-11.821,5.525,-4.388,-0.016,-0.016,0.000,-0.4550
1785822089.048,0.000,WAIT,idle,2,1,-11.821,5.525,-4.387,-0.016,-0.013,0.000,-0.4554
1785822089.148,0.000,WAIT,idle,2,1,-11.821,5.524,-4.387,-0.016,-0.006,-0.000,-0.4551
1785822089.248,0.000,WAIT,idle,2,1,-11.821,5.524,-4.387,-0.017,-0.000,-0.002,-0.4548
1785822089.348,0.000,WAIT,idle,2,1,-11.821,5.524,-4.387,-0.013,0.003,-0.002,-0.4548
1785822089.448,0.000,WAIT,idle,2,1,-11.820,5.523,-4.387,-0.012,0.005,0.001,-0.4549
1785822089.548,0.000,WAIT,idle,2,1,-11.820,5.523,-4.387,-0.010,0.002,0.000,-0.4550
1785822089.648,0.000,WAIT,idle,2,1,-11.820,5.523,-4.387,-0.013,0.005,-0.002,-0.4551
1785822089.748,0.000,WAIT,idle,2,1,-11.819,5.522,-4.387,-0.011,0.007,-0.002,-0.4550
1785822089.848,0.000,WAIT,idle,2,1,-11.820,5.523,-4.387,-0.010,0.006,-0.001,-0.4549
1785822089.948,0.000,WAIT,idle,2,1,-11.820,5.523,-4.387,-0.011,0.002,-0.001,-0.4549
1785822090.048,0.000,WAIT,idle,2,1,-11.820,5.523,-4.387,-0.012,-0.003,0.001,-0.4550
1785822090.148,0.000,WAIT,idle,2,1,-11.821,5.522,-4.386,-0.011,0.005,0.002,-0.4548
1785822090.248,0.000,WAIT,idle,2,1,-11.822,5.521,-4.386,-0.008,0.002,-0.001,-0.4550
1785822090.348,0.000,WAIT,idle,2,1,-11.823,5.520,-4.386,-0.007,-0.002,-0.003,-0.4552
1785822090.448,0.000,WAIT,idle,2,1,-11.825,5.519,-4.386,-0.012,0.005,-0.003,-0.4546
1785822090.548,0.000,WAIT,idle,2,1,-11.826,5.519,-4.387,-0.015,-0.010,-0.002,-0.4549
1785822090.648,0.000,WAIT,idle,2,1,-11.829,5.518,-4.388,-0.015,0.001,-0.001,-0.4547
1785822090.748,0.000,WAIT,idle,2,1,-11.832,5.518,-4.389,-0.015,-0.003,-0.002,-0.4548
1785822090.848,0.000,WAIT,idle,2,1,-11.834,5.518,-4.390,-0.015,-0.006,0.001,-0.4545
1785822090.948,0.000,WAIT,idle,2,1,-11.837,5.518,-4.390,-0.018,-0.009,0.002,-0.4547
1785822091.048,0.000,WAIT,idle,2,1,-11.841,5.519,-4.391,-0.012,0.003,0.003,-0.4545
1785822091.148,0.000,WAIT,idle,2,1,-11.843,5.518,-4.391,-0.010,-0.003,0.003,-0.4544
1785822091.248,0.000,WAIT,idle,2,1,-11.844,5.518,-4.391,-0.010,-0.009,0.005,-0.4547
1785822091.348,0.000,WAIT,idle,2,1,-11.846,5.517,-4.392,-0.008,0.002,0.004,-0.4548
1785822091.448,0.000,WAIT,idle,2,1,-11.847,5.517,-4.392,-0.005,-0.001,0.003,-0.4552
1785822091.548,0.000,WAIT,idle,2,1,-11.848,5.517,-4.392,-0.005,-0.007,0.005,-0.4549
1785822091.648,0.000,WAIT,idle,2,1,-11.849,5.516,-4.392,-0.003,-0.010,0.003,-0.4552
1785822091.748,0.000,WAIT,idle,2,1,-11.849,5.515,-4.393,-0.003,-0.009,0.002,-0.4555
1785822091.848,0.000,WAIT,idle,2,1,-11.849,5.514,-4.393,0.002,-0.006,0.004,-0.4558
1785822091.948,0.000,WAIT,idle,2,1,-11.849,5.513,-4.393,0.002,0.000,0.004,-0.4557
1785822092.048,0.000,WAIT,idle,2,1,-11.848,5.512,-4.393,0.006,0.009,0.006,-0.4553
1785822092.148,0.000,WAIT,idle,2,1,-11.848,5.511,-4.393,0.006,0.012,0.002,-0.4553
1785822092.248,0.000,WAIT,idle,2,1,-11.848,5.510,-4.394,0.007,0.014,0.006,-0.4549
1785822092.348,0.000,WAIT,idle,2,1,-11.848,5.509,-4.395,0.005,-0.002,0.004,-0.4551
1785822092.448,0.000,WAIT,idle,2,1,-11.848,5.508,-4.395,0.005,-0.007,0.006,-0.4551
1785822092.548,0.000,WAIT,idle,2,1,-11.849,5.506,-4.396,0.005,-0.000,0.007,-0.4552
1785822092.648,0.000,WAIT,idle,2,1,-11.849,5.505,-4.396,0.005,-0.004,0.008,-0.4551
1785822092.748,0.000,WAIT,idle,2,1,-11.849,5.504,-4.396,0.003,-0.007,0.010,-0.4550
1785822092.848,0.000,WAIT,idle,2,1,-11.850,5.502,-4.396,0.002,-0.005,0.009,-0.4553
1785822092.948,0.000,WAIT,idle,2,1,-11.850,5.500,-4.395,0.000,-0.001,0.008,-0.4554
1785822093.048,0.000,WAIT,idle,2,1,-11.849,5.499,-4.395,0.002,0.008,0.007,-0.4552
1785822093.148,0.000,WAIT,idle,2,1,-11.849,5.498,-4.395,0.001,0.015,0.008,-0.4550
1785822093.248,0.000,WAIT,idle,2,1,-11.849,5.497,-4.395,0.002,0.022,0.009,-0.4548
1785822093.348,0.000,WAIT,idle,2,1,-11.848,5.497,-4.395,0.000,0.008,0.008,-0.4551
1785822093.448,0.000,WAIT,idle,2,1,-11.848,5.496,-4.394,0.007,0.019,0.005,-0.4547
1785822093.548,0.000,WAIT,idle,2,1,-11.847,5.495,-4.395,0.001,0.017,0.005,-0.4555
1785822093.648,0.000,WAIT,idle,2,1,-11.846,5.494,-4.394,0.004,0.022,0.007,-0.4554
1785822093.748,0.000,WAIT,idle,2,1,-11.845,5.494,-4.394,0.006,0.024,0.004,-0.4551
1785822093.848,0.000,WAIT,idle,2,1,-11.843,5.493,-4.395,0.009,0.022,0.006,-0.4552
1785822093.948,0.000,WAIT,idle,2,1,-11.841,5.492,-4.395,0.009,0.018,0.007,-0.4553
1785822094.048,0.000,WAIT,idle,2,1,-11.840,5.491,-4.395,0.005,0.013,0.007,-0.4551
1785822094.148,0.000,WAIT,idle,2,1,-11.839,5.491,-4.394,0.003,0.022,0.006,-0.4545
1785822094.248,0.000,WAIT,idle,2,1,-11.839,5.490,-4.394,0.003,0.014,0.007,-0.4547
1785822094.348,0.000,WAIT,idle,2,1,-11.838,5.490,-4.394,-0.001,0.010,0.007,-0.4551
1785822094.448,0.000,WAIT,idle,2,1,-11.838,5.490,-4.393,-0.001,0.005,0.005,-0.4555
1785822094.548,0.000,WAIT,idle,2,1,-11.838,5.490,-4.392,-0.006,0.009,0.005,-0.4552
1785822094.648,0.000,WAIT,idle,2,1,-11.838,5.492,-4.391,-0.004,0.024,0.006,-0.4543
1785822094.748,0.000,WAIT,idle,2,1,-11.837,5.495,-4.390,-0.004,0.020,0.004,-0.4546
1785822094.848,0.000,WAIT,idle,2,1,-11.837,5.498,-4.389,-0.005,0.020,0.002,-0.4544
1785822094.948,0.000,WAIT,idle,2,1,-11.836,5.501,-4.388,-0.003,0.019,0.001,-0.4544
1785822095.048,0.000,WAIT,idle,2,1,-11.836,5.504,-4.388,-0.002,0.037,-0.001,-0.4542
1785822095.148,0.000,WAIT,idle,2,1,-11.835,5.508,-4.388,-0.004,0.021,-0.002,-0.4547
1785822095.248,0.000,WAIT,idle,2,1,-11.835,5.512,-4.388,-0.006,0.024,-0.001,-0.4547
1785822095.348,0.000,WAIT,idle,2,1,-11.835,5.515,-4.388,-0.007,0.026,0.000,-0.4546
1785822095.448,0.000,WAIT,idle,2,1,-11.835,5.518,-4.388,-0.005,0.021,0.003,-0.4547
1785822095.548,0.000,WAIT,idle,2,1,-11.835,5.521,-4.388,-0.007,0.013,0.002,-0.4546
1785822095.648,0.000,WAIT,idle,2,1,-11.835,5.524,-4.387,-0.008,0.006,-0.001,-0.4547
1785822095.748,0.000,WAIT,idle,2,1,-11.835,5.525,-4.388,-0.010,0.000,-0.001,-0.4551
1785822095.848,0.000,WAIT,idle,2,1,-11.835,5.527,-4.387,-0.009,0.002,0.000,-0.4554
1785822095.948,0.000,WAIT,idle,2,1,-11.835,5.528,-4.387,-0.011,0.006,0.000,-0.4553
1785822096.048,0.000,WAIT,idle,2,1,-11.835,5.529,-4.387,-0.009,-0.007,0.001,-0.4552
1785822096.148,0.000,WAIT,idle,2,1,-11.835,5.529,-4.387,-0.006,0.009,0.001,-0.4551
1785822096.248,0.000,WAIT,idle,2,1,-11.835,5.530,-4.386,-0.002,0.010,-0.003,-0.4555
1785822096.348,0.000,WAIT,idle,2,1,-11.834,5.530,-4.386,-0.005,-0.004,-0.002,-0.4554
1785822096.448,0.000,WAIT,idle,2,1,-11.834,5.530,-4.386,-0.004,-0.002,-0.003,-0.4553
1785822096.548,0.000,WAIT,idle,2,1,-11.833,5.530,-4.385,-0.002,0.001,-0.003,-0.4553
1785822096.648,0.000,WAIT,idle,2,1,-11.833,5.530,-4.384,-0.001,0.002,-0.002,-0.4550
1785822096.748,0.000,WAIT,idle,2,1,-11.833,5.530,-4.383,-0.001,0.001,-0.002,-0.4549
1785822096.848,0.000,WAIT,idle,2,1,-11.833,5.530,-4.382,-0.008,-0.015,-0.003,-0.4550
1785822096.948,0.000,WAIT,idle,2,1,-11.833,5.530,-4.381,-0.008,-0.016,-0.004,-0.4548
1785822097.048,0.000,WAIT,idle,2,1,-11.834,5.530,-4.380,-0.006,-0.012,-0.006,-0.4552
1785822097.148,0.000,WAIT,idle,2,1,-11.834,5.531,-4.380,-0.008,-0.013,-0.009,-0.4553
1785822097.248,0.000,WAIT,idle,2,1,-11.835,5.531,-4.381,-0.010,-0.014,-0.009,-0.4552
1785822097.348,0.000,WAIT,idle,2,1,-11.836,5.532,-4.381,-0.011,-0.011,-0.008,-0.4550
1785822097.448,0.000,WAIT,idle,2,1,-11.838,5.532,-4.381,-0.010,-0.006,-0.005,-0.4549
1785822097.548,0.000,WAIT,idle,2,1,-11.839,5.531,-4.381,-0.009,-0.016,-0.007,-0.4547
1785822097.648,0.000,WAIT,idle,2,1,-11.840,5.531,-4.381,-0.007,-0.000,-0.006,-0.4546
1785822097.748,0.000,WAIT,idle,2,1,-11.841,5.530,-4.381,-0.006,-0.001,-0.007,-0.4549
1785822097.848,0.000,WAIT,idle,2,1,-11.843,5.529,-4.381,-0.005,-0.005,-0.008,-0.4555
1785822097.948,0.000,WAIT,idle,2,1,-11.844,5.528,-4.381,-0.002,-0.005,-0.007,-0.4551
1785822098.048,0.000,WAIT,idle,2,1,-11.846,5.527,-4.381,-0.005,0.003,-0.007,-0.4549
1785822098.148,0.000,WAIT,idle,2,1,-11.847,5.526,-4.381,-0.002,-0.001,-0.007,-0.4549
1785822098.248,0.000,WAIT,idle,2,1,-11.849,5.525,-4.381,-0.002,-0.004,-0.006,-0.4547
1785822098.348,0.000,WAIT,idle,2,1,-11.850,5.524,-4.380,-0.002,-0.008,-0.006,-0.4546
1785822098.448,0.000,WAIT,idle,2,1,-11.851,5.523,-4.380,-0.003,-0.012,-0.005,-0.4550
1785822098.548,0.000,WAIT,idle,2,1,-11.852,5.522,-4.380,-0.004,-0.014,-0.007,-0.4551
1785822098.648,0.000,WAIT,idle,2,1,-11.852,5.521,-4.380,-0.004,-0.012,-0.008,-0.4551
1785822098.748,0.000,WAIT,idle,2,1,-11.852,5.520,-4.380,-0.002,-0.008,-0.007,-0.4552
1785822098.848,0.000,WAIT,idle,2,1,-11.852,5.519,-4.381,0.001,-0.002,-0.007,-0.4552
1785822098.948,0.000,WAIT,idle,2,1,-11.851,5.517,-4.381,0.003,0.000,-0.006,-0.4551
1785822099.048,0.000,WAIT,idle,2,1,-11.851,5.515,-4.382,0.004,0.004,-0.007,-0.4552
1785822099.148,0.000,WAIT,idle,2,1,-11.850,5.512,-4.383,0.009,0.007,-0.005,-0.4553
1785822099.248,0.000,WAIT,idle,2,1,-11.850,5.510,-4.384,0.005,0.004,-0.007,-0.4552
1785822099.348,0.000,WAIT,idle,2,1,-11.850,5.508,-4.385,0.006,0.002,-0.004,-0.4548
1785822099.448,0.000,WAIT,idle,2,1,-11.849,5.507,-4.387,0.006,-0.002,-0.005,-0.4547
1785822099.548,0.000,WAIT,idle,2,1,-11.848,5.506,-4.388,0.005,-0.003,-0.002,-0.4550
1785822099.648,0.000,WAIT,idle,2,1,-11.847,5.505,-4.389,0.006,-0.003,0.001,-0.4550
1785822099.748,0.000,WAIT,idle,2,1,-11.845,5.505,-4.390,0.008,0.014,0.001,-0.4547
1785822099.848,0.000,WAIT,idle,2,1,-11.844,5.505,-4.391,0.005,0.008,0.002,-0.4553
1785822099.948,0.000,WAIT,idle,2,1,-11.843,5.505,-4.392,-0.001,0.009,0.002,-0.4552
1785822100.048,0.000,WAIT,idle,2,1,-11.842,5.505,-4.392,0.001,0.002,0.004,-0.4548
1785822100.148,0.000,WAIT,idle,2,1,-11.841,5.505,-4.393,0.000,0.003,0.005,-0.4552
1785822100.248,0.000,WAIT,idle,2,1,-11.840,5.505,-4.393,-0.002,0.007,0.006,-0.4551
1785822100.348,0.000,WAIT,idle,2,1,-11.839,5.504,-4.394,-0.003,0.010,0.006,-0.4549
1785822100.448,0.000,WAIT,idle,2,1,-11.837,5.504,-4.394,-0.003,0.015,0.005,-0.4548
1785822100.548,0.000,WAIT,idle,2,1,-11.836,5.504,-4.394,-0.001,0.019,0.007,-0.4548
1785822100.648,0.000,WAIT,idle,2,1,-11.834,5.504,-4.394,0.002,0.021,0.006,-0.4552
1785822100.748,0.000,WAIT,idle,2,1,-11.833,5.504,-4.394,0.003,0.022,0.007,-0.4551
1785822100.848,0.000,WAIT,idle,2,1,-11.830,5.504,-4.394,0.002,0.021,0.007,-0.4548
1785822100.948,0.000,WAIT,idle,2,1,-11.828,5.504,-4.394,0.003,0.021,0.006,-0.4547
1785822101.048,0.000,WAIT,idle,2,1,-11.826,5.503,-4.394,-0.002,0.009,0.006,-0.4552
1785822101.148,0.000,WAIT,idle,2,1,-11.825,5.504,-4.394,-0.004,0.015,0.007,-0.4550
1785822101.248,0.000,WAIT,idle,2,1,-11.824,5.504,-4.394,-0.004,0.021,0.006,-0.4545
1785822101.348,0.000,WAIT,idle,2,1,-11.823,5.505,-4.394,-0.007,0.024,0.004,-0.4545
1785822101.448,0.000,WAIT,idle,2,1,-11.823,5.506,-4.394,-0.007,0.023,0.006,-0.4546
1785822101.548,0.000,WAIT,idle,2,1,-11.823,5.508,-4.395,-0.008,0.019,0.007,-0.4540
1785822101.648,0.000,WAIT,idle,2,1,-11.823,5.509,-4.395,-0.007,0.014,0.006,-0.4544
1785822101.748,0.000,WAIT,idle,2,1,-11.822,5.511,-4.396,-0.009,0.009,0.006,-0.4548
1785822101.848,0.000,WAIT,idle,2,1,-11.822,5.512,-4.396,-0.011,0.001,0.007,-0.4551
1785822101.948,0.000,WAIT,idle,2,1,-11.822,5.513,-4.396,-0.010,0.008,0.009,-0.4551
1785822102.048,0.000,WAIT,idle,2,1,-11.822,5.514,-4.396,-0.011,0.003,0.011,-0.4550
1785822102.148,0.000,WAIT,idle,2,1,-11.822,5.515,-4.396,-0.016,-0.004,0.010,-0.4550
1785822102.248,0.000,WAIT,idle,2,1,-11.824,5.516,-4.396,-0.018,-0.003,0.009,-0.4552
1785822102.348,0.000,WAIT,idle,2,1,-11.825,5.517,-4.396,-0.021,-0.000,0.008,-0.4550
1785822102.448,0.000,WAIT,idle,2,1,-11.826,5.519,-4.397,-0.019,0.004,0.011,-0.4548
1785822102.548,0.000,WAIT,idle,2,1,-11.827,5.520,-4.397,-0.019,0.009,0.009,-0.4550
1785822102.648,0.000,WAIT,idle,2,1,-11.829,5.522,-4.397,-0.019,0.013,0.009,-0.4548
1785822102.748,0.000,WAIT,idle,2,1,-11.830,5.523,-4.397,-0.016,0.016,0.008,-0.4544
1785822102.848,0.000,WAIT,idle,2,1,-11.831,5.525,-4.397,-0.014,0.013,0.009,-0.4542
1785822102.948,0.000,WAIT,idle,2,1,-11.833,5.528,-4.398,-0.016,0.009,0.010,-0.4547
1785822103.048,0.000,WAIT,idle,2,1,-11.834,5.529,-4.398,-0.013,0.012,0.010,-0.4545
1785822103.148,0.000,WAIT,idle,2,1,-11.835,5.530,-4.398,-0.013,0.011,0.012,-0.4542
1785822103.248,0.000,WAIT,idle,2,1,-11.836,5.531,-4.398,-0.012,0.002,0.009,-0.4551
1785822103.348,0.000,WAIT,idle,2,1,-11.837,5.532,-4.398,-0.008,0.005,0.010,-0.4550
1785822103.448,0.000,WAIT,idle,2,1,-11.838,5.532,-4.398,-0.009,-0.012,0.010,-0.4550
1785822103.548,0.000,WAIT,idle,2,1,-11.839,5.532,-4.398,-0.003,0.001,0.010,-0.4546
1785822103.648,0.000,WAIT,idle,2,1,-11.840,5.532,-4.397,-0.007,-0.004,0.010,-0.4551
1785822103.748,0.000,WAIT,idle,2,1,-11.841,5.531,-4.396,-0.006,-0.004,0.010,-0.4548
1785822103.848,0.000,WAIT,idle,2,1,-11.842,5.531,-4.395,-0.004,-0.001,0.009,-0.4544
1785822103.948,0.000,WAIT,idle,2,1,-11.844,5.531,-4.394,-0.008,-0.003,0.009,-0.4550
1785822104.048,0.000,WAIT,idle,2,1,-11.845,5.531,-4.393,-0.008,-0.000,0.008,-0.4546
1785822104.148,0.000,WAIT,idle,2,1,-11.848,5.532,-4.391,-0.017,0.008,0.006,-0.4547
1785822104.248,0.000,WAIT,idle,2,1,-11.852,5.534,-4.391,-0.035,0.022,0.003,-0.4554
1785822104.348,0.000,WAIT,idle,2,1,-11.857,5.536,-4.390,-0.038,0.025,0.002,-0.4555
1785822104.448,0.000,WAIT,idle,2,1,-11.862,5.539,-4.390,-0.024,0.014,0.002,-0.4554
1785822104.548,0.000,WAIT,idle,2,1,-11.864,5.540,-4.389,-0.013,0.004,0.003,-0.4553
1785822104.648,0.000,WAIT,idle,2,1,-11.865,5.541,-4.388,-0.006,-0.003,0.002,-0.4554
1785822104.748,0.000,WAIT,idle,2,1,-11.866,5.541,-4.388,-0.000,-0.007,-0.000,-0.4556
1785822104.848,0.000,WAIT,idle,2,1,-11.866,5.540,-4.388,0.003,-0.010,-0.001,-0.4555
1785822104.948,0.000,WAIT,idle,2,1,-11.865,5.540,-4.388,0.005,-0.005,-0.001,-0.4557
1785822105.048,0.000,WAIT,idle,2,1,-11.865,5.539,-4.388,0.004,0.001,0.002,-0.4553
1785822105.148,0.000,WAIT,idle,2,1,-11.866,5.539,-4.388,0.003,0.003,0.001,-0.4548
1785822105.248,0.000,WAIT,idle,2,1,-11.866,5.539,-4.388,0.006,0.005,-0.001,-0.4546
1785822105.348,0.000,WAIT,idle,2,1,-11.867,5.538,-4.388,0.006,0.002,-0.000,-0.4550
1785822105.448,0.000,WAIT,idle,2,1,-11.867,5.538,-4.388,0.008,-0.002,-0.000,-0.4553
1785822105.548,0.000,WAIT,idle,2,1,-11.868,5.537,-4.387,0.005,-0.006,-0.001,-0.4548
1785822105.648,0.000,WAIT,idle,2,1,-11.868,5.537,-4.387,0.004,-0.011,-0.002,-0.4549
1785822105.748,0.000,WAIT,idle,2,1,-11.869,5.537,-4.387,0.007,0.006,-0.000,-0.4549
1785822105.848,0.000,WAIT,idle,2,1,-11.869,5.537,-4.386,0.008,0.003,0.001,-0.4546
1785822105.948,0.000,WAIT,idle,2,1,-11.869,5.537,-4.386,0.008,-0.002,-0.001,-0.4545
1785822106.048,0.000,WAIT,idle,2,1,-11.870,5.537,-4.386,0.008,-0.006,-0.000,-0.4548
1785822106.148,0.000,WAIT,idle,2,1,-11.870,5.537,-4.385,0.009,-0.000,-0.001,-0.4548
1785822106.248,0.000,WAIT,idle,2,1,-11.870,5.536,-4.385,0.010,0.002,-0.003,-0.4548
1785822106.348,0.000,WAIT,idle,2,1,-11.870,5.535,-4.385,0.012,-0.004,-0.002,-0.4547
1785822106.448,0.000,WAIT,idle,2,1,-11.870,5.535,-4.384,0.010,-0.005,-0.003,-0.4549
1785822106.548,0.000,WAIT,idle,2,1,-11.870,5.535,-4.384,0.013,0.005,-0.004,-0.4545
1785822106.648,0.000,WAIT,idle,2,1,-11.870,5.535,-4.384,0.014,0.003,-0.003,-0.4544
1785822106.748,0.000,WAIT,idle,2,1,-11.870,5.535,-4.384,0.013,-0.002,-0.004,-0.4548
1785822106.848,0.000,WAIT,idle,2,1,-11.870,5.535,-4.385,0.009,-0.005,-0.005,-0.4547
1785822106.948,0.000,WAIT,idle,2,1,-11.870,5.535,-4.385,0.010,-0.005,-0.003,-0.4548
1785822107.048,0.000,WAIT,idle,2,1,-11.871,5.535,-4.384,0.008,-0.004,-0.002,-0.4550
1785822107.148,0.000,WAIT,idle,2,1,-11.871,5.535,-4.384,0.009,-0.008,-0.005,-0.4550
1785822107.248,0.000,WAIT,idle,2,1,-11.872,5.534,-4.384,0.009,0.005,-0.006,-0.4551
1785822107.348,0.000,WAIT,idle,2,1,-11.873,5.534,-4.383,0.009,0.001,-0.004,-0.4550
1785822107.448,0.000,WAIT,idle,2,1,-11.874,5.534,-4.383,0.002,-0.002,-0.004,-0.4549
1785822107.548,0.000,WAIT,idle,2,1,-11.876,5.535,-4.383,0.000,-0.005,-0.004,-0.4549
1785822107.648,0.000,WAIT,idle,2,1,-11.877,5.535,-4.384,0.007,0.003,-0.002,-0.4549
1785822107.748,0.000,WAIT,idle,2,1,-11.878,5.535,-4.381,0.007,-0.001,0.078,-0.4550
1785822107.848,0.000,WAIT,idle,2,1,-11.879,5.536,-4.358,0.007,-0.002,0.322,-0.4614
1785822107.948,0.000,WAIT,idle,2,1,-11.879,5.536,-4.298,0.007,-0.005,0.656,-0.4782
1785822108.048,0.000,WAIT,idle,2,1,-11.879,5.537,-4.206,0.009,-0.004,0.813,-0.4861
1785822108.148,0.000,WAIT,idle,2,1,-11.878,5.537,-4.088,0.018,0.001,0.767,-0.4822
1785822108.248,0.000,WAIT,idle,2,1,-11.878,5.537,-3.999,0.015,0.001,0.703,-0.4817
1785822108.348,0.000,WAIT,idle,2,1,-11.877,5.538,-3.916,0.016,0.000,0.678,-0.4829
1785822108.448,0.000,WAIT,idle,2,1,-11.876,5.539,-3.834,0.013,0.000,0.671,-0.4828
1785822108.548,0.000,WAIT,idle,2,1,-11.874,5.540,-3.743,0.016,-0.001,0.667,-0.4822
1785822108.648,0.000,WAIT,idle,2,1,-11.873,5.541,-3.662,0.012,-0.004,0.668,-0.4819
1785822108.748,0.000,WAIT,idle,2,1,-11.872,5.541,-3.581,0.010,-0.005,0.672,-0.4819
1785822108.848,0.000,WAIT,idle,2,1,-11.870,5.542,-3.484,0.013,-0.003,0.674,-0.4816
1785822108.948,0.000,WAIT,idle,2,1,-11.869,5.542,-3.403,0.012,-0.008,0.673,-0.4816
1785822109.048,0.000,WAIT,idle,2,1,-11.867,5.542,-3.322,0.011,-0.011,0.676,-0.4818
1785822109.148,0.000,WAIT,idle,2,1,-11.865,5.542,-3.230,0.013,-0.010,0.677,-0.4817
1785822109.248,0.000,WAIT,idle,2,1,-11.863,5.541,-3.149,0.014,-0.014,0.679,-0.4820
1785822109.348,0.000,WAIT,idle,2,1,-11.860,5.541,-3.068,0.014,-0.014,0.681,-0.4819
1785822109.448,0.000,WAIT,idle,2,1,-11.857,5.541,-2.987,0.011,-0.012,0.684,-0.4819
1785822109.548,0.000,WAIT,idle,2,1,-11.854,5.541,-2.906,0.010,-0.005,0.684,-0.4819
1785822109.648,0.000,WAIT,idle,2,1,-11.852,5.541,-2.824,0.009,0.004,0.685,-0.4816
1785822109.748,0.000,WAIT,idle,2,1,-11.849,5.542,-2.726,0.009,-0.009,0.687,-0.4817
1785822109.848,0.000,WAIT,idle,2,1,-11.847,5.543,-2.643,0.005,-0.007,0.688,-0.4817
1785822109.948,0.000,WAIT,idle,2,1,-11.845,5.543,-2.560,0.001,-0.002,0.689,-0.4817
1785822110.048,0.000,WAIT,idle,2,1,-11.845,5.544,-2.466,-0.003,-0.009,0.692,-0.4815
1785822110.148,0.000,WAIT,idle,2,1,-11.844,5.544,-2.382,-0.005,-0.007,0.691,-0.4816
1785822110.248,0.000,WAIT,idle,2,1,-11.843,5.545,-2.299,-0.006,0.000,0.691,-0.4814
1785822110.348,0.000,WAIT,idle,2,1,-11.843,5.546,-2.215,-0.009,0.006,0.691,-0.4814
1785822110.448,0.000,WAIT,idle,2,1,-11.843,5.546,-2.115,-0.009,-0.009,0.692,-0.4817
1785822110.548,0.000,WAIT,idle,2,1,-11.843,5.546,-2.031,-0.012,-0.008,0.692,-0.4817
1785822110.648,0.000,WAIT,idle,2,1,-11.843,5.546,-1.948,-0.014,-0.005,0.691,-0.4814
1785822110.748,0.000,WAIT,idle,2,1,-11.843,5.546,-1.865,-0.013,-0.003,0.690,-0.4814
1785822110.848,0.000,WAIT,idle,2,1,-11.843,5.545,-1.782,-0.011,-0.003,0.692,-0.4814
1785822110.948,0.000,WAIT,idle,2,1,-11.842,5.543,-1.687,-0.013,-0.012,0.694,-0.4822
1785822111.048,0.000,WAIT,idle,2,1,-11.841,5.542,-1.598,-0.013,-0.013,0.693,-0.4825
1785822111.148,0.000,WAIT,idle,2,1,-11.841,5.542,-1.520,-0.010,-0.000,0.692,-0.4819
1785822111.248,0.000,WAIT,idle,2,1,-11.840,5.541,-1.437,-0.008,0.004,0.693,-0.4815
1785822111.348,0.000,WAIT,idle,2,1,-11.840,5.541,-1.353,-0.008,0.001,0.694,-0.4813
1785822111.448,0.000,WAIT,idle,2,1,-11.840,5.540,-1.270,-0.008,-0.004,0.696,-0.4812
1785822111.548,0.000,WAIT,idle,2,1,-11.840,5.540,-1.187,-0.011,-0.007,0.693,-0.4815
1785822111.648,0.000,WAIT,idle,2,1,-11.840,5.540,-1.104,-0.012,-0.011,0.691,-0.4816
1785822111.748,0.000,WAIT,idle,2,1,-11.840,5.540,-1.022,-0.015,-0.014,0.693,-0.4812
1785822111.848,0.000,WAIT,idle,2,1,-11.840,5.540,-0.939,-0.017,-0.015,0.696,-0.4815
1785822111.948,0.000,WAIT,idle,2,1,-11.840,5.540,-0.855,-0.017,-0.012,0.698,-0.4820
1785822112.048,0.000,WAIT,idle,2,1,-11.840,5.540,-0.754,-0.014,-0.005,0.698,-0.4816
1785822112.148,0.000,WAIT,idle,2,1,-11.840,5.541,-0.669,-0.014,-0.008,0.699,-0.4816
1785822112.248,0.000,WAIT,idle,2,1,-11.840,5.542,-0.584,-0.014,-0.009,0.697,-0.4816
1785822112.348,0.000,WAIT,idle,2,1,-11.839,5.542,-0.488,-0.012,-0.006,0.697,-0.4811
1785822112.448,0.000,WAIT,idle,2,1,-11.839,5.543,-0.404,-0.013,-0.011,0.695,-0.4815
1785822112.548,0.000,WAIT,idle,2,1,-11.839,5.543,-0.303,-0.012,0.004,0.693,-0.4813
1785822112.648,0.000,WAIT,idle,2,1,-11.839,5.543,-0.219,-0.012,0.001,0.693,-0.4814
1785822112.748,0.000,WAIT,idle,2,1,-11.840,5.543,-0.124,-0.013,0.007,0.692,-0.4812
1785822112.848,0.000,WAIT,idle,2,1,-11.841,5.544,-0.052,-0.014,-0.010,0.695,-0.4814
1785822112.948,0.000,WAIT,idle,2,1,-11.843,5.546,-0.002,-0.019,-0.017,-0.008,-0.4925
1785822113.048,0.000,WAIT,idle,2,1,-11.845,5.548,-0.002,-0.013,0.001,-0.011,-0.5009
1785822113.148,0.000,WAIT,idle,2,1,-11.845,5.548,-0.004,-0.014,-0.005,-0.013,-0.5009
1785822113.248,0.000,WAIT,idle,2,1,-11.845,5.547,-0.006,-0.012,-0.010,-0.013,-0.5011
1785822113.348,0.000,WAIT,idle,2,1,-11.845,5.546,-0.007,-0.011,-0.011,-0.012,-0.5014
1785822113.448,0.000,WAIT,idle,2,1,-11.845,5.545,-0.008,-0.010,-0.017,-0.014,-0.5012
1785822113.548,0.000,WAIT,idle,2,1,-11.846,5.543,-0.009,-0.011,-0.018,-0.013,-0.5010
1785822113.648,0.000,WAIT,idle,2,1,-11.846,5.542,-0.009,-0.012,-0.019,-0.010,-0.5009
1785822113.748,0.000,WAIT,idle,2,1,-11.846,5.542,-0.009,-0.012,-0.022,-0.009,-0.5009
1785822113.848,0.000,WAIT,idle,2,1,-11.847,5.541,-0.008,-0.014,-0.024,-0.007,-0.5011
1785822113.948,0.000,WAIT,idle,2,1,-11.847,5.540,-0.008,-0.015,-0.024,-0.005,-0.5013
1785822114.048,0.000,WAIT,idle,2,1,-11.847,5.540,-0.007,-0.017,-0.025,-0.007,-0.5015
1785822114.148,0.000,WAIT,idle,2,1,-11.848,5.539,-0.006,-0.018,-0.025,-0.005,-0.5016
1785822114.248,0.000,WAIT,idle,2,1,-11.849,5.539,-0.005,-0.016,-0.024,-0.003,-0.5017
1785822114.348,0.000,WAIT,idle,2,1,-11.849,5.539,-0.005,-0.015,-0.023,-0.001,-0.5017
1785822114.448,0.000,WAIT,idle,2,1,-11.850,5.540,-0.004,-0.019,-0.023,-0.001,-0.5017
1785822114.548,0.000,WAIT,idle,2,1,-11.851,5.540,-0.003,-0.020,-0.022,-0.001,-0.5017
1785822114.648,0.000,WAIT,idle,2,1,-11.851,5.540,-0.003,-0.018,-0.021,0.000,-0.5019
1785822114.748,0.000,WAIT,idle,2,1,-11.851,5.540,-0.003,-0.019,-0.021,0.000,-0.5021
1785822114.848,0.000,WAIT,idle,2,1,-11.851,5.541,-0.002,-0.018,-0.020,0.001,-0.5022
1785822114.948,0.000,WAIT,idle,2,1,-11.851,5.541,-0.002,-0.018,-0.019,0.001,-0.5024
1785822115.048,0.000,WAIT,idle,2,1,-11.851,5.542,-0.002,-0.018,-0.017,0.001,-0.5025
1785822115.148,0.000,WAIT,idle,2,1,-11.851,5.542,-0.001,-0.020,-0.014,0.001,-0.5024
1785822115.248,0.000,WAIT,idle,2,1,-11.851,5.543,-0.001,-0.018,-0.013,-0.000,-0.5024
1785822115.348,0.000,WAIT,idle,2,1,-11.851,5.544,-0.001,-0.017,-0.013,0.001,-0.5024
1785822115.448,0.000,WAIT,idle,2,1,-11.851,5.544,-0.000,-0.015,-0.012,0.003,-0.5024
1785822115.548,0.000,WAIT,idle,2,0,-11.850,5.545,0.000,-0.014,-0.011,0.003,-0.5023
1785822115.648,0.000,WAIT,idle,2,0,-11.850,5.545,0.000,-0.012,-0.009,0.001,-0.5024
1785822115.748,0.000,WAIT,idle,2,0,-11.849,5.546,0.001,-0.011,-0.010,0.002,-0.5021
1785822115.848,0.000,WAIT,idle,2,0,-11.848,5.546,0.001,-0.010,-0.011,0.002,-0.5021
1785822115.948,0.000,WAIT,idle,2,0,-11.848,5.546,0.002,-0.009,-0.011,0.002,-0.5021
1785822116.048,0.000,WAIT,idle,2,0,-11.848,5.547,0.002,-0.010,-0.009,0.002,-0.5022
1785822116.148,0.000,WAIT,idle,2,0,-11.848,5.547,0.002,-0.009,-0.007,0.002,-0.5022
1785822116.248,0.000,WAIT,idle,2,0,-11.848,5.548,0.003,-0.008,-0.004,0.003,-0.5022
1785822116.348,0.000,WAIT,idle,2,0,-11.847,5.548,0.003,-0.007,-0.003,0.002,-0.5023
1785822116.448,0.000,WAIT,idle,2,0,-11.847,5.549,0.004,-0.007,-0.000,0.002,-0.5025
1785822116.548,0.000,WAIT,idle,2,0,-11.847,5.550,0.004,-0.006,-0.000,0.002,-0.5026
1785822116.648,0.000,WAIT,idle,2,0,-11.847,5.550,0.004,-0.005,-0.001,0.001,-0.5027
1785822116.748,0.000,WAIT,idle,2,0,-11.846,5.551,0.004,-0.005,-0.001,0.002,-0.5026
1785822116.848,0.000,WAIT,idle,2,0,-11.846,5.551,0.004,-0.006,0.002,-0.000,-0.5026
1785822116.948,0.000,WAIT,idle,2,0,-11.846,5.552,0.004,-0.006,0.003,-0.001,-0.5026
1785822117.048,0.000,WAIT,idle,2,0,-11.846,5.552,0.003,-0.007,0.005,-0.002,-0.5026
1785822117.148,0.000,WAIT,idle,2,0,-11.846,5.552,0.003,-0.009,0.004,-0.000,-0.5027
1785822117.248,0.000,WAIT,idle,2,0,-11.847,5.552,0.003,-0.009,0.004,-0.000,-0.5028
1785822117.348,0.000,WAIT,idle,2,0,-11.847,5.552,0.002,-0.008,0.003,-0.002,-0.5028
1785822117.448,0.000,WAIT,idle,2,0,-11.847,5.552,0.002,-0.009,0.003,-0.002,-0.5028
1785822117.548,0.000,WAIT,idle,2,0,-11.847,5.551,0.002,-0.012,-0.000,0.000,-0.5026
1785822117.648,0.000,WAIT,idle,2,0,-11.848,5.551,0.003,-0.011,0.001,0.001,-0.5026
1785822117.748,0.000,WAIT,idle,2,0,-11.848,5.550,0.003,-0.011,-0.000,0.002,-0.5025
1785822117.848,0.000,WAIT,idle,2,0,-11.848,5.550,0.004,-0.011,0.002,0.006,-0.5024
1785822117.948,0.000,WAIT,idle,2,0,-11.848,5.549,0.004,-0.010,0.001,0.008,-0.5025
1785822118.048,0.000,WAIT,idle,2,0,-11.848,5.549,0.005,-0.008,0.001,0.009,-0.5024
1785822118.148,0.000,WAIT,idle,2,0,-11.847,5.549,0.005,-0.007,0.001,0.006,-0.5022
1785822118.248,0.000,WAIT,idle,2,0,-11.847,5.549,0.006,-0.007,0.000,0.006,-0.5022
1785822118.348,0.000,WAIT,idle,2,0,-11.846,5.549,0.006,-0.006,0.004,0.009,-0.5021
1785822118.448,0.000,WAIT,idle,2,0,-11.846,5.549,0.006,-0.005,0.008,0.008,-0.5021
1785822118.548,0.000,WAIT,idle,2,0,-11.846,5.550,0.007,-0.004,0.010,0.006,-0.5019
1785822118.648,0.000,WAIT,idle,2,0,-11.845,5.551,0.007,-0.005,0.010,0.005,-0.5018
1785822118.748,0.000,WAIT,idle,2,0,-11.845,5.552,0.006,-0.001,0.010,0.001,-0.5018
1785822118.848,0.000,WAIT,idle,2,0,-11.844,5.552,0.006,-0.001,0.009,0.000,-0.5019
1785822118.948,0.000,WAIT,idle,2,0,-11.844,5.552,0.005,-0.004,0.008,-0.000,-0.5019
1785822119.048,0.000,WAIT,idle,2,0,-11.844,5.552,0.005,-0.002,0.008,-0.000,-0.5020
1785822119.148,0.000,WAIT,idle,2,0,-11.844,5.552,0.005,-0.003,0.006,-0.002,-0.5019
1785822119.248,0.000,WAIT,idle,2,0,-11.844,5.552,0.004,-0.004,0.006,-0.003,-0.5019
1785822119.348,0.000,WAIT,idle,2,0,-11.844,5.552,0.004,-0.003,0.007,-0.004,-0.5020
1785822119.448,0.000,WAIT,idle,2,0,-11.844,5.552,0.004,-0.003,0.008,-0.005,-0.5020
1785822119.548,0.000,WAIT,idle,2,0,-11.844,5.553,0.004,-0.004,0.014,-0.004,-0.5021
1785822119.648,0.000,WAIT,idle,2,0,-11.844,5.554,0.003,-0.004,0.014,-0.004,-0.5021
1785822119.748,0.000,WAIT,idle,2,0,-11.844,5.554,0.003,-0.003,0.011,-0.003,-0.5020
1785822119.848,0.000,WAIT,idle,2,0,-11.844,5.554,0.003,-0.003,0.012,-0.001,-0.5021
1785822119.948,0.000,WAIT,idle,2,0,-11.844,5.555,0.003,-0.001,0.014,-0.001,-0.5020
1785822120.048,0.000,WAIT,idle,2,0,-11.845,5.555,0.003,0.001,0.015,0.001,-0.5020
1785822120.148,0.000,WAIT,idle,2,0,-11.845,5.555,0.003,0.002,0.016,0.001,-0.5019
1785822120.248,0.000,WAIT,idle,2,0,-11.845,5.555,0.003,0.003,0.017,0.001,-0.5017
1785822120.348,0.000,WAIT,idle,2,0,-11.845,5.556,0.003,0.001,0.018,0.000,-0.5018
1785822120.448,0.000,WAIT,idle,2,0,-11.845,5.556,0.004,0.001,0.020,0.002,-0.5020
1785822120.548,0.000,WAIT,idle,2,0,-11.845,5.557,0.004,0.001,0.021,0.004,-0.5021
1785822120.648,0.000,WAIT,idle,2,0,-11.845,5.557,0.005,0.002,0.024,0.005,-0.5025
1785822120.748,0.000,WAIT,idle,2,0,-11.845,5.558,0.006,0.003,0.025,0.004,-0.5027
1785822120.848,0.000,WAIT,idle,2,0,-11.845,5.559,0.006,0.001,0.026,0.003,-0.5026
1785822120.948,0.000,WAIT,idle,2,0,-11.845,5.559,0.007,0.000,0.024,0.005,-0.5026
1785822121.048,0.000,WAIT,idle,2,0,-11.844,5.559,0.008,0.003,0.024,0.004,-0.5026
1785822121.148,0.000,WAIT,idle,2,0,-11.844,5.558,0.008,0.006,0.021,0.006,-0.5025
1785822121.248,0.000,WAIT,idle,2,0,-11.843,5.557,0.009,0.005,0.018,0.005,-0.5028
1785822121.348,0.000,WAIT,idle,2,0,-11.843,5.556,0.009,0.006,0.018,0.006,-0.5030
1785822121.448,0.000,WAIT,idle,2,0,-11.842,5.556,0.009,0.006,0.017,0.006,-0.5033
1785822121.548,0.000,WAIT,idle,2,0,-11.842,5.555,0.009,0.006,0.016,0.005,-0.5035
1785822121.648,0.000,WAIT,idle,2,0,-11.842,5.554,0.008,0.008,0.015,0.003,-0.5037
1785822121.748,0.000,WAIT,idle,2,0,-11.842,5.554,0.008,0.006,0.013,0.004,-0.5037
1785822121.848,0.000,WAIT,idle,2,0,-11.842,5.554,0.006,0.004,0.012,0.002,-0.5037
1785822121.948,0.000,WAIT,idle,2,0,-11.843,5.553,0.005,0.003,0.008,0.003,-0.5038
1785822122.048,0.000,WAIT,idle,2,0,-11.844,5.553,0.005,0.002,0.006,0.001,-0.5036
1785822122.148,0.000,WAIT,idle,2,0,-11.844,5.552,0.004,0.004,0.007,-0.002,-0.5036
1785822122.248,0.000,WAIT,idle,2,0,-11.845,5.551,0.003,0.003,0.005,-0.002,-0.5036
1785822122.348,0.000,WAIT,idle,2,0,-11.846,5.551,0.003,0.003,0.006,-0.001,-0.5037
1785822122.448,0.000,WAIT,idle,2,0,-11.846,5.550,0.003,0.005,0.003,0.000,-0.5038
1785822122.548,0.000,WAIT,idle,2,0,-11.846,5.550,0.003,0.005,0.005,0.002,-0.5038
1785822122.648,0.000,WAIT,idle,2,0,-11.846,5.549,0.003,0.004,0.006,0.001,-0.5040
1785822122.748,0.000,WAIT,idle,2,0,-11.846,5.549,0.003,0.005,0.007,0.001,-0.5041
1785822122.848,0.000,WAIT,idle,2,0,-11.846,5.549,0.003,0.005,0.007,0.002,-0.5041
1785822122.948,0.000,WAIT,idle,2,0,-11.846,5.549,0.003,0.005,0.008,0.001,-0.5043
1785822123.048,0.000,WAIT,idle,2,0,-11.845,5.550,0.002,0.005,0.008,0.001,-0.5044
1785822123.148,0.000,WAIT,idle,2,0,-11.845,5.550,0.002,0.005,0.005,0.001,-0.5044
1785822123.248,0.000,WAIT,idle,2,0,-11.845,5.549,0.002,0.006,0.005,0.002,-0.5042
1785822123.348,0.000,WAIT,idle,2,0,-11.845,5.549,0.001,0.004,0.006,-0.000,-0.5043
1785822123.448,0.000,WAIT,idle,2,0,-11.845,5.549,0.001,0.002,0.007,0.001,-0.5043
1785822123.548,0.000,WAIT,idle,2,0,-11.845,5.549,0.001,0.004,0.008,0.002,-0.5042
1785822123.648,0.000,WAIT,idle,2,0,-11.844,5.550,0.002,0.003,0.010,0.003,-0.5043
1785822123.748,0.000,WAIT,idle,2,0,-11.844,5.550,0.002,0.002,0.010,0.002,-0.5044
1785822123.848,0.000,WAIT,idle,2,0,-11.844,5.551,0.002,0.001,0.009,-0.000,-0.5045
1785822123.948,0.000,WAIT,idle,2,0,-11.845,5.551,0.002,0.002,0.009,0.001,-0.5046
1785822124.048,0.000,WAIT,idle,2,0,-11.844,5.551,0.002,0.001,0.005,-0.001,-0.5047
1785822124.148,0.000,WAIT,idle,2,0,-11.845,5.551,0.001,0.001,0.006,-0.003,-0.5046
1785822124.248,0.000,WAIT,idle,2,0,-11.845,5.550,0.000,-0.001,0.003,-0.005,-0.5048
1785822124.348,0.000,WAIT,idle,2,0,-11.845,5.550,-0.000,-0.002,0.004,-0.005,-0.5050
1785822124.448,0.000,WAIT,idle,2,0,-11.846,5.550,-0.001,-0.001,0.005,-0.006,-0.5050
1785822124.548,0.000,WAIT,idle,2,0,-11.846,5.550,-0.002,-0.001,0.005,-0.005,-0.5051
1785822124.648,0.000,WAIT,idle,2,0,-11.846,5.551,-0.002,-0.000,0.004,-0.006,-0.5051
1785822124.748,0.000,WAIT,idle,2,0,-11.846,5.551,-0.002,0.002,0.004,-0.007,-0.5051
1785822124.848,0.000,WAIT,idle,2,0,-11.846,5.551,-0.003,0.003,0.005,-0.008,-0.5051
1785822124.948,0.000,WAIT,idle,2,0,-11.845,5.551,-0.003,0.001,0.008,-0.008,-0.5053
1785822125.048,0.000,WAIT,idle,2,0,-11.845,5.552,-0.003,0.002,0.009,-0.008,-0.5054
1785822125.148,0.000,WAIT,idle,2,0,-11.845,5.552,-0.002,0.003,0.009,-0.005,-0.5052
1785822125.248,0.000,WAIT,idle,2,0,-11.845,5.553,-0.001,0.001,0.010,-0.003,-0.5049
1785822125.348,0.000,WAIT,idle,2,0,-11.845,5.553,-0.000,-0.002,0.008,-0.000,-0.5048
1785822125.448,0.000,WAIT,idle,2,0,-11.845,5.553,0.000,-0.002,0.008,-0.000,-0.5048
1785822125.548,0.000,WAIT,idle,2,0,-11.846,5.553,0.000,-0.003,0.007,-0.002,-0.5048
1785822125.648,0.000,WAIT,idle,2,0,-11.846,5.553,0.000,-0.001,0.006,0.000,-0.5049
1785822125.748,0.000,WAIT,idle,2,0,-11.846,5.553,0.001,-0.001,0.005,-0.000,-0.5048
1785822125.848,0.000,WAIT,idle,2,0,-11.846,5.553,0.001,-0.001,0.006,-0.000,-0.5051
1785822125.948,0.000,WAIT,idle,2,0,-11.845,5.553,0.001,-0.001,0.006,-0.000,-0.5053
1785822126.048,0.000,WAIT,idle,2,0,-11.845,5.552,0.001,0.003,0.005,0.002,-0.5053
1785822126.148,0.000,WAIT,idle,2,0,-11.844,5.552,0.002,0.002,0.005,0.002,-0.5053
1785822126.248,0.000,WAIT,idle,2,0,-11.844,5.552,0.002,-0.001,0.006,0.001,-0.5053
1785822126.348,0.000,WAIT,idle,2,0,-11.845,5.553,0.003,-0.002,0.007,0.004,-0.5052
1785822126.448,0.000,WAIT,idle,2,0,-11.845,5.553,0.003,-0.003,0.009,0.003,-0.5052
1785822126.548,0.000,WAIT,idle,2,0,-11.845,5.553,0.004,-0.002,0.008,0.003,-0.5050
1785822126.648,0.000,WAIT,idle,2,0,-11.845,5.553,0.004,-0.001,0.007,0.000,-0.5050
1785822126.748,0.000,WAIT,idle,2,0,-11.845,5.553,0.004,-0.001,0.009,-0.001,-0.5048
1785822126.848,0.000,WAIT,idle,2,0,-11.845,5.554,0.004,-0.000,0.008,-0.001,-0.5048
1785822126.948,0.000,WAIT,idle,2,0,-11.845,5.553,0.004,-0.001,0.007,0.000,-0.5049
1785822127.048,0.000,WAIT,idle,2,0,-11.845,5.553,0.004,-0.004,0.004,0.001,-0.5049
1785822127.148,0.000,WAIT,idle,2,0,-11.845,5.552,0.004,-0.005,0.003,0.001,-0.5051
1785822127.248,0.000,WAIT,idle,2,0,-11.845,5.552,0.003,-0.004,0.003,0.002,-0.5050
1785822127.348,0.000,WAIT,idle,2,0,-11.846,5.551,0.003,-0.004,0.003,0.001,-0.5051
1785822127.448,0.000,WAIT,idle,2,0,-11.846,5.551,0.003,-0.005,0.001,-0.000,-0.5051
1785822127.548,0.000,WAIT,idle,2,0,-11.846,5.550,0.002,-0.005,0.002,0.000,-0.5051
1785822127.648,0.000,WAIT,idle,2,0,-11.846,5.549,0.002,-0.003,0.003,0.000,-0.5050
1785822127.748,0.000,WAIT,idle,2,0,-11.846,5.549,0.002,-0.003,0.002,0.000,-0.5049
1785822127.848,0.000,WAIT,idle,2,0,-11.846,5.548,0.002,-0.004,0.003,0.001,-0.5049
1785822127.948,0.000,WAIT,idle,2,0,-11.846,5.548,0.003,-0.005,0.000,0.003,-0.5048
1785822128.048,0.000,WAIT,idle,2,0,-11.846,5.548,0.003,-0.005,-0.003,0.005,-0.5047
1785822128.148,0.000,WAIT,idle,2,0,-11.846,5.547,0.004,-0.002,-0.003,0.006,-0.5046
1785822128.248,0.000,WAIT,idle,2,0,-11.846,5.547,0.004,-0.001,-0.003,0.003,-0.5047
1785822128.348,0.000,WAIT,idle,2,0,-11.845,5.546,0.005,0.000,-0.003,0.003,-0.5049
1785822128.448,0.000,WAIT,idle,2,0,-11.845,5.546,0.004,0.002,-0.003,0.002,-0.5049
1785822128.548,0.000,WAIT,idle,2,0,-11.844,5.547,0.004,0.004,-0.000,0.000,-0.5046
1785822128.648,0.000,WAIT,idle,2,0,-11.844,5.547,0.004,0.007,0.001,0.002,-0.5047
1785822128.748,0.000,WAIT,idle,2,0,-11.843,5.548,0.004,0.007,0.003,-0.001,-0.5045
1785822128.848,0.000,WAIT,idle,2,0,-11.843,5.548,0.003,0.007,0.000,0.002,-0.5045
1785822128.948,0.000,WAIT,idle,2,0,-11.842,5.548,0.004,0.006,0.000,0.006,-0.5046
1785822129.048,0.000,WAIT,idle,2,0,-11.842,5.547,0.005,0.005,-0.000,0.008,-0.5044
1785822129.148,0.000,WAIT,idle,2,0,-11.842,5.547,0.006,0.003,-0.002,0.008,-0.5044
1785822129.248,0.000,WAIT,idle,2,0,-11.843,5.546,0.006,0.003,-0.004,0.007,-0.5046
1785822129.348,0.000,WAIT,idle,2,0,-11.843,5.545,0.007,0.004,-0.007,0.006,-0.5046
1785822129.448,0.000,WAIT,idle,2,0,-11.843,5.544,0.007,0.004,-0.009,0.005,-0.5045
1785822129.548,0.000,WAIT,idle,2,0,-11.843,5.543,0.008,0.003,-0.011,0.005,-0.5044
1785822129.648,0.000,WAIT,idle,2,0,-11.843,5.543,0.008,0.003,-0.008,0.003,-0.5044
1785822129.748,0.000,WAIT,idle,2,0,-11.843,5.543,0.008,0.004,-0.007,0.003,-0.5044
1785822129.848,0.000,WAIT,idle,2,0,-11.843,5.543,0.008,0.002,-0.007,0.002,-0.5046
1785822129.948,0.000,WAIT,idle,2,0,-11.843,5.543,0.008,0.002,-0.005,0.001,-0.5046
1785822130.048,0.000,WAIT,idle,2,0,-11.843,5.544,0.008,0.001,-0.004,0.001,-0.5049
1785822130.148,0.000,WAIT,idle,2,0,-11.843,5.544,0.007,0.001,-0.002,0.002,-0.5050
1785822130.248,0.000,WAIT,idle,2,0,-11.843,5.545,0.007,0.003,-0.001,0.000,-0.5052
1785822130.348,0.000,WAIT,idle,2,0,-11.843,5.546,0.007,0.002,0.000,0.000,-0.5053
1785822130.448,0.000,WAIT,idle,2,0,-11.842,5.547,0.006,0.002,0.002,-0.002,-0.5053
1785822130.548,0.000,WAIT,idle,2,0,-11.842,5.547,0.006,0.004,0.004,-0.002,-0.5054
1785822130.648,0.000,WAIT,idle,2,0,-11.842,5.548,0.006,0.003,0.003,-0.001,-0.5055
1785822130.748,0.000,WAIT,idle,2,0,-11.842,5.548,0.005,0.004,0.003,-0.000,-0.5056
1785822130.848,0.000,WAIT,idle,2,0,-11.842,5.548,0.005,0.005,0.002,-0.001,-0.5056
1785822130.948,0.000,WAIT,idle,2,0,-11.842,5.549,0.005,0.003,0.000,-0.001,-0.5057
1785822131.048,0.000,WAIT,idle,2,0,-11.842,5.549,0.005,0.004,-0.000,-0.000,-0.5060
1785822131.148,0.000,WAIT,idle,2,0,-11.842,5.549,0.005,0.002,-0.003,0.001,-0.5062
1785822131.248,0.000,WAIT,idle,2,0,-11.842,5.548,0.005,0.003,-0.002,-0.001,-0.5063
1785822131.348,0.000,WAIT,idle,2,0,-11.842,5.548,0.004,0.003,-0.001,-0.003,-0.5062
1785822131.448,0.000,WAIT,idle,2,0,-11.842,5.548,0.004,0.002,0.001,-0.001,-0.5063
1785822131.548,0.000,WAIT,idle,2,0,-11.842,5.549,0.004,0.003,-0.000,0.000,-0.5064
1785822131.648,0.000,WAIT,idle,2,0,-11.843,5.549,0.004,0.001,0.000,0.000,-0.5066
1785822131.748,0.000,WAIT,idle,2,0,-11.843,5.549,0.004,0.002,-0.000,-0.001,-0.5065
1785822131.848,0.000,WAIT,idle,2,0,-11.844,5.548,0.004,-0.001,-0.003,-0.001,-0.5065
1785822131.948,0.000,WAIT,idle,2,0,-11.845,5.548,0.004,-0.002,-0.003,-0.001,-0.5064
1785822132.048,0.000,WAIT,idle,2,0,-11.846,5.547,0.004,-0.004,-0.004,-0.001,-0.5062
1785822132.148,0.000,WAIT,idle,2,0,-11.847,5.547,0.004,-0.006,-0.006,0.003,-0.5061
1785822132.249,0.000,WAIT,idle,2,0,-11.848,5.547,0.004,-0.005,-0.005,0.002,-0.5061
1785822132.348,0.000,WAIT,idle,2,0,-11.848,5.547,0.004,-0.006,-0.005,0.001,-0.5060
1785822132.448,0.000,WAIT,idle,2,0,-11.849,5.546,0.004,-0.008,-0.003,0.000,-0.5060
1785822132.548,0.000,WAIT,idle,2,0,-11.850,5.546,0.004,-0.007,-0.000,-0.000,-0.5060
1785822132.648,0.000,WAIT,idle,2,0,-11.850,5.547,0.003,-0.006,0.000,0.001,-0.5057
1785822132.748,0.000,WAIT,idle,2,0,-11.851,5.547,0.003,-0.006,0.000,-0.000,-0.5056
1785822132.848,0.000,WAIT,idle,2,0,-11.851,5.547,0.003,-0.006,0.001,0.003,-0.5057
1785822132.948,0.000,WAIT,idle,2,0,-11.851,5.547,0.003,-0.006,0.002,0.002,-0.5057
1785822133.048,0.000,WAIT,idle,2,0,-11.850,5.548,0.003,-0.006,0.003,0.002,-0.5060
1785822133.148,0.000,WAIT,idle,2,0,-11.850,5.547,0.002,-0.005,0.004,0.001,-0.5061
1785822133.248,0.000,WAIT,idle,2,0,-11.850,5.548,0.002,-0.003,0.005,0.001,-0.5060
1785822133.348,0.000,WAIT,idle,2,0,-11.849,5.548,0.002,-0.004,0.005,0.000,-0.5060
1785822133.448,0.000,WAIT,idle,2,0,-11.848,5.548,0.002,-0.004,0.005,-0.001,-0.5060
1785822133.548,0.000,WAIT,idle,2,0,-11.848,5.548,0.002,-0.003,0.008,0.001,-0.5061
1785822133.648,0.000,WAIT,idle,2,0,-11.847,5.548,0.002,-0.003,0.008,0.001,-0.5063
1785822133.748,0.000,WAIT,idle,2,0,-11.847,5.549,0.003,-0.000,0.009,0.000,-0.5065
1785822133.848,0.000,WAIT,idle,2,0,-11.846,5.550,0.003,0.001,0.009,-0.002,-0.5068
1785822133.948,0.000,WAIT,idle,2,0,-11.846,5.550,0.003,0.000,0.008,-0.000,-0.5068
1785822134.048,0.000,WAIT,idle,2,0,-11.845,5.550,0.003,-0.002,0.010,0.001,-0.5069
1785822134.148,0.000,WAIT,idle,2,0,-11.846,5.551,0.003,-0.004,0.008,0.002,-0.5068
1785822134.248,0.000,WAIT,idle,2,0,-11.846,5.551,0.003,-0.006,0.008,0.001,-0.5067
1785822134.348,0.000,WAIT,idle,2,0,-11.846,5.551,0.003,-0.008,0.006,-0.000,-0.5068
1785822134.448,0.000,WAIT,idle,2,0,-11.847,5.551,0.003,-0.008,0.006,0.001,-0.5067
1785822134.548,0.000,WAIT,idle,2,0,-11.848,5.551,0.004,-0.008,0.007,0.000,-0.5067
1785822134.648,0.000,WAIT,idle,2,0,-11.848,5.551,0.004,-0.009,0.007,0.000,-0.5067
1785822134.748,0.000,WAIT,idle,2,0,-11.849,5.551,0.004,-0.006,0.008,-0.001,-0.5065
1785822134.848,0.000,WAIT,idle,2,0,-11.849,5.551,0.004,-0.002,0.010,-0.001,-0.5064
1785822134.948,0.000,WAIT,idle,2,0,-11.849,5.552,0.004,0.001,0.011,-0.001,-0.5062
1785822135.048,0.000,WAIT,idle,2,0,-11.848,5.552,0.004,-0.000,0.011,-0.000,-0.5062
1785822135.148,0.000,WAIT,idle,2,0,-11.848,5.553,0.004,-0.001,0.010,-0.001,-0.5062
1785822135.248,0.000,WAIT,idle,2,0,-11.848,5.553,0.004,-0.002,0.008,-0.003,-0.5064
1785822135.348,0.000,WAIT,idle,2,0,-11.848,5.553,0.004,-0.002,0.009,-0.002,-0.5063
1785822135.448,0.000,WAIT,idle,2,0,-11.848,5.552,0.003,-0.004,0.009,-0.001,-0.5064
1785822135.548,0.000,WAIT,idle,2,0,-11.848,5.552,0.003,-0.005,0.007,-0.002,-0.5065
1785822135.648,0.000,WAIT,idle,2,0,-11.849,5.552,0.003,-0.008,0.007,-0.003,-0.5064
1785822135.748,0.000,WAIT,idle,2,0,-11.849,5.551,0.003,-0.009,0.008,-0.004,-0.5064
1785822135.848,0.000,WAIT,idle,2,0,-11.850,5.551,0.003,-0.008,0.010,-0.001,-0.5063
1785822135.948,0.000,WAIT,idle,2,0,-11.851,5.552,0.003,-0.006,0.010,-0.002,-0.5064
1785822136.048,0.000,WAIT,idle,2,0,-11.851,5.552,0.003,-0.006,0.010,-0.003,-0.5064
1785822136.148,0.000,WAIT,idle,2,0,-11.850,5.552,0.003,-0.007,0.009,-0.003,-0.5064
1785822136.248,0.000,WAIT,idle,2,0,-11.850,5.552,0.003,-0.004,0.010,-0.003,-0.5066
1785822136.348,0.000,WAIT,idle,2,0,-11.849,5.552,0.003,0.001,0.008,-0.001,-0.5067
1785822136.448,0.000,WAIT,idle,2,0,-11.848,5.551,0.003,0.001,0.008,-0.003,-0.5068
1785822136.548,0.000,WAIT,idle,2,0,-11.847,5.551,0.003,-0.000,0.007,-0.003,-0.5068
1785822136.648,0.000,WAIT,idle,2,0,-11.846,5.550,0.003,0.003,0.007,-0.004,-0.5070
1785822136.748,0.000,WAIT,idle,2,0,-11.846,5.550,0.003,0.001,0.006,-0.005,-0.5070
1785822136.848,0.000,WAIT,idle,2,0,-11.845,5.549,0.003,-0.001,0.004,-0.002,-0.5069
1785822136.948,0.000,WAIT,idle,2,0,-11.845,5.549,0.004,-0.001,0.005,-0.004,-0.5069
1785822137.048,0.000,WAIT,idle,2,0,-11.845,5.548,0.004,-0.000,0.004,-0.003,-0.5071
1785822137.148,0.000,WAIT,idle,2,0,-11.845,5.548,0.004,0.000,0.003,-0.003,-0.5073
1785822137.248,0.000,WAIT,idle,2,0,-11.845,5.547,0.004,0.001,0.004,-0.005,-0.5071
1785822137.348,0.000,WAIT,idle,2,0,-11.845,5.547,0.004,-0.000,0.003,-0.004,-0.5071
1785822137.448,0.000,WAIT,idle,2,0,-11.845,5.547,0.004,0.000,0.004,-0.002,-0.5069
1785822137.548,0.000,WAIT,idle,2,0,-11.845,5.547,0.004,0.003,0.002,0.002,-0.5071
1785822137.648,0.000,WAIT,idle,2,0,-11.845,5.547,0.005,0.002,0.004,0.004,-0.5071
1785822137.748,0.000,WAIT,idle,2,0,-11.845,5.547,0.005,0.003,0.003,0.003,-0.5072
1785822137.848,0.000,WAIT,idle,2,0,-11.845,5.547,0.005,0.003,0.003,0.002,-0.5071
1785822137.948,0.000,WAIT,idle,2,0,-11.845,5.548,0.005,0.003,0.003,0.004,-0.5070
1785822138.048,0.000,WAIT,idle,2,0,-11.845,5.548,0.005,0.002,0.004,0.003,-0.5071
1785822138.148,0.000,WAIT,idle,2,0,-11.845,5.548,0.005,0.000,0.004,0.002,-0.5069
1785822138.248,0.000,WAIT,idle,2,0,-11.845,5.548,0.004,0.002,0.006,0.003,-0.5068
1785822138.348,0.000,WAIT,idle,2,0,-11.845,5.549,0.004,0.001,0.004,0.005,-0.5067
1785822138.448,0.000,WAIT,idle,2,0,-11.845,5.549,0.004,0.003,0.005,0.005,-0.5066
1785822138.548,0.000,WAIT,idle,2,0,-11.844,5.549,0.004,0.000,0.006,0.004,-0.5067
1785822138.648,0.000,WAIT,idle,2,0,-11.844,5.549,0.004,0.002,0.005,0.001,-0.5066
1785822138.748,0.000,WAIT,idle,2,0,-11.844,5.549,0.003,0.002,0.003,-0.002,-0.5067
1785822138.848,0.000,WAIT,idle,2,0,-11.844,5.549,0.002,0.003,0.003,-0.001,-0.5067
1785822138.948,0.000,WAIT,idle,2,0,-11.843,5.549,0.001,0.002,0.003,-0.000,-0.5069
1785822139.048,0.000,WAIT,idle,2,0,-11.843,5.549,0.001,0.002,0.002,0.001,-0.5067
1785822139.148,0.000,WAIT,idle,2,0,-11.843,5.548,0.001,0.003,0.002,0.001,-0.5067
1785822139.248,0.000,WAIT,idle,2,0,-11.843,5.549,0.001,0.005,0.005,0.003,-0.5068
1785822139.348,0.000,WAIT,idle,2,0,-11.842,5.549,0.001,0.006,0.004,0.003,-0.5066
1785822139.448,0.000,WAIT,idle,2,0,-11.842,5.549,0.001,0.006,0.005,0.002,-0.5065
1785822139.548,0.000,WAIT,idle,2,0,-11.842,5.549,0.001,0.005,0.005,0.002,-0.5065
1785822139.648,0.000,WAIT,idle,2,0,-11.842,5.549,0.001,0.003,0.008,-0.001,-0.5065
1785822139.748,0.000,WAIT,idle,2,0,-11.842,5.550,0.001,0.005,0.006,0.001,-0.5065
1785822139.848,0.000,WAIT,idle,2,0,-11.842,5.549,0.001,0.005,0.004,0.003,-0.5065
1785822139.948,0.000,WAIT,idle,2,0,-11.842,5.549,0.002,0.005,0.003,0.002,-0.5066
1785822140.048,0.000,WAIT,idle,2,0,-11.842,5.548,0.003,0.004,0.003,0.001,-0.5065
1785822140.148,0.000,WAIT,idle,2,0,-11.842,5.548,0.003,0.002,0.002,0.003,-0.5063
1785822140.248,0.000,WAIT,idle,2,0,-11.843,5.547,0.004,0.003,0.001,0.004,-0.5063
1785822140.348,0.000,WAIT,idle,2,0,-11.844,5.547,0.004,0.003,0.002,0.004,-0.5062
1785822140.448,0.000,WAIT,idle,2,0,-11.844,5.547,0.005,0.004,0.003,0.003,-0.5062
1785822140.548,0.000,WAIT,idle,2,0,-11.844,5.547,0.005,0.003,0.004,0.003,-0.5061
1785822140.648,0.000,WAIT,idle,2,0,-11.844,5.547,0.005,0.001,0.003,0.003,-0.5062
1785822140.748,0.000,WAIT,idle,2,0,-11.844,5.546,0.005,-0.000,0.002,0.001,-0.5060
1785822140.848,0.000,WAIT,idle,2,0,-11.844,5.546,0.005,0.001,0.005,0.002,-0.5058
1785822140.948,0.000,WAIT,idle,2,0,-11.844,5.547,0.005,0.001,0.006,0.003,-0.5057
1785822141.048,0.000,WAIT,idle,2,0,-11.844,5.547,0.006,0.001,0.006,0.004,-0.5055
1785822141.148,0.000,WAIT,idle,2,0,-11.844,5.547,0.006,-0.000,0.008,0.003,-0.5057
1785822141.248,0.000,WAIT,idle,2,0,-11.844,5.548,0.006,0.000,0.009,0.001,-0.5054
1785822141.348,0.000,WAIT,idle,2,0,-11.844,5.548,0.006,-0.004,0.007,0.002,-0.5056
1785822141.448,0.000,WAIT,idle,2,0,-11.845,5.548,0.005,-0.004,0.006,0.000,-0.5057
1785822141.548,0.000,WAIT,idle,2,0,-11.845,5.548,0.005,-0.004,0.006,0.001,-0.5057
1785822141.648,0.000,WAIT,idle,2,0,-11.846,5.548,0.005,-0.004,0.005,0.001,-0.5056
1785822141.748,0.000,WAIT,idle,2,0,-11.846,5.548,0.004,-0.004,0.004,0.001,-0.5057
1785822141.848,0.000,WAIT,idle,2,0,-11.846,5.548,0.004,-0.005,0.005,-0.001,-0.5057
1785822141.948,0.000,WAIT,idle,2,0,-11.847,5.548,0.004,-0.001,0.005,-0.000,-0.5061
1785822142.048,0.000,WAIT,idle,2,0,-11.847,5.548,0.003,-0.001,0.006,-0.002,-0.5062
1785822142.148,0.000,WAIT,idle,2,0,-11.846,5.548,0.003,0.000,0.007,-0.002,-0.5062
1785822142.248,0.000,WAIT,idle,2,0,-11.846,5.549,0.002,-0.000,0.005,-0.003,-0.5063
1785822142.348,0.000,WAIT,idle,2,0,-11.846,5.549,0.002,-0.000,0.006,-0.002,-0.5061
1785822142.448,0.000,WAIT,idle,2,0,-11.846,5.549,0.002,0.001,0.006,-0.000,-0.5059
1785822142.548,0.000,WAIT,idle,2,0,-11.845,5.550,0.002,0.002,0.009,0.003,-0.5059
1785822142.648,0.000,WAIT,idle,2,0,-11.845,5.550,0.003,0.004,0.007,0.003,-0.5060
1785822142.748,0.000,WAIT,idle,2,0,-11.844,5.550,0.003,0.004,0.006,0.003,-0.5060
1785822142.848,0.000,WAIT,idle,2,0,-11.844,5.550,0.003,0.005,0.005,0.003,-0.5062
1785822142.948,0.000,WAIT,idle,2,0,-11.843,5.550,0.004,0.007,0.004,0.004,-0.5064
1785822143.048,0.000,WAIT,idle,2,0,-11.843,5.550,0.004,0.008,0.003,0.004,-0.5064
1785822143.148,0.000,WAIT,idle,2,0,-11.842,5.550,0.005,0.008,0.003,0.005,-0.5063
1785822143.248,0.000,WAIT,idle,2,0,-11.842,5.550,0.005,0.007,0.002,0.003,-0.5063
1785822143.348,0.000,WAIT,idle,2,0,-11.842,5.549,0.004,0.004,0.000,0.000,-0.5061
1785822143.448,0.000,WAIT,idle,2,0,-11.843,5.549,0.004,0.003,0.000,0.001,-0.5060
1785822143.548,0.000,WAIT,idle,2,0,-11.843,5.548,0.003,0.003,0.002,0.003,-0.5063
1785822143.648,0.000,WAIT,idle,2,0,-11.843,5.548,0.003,0.003,0.001,0.003,-0.5063
1785822143.748,0.000,WAIT,idle,2,0,-11.843,5.548,0.003,0.004,-0.000,0.003,-0.5063
1785822143.848,0.000,WAIT,idle,2,0,-11.843,5.547,0.003,0.003,-0.002,0.005,-0.5061
1785822143.948,0.000,WAIT,idle,2,0,-11.843,5.547,0.003,0.002,-0.003,0.004,-0.5059
1785822144.048,0.000,WAIT,idle,2,1,-11.843,5.546,0.004,0.004,-0.002,0.005,-0.5058
1785822144.148,0.000,WAIT,idle,2,1,-11.843,5.546,0.005,0.005,-0.005,0.005,-0.5056
1785822144.248,0.000,WAIT,idle,2,1,-11.842,5.546,0.005,0.004,-0.004,0.005,-0.5053
1785822144.348,0.000,WAIT,idle,2,1,-11.842,5.546,0.005,0.003,-0.004,0.002,-0.5051
1785822144.448,0.000,WAIT,idle,2,1,-11.843,5.546,0.005,0.002,-0.002,0.002,-0.5050
1785822144.548,0.000,WAIT,idle,2,1,-11.843,5.546,0.005,-0.000,-0.001,0.001,-0.5051
1785822144.648,0.000,WAIT,idle,2,1,-11.844,5.546,0.005,-0.002,-0.003,-0.001,-0.5051
1785822144.748,0.000,WAIT,idle,2,1,-11.844,5.547,0.005,-0.002,-0.002,-0.001,-0.5051
1785822144.848,0.000,WAIT,idle,2,1,-11.844,5.547,0.004,-0.003,-0.004,-0.002,-0.5050
1785822144.948,0.000,WAIT,idle,2,1,-11.845,5.547,0.004,-0.005,-0.005,-0.001,-0.5051
1785822145.048,0.000,WAIT,idle,2,1,-11.845,5.547,0.003,-0.004,-0.005,-0.002,-0.5052
1785822145.148,0.000,WAIT,idle,2,1,-11.845,5.547,0.003,-0.002,-0.004,-0.003,-0.5050
1785822145.248,0.000,WAIT,idle,2,1,-11.845,5.546,0.003,-0.002,-0.006,-0.004,-0.5046
1785822145.348,0.000,WAIT,idle,2,1,-11.845,5.546,0.003,-0.001,-0.005,-0.002,-0.5043
1785822145.448,0.000,WAIT,idle,2,1,-11.845,5.546,0.004,-0.001,-0.006,-0.000,-0.5041
1785822145.548,0.000,WAIT,idle,2,1,-11.845,5.546,0.004,0.002,-0.004,-0.002,-0.5040
1785822145.648,0.000,WAIT,idle,2,1,-11.844,5.546,0.004,0.004,-0.003,-0.001,-0.5039
1785822145.748,0.000,WAIT,idle,2,1,-11.843,5.547,0.004,0.006,-0.004,-0.001,-0.5039
1785822145.848,0.000,WAIT,idle,2,1,-11.843,5.547,0.004,0.006,-0.001,-0.001,-0.5039
1785822145.948,0.000,WAIT,idle,2,1,-11.843,5.547,0.004,0.003,-0.002,-0.001,-0.5038
1785822146.048,0.000,WAIT,idle,2,1,-11.843,5.548,0.004,0.004,-0.001,-0.003,-0.5038
1785822146.148,0.000,WAIT,idle,2,1,-11.844,5.548,0.005,0.003,-0.002,-0.001,-0.5037
1785822146.248,0.000,WAIT,idle,2,1,-11.844,5.548,0.004,0.003,-0.002,-0.002,-0.5036
1785822146.348,0.000,WAIT,idle,2,1,-11.844,5.548,0.004,0.002,-0.002,-0.001,-0.5035
1785822146.448,0.000,WAIT,idle,2,1,-11.844,5.548,0.004,0.004,-0.003,-0.001,-0.5035
1785822146.548,0.000,WAIT,idle,2,1,-11.844,5.548,0.003,0.004,-0.002,0.000,-0.5036
1785822146.648,0.000,WAIT,idle,2,1,-11.844,5.548,0.003,0.002,-0.003,0.003,-0.5035
1785822146.748,0.000,WAIT,idle,2,1,-11.844,5.548,0.003,0.005,-0.002,0.002,-0.5033
1785822146.848,0.000,WAIT,idle,2,1,-11.844,5.548,0.003,0.004,-0.001,0.002,-0.5032
1785822146.948,0.000,WAIT,idle,2,1,-11.843,5.548,0.002,0.005,-0.003,0.000,-0.5026
1785822147.048,0.000,WAIT,idle,2,1,-11.844,5.548,0.002,0.002,-0.005,-0.013,-0.4993
1785822147.148,0.000,WAIT,idle,2,1,-11.846,5.550,-0.003,-0.028,0.015,-0.083,-0.4984
1785822147.248,0.000,WAIT,idle,2,1,-11.851,5.554,-0.023,-0.031,0.013,-0.276,-0.5037
1785822147.348,0.000,WAIT,idle,2,1,-11.854,5.554,-0.071,-0.014,-0.007,-0.526,-0.5051
1785822147.448,0.000,WAIT,idle,2,1,-11.855,5.551,-0.166,0.019,-0.044,-0.754,-0.5033
1785822147.548,0.000,WAIT,idle,2,1,-11.852,5.547,-0.264,0.035,-0.059,-0.846,-0.5038
1785822147.648,0.000,WAIT,idle,2,1,-11.849,5.541,-0.371,0.044,-0.062,-0.906,-0.5054
1785822147.748,0.000,WAIT,idle,2,1,-11.844,5.535,-0.483,0.047,-0.058,-0.950,-0.5052
1785822147.848,0.000,WAIT,idle,2,1,-11.839,5.528,-0.617,0.048,-0.060,-0.992,-0.5043
1785822147.948,0.000,WAIT,idle,2,1,-11.835,5.524,-0.739,0.044,-0.051,-1.025,-0.5042
1785822148.048,0.000,WAIT,idle,2,1,-11.831,5.519,-0.865,0.038,-0.039,-1.054,-0.5047
1785822148.148,0.000,WAIT,idle,2,1,-11.828,5.516,-0.994,0.035,-0.025,-1.080,-0.5047
1785822148.248,0.000,WAIT,idle,2,1,-11.824,5.512,-1.152,0.032,-0.033,-1.112,-0.5044
1785822148.348,0.000,WAIT,idle,2,1,-11.821,5.510,-1.287,0.022,-0.020,-1.135,-0.5045
1785822148.448,0.000,WAIT,idle,2,1,-11.820,5.509,-1.425,0.012,-0.005,-1.159,-0.5040
1785822148.548,0.000,WAIT,idle,2,1,-11.819,5.509,-1.566,0.005,0.009,-1.180,-0.5035
1785822148.648,0.000,WAIT,idle,2,1,-11.820,5.510,-1.710,0.002,0.019,-1.201,-0.5031
1785822148.748,0.000,WAIT,idle,2,1,-11.820,5.510,-1.875,-0.007,0.017,-1.224,-0.5035
1785822148.848,0.000,WAIT,idle,2,1,-11.822,5.511,-2.049,-0.010,0.008,-1.129,-0.5035
1785822148.948,0.000,WAIT,idle,2,1,-11.824,5.512,-2.171,-0.012,0.009,-0.876,-0.5032
1785822149.048,0.000,WAIT,idle,2,1,-11.824,5.513,-2.256,-0.012,0.013,-0.508,-0.5033
1785822149.148,0.000,WAIT,idle,2,1,-11.825,5.514,-2.292,-0.009,0.011,-0.056,-0.5033
1785822149.248,0.000,WAIT,idle,2,1,-11.825,5.515,-2.278,-0.009,0.012,0.213,-0.5034
1785822149.348,0.000,WAIT,idle,2,1,-11.826,5.517,-2.242,-0.008,0.015,0.307,-0.5040
1785822149.448,0.000,WAIT,idle,2,1,-11.826,5.518,-2.198,-0.006,0.017,0.223,-0.5049
1785822149.548,0.000,WAIT,idle,2,1,-11.826,5.521,-2.174,-0.010,0.032,0.115,-0.5046
1785822149.648,0.000,WAIT,idle,2,1,-11.827,5.524,-2.164,-0.015,0.029,0.061,-0.5043
1785822149.748,0.000,WAIT,idle,2,1,-11.829,5.527,-2.159,-0.018,0.026,0.031,-0.5040
1785822149.848,0.000,WAIT,idle,2,1,-11.831,5.531,-2.158,-0.021,0.025,0.013,-0.5039
1785822149.948,0.000,WAIT,idle,2,1,-11.833,5.535,-2.159,-0.024,0.024,0.003,-0.5036
1785822150.048,0.000,WAIT,idle,2,1,-11.836,5.538,-2.160,-0.029,0.026,-0.001,-0.5035
1785822150.148,0.000,WAIT,idle,2,1,-11.840,5.543,-2.163,-0.024,0.022,-0.005,-0.5036
1785822150.248,0.000,WAIT,idle,2,1,-11.843,5.546,-2.165,-0.019,0.027,-0.006,-0.5031
1785822150.348,0.000,WAIT,idle,2,1,-11.846,5.550,-2.166,-0.019,0.029,-0.008,-0.5032
1785822150.448,0.000,WAIT,idle,2,1,-11.848,5.553,-2.168,-0.018,0.016,-0.010,-0.5034
1785822150.548,0.000,WAIT,idle,2,1,-11.850,5.556,-2.169,-0.014,0.019,-0.012,-0.5038
1785822150.648,0.000,WAIT,idle,2,1,-11.851,5.558,-2.170,-0.009,0.022,-0.011,-0.5039
1785822150.748,0.000,WAIT,idle,2,1,-11.851,5.560,-2.171,-0.006,0.005,-0.013,-0.5045
1785822150.848,0.000,WAIT,idle,2,1,-11.851,5.562,-2.173,-0.002,0.013,-0.015,-0.5042
1785822150.948,0.000,WAIT,idle,2,1,-11.851,5.564,-2.174,-0.002,0.012,-0.017,-0.5041
1785822151.048,0.000,WAIT,idle,2,1,-11.851,5.565,-2.176,-0.002,0.012,-0.017,-0.5037
1785822151.148,0.000,WAIT,idle,2,1,-11.852,5.567,-2.178,-0.002,0.009,-0.017,-0.5039
1785822151.248,0.000,WAIT,idle,2,1,-11.852,5.569,-2.179,-0.005,-0.002,-0.017,-0.5044
1785822151.348,0.000,WAIT,idle,2,1,-11.852,5.570,-2.181,-0.003,0.002,-0.017,-0.5042
1785822151.448,0.000,WAIT,idle,2,1,-11.852,5.571,-2.183,-0.001,-0.008,-0.017,-0.5043
1785822151.548,0.000,WAIT,idle,2,1,-11.852,5.572,-2.185,0.001,-0.004,-0.016,-0.5043
1785822151.648,0.000,WAIT,idle,2,1,-11.852,5.573,-2.187,0.002,-0.000,-0.018,-0.5038
1785822151.748,0.000,WAIT,idle,2,1,-11.851,5.575,-2.190,0.002,-0.014,-0.016,-0.5041
1785822151.848,0.000,WAIT,idle,2,1,-11.851,5.576,-2.192,0.005,0.000,-0.015,-0.5036
1785822151.948,0.000,WAIT,idle,2,1,-11.851,5.577,-2.195,-0.000,-0.007,-0.014,-0.5039
1785822152.048,0.000,WAIT,idle,2,1,-11.851,5.578,-2.197,0.001,-0.002,-0.013,-0.5037
1785822152.148,0.000,WAIT,idle,2,1,-11.851,5.579,-2.199,0.002,-0.002,-0.012,-0.5035
1785822152.248,0.000,WAIT,idle,2,1,-11.851,5.579,-2.201,0.005,-0.002,-0.012,-0.5035
1785822152.348,0.000,WAIT,idle,2,1,-11.851,5.580,-2.203,0.005,-0.007,-0.010,-0.5038
1785822152.448,0.000,WAIT,idle,2,1,-11.851,5.580,-2.205,0.001,-0.005,-0.010,-0.5036
1785822152.548,0.000,WAIT,idle,2,1,-11.852,5.580,-2.206,0.003,-0.006,-0.007,-0.5037
1785822152.648,0.000,WAIT,idle,2,1,-11.852,5.580,-2.207,0.001,-0.012,-0.008,-0.5038
1785822152.748,0.000,WAIT,idle,2,1,-11.852,5.580,-2.208,0.002,-0.018,-0.005,-0.5040
1785822152.848,0.000,WAIT,idle,2,1,-11.852,5.580,-2.209,0.003,-0.022,-0.005,-0.5042
1785822152.948,0.000,WAIT,idle,2,1,-11.852,5.579,-2.209,0.003,-0.027,-0.000,-0.5043
1785822153.048,0.000,WAIT,idle,2,1,-11.852,5.579,-2.209,0.002,-0.031,-0.003,-0.5041
1785822153.148,0.000,WAIT,idle,2,1,-11.852,5.578,-2.209,0.002,-0.028,-0.004,-0.5039
1785822153.248,0.000,WAIT,idle,2,1,-11.852,5.576,-2.210,0.003,-0.024,-0.003,-0.5043
1785822153.348,0.000,WAIT,idle,2,1,-11.852,5.575,-2.210,0.005,-0.031,-0.003,-0.5043
1785822153.448,0.000,WAIT,idle,2,1,-11.852,5.574,-2.211,0.004,-0.033,-0.005,-0.5043
1785822153.548,0.000,WAIT,idle,2,1,-11.852,5.572,-2.212,0.003,-0.029,-0.007,-0.5045
1785822153.648,0.000,WAIT,idle,2,1,-11.852,5.571,-2.214,0.003,-0.031,-0.007,-0.5040
1785822153.748,0.000,WAIT,idle,2,1,-11.853,5.569,-2.216,-0.002,-0.033,-0.004,-0.5040
1785822153.848,0.000,WAIT,idle,2,1,-11.855,5.568,-2.217,-0.002,-0.029,-0.004,-0.5040
1785822153.948,0.000,WAIT,idle,2,1,-11.856,5.567,-2.219,0.000,-0.023,-0.001,-0.5039
1785822154.048,0.000,WAIT,idle,2,1,-11.857,5.566,-2.219,0.001,-0.026,-0.000,-0.5037
1785822154.148,0.000,WAIT,idle,2,1,-11.858,5.566,-2.220,0.001,-0.027,0.002,-0.5036
1785822154.248,0.000,WAIT,idle,2,1,-11.860,5.565,-2.220,0.006,-0.021,0.002,-0.5035
1785822154.348,0.000,WAIT,idle,2,1,-11.860,5.564,-2.221,0.008,-0.023,0.000,-0.5035
1785822154.448,0.000,WAIT,idle,2,1,-11.861,5.564,-2.221,0.009,-0.023,-0.001,-0.5039
1785822154.548,0.000,WAIT,idle,2,1,-11.861,5.563,-2.221,0.009,-0.022,0.003,-0.5042
1785822154.648,0.000,WAIT,idle,2,1,-11.862,5.563,-2.221,0.006,-0.015,0.002,-0.5042
1785822154.748,0.000,WAIT,idle,2,1,-11.863,5.563,-2.222,0.010,-0.020,-0.000,-0.5039
1785822154.848,0.000,WAIT,idle,2,1,-11.865,5.562,-2.222,0.006,-0.021,0.000,-0.5044
1785822154.948,0.000,WAIT,idle,2,1,-11.866,5.562,-2.223,0.004,-0.019,0.003,-0.5043
1785822155.048,0.000,WAIT,idle,2,1,-11.868,5.561,-2.223,0.010,-0.017,0.003,-0.5038
1785822155.148,0.000,WAIT,idle,2,1,-11.868,5.560,-2.223,0.008,-0.024,0.004,-0.5044
1785822155.248,0.000,WAIT,idle,2,1,-11.869,5.559,-2.224,0.008,-0.020,0.002,-0.5046
1785822155.348,0.000,WAIT,idle,2,1,-11.869,5.559,-2.225,0.018,-0.015,0.001,-0.5041
1785822155.448,0.000,WAIT,idle,2,1,-11.869,5.559,-2.225,0.014,-0.010,0.003,-0.5041
1785822155.548,0.000,WAIT,idle,2,1,-11.869,5.558,-2.225,0.015,-0.005,0.004,-0.5038
1785822155.648,0.000,WAIT,idle,2,1,-11.869,5.558,-2.226,0.016,-0.019,0.006,-0.5044
1785822155.748,0.000,WAIT,idle,2,1,-11.870,5.558,-2.226,0.011,-0.015,0.005,-0.5042
1785822155.848,0.000,WAIT,idle,2,1,-11.871,5.558,-2.226,0.010,-0.009,0.004,-0.5036
1785822155.948,0.000,WAIT,idle,2,1,-11.872,5.558,-2.227,0.010,-0.003,0.003,-0.5035
1785822156.048,0.000,WAIT,idle,2,1,-11.873,5.558,-2.227,0.014,-0.003,0.005,-0.5035
1785822156.148,0.000,WAIT,idle,2,1,-11.874,5.558,-2.227,0.013,-0.010,0.005,-0.5042
1785822156.248,0.000,WAIT,idle,2,1,-11.874,5.558,-2.227,0.016,-0.004,0.005,-0.5039
1785822156.348,0.000,WAIT,idle,2,1,-11.875,5.559,-2.227,0.016,-0.005,0.005,-0.5037
1785822156.448,0.000,WAIT,idle,2,1,-11.874,5.560,-2.227,0.017,-0.010,0.003,-0.5035
1785822156.548,0.000,WAIT,idle,2,1,-11.874,5.562,-2.227,0.016,-0.013,0.004,-0.5034
1785822156.648,0.000,WAIT,idle,2,1,-11.874,5.563,-2.227,0.014,-0.017,0.004,-0.5036
1785822156.748,0.000,WAIT,idle,2,1,-11.873,5.564,-2.227,0.013,-0.015,0.002,-0.5043
1785822156.848,0.000,WAIT,idle,2,1,-11.872,5.564,-2.228,0.015,-0.017,0.004,-0.5044
1785822156.948,0.000,WAIT,idle,2,1,-11.870,5.565,-2.228,0.016,-0.019,0.005,-0.5041
1785822157.048,0.000,WAIT,idle,2,1,-11.868,5.565,-2.228,0.019,-0.018,0.005,-0.5045
1785822157.148,0.000,WAIT,idle,2,1,-11.865,5.566,-2.228,0.022,-0.017,0.005,-0.5046
1785822157.248,0.000,WAIT,idle,2,1,-11.861,5.566,-2.228,0.024,-0.012,0.004,-0.5046
1785822157.348,0.000,WAIT,idle,2,1,-11.858,5.566,-2.228,0.023,-0.010,0.003,-0.5047
1785822157.448,0.000,WAIT,idle,2,1,-11.853,5.566,-2.227,0.022,-0.025,0.004,-0.5051
1785822157.548,0.000,WAIT,idle,2,1,-11.850,5.567,-2.226,0.019,-0.018,0.006,-0.5048
1785822157.648,0.000,WAIT,idle,2,1,-11.848,5.567,-2.225,0.014,-0.013,0.006,-0.5044
1785822157.748,0.000,WAIT,idle,2,1,-11.846,5.568,-2.224,0.010,-0.021,0.004,-0.5043
1785822157.848,0.000,WAIT,idle,2,1,-11.844,5.568,-2.222,0.006,-0.019,0.003,-0.5039
1785822157.948,0.000,WAIT,idle,2,1,-11.843,5.569,-2.221,0.004,-0.013,-0.001,-0.5037
1785822158.048,0.000,WAIT,idle,2,1,-11.843,5.570,-2.221,0.003,-0.024,-0.002,-0.5039
1785822158.148,0.000,WAIT,idle,2,1,-11.842,5.570,-2.220,0.001,-0.023,-0.004,-0.5038
1785822158.248,0.000,WAIT,idle,2,1,-11.842,5.570,-2.220,-0.002,-0.023,-0.002,-0.5040
1785822158.348,0.000,WAIT,idle,2,1,-11.841,5.570,-2.220,-0.001,-0.019,-0.001,-0.5042
1785822158.448,0.000,WAIT,idle,2,1,-11.840,5.570,-2.220,-0.000,-0.014,-0.001,-0.5043
1785822158.548,0.000,WAIT,idle,2,1,-11.840,5.570,-2.219,-0.001,-0.023,-0.002,-0.5044
1785822158.648,0.000,WAIT,idle,2,1,-11.839,5.570,-2.219,-0.003,-0.018,-0.003,-0.5039
1785822158.748,0.000,WAIT,idle,2,1,-11.839,5.569,-2.220,-0.001,-0.029,-0.003,-0.5039
1785822158.848,0.000,WAIT,idle,2,1,-11.839,5.569,-2.220,-0.002,-0.027,-0.005,-0.5041
1785822158.948,0.000,WAIT,idle,2,1,-11.840,5.568,-2.221,-0.004,-0.023,-0.005,-0.5042
1785822159.048,0.000,WAIT,idle,2,1,-11.840,5.567,-2.221,-0.002,-0.027,-0.005,-0.5037
1785822159.148,0.000,WAIT,idle,2,1,-11.841,5.566,-2.222,-0.001,-0.016,-0.002,-0.5035
1785822159.248,0.000,WAIT,idle,2,1,-11.842,5.564,-2.222,0.000,-0.023,-0.001,-0.5038
1785822159.348,0.000,WAIT,idle,2,1,-11.843,5.563,-2.222,-0.002,-0.027,-0.003,-0.5042
1785822159.448,0.000,WAIT,idle,2,1,-11.845,5.561,-2.222,-0.003,-0.026,-0.002,-0.5043
1785822159.548,0.000,WAIT,idle,2,1,-11.846,5.559,-2.222,-0.001,-0.022,-0.003,-0.5038
1785822159.648,0.000,WAIT,idle,2,1,-11.848,5.557,-2.222,-0.003,-0.024,-0.002,-0.5037
1785822159.748,0.000,WAIT,idle,2,1,-11.850,5.555,-2.223,-0.003,-0.023,-0.003,-0.5038
1785822159.848,0.000,WAIT,idle,2,1,-11.852,5.554,-2.223,-0.003,-0.021,-0.000,-0.5042
1785822159.948,0.000,WAIT,idle,2,1,-11.854,5.552,-2.223,-0.003,-0.015,-0.002,-0.5040
1785822160.048,0.000,WAIT,idle,2,1,-11.856,5.551,-2.222,0.003,-0.018,0.000,-0.5038
1785822160.148,0.000,WAIT,idle,2,1,-11.858,5.550,-2.222,0.004,-0.021,0.000,-0.5040
1785822160.248,0.000,WAIT,idle,2,1,-11.859,5.548,-2.222,0.005,-0.019,-0.000,-0.5047
1785822160.348,0.000,WAIT,idle,2,1,-11.861,5.547,-2.221,0.002,-0.013,-0.002,-0.5047
1785822160.448,0.000,WAIT,idle,2,1,-11.862,5.546,-2.222,0.006,-0.007,-0.000,-0.5042
1785822160.548,0.000,WAIT,idle,2,1,-11.863,5.545,-2.222,0.006,-0.002,-0.001,-0.5040
1785822160.648,0.000,WAIT,idle,2,1,-11.864,5.543,-2.222,0.008,-0.011,-0.000,-0.5041
1785822160.748,0.000,WAIT,idle,2,1,-11.864,5.542,-2.223,0.012,-0.012,-0.002,-0.5040
1785822160.848,0.000,WAIT,idle,2,1,-11.865,5.541,-2.224,0.013,-0.013,-0.003,-0.5041
1785822160.948,0.000,WAIT,idle,2,1,-11.865,5.540,-2.225,0.013,-0.011,-0.004,-0.5040
1785822161.048,0.000,WAIT,idle,2,1,-11.865,5.540,-2.226,0.012,-0.006,-0.001,-0.5039
1785822161.148,0.000,WAIT,idle,2,1,-11.865,5.540,-2.226,0.013,-0.011,0.001,-0.5038
1785822161.248,0.000,WAIT,idle,2,1,-11.866,5.540,-2.227,0.010,-0.008,0.003,-0.5045
1785822161.348,0.000,WAIT,idle,2,1,-11.866,5.540,-2.226,0.007,-0.003,0.003,-0.5045
1785822161.448,0.000,WAIT,idle,2,1,-11.867,5.541,-2.226,0.008,0.002,0.003,-0.5040
1785822161.548,0.000,WAIT,idle,2,1,-11.866,5.541,-2.227,0.011,0.010,0.002,-0.5037
1785822161.648,0.000,WAIT,idle,2,1,-11.865,5.541,-2.227,0.015,0.015,0.005,-0.5037
1785822161.748,0.000,WAIT,idle,2,1,-11.864,5.542,-2.227,0.019,0.012,0.003,-0.5036
1785822161.848,0.000,WAIT,idle,2,1,-11.862,5.542,-2.226,0.024,0.008,0.004,-0.5038
1785822161.948,0.000,WAIT,idle,2,1,-11.858,5.543,-2.226,0.020,0.006,0.003,-0.5042
1785822162.048,0.000,WAIT,idle,2,1,-11.856,5.543,-2.226,0.021,0.007,0.002,-0.5042
1785822162.148,0.000,WAIT,idle,2,1,-11.854,5.543,-2.226,0.019,0.009,0.001,-0.5040
1785822162.248,0.000,WAIT,idle,2,1,-11.852,5.544,-2.226,0.016,0.008,0.003,-0.5039
1785822162.348,0.000,WAIT,idle,2,1,-11.849,5.545,-2.225,0.017,0.010,0.005,-0.5035
1785822162.448,0.000,WAIT,idle,2,1,-11.847,5.546,-2.225,0.016,0.010,0.004,-0.5039
1785822162.548,0.000,WAIT,idle,2,1,-11.845,5.547,-2.225,0.011,0.004,0.000,-0.5041
1785822162.648,0.000,WAIT,idle,2,1,-11.843,5.549,-2.225,0.011,0.006,-0.001,-0.5039
1785822162.748,0.000,WAIT,idle,2,1,-11.841,5.550,-2.225,0.009,0.010,0.002,-0.5037
1785822162.848,0.000,WAIT,idle,2,1,-11.840,5.550,-2.225,0.004,0.002,0.001,-0.5038
1785822162.948,0.000,WAIT,idle,2,1,-11.839,5.551,-2.225,0.004,0.004,0.000,-0.5039
1785822163.048,0.000,WAIT,idle,2,1,-11.837,5.551,-2.225,0.004,0.006,0.002,-0.5043
1785822163.148,0.000,WAIT,idle,2,1,-11.836,5.552,-2.225,0.006,0.008,0.001,-0.5045
1785822163.248,0.000,WAIT,idle,2,1,-11.835,5.553,-2.225,0.003,0.008,0.001,-0.5040
1785822163.348,0.000,WAIT,idle,2,1,-11.834,5.555,-2.225,-0.000,0.008,0.003,-0.5041
1785822163.448,0.000,WAIT,idle,2,1,-11.833,5.556,-2.225,-0.002,-0.003,0.001,-0.5042
1785822163.548,0.000,WAIT,idle,2,1,-11.833,5.556,-2.225,-0.007,0.001,-0.000,-0.5038
1785822163.648,0.000,WAIT,idle,2,1,-11.833,5.555,-2.225,-0.004,-0.013,-0.001,-0.5039
1785822163.748,0.000,WAIT,idle,2,1,-11.833,5.555,-2.225,-0.005,0.004,0.000,-0.5037
1785822163.848,0.000,WAIT,idle,2,1,-11.833,5.554,-2.225,-0.007,-0.013,0.002,-0.5043
1785822163.948,0.000,WAIT,idle,2,1,-11.833,5.553,-2.225,-0.009,-0.008,0.002,-0.5039
1785822164.048,0.000,WAIT,idle,2,1,-11.833,5.552,-2.225,-0.007,-0.018,0.002,-0.5045
1785822164.148,0.000,WAIT,idle,2,1,-11.833,5.550,-2.224,-0.005,-0.012,0.002,-0.5041
1785822164.248,0.000,WAIT,idle,2,1,-11.833,5.549,-2.223,-0.006,-0.004,0.001,-0.5037
1785822164.348,0.000,WAIT,idle,2,1,-11.834,5.548,-2.223,-0.009,-0.005,0.001,-0.5043
1785822164.448,0.000,WAIT,idle,2,1,-11.834,5.547,-2.223,-0.008,0.001,-0.001,-0.5042
1785822164.548,0.000,WAIT,idle,2,1,-11.833,5.546,-2.222,-0.006,0.006,-0.001,-0.5040
1785822164.648,0.000,WAIT,idle,2,1,-11.833,5.545,-2.222,-0.007,0.006,-0.001,-0.5040
1785822164.748,0.000,WAIT,idle,2,1,-11.832,5.545,-2.221,-0.006,0.010,-0.000,-0.5037
1785822164.848,0.000,WAIT,idle,2,1,-11.831,5.545,-2.220,-0.006,0.010,-0.001,-0.5034
1785822164.948,0.000,WAIT,idle,2,1,-11.831,5.544,-2.220,-0.010,-0.001,-0.000,-0.5037
1785822165.048,0.000,WAIT,idle,2,1,-11.830,5.544,-2.219,-0.010,-0.009,-0.003,-0.5046
1785822165.148,0.000,WAIT,idle,2,1,-11.830,5.543,-2.219,-0.009,-0.005,-0.004,-0.5042
1785822165.248,0.000,WAIT,idle,2,1,-11.830,5.542,-2.218,-0.006,-0.001,-0.005,-0.5038
1785822165.348,0.000,WAIT,idle,2,1,-11.829,5.542,-2.218,-0.006,0.003,-0.007,-0.5040
1785822165.448,0.000,WAIT,idle,2,1,-11.830,5.541,-2.218,-0.008,0.002,-0.006,-0.5039
1785822165.548,0.000,WAIT,idle,2,1,-11.830,5.539,-2.218,-0.007,0.004,-0.007,-0.5036
1785822165.648,0.000,WAIT,idle,2,1,-11.832,5.538,-2.218,-0.011,-0.004,-0.004,-0.5038
1785822165.748,0.000,WAIT,idle,2,1,-11.833,5.538,-2.218,-0.011,-0.000,-0.007,-0.5040
1785822165.848,0.000,WAIT,idle,2,1,-11.834,5.537,-2.219,-0.012,-0.007,-0.006,-0.5047
1785822165.948,0.000,WAIT,idle,2,1,-11.836,5.537,-2.219,-0.012,0.000,-0.005,-0.5042
1785822166.048,0.000,WAIT,idle,2,1,-11.838,5.537,-2.219,-0.010,-0.011,-0.004,-0.5039
1785822166.148,0.000,WAIT,idle,2,1,-11.840,5.537,-2.219,-0.011,-0.009,-0.004,-0.5037
1785822166.248,0.000,WAIT,idle,2,1,-11.842,5.538,-2.220,-0.012,-0.003,-0.005,-0.5034
1785822166.348,0.000,WAIT,idle,2,1,-11.845,5.539,-2.221,-0.013,0.004,-0.004,-0.5034
1785822166.448,0.000,WAIT,idle,2,1,-11.848,5.541,-2.221,-0.011,-0.002,-0.002,-0.5036
1785822166.548,0.000,WAIT,idle,2,1,-11.851,5.542,-2.222,-0.010,0.003,-0.004,-0.5036
1785822166.648,0.000,WAIT,idle,2,1,-11.853,5.543,-2.223,-0.010,0.008,-0.002,-0.5033
1785822166.748,0.000,WAIT,idle,2,1,-11.855,5.545,-2.224,-0.007,0.010,-0.001,-0.5034
1785822166.848,0.000,ENGAGED,idle,14,1,-11.856,5.546,-2.225,-0.002,0.014,0.001,-0.5037
1785822166.949,0.100,ENGAGED,HOVER 0/90s,14,1,-11.858,5.548,-2.226,-0.004,-0.003,0.001,-0.5043
1785822167.048,0.200,ENGAGED,HOVER 0/90s,14,1,-11.859,5.549,-2.227,-0.004,-0.001,0.001,-0.5039
1785822167.148,0.300,ENGAGED,HOVER 0/90s,14,1,-11.860,5.550,-2.228,-0.006,0.003,0.001,-0.5040
1785822167.248,0.400,ENGAGED,HOVER 0/90s,14,1,-11.861,5.551,-2.229,-0.003,0.009,0.003,-0.5038
1785822167.348,0.500,ENGAGED,HOVER 0/90s,14,1,-11.863,5.553,-2.230,-0.003,0.003,0.004,-0.5038
1785822167.448,0.600,ENGAGED,HOVER 0/90s,14,1,-11.864,5.556,-2.230,-0.000,0.009,0.007,-0.5036
1785822167.548,0.700,ENGAGED,HOVER 0/90s,14,1,-11.864,5.558,-2.230,0.003,0.012,0.007,-0.5033
1785822167.648,0.800,ENGAGED,HOVER 0/90s,14,1,-11.865,5.560,-2.231,0.006,0.009,0.004,-0.5031
1785822167.748,0.900,ENGAGED,HOVER 0/90s,14,1,-11.865,5.562,-2.231,0.006,0.005,0.005,-0.5034
1785822167.848,1.000,ENGAGED,HOVER 0/90s,14,1,-11.865,5.564,-2.232,0.004,0.000,0.007,-0.5038
1785822167.949,1.100,ENGAGED,HOVER 1/90s,14,1,-11.864,5.566,-2.233,0.006,0.005,0.005,-0.5032
1785822168.048,1.200,ENGAGED,HOVER 1/90s,14,1,-11.864,5.567,-2.233,0.009,-0.012,0.007,-0.5035
1785822168.148,1.300,ENGAGED,HOVER 1/90s,14,1,-11.864,5.569,-2.234,0.007,0.001,0.007,-0.5035
1785822168.248,1.400,ENGAGED,HOVER 1/90s,14,1,-11.864,5.570,-2.234,0.009,-0.004,0.010,-0.5037
1785822168.348,1.500,ENGAGED,HOVER 1/90s,14,1,-11.865,5.570,-2.234,0.008,-0.014,0.010,-0.5035
1785822168.448,1.600,ENGAGED,HOVER 1/90s,14,1,-11.865,5.570,-2.234,0.009,-0.023,0.008,-0.5040
1785822168.548,1.700,ENGAGED,HOVER 1/90s,14,1,-11.866,5.570,-2.234,0.005,-0.027,0.008,-0.5045
1785822168.648,1.800,ENGAGED,HOVER 1/90s,14,1,-11.866,5.569,-2.235,0.003,-0.028,0.008,-0.5042
1785822168.748,1.900,ENGAGED,HOVER 1/90s,14,1,-11.867,5.569,-2.236,0.001,-0.023,0.010,-0.5041
1785822168.848,2.000,ENGAGED,HOVER 1/90s,14,1,-11.868,5.569,-2.236,0.003,-0.018,0.013,-0.5040
1785822168.948,2.100,ENGAGED,HOVER 2/90s,14,1,-11.868,5.570,-2.236,0.006,-0.024,0.011,-0.5039
1785822169.048,2.200,ENGAGED,HOVER 2/90s,14,1,-11.868,5.570,-2.236,0.008,-0.024,0.012,-0.5040
1785822169.148,2.300,ENGAGED,HOVER 2/90s,14,1,-11.868,5.569,-2.235,0.007,-0.021,0.010,-0.5044
1785822169.248,2.400,ENGAGED,HOVER 2/90s,14,1,-11.868,5.568,-2.235,0.006,-0.014,0.012,-0.5044
1785822169.348,2.500,ENGAGED,HOVER 2/90s,14,1,-11.869,5.568,-2.235,0.007,-0.012,0.010,-0.5037
1785822169.448,2.600,ENGAGED,HOVER 2/90s,14,1,-11.869,5.567,-2.234,0.006,-0.012,0.010,-0.5032
1785822169.548,2.700,ENGAGED,HOVER 2/90s,14,1,-11.870,5.566,-2.234,0.003,-0.021,0.008,-0.5040
1785822169.648,2.800,ENGAGED,HOVER 2/90s,14,1,-11.869,5.565,-2.233,0.005,-0.012,0.008,-0.5037
1785822169.748,2.900,ENGAGED,HOVER 2/90s,14,1,-11.869,5.565,-2.232,0.007,-0.007,0.009,-0.5035
1785822169.848,3.000,ENGAGED,HOVER 2/90s,14,1,-11.867,5.564,-2.231,0.007,-0.016,0.010,-0.5035
1785822169.949,3.101,ENGAGED,HOVER 3/90s,14,1,-11.866,5.563,-2.230,0.009,-0.012,0.007,-0.5035
1785822170.048,3.200,ENGAGED,HOVER 3/90s,14,1,-11.864,5.562,-2.229,0.008,-0.011,0.007,-0.5040
1785822170.148,3.300,ENGAGED,HOVER 3/90s,14,1,-11.862,5.560,-2.228,0.013,-0.011,0.005,-0.5042
1785822170.248,3.400,ENGAGED,HOVER 3/90s,14,1,-11.860,5.558,-2.228,0.013,-0.015,0.003,-0.5040
1785822170.348,3.500,ENGAGED,HOVER 3/90s,14,1,-11.857,5.557,-2.228,0.016,-0.018,0.002,-0.5039
1785822170.448,3.600,ENGAGED,HOVER 3/90s,14,1,-11.855,5.556,-2.228,0.013,-0.022,0.002,-0.5041
1785822170.548,3.700,ENGAGED,HOVER 3/90s,14,1,-11.853,5.555,-2.228,0.011,-0.021,0.001,-0.5041
1785822170.648,3.800,ENGAGED,HOVER 3/90s,14,1,-11.851,5.555,-2.228,0.007,-0.020,0.004,-0.5037
1785822170.748,3.900,ENGAGED,HOVER 3/90s,14,1,-11.849,5.554,-2.228,0.006,-0.008,0.004,-0.5033
1785822170.848,4.000,ENGAGED,HOVER 3/90s,14,1,-11.848,5.554,-2.228,0.003,-0.013,0.003,-0.5035
1785822170.948,4.100,ENGAGED,HOVER 4/90s,14,1,-11.847,5.553,-2.228,-0.002,-0.017,0.003,-0.5039
1785822171.048,4.200,ENGAGED,HOVER 4/90s,14,1,-11.846,5.553,-2.227,-0.003,-0.021,0.001,-0.5037
1785822171.148,4.300,ENGAGED,HOVER 4/90s,14,1,-11.845,5.553,-2.227,-0.001,-0.012,0.002,-0.5037
1785822171.248,4.400,ENGAGED,HOVER 4/90s,14,1,-11.844,5.553,-2.226,-0.003,-0.017,0.002,-0.5042
1785822171.348,4.500,ENGAGED,HOVER 4/90s,14,1,-11.842,5.552,-2.225,-0.004,-0.011,0.001,-0.5043
1785822171.448,4.600,ENGAGED,HOVER 4/90s,14,1,-11.841,5.551,-2.223,-0.004,-0.019,0.001,-0.5042
1785822171.548,4.700,ENGAGED,HOVER 4/90s,14,1,-11.840,5.551,-2.222,-0.009,-0.014,0.001,-0.5037
1785822171.648,4.800,ENGAGED,HOVER 4/90s,14,1,-11.840,5.551,-2.222,-0.011,-0.008,-0.002,-0.5033
1785822171.748,4.900,ENGAGED,HOVER 4/90s,14,1,-11.840,5.551,-2.221,-0.010,-0.002,-0.001,-0.5033
1785822171.848,5.000,ENGAGED,HOVER 4/90s,14,1,-11.839,5.551,-2.221,-0.006,0.001,-0.003,-0.5035
1785822171.949,5.101,ENGAGED,HOVER 5/90s,14,1,-11.838,5.550,-2.221,-0.005,-0.001,-0.003,-0.5037
1785822172.048,5.200,ENGAGED,HOVER 5/90s,14,1,-11.838,5.549,-2.221,-0.007,-0.004,-0.004,-0.5034
1785822172.148,5.300,ENGAGED,HOVER 5/90s,14,1,-11.838,5.549,-2.221,-0.011,-0.004,-0.003,-0.5037
1785822172.248,5.400,ENGAGED,HOVER 5/90s,14,1,-11.838,5.549,-2.221,-0.009,-0.012,-0.004,-0.5037
1785822172.348,5.500,ENGAGED,HOVER 5/90s,14,1,-11.837,5.548,-2.221,-0.010,-0.007,-0.006,-0.5038
1785822172.448,5.600,ENGAGED,HOVER 5/90s,14,1,-11.838,5.548,-2.220,-0.012,-0.001,-0.002,-0.5036
1785822172.548,5.700,ENGAGED,HOVER 5/90s,14,1,-11.838,5.548,-2.219,-0.011,0.005,-0.006,-0.5033
1785822172.648,5.800,ENGAGED,HOVER 5/90s,14,1,-11.839,5.547,-2.218,-0.013,-0.011,-0.006,-0.5034
1785822172.748,5.900,ENGAGED,HOVER 5/90s,14,1,-11.840,5.547,-2.218,-0.014,-0.004,-0.006,-0.5036
1785822172.848,6.000,ENGAGED,HOVER 5/90s,14,1,-11.842,5.546,-2.217,-0.016,-0.011,-0.008,-0.5037
1785822172.948,6.100,ENGAGED,HOVER 6/90s,14,1,-11.846,5.546,-2.217,-0.015,-0.003,-0.007,-0.5032
1785822173.048,6.200,ENGAGED,HOVER 6/90s,14,1,-11.848,5.545,-2.217,-0.014,-0.009,-0.008,-0.5032
1785822173.148,6.300,ENGAGED,HOVER 6/90s,14,1,-11.851,5.544,-2.216,-0.011,0.003,-0.008,-0.5030
1785822173.248,6.400,ENGAGED,HOVER 6/90s,14,1,-11.854,5.544,-2.216,-0.009,-0.000,-0.010,-0.5035
1785822173.348,6.500,ENGAGED,HOVER 6/90s,14,1,-11.856,5.544,-2.216,-0.008,-0.007,-0.007,-0.5034
1785822173.448,6.600,ENGAGED,HOVER 6/90s,14,1,-11.858,5.543,-2.216,-0.007,-0.011,-0.009,-0.5041
1785822173.548,6.700,ENGAGED,HOVER 6/90s,14,1,-11.860,5.541,-2.217,-0.004,0.003,-0.008,-0.5039
1785822173.648,6.800,ENGAGED,HOVER 6/90s,14,1,-11.862,5.540,-2.217,-0.004,-0.002,-0.009,-0.5038
1785822173.748,6.900,ENGAGED,HOVER 6/90s,14,1,-11.863,5.539,-2.218,-0.003,-0.008,-0.007,-0.5038
1785822173.848,7.000,ENGAGED,HOVER 6/90s,14,1,-11.865,5.537,-2.218,-0.003,-0.010,-0.006,-0.5038
1785822173.949,7.100,ENGAGED,HOVER 7/90s,14,1,-11.866,5.536,-2.219,-0.002,-0.009,-0.006,-0.5040
1785822174.048,7.200,ENGAGED,HOVER 7/90s,14,1,-11.867,5.534,-2.219,-0.003,-0.004,-0.005,-0.5040
1785822174.148,7.300,ENGAGED,HOVER 7/90s,14,1,-11.869,5.532,-2.220,0.003,-0.005,-0.004,-0.5035
1785822174.248,7.400,ENGAGED,HOVER 7/90s,14,1,-11.869,5.531,-2.221,0.004,-0.007,-0.008,-0.5040
1785822174.348,7.500,ENGAGED,HOVER 7/90s,14,1,-11.870,5.530,-2.222,0.006,-0.003,-0.005,-0.5042
1785822174.448,7.600,ENGAGED,HOVER 7/90s,14,1,-11.869,5.528,-2.223,0.008,0.004,-0.002,-0.5043
1785822174.548,7.700,ENGAGED,HOVER 7/90s,14,1,-11.869,5.527,-2.224,0.006,0.012,-0.003,-0.5041
1785822174.648,7.800,ENGAGED,HOVER 7/90s,14,1,-11.869,5.527,-2.225,0.007,0.017,-0.001,-0.5036
1785822174.748,7.900,ENGAGED,HOVER 7/90s,14,1,-11.870,5.526,-2.225,0.006,0.006,0.000,-0.5041
1785822174.848,8.000,ENGAGED,HOVER 7/90s,14,1,-11.870,5.526,-2.226,0.006,0.011,0.000,-0.5039
1785822174.948,8.100,ENGAGED,HOVER 8/90s,14,1,-11.870,5.525,-2.227,0.007,0.013,-0.000,-0.5036
1785822175.048,8.200,ENGAGED,HOVER 8/90s,14,1,-11.870,5.524,-2.227,0.007,0.019,0.002,-0.5033
1785822175.148,8.300,ENGAGED,HOVER 8/90s,14,1,-11.871,5.523,-2.228,0.007,0.009,0.005,-0.5037
1785822175.248,8.400,ENGAGED,HOVER 8/90s,14,1,-11.871,5.522,-2.228,0.008,0.016,0.003,-0.5037
1785822175.348,8.500,ENGAGED,HOVER 8/90s,14,1,-11.871,5.522,-2.228,0.008,0.019,0.005,-0.5037
1785822175.448,8.600,ENGAGED,HOVER 8/90s,14,1,-11.871,5.521,-2.229,0.009,0.020,0.005,-0.5035
1785822175.548,8.700,ENGAGED,HOVER 8/90s,14,1,-11.871,5.521,-2.230,0.010,0.020,0.004,-0.5032
1785822175.648,8.800,ENGAGED,HOVER 8/90s,14,1,-11.871,5.521,-2.231,0.011,0.017,0.004,-0.5032
1785822175.748,8.900,ENGAGED,HOVER 8/90s,14,1,-11.871,5.521,-2.231,0.012,0.012,0.004,-0.5033
1785822175.848,9.000,ENGAGED,HOVER 8/90s,14,1,-11.870,5.522,-2.232,0.013,0.008,0.004,-0.5036
1785822175.948,9.100,ENGAGED,HOVER 9/90s,14,1,-11.869,5.522,-2.232,0.011,0.004,0.007,-0.5040
1785822176.048,9.200,ENGAGED,HOVER 9/90s,14,1,-11.867,5.523,-2.232,0.012,0.019,0.006,-0.5035
1785822176.148,9.300,ENGAGED,HOVER 9/90s,14,1,-11.866,5.524,-2.232,0.008,0.009,0.007,-0.5039
1785822176.248,9.400,ENGAGED,HOVER 9/90s,14,1,-11.865,5.525,-2.232,0.012,0.008,0.008,-0.5037
1785822176.348,9.500,ENGAGED,HOVER 9/90s,14,1,-11.862,5.528,-2.231,0.013,0.025,0.009,-0.5037
1785822176.448,9.600,ENGAGED,HOVER 9/90s,14,1,-11.860,5.530,-2.231,0.014,0.018,0.007,-0.5037
1785822176.548,9.700,ENGAGED,HOVER 9/90s,14,1,-11.858,5.533,-2.231,0.012,0.029,0.007,-0.5033
1785822176.648,9.800,ENGAGED,HOVER 9/90s,14,1,-11.855,5.535,-2.231,0.012,0.029,0.006,-0.5031
1785822176.748,9.900,ENGAGED,HOVER 9/90s,14,1,-11.853,5.538,-2.230,0.013,0.024,0.006,-0.5034
1785822176.849,10.001,ENGAGED,HOVER 10/90s,14,1,-11.850,5.540,-2.230,0.011,0.016,0.006,-0.5039
1785822176.948,10.100,ENGAGED,HOVER 10/90s,14,1,-11.847,5.542,-2.229,0.012,0.008,0.006,-0.5039
1785822177.048,10.200,ENGAGED,HOVER 10/90s,14,1,-11.845,5.544,-2.228,0.007,0.006,0.007,-0.5041
1785822177.148,10.300,ENGAGED,HOVER 10/90s,14,1,-11.844,5.546,-2.227,-0.000,0.004,0.003,-0.5043
1785822177.248,10.400,ENGAGED,HOVER 10/90s,14,1,-11.843,5.547,-2.227,-0.004,0.005,0.004,-0.5040
1785822177.348,10.500,ENGAGED,HOVER 10/90s,14,1,-11.842,5.548,-2.226,-0.007,0.006,0.003,-0.5040
1785822177.448,10.600,ENGAGED,HOVER 10/90s,14,1,-11.842,5.549,-2.227,-0.009,0.007,-0.000,-0.5038
1785822177.548,10.700,ENGAGED,HOVER 10/90s,14,1,-11.842,5.549,-2.227,-0.006,0.009,0.001,-0.5036
1785822177.648,10.800,ENGAGED,HOVER 10/90s,14,1,-11.842,5.549,-2.228,-0.006,0.009,0.000,-0.5037
1785822177.748,10.900,ENGAGED,HOVER 10/90s,14,1,-11.842,5.549,-2.228,-0.006,0.006,0.003,-0.5034
1785822177.848,11.000,ENGAGED,HOVER 10/90s,14,1,-11.841,5.549,-2.228,-0.006,0.000,0.001,-0.5035
1785822177.949,11.101,ENGAGED,HOVER 11/90s,14,1,-11.841,5.549,-2.229,-0.009,-0.008,0.001,-0.5041
1785822178.048,11.200,ENGAGED,HOVER 11/90s,14,1,-11.841,5.549,-2.229,-0.004,-0.006,0.003,-0.5041
1785822178.148,11.300,ENGAGED,HOVER 11/90s,14,1,-11.840,5.550,-2.229,-0.009,0.005,0.004,-0.5036
1785822178.248,11.400,ENGAGED,HOVER 11/90s,14,1,-11.840,5.550,-2.230,-0.010,-0.009,0.004,-0.5039
1785822178.348,11.500,ENGAGED,HOVER 11/90s,14,1,-11.840,5.550,-2.230,-0.012,-0.007,0.007,-0.5039
1785822178.448,11.600,ENGAGED,HOVER 11/90s,14,1,-11.840,5.551,-2.230,-0.008,-0.008,0.004,-0.5037
1785822178.548,11.700,ENGAGED,HOVER 11/90s,14,1,-11.840,5.551,-2.230,-0.008,-0.011,0.004,-0.5038
1785822178.648,11.800,ENGAGED,HOVER 11/90s,14,1,-11.840,5.551,-2.230,-0.010,-0.008,0.005,-0.5039
1785822178.748,11.900,ENGAGED,HOVER 11/90s,14,1,-11.839,5.550,-2.230,-0.005,-0.007,0.006,-0.5041
1785822178.848,12.000,ENGAGED,HOVER 11/90s,14,1,-11.840,5.550,-2.229,-0.008,-0.013,0.008,-0.5042
1785822178.949,12.100,ENGAGED,HOVER 12/90s,14,1,-11.840,5.549,-2.227,-0.009,-0.011,0.005,-0.5038
1785822179.048,12.200,ENGAGED,HOVER 12/90s,14,1,-11.840,5.547,-2.226,-0.011,-0.001,0.004,-0.5036
1785822179.148,12.300,ENGAGED,HOVER 12/90s,14,1,-11.841,5.547,-2.225,-0.012,-0.009,0.001,-0.5041
1785822179.248,12.400,ENGAGED,HOVER 12/90s,14,1,-11.842,5.545,-2.225,-0.011,0.005,0.001,-0.5034
1785822179.348,12.500,ENGAGED,HOVER 12/90s,14,1,-11.843,5.544,-2.225,-0.013,0.011,0.001,-0.5029
1785822179.448,12.600,ENGAGED,HOVER 12/90s,14,1,-11.844,5.543,-2.225,-0.011,0.009,-0.001,-0.5031
1785822179.548,12.700,ENGAGED,HOVER 12/90s,14,1,-11.845,5.542,-2.225,-0.015,0.004,-0.001,-0.5042
1785822179.648,12.800,ENGAGED,HOVER 12/90s,14,1,-11.846,5.541,-2.225,-0.013,0.007,-0.002,-0.5041
1785822179.748,12.900,ENGAGED,HOVER 12/90s,14,1,-11.847,5.539,-2.226,-0.012,-0.001,-0.002,-0.5041
1785822179.848,13.000,ENGAGED,HOVER 12/90s,14,1,-11.848,5.538,-2.226,-0.010,-0.006,0.001,-0.5043
1785822179.949,13.101,ENGAGED,HOVER 13/90s,14,1,-11.849,5.537,-2.226,-0.011,-0.007,-0.000,-0.5040
1785822180.048,13.200,ENGAGED,HOVER 13/90s,14,1,-11.851,5.536,-2.225,-0.015,-0.006,-0.001,-0.5038
1785822180.148,13.300,ENGAGED,HOVER 13/90s,14,1,-11.853,5.535,-2.224,-0.012,-0.007,0.002,-0.5042
1785822180.248,13.400,ENGAGED,HOVER 13/90s,14,1,-11.854,5.534,-2.223,-0.012,-0.005,0.002,-0.5040
1785822180.348,13.500,ENGAGED,HOVER 13/90s,14,1,-11.855,5.534,-2.221,-0.012,-0.000,0.000,-0.5037
1785822180.448,13.600,ENGAGED,HOVER 13/90s,14,1,-11.856,5.534,-2.219,-0.004,-0.001,-0.001,-0.5034
1785822180.548,13.700,ENGAGED,HOVER 13/90s,14,1,-11.856,5.533,-2.218,-0.001,0.005,-0.004,-0.5042
1785822180.648,13.800,ENGAGED,HOVER 13/90s,14,1,-11.856,5.533,-2.217,0.001,-0.000,-0.007,-0.5046
1785822180.748,13.900,ENGAGED,HOVER 13/90s,14,1,-11.855,5.533,-2.217,0.002,-0.003,-0.007,-0.5042
1785822180.848,14.000,ENGAGED,HOVER 13/90s,14,1,-11.855,5.534,-2.217,0.001,0.017,-0.008,-0.5036
1785822180.949,14.101,ENGAGED,HOVER 14/90s,14,1,-11.855,5.535,-2.216,0.002,0.016,-0.009,-0.5036
1785822181.048,14.200,ENGAGED,HOVER 14/90s,14,1,-11.855,5.537,-2.216,-0.000,0.023,-0.008,-0.5034
1785822181.148,14.300,ENGAGED,HOVER 14/90s,14,1,-11.856,5.539,-2.216,0.001,0.017,-0.007,-0.5033
1785822181.248,14.400,ENGAGED,HOVER 14/90s,14,1,-11.857,5.540,-2.215,0.001,0.012,-0.008,-0.5032
1785822181.348,14.500,ENGAGED,HOVER 14/90s,14,1,-11.857,5.541,-2.215,-0.002,0.014,-0.009,-0.5036
1785822181.448,14.600,ENGAGED,HOVER 14/90s,14,1,-11.857,5.542,-2.216,0.001,0.015,-0.012,-0.5032
1785822181.548,14.700,ENGAGED,HOVER 14/90s,14,1,-11.858,5.544,-2.217,-0.002,0.010,-0.010,-0.5033
1785822181.648,14.800,ENGAGED,HOVER 14/90s,14,1,-11.858,5.545,-2.218,-0.003,0.006,-0.008,-0.5033
1785822181.748,14.900,ENGAGED,HOVER 14/90s,14,1,-11.859,5.546,-2.219,0.000,0.014,-0.005,-0.5031
1785822181.848,15.000,ENGAGED,HOVER 14/90s,14,1,-11.859,5.548,-2.219,0.002,0.013,-0.008,-0.5032
1785822181.949,15.101,ENGAGED,HOVER 15/90s,14,1,-11.859,5.549,-2.219,0.000,0.006,-0.007,-0.5034
1785822182.048,15.200,ENGAGED,HOVER 15/90s,14,1,-11.860,5.551,-2.220,-0.002,0.009,-0.006,-0.5033
1785822182.148,15.300,ENGAGED,HOVER 15/90s,14,1,-11.860,5.551,-2.220,0.003,-0.005,-0.006,-0.5038
1785822182.248,15.400,ENGAGED,HOVER 15/90s,14,1,-11.860,5.553,-2.220,0.005,0.008,-0.005,-0.5037
1785822182.348,15.500,ENGAGED,HOVER 15/90s,14,1,-11.860,5.554,-2.221,0.007,0.004,-0.004,-0.5036
1785822182.448,15.600,ENGAGED,HOVER 15/90s,14,1,-11.860,5.554,-2.220,0.008,-0.003,-0.003,-0.5039
1785822182.548,15.700,ENGAGED,HOVER 15/90s,14,1,-11.860,5.555,-2.221,0.006,-0.009,-0.004,-0.5036
1785822182.648,15.800,ENGAGED,HOVER 15/90s,14,1,-11.860,5.556,-2.221,-0.000,-0.000,-0.004,-0.5034
1785822182.748,15.900,ENGAGED,HOVER 15/90s,14,1,-11.861,5.557,-2.221,0.002,-0.012,-0.005,-0.5033
1785822182.848,16.000,ENGAGED,HOVER 15/90s,14,1,-11.861,5.558,-2.221,-0.001,-0.009,-0.005,-0.5039
1785822182.949,16.100,ENGAGED,HOVER 16/90s,14,1,-11.862,5.559,-2.222,-0.002,-0.005,-0.004,-0.5036
1785822183.048,16.200,ENGAGED,HOVER 16/90s,14,1,-11.862,5.560,-2.222,-0.001,0.004,-0.003,-0.5033
1785822183.148,16.300,ENGAGED,HOVER 16/90s,14,1,-11.862,5.561,-2.223,-0.002,0.007,-0.004,-0.5030
1785822183.248,16.400,ENGAGED,HOVER 16/90s,14,1,-11.863,5.562,-2.223,-0.002,-0.011,-0.002,-0.5035
1785822183.348,16.500,ENGAGED,HOVER 16/90s,14,1,-11.863,5.562,-2.224,-0.003,-0.005,-0.002,-0.5034
1785822183.448,16.600,ENGAGED,HOVER 16/90s,14,1,-11.863,5.561,-2.224,-0.002,-0.010,0.000,-0.5043
1785822183.548,16.700,ENGAGED,HOVER 16/90s,14,1,-11.863,5.561,-2.225,0.002,-0.005,0.001,-0.5045
1785822183.648,16.800,ENGAGED,HOVER 16/90s,14,1,-11.863,5.560,-2.225,0.009,-0.017,0.000,-0.5046
1785822183.748,16.900,ENGAGED,HOVER 16/90s,14,1,-11.862,5.560,-2.226,0.010,-0.019,0.001,-0.5043
1785822183.848,17.000,ENGAGED,HOVER 16/90s,14,1,-11.861,5.559,-2.226,0.009,-0.021,0.000,-0.5042
1785822183.948,17.100,ENGAGED,HOVER 17/90s,14,1,-11.861,5.558,-2.227,0.010,-0.019,0.003,-0.5038
1785822184.048,17.200,ENGAGED,HOVER 17/90s,14,1,-11.861,5.557,-2.227,0.007,-0.019,0.004,-0.5040
1785822184.148,17.300,ENGAGED,HOVER 17/90s,14,1,-11.861,5.556,-2.227,0.004,-0.019,0.004,-0.5037
1785822184.248,17.400,ENGAGED,HOVER 17/90s,14,1,-11.861,5.555,-2.227,0.000,-0.016,0.002,-0.5037
1785822184.348,17.500,ENGAGED,HOVER 17/90s,14,1,-11.861,5.554,-2.227,-0.003,-0.013,0.003,-0.5036
1785822184.448,17.600,ENGAGED,HOVER 17/90s,14,1,-11.861,5.553,-2.227,-0.005,-0.008,0.002,-0.5036
1785822184.548,17.700,ENGAGED,HOVER 17/90s,14,1,-11.861,5.551,-2.227,-0.002,-0.021,0.004,-0.5043
1785822184.648,17.800,ENGAGED,HOVER 17/90s,14,1,-11.862,5.550,-2.228,-0.002,-0.016,0.002,-0.5039
1785822184.748,17.900,ENGAGED,HOVER 17/90s,14,1,-11.862,5.549,-2.228,-0.001,-0.011,0.003,-0.5038
1785822184.848,18.000,ENGAGED,HOVER 17/90s,14,1,-11.861,5.548,-2.228,0.001,-0.004,0.003,-0.5036
1785822184.948,18.100,ENGAGED,HOVER 18/90s,14,1,-11.860,5.547,-2.229,0.001,0.000,0.004,-0.5037
1785822185.048,18.200,ENGAGED,HOVER 18/90s,14,1,-11.860,5.546,-2.230,0.002,0.003,0.004,-0.5038
1785822185.148,18.300,ENGAGED,HOVER 18/90s,14,1,-11.859,5.545,-2.230,0.002,-0.014,0.005,-0.5041
1785822185.248,18.400,ENGAGED,HOVER 18/90s,14,1,-11.859,5.544,-2.230,0.001,-0.014,0.005,-0.5039
1785822185.348,18.500,ENGAGED,HOVER 18/90s,14,1,-11.858,5.544,-2.231,0.001,-0.007,0.006,-0.5041
1785822185.448,18.600,ENGAGED,HOVER 18/90s,14,1,-11.857,5.543,-2.231,0.005,-0.007,0.007,-0.5037
1785822185.548,18.700,ENGAGED,HOVER 18/90s,14,1,-11.856,5.543,-2.231,-0.001,0.003,0.006,-0.5039
1785822185.648,18.800,ENGAGED,HOVER 18/90s,14,1,-11.856,5.543,-2.231,-0.002,0.008,0.008,-0.5037
1785822185.748,18.900,ENGAGED,HOVER 18/90s,14,1,-11.855,5.543,-2.231,-0.001,-0.005,0.005,-0.5037
1785822185.848,19.000,ENGAGED,HOVER 18/90s,14,1,-11.854,5.542,-2.232,0.001,0.009,0.005,-0.5032
1785822185.948,19.100,ENGAGED,HOVER 19/90s,14,1,-11.853,5.541,-2.233,-0.003,-0.001,0.006,-0.5034
1785822186.048,19.200,ENGAGED,HOVER 19/90s,14,1,-11.852,5.540,-2.233,0.002,-0.003,0.006,-0.5040
1785822186.148,19.300,ENGAGED,HOVER 19/90s,14,1,-11.851,5.539,-2.234,-0.003,0.008,0.007,-0.5042
1785822186.248,19.400,ENGAGED,HOVER 19/90s,14,1,-11.850,5.538,-2.234,-0.001,0.009,0.009,-0.5036
1785822186.348,19.500,ENGAGED,HOVER 19/90s,14,1,-11.849,5.537,-2.235,0.001,0.008,0.010,-0.5035
1785822186.448,19.600,ENGAGED,HOVER 19/90s,14,1,-11.848,5.537,-2.235,0.003,0.004,0.009,-0.5035
1785822186.548,19.700,ENGAGED,HOVER 19/90s,14,1,-11.847,5.537,-2.235,0.002,-0.000,0.010,-0.5033
1785822186.648,19.800,ENGAGED,HOVER 19/90s,14,1,-11.846,5.536,-2.235,-0.002,-0.005,0.012,-0.5032
1785822186.748,19.900,ENGAGED,HOVER 19/90s,14,1,-11.845,5.536,-2.235,-0.006,-0.004,0.009,-0.5037
1785822186.848,20.000,ENGAGED,HOVER 19/90s,14,1,-11.845,5.536,-2.235,-0.008,-0.001,0.009,-0.5037
1785822186.948,20.100,ENGAGED,HOVER 20/90s,14,1,-11.845,5.536,-2.235,-0.007,0.000,0.009,-0.5033
1785822187.048,20.200,ENGAGED,HOVER 20/90s,14,1,-11.844,5.536,-2.235,-0.009,-0.004,0.010,-0.5035
1785822187.148,20.300,ENGAGED,HOVER 20/90s,14,1,-11.844,5.536,-2.234,-0.009,-0.001,0.009,-0.5039
1785822187.248,20.400,ENGAGED,HOVER 20/90s,14,1,-11.843,5.536,-2.234,-0.010,0.003,0.009,-0.5044
1785822187.348,20.500,ENGAGED,HOVER 20/90s,14,1,-11.843,5.536,-2.233,-0.011,0.007,0.009,-0.5040
1785822187.448,20.600,ENGAGED,HOVER 20/90s,14,1,-11.842,5.536,-2.232,-0.010,0.010,0.008,-0.5037
1785822187.548,20.700,ENGAGED,HOVER 20/90s,14,1,-11.842,5.536,-2.230,-0.010,-0.003,0.007,-0.5042
1785822187.648,20.800,ENGAGED,HOVER 20/90s,14,1,-11.841,5.537,-2.229,-0.009,0.003,0.007,-0.5040
1785822187.748,20.900,ENGAGED,HOVER 20/90s,14,1,-11.841,5.537,-2.228,-0.008,0.008,0.004,-0.5035
1785822187.848,21.000,ENGAGED,HOVER 20/90s,14,1,-11.841,5.538,-2.226,-0.010,0.002,0.006,-0.5039
1785822187.948,21.100,ENGAGED,HOVER 21/90s,14,1,-11.841,5.539,-2.225,-0.010,0.020,0.004,-0.5033
1785822188.048,21.200,ENGAGED,HOVER 21/90s,14,1,-11.842,5.540,-2.225,-0.007,0.020,0.000,-0.5031
1785822188.148,21.300,ENGAGED,HOVER 21/90s,14,1,-11.843,5.541,-2.224,-0.006,0.017,0.000,-0.5033
1785822188.248,21.400,ENGAGED,HOVER 21/90s,14,1,-11.844,5.542,-2.224,-0.008,0.008,0.002,-0.5039
1785822188.348,21.500,ENGAGED,HOVER 21/90s,14,1,-11.846,5.542,-2.223,-0.010,-0.002,-0.001,-0.5039
1785822188.448,21.600,ENGAGED,HOVER 21/90s,14,1,-11.847,5.543,-2.223,-0.011,-0.003,-0.001,-0.5037
1785822188.548,21.700,ENGAGED,HOVER 21/90s,14,1,-11.849,5.543,-2.222,-0.012,-0.005,-0.000,-0.5036
1785822188.648,21.800,ENGAGED,HOVER 21/90s,14,1,-11.851,5.544,-2.222,-0.012,-0.000,-0.002,-0.5037
1785822188.748,21.900,ENGAGED,HOVER 21/90s,14,1,-11.853,5.545,-2.222,-0.011,-0.001,-0.004,-0.5034
1785822188.848,22.000,ENGAGED,HOVER 21/90s,14,1,-11.855,5.546,-2.222,-0.010,0.000,-0.004,-0.5036
1785822188.948,22.100,ENGAGED,HOVER 22/90s,14,1,-11.857,5.546,-2.222,-0.011,0.004,-0.005,-0.5038
1785822189.048,22.200,ENGAGED,HOVER 22/90s,14,1,-11.860,5.546,-2.222,-0.007,0.008,-0.003,-0.5036
1785822189.148,22.300,ENGAGED,HOVER 22/90s,14,1,-11.862,5.547,-2.222,-0.006,0.009,-0.002,-0.5032
1785822189.248,22.400,ENGAGED,HOVER 22/90s,14,1,-11.864,5.549,-2.221,-0.004,0.008,-0.003,-0.5033
1785822189.348,22.500,ENGAGED,HOVER 22/90s,14,1,-11.865,5.550,-2.221,-0.006,-0.004,-0.006,-0.5036
1785822189.448,22.600,ENGAGED,HOVER 22/90s,14,1,-11.867,5.552,-2.222,-0.006,-0.000,-0.004,-0.5035
1785822189.548,22.700,ENGAGED,HOVER 22/90s,14,1,-11.868,5.554,-2.222,-0.003,0.005,-0.002,-0.5036
1785822189.648,22.800,ENGAGED,HOVER 22/90s,14,1,-11.869,5.555,-2.221,0.001,0.009,-0.003,-0.5038
1785822189.748,22.900,ENGAGED,HOVER 22/90s,14,1,-11.870,5.556,-2.221,0.004,0.010,-0.002,-0.5039
1785822189.848,23.000,ENGAGED,HOVER 22/90s,14,1,-11.871,5.557,-2.221,0.004,0.009,-0.006,-0.5037
1785822189.949,23.100,ENGAGED,HOVER 23/90s,14,1,-11.872,5.559,-2.222,0.005,0.003,-0.003,-0.5037
1785822190.048,23.200,ENGAGED,HOVER 23/90s,14,1,-11.873,5.560,-2.222,0.002,0.000,-0.003,-0.5039
1785822190.148,23.300,ENGAGED,HOVER 23/90s,14,1,-11.874,5.560,-2.222,0.003,0.004,-0.003,-0.5035
1785822190.248,23.400,ENGAGED,HOVER 23/90s,14,1,-11.874,5.561,-2.222,0.007,0.003,-0.004,-0.5033
1785822190.348,23.500,ENGAGED,HOVER 23/90s,14,1,-11.874,5.561,-2.223,0.011,-0.000,-0.003,-0.5034
1785822190.448,23.600,ENGAGED,HOVER 23/90s,14,1,-11.874,5.562,-2.223,0.014,-0.007,-0.003,-0.5037
1785822190.548,23.700,ENGAGED,HOVER 23/90s,14,1,-11.874,5.562,-2.224,0.013,0.001,-0.002,-0.5039
1785822190.648,23.800,ENGAGED,HOVER 23/90s,14,1,-11.874,5.562,-2.224,0.014,-0.004,0.000,-0.5038
1785822190.748,23.900,ENGAGED,HOVER 23/90s,14,1,-11.874,5.562,-2.223,0.013,-0.010,-0.001,-0.5037
1785822190.848,24.000,ENGAGED,HOVER 23/90s,14,1,-11.875,5.562,-2.223,0.013,-0.016,-0.001,-0.5037
1785822190.948,24.100,ENGAGED,HOVER 24/90s,14,1,-11.875,5.562,-2.223,0.010,-0.020,-0.002,-0.5040
1785822191.048,24.200,ENGAGED,HOVER 24/90s,14,1,-11.876,5.561,-2.223,0.011,-0.005,-0.001,-0.5035
1785822191.148,24.300,ENGAGED,HOVER 24/90s,14,1,-11.876,5.561,-2.224,0.010,-0.010,-0.002,-0.5037
1785822191.248,24.400,ENGAGED,HOVER 24/90s,14,1,-11.877,5.560,-2.224,0.012,-0.016,-0.001,-0.5039
1785822191.348,24.500,ENGAGED,HOVER 24/90s,14,1,-11.877,5.560,-2.224,0.013,-0.018,-0.000,-0.5036
1785822191.448,24.600,ENGAGED,HOVER 24/90s,14,1,-11.876,5.559,-2.224,0.014,-0.021,-0.002,-0.5037
1785822191.548,24.700,ENGAGED,HOVER 24/90s,14,1,-11.875,5.558,-2.223,0.013,-0.018,-0.001,-0.5039
1785822191.648,24.800,ENGAGED,HOVER 24/90s,14,1,-11.873,5.557,-2.223,0.012,-0.015,-0.001,-0.5040
1785822191.748,24.900,ENGAGED,HOVER 24/90s,14,1,-11.872,5.556,-2.222,0.013,-0.010,-0.000,-0.5039
1785822191.848,25.000,ENGAGED,HOVER 24/90s,14,1,-11.870,5.554,-2.222,0.016,-0.006,-0.003,-0.5038
1785822191.948,25.100,ENGAGED,HOVER 25/90s,14,1,-11.867,5.552,-2.221,0.017,-0.003,-0.001,-0.5041
1785822192.048,25.200,ENGAGED,HOVER 25/90s,14,1,-11.865,5.551,-2.221,0.018,-0.001,-0.001,-0.5040
1785822192.148,25.300,ENGAGED,HOVER 25/90s,14,1,-11.862,5.549,-2.221,0.020,-0.001,-0.002,-0.5037
1785822192.248,25.400,ENGAGED,HOVER 25/90s,14,1,-11.860,5.548,-2.221,0.016,0.003,-0.004,-0.5035
1785822192.348,25.500,ENGAGED,HOVER 25/90s,14,1,-11.858,5.546,-2.221,0.013,0.002,-0.003,-0.5033
1785822192.448,25.600,ENGAGED,HOVER 25/90s,14,1,-11.857,5.545,-2.221,0.014,-0.013,-0.004,-0.5036
1785822192.548,25.700,ENGAGED,HOVER 25/90s,14,1,-11.855,5.543,-2.221,0.012,-0.006,-0.003,-0.5033
1785822192.648,25.800,ENGAGED,HOVER 25/90s,14,1,-11.854,5.541,-2.220,0.009,-0.010,-0.005,-0.5037
1785822192.748,25.900,ENGAGED,HOVER 25/90s,14,1,-11.853,5.539,-2.220,0.005,-0.012,-0.003,-0.5039
1785822192.848,26.000,ENGAGED,HOVER 25/90s,14,1,-11.853,5.538,-2.220,0.001,-0.011,-0.006,-0.5038
1785822192.948,26.100,ENGAGED,HOVER 26/90s,14,1,-11.852,5.536,-2.220,-0.001,-0.012,-0.005,-0.5037
1785822193.048,26.200,ENGAGED,HOVER 26/90s,14,1,-11.852,5.535,-2.220,-0.005,-0.008,-0.005,-0.5035
1785822193.148,26.300,ENGAGED,HOVER 26/90s,14,1,-11.852,5.533,-2.220,-0.009,-0.005,-0.003,-0.5041
1785822193.248,26.400,ENGAGED,HOVER 26/90s,14,1,-11.852,5.532,-2.221,-0.009,0.003,-0.004,-0.5041
1785822193.348,26.500,ENGAGED,HOVER 26/90s,14,1,-11.852,5.531,-2.220,-0.004,0.014,-0.003,-0.5036
1785822193.448,26.600,ENGAGED,HOVER 26/90s,14,1,-11.852,5.530,-2.221,-0.002,0.014,-0.005,-0.5035
1785822193.548,26.700,ENGAGED,HOVER 26/90s,14,1,-11.850,5.528,-2.221,-0.003,0.006,-0.005,-0.5038
1785822193.648,26.800,ENGAGED,HOVER 26/90s,14,1,-11.849,5.527,-2.222,-0.001,0.014,-0.004,-0.5042
1785822193.748,26.900,ENGAGED,HOVER 26/90s,14,1,-11.849,5.527,-2.223,-0.002,0.019,-0.002,-0.5040
1785822193.848,27.000,ENGAGED,HOVER 26/90s,14,1,-11.848,5.526,-2.223,-0.001,0.021,-0.003,-0.5037
1785822193.948,27.100,ENGAGED,HOVER 27/90s,14,1,-11.848,5.526,-2.224,-0.001,0.018,-0.002,-0.5035
1785822194.048,27.200,ENGAGED,HOVER 27/90s,14,1,-11.848,5.525,-2.224,0.001,0.013,-0.001,-0.5034
1785822194.148,27.300,ENGAGED,HOVER 27/90s,14,1,-11.847,5.524,-2.225,-0.003,0.005,-0.002,-0.5037
1785822194.248,27.400,ENGAGED,HOVER 27/90s,14,1,-11.848,5.523,-2.225,-0.004,0.001,0.000,-0.5040
1785822194.348,27.500,ENGAGED,HOVER 27/90s,14,1,-11.847,5.522,-2.225,-0.001,0.010,0.001,-0.5035
1785822194.448,27.600,ENGAGED,HOVER 27/90s,14,1,-11.847,5.522,-2.226,-0.004,0.005,-0.000,-0.5033
1785822194.548,27.700,ENGAGED,HOVER 27/90s,14,1,-11.847,5.521,-2.226,-0.005,0.003,0.002,-0.5035
1785822194.648,27.800,ENGAGED,HOVER 27/90s,14,1,-11.847,5.521,-2.226,-0.004,0.003,0.001,-0.5040
1785822194.748,27.900,ENGAGED,HOVER 27/90s,14,1,-11.847,5.521,-2.227,-0.005,0.005,0.001,-0.5039
1785822194.848,28.000,ENGAGED,HOVER 27/90s,14,1,-11.846,5.521,-2.227,-0.004,0.010,0.000,-0.5037
1785822194.948,28.100,ENGAGED,HOVER 28/90s,14,1,-11.846,5.522,-2.228,-0.000,0.009,0.001,-0.5037
1785822195.048,28.200,ENGAGED,HOVER 28/90s,14,1,-11.845,5.524,-2.229,-0.002,0.009,0.003,-0.5038
1785822195.148,28.300,ENGAGED,HOVER 28/90s,14,1,-11.845,5.526,-2.229,-0.001,0.012,0.003,-0.5037
1785822195.248,28.400,ENGAGED,HOVER 28/90s,14,1,-11.844,5.528,-2.229,-0.001,0.016,0.004,-0.5037
1785822195.348,28.500,ENGAGED,HOVER 28/90s,14,1,-11.844,5.531,-2.229,-0.002,0.022,0.004,-0.5038
1785822195.448,28.600,ENGAGED,HOVER 28/90s,14,1,-11.844,5.533,-2.230,-0.003,0.027,0.004,-0.5036
1785822195.548,28.700,ENGAGED,HOVER 28/90s,14,1,-11.844,5.536,-2.230,-0.003,0.030,0.006,-0.5032
1785822195.648,28.800,ENGAGED,HOVER 28/90s,14,1,-11.844,5.539,-2.230,-0.006,0.029,0.005,-0.5033
1785822195.748,28.900,ENGAGED,HOVER 28/90s,14,1,-11.845,5.542,-2.230,-0.013,0.024,0.004,-0.5035
1785822195.848,29.000,ENGAGED,HOVER 28/90s,14,1,-11.847,5.544,-2.230,-0.012,0.026,0.006,-0.5031
1785822195.948,29.100,ENGAGED,HOVER 29/90s,14,1,-11.849,5.547,-2.230,-0.013,0.024,0.007,-0.5030
1785822196.048,29.200,ENGAGED,HOVER 29/90s,14,1,-11.851,5.549,-2.231,-0.015,0.019,0.005,-0.5031
1785822196.148,29.300,ENGAGED,HOVER 29/90s,14,1,-11.853,5.551,-2.231,-0.014,0.011,0.006,-0.5030
1785822196.248,29.400,ENGAGED,HOVER 29/90s,14,1,-11.855,5.553,-2.232,-0.013,0.004,0.007,-0.5033
1785822196.348,29.500,ENGAGED,HOVER 29/90s,14,1,-11.857,5.554,-2.232,-0.010,-0.004,0.007,-0.5034
1785822196.448,29.600,ENGAGED,HOVER 29/90s,14,1,-11.858,5.555,-2.232,-0.008,-0.006,0.007,-0.5039
1785822196.548,29.700,ENGAGED,HOVER 29/90s,14,1,-11.859,5.556,-2.233,-0.006,-0.006,0.007,-0.5041
1785822196.648,29.800,ENGAGED,HOVER 29/90s,14,1,-11.859,5.557,-2.233,-0.003,-0.006,0.008,-0.5043
1785822196.748,29.900,ENGAGED,HOVER 29/90s,14,1,-11.859,5.558,-2.232,-0.004,-0.000,0.008,-0.5039
1785822196.848,30.000,ENGAGED,HOVER 29/90s,14,1,-11.859,5.559,-2.232,-0.002,0.003,0.010,-0.5036
1785822196.948,30.100,ENGAGED,HOVER 30/90s,14,1,-11.859,5.560,-2.230,0.002,-0.014,0.007,-0.5044
1785822197.048,30.200,ENGAGED,HOVER 30/90s,14,1,-11.859,5.560,-2.229,0.000,-0.012,0.004,-0.5045
1785822197.148,30.300,ENGAGED,HOVER 30/90s,14,1,-11.858,5.561,-2.229,0.000,-0.005,0.004,-0.5039
1785822197.249,30.400,ENGAGED,HOVER 30/90s,14,1,-11.858,5.562,-2.228,0.001,-0.012,0.005,-0.5036
1785822197.348,30.500,ENGAGED,HOVER 30/90s,14,1,-11.859,5.564,-2.228,-0.001,-0.007,0.005,-0.5035
1785822197.448,30.600,ENGAGED,HOVER 30/90s,14,1,-11.859,5.565,-2.227,0.001,-0.013,0.005,-0.5033
1785822197.548,30.700,ENGAGED,HOVER 30/90s,14,1,-11.859,5.566,-2.227,-0.003,0.001,0.003,-0.5033
1785822197.648,30.800,ENGAGED,HOVER 30/90s,14,1,-11.860,5.567,-2.227,-0.001,-0.017,0.002,-0.5037
1785822197.748,30.900,ENGAGED,HOVER 30/90s,14,1,-11.860,5.567,-2.226,-0.002,-0.017,0.002,-0.5039
1785822197.848,31.000,ENGAGED,HOVER 30/90s,14,1,-11.860,5.567,-2.226,-0.000,-0.014,0.001,-0.5042
1785822197.948,31.100,ENGAGED,HOVER 31/90s,14,1,-11.860,5.566,-2.226,0.001,-0.007,0.001,-0.5045
1785822198.048,31.200,ENGAGED,HOVER 31/90s,14,1,-11.860,5.566,-2.226,0.007,-0.015,-0.001,-0.5042
1785822198.148,31.300,ENGAGED,HOVER 31/90s,14,1,-11.859,5.567,-2.226,0.007,-0.019,0.000,-0.5038
1785822198.248,31.400,ENGAGED,HOVER 31/90s,14,1,-11.859,5.567,-2.226,0.007,-0.018,0.001,-0.5041
1785822198.348,31.500,ENGAGED,HOVER 31/90s,14,1,-11.858,5.568,-2.225,0.003,-0.016,0.002,-0.5041
1785822198.448,31.600,ENGAGED,HOVER 31/90s,14,1,-11.858,5.568,-2.225,0.001,-0.012,0.001,-0.5038
1785822198.548,31.700,ENGAGED,HOVER 31/90s,14,1,-11.858,5.567,-2.225,0.003,-0.017,-0.001,-0.5038
1785822198.648,31.800,ENGAGED,HOVER 31/90s,14,1,-11.858,5.567,-2.224,-0.004,-0.004,0.000,-0.5036
1785822198.748,31.900,ENGAGED,HOVER 31/90s,14,1,-11.859,5.566,-2.224,-0.005,-0.005,-0.002,-0.5036
1785822198.848,32.000,ENGAGED,HOVER 31/90s,14,1,-11.859,5.564,-2.224,-0.005,-0.008,-0.001,-0.5033
1785822198.949,32.101,ENGAGED,HOVER 32/90s,14,1,-11.859,5.562,-2.225,-0.002,-0.012,-0.003,-0.5034
1785822199.048,32.200,ENGAGED,HOVER 32/90s,14,1,-11.859,5.560,-2.225,0.001,-0.016,-0.001,-0.5041
1785822199.148,32.300,ENGAGED,HOVER 32/90s,14,1,-11.858,5.557,-2.225,0.005,-0.022,-0.001,-0.5045
1785822199.248,32.400,ENGAGED,HOVER 32/90s,14,1,-11.857,5.555,-2.225,0.006,-0.027,-0.002,-0.5043
1785822199.348,32.500,ENGAGED,HOVER 32/90s,14,1,-11.855,5.553,-2.225,0.004,-0.027,0.001,-0.5049
1785822199.448,32.600,ENGAGED,HOVER 32/90s,14,1,-11.853,5.551,-2.225,0.002,-0.025,0.000,-0.5048
1785822199.548,32.700,ENGAGED,HOVER 32/90s,14,1,-11.852,5.549,-2.225,0.001,-0.021,0.000,-0.5042
1785822199.648,32.800,ENGAGED,HOVER 32/90s,14,1,-11.850,5.548,-2.225,-0.003,-0.008,0.001,-0.5039
1785822199.748,32.900,ENGAGED,HOVER 32/90s,14,1,-11.849,5.547,-2.224,-0.004,0.001,0.000,-0.5035
1785822199.848,33.000,ENGAGED,HOVER 32/90s,14,1,-11.849,5.547,-2.224,-0.003,0.005,0.001,-0.5033
1785822199.949,33.100,ENGAGED,HOVER 33/90s,14,1,-11.848,5.547,-2.224,0.002,-0.004,-0.001,-0.5033
1785822200.048,33.200,ENGAGED,HOVER 33/90s,14,1,-11.847,5.547,-2.224,-0.001,-0.011,-0.001,-0.5035
1785822200.148,33.300,ENGAGED,HOVER 33/90s,14,1,-11.847,5.546,-2.224,-0.005,-0.011,-0.002,-0.5036
1785822200.248,33.400,ENGAGED,HOVER 33/90s,14,1,-11.847,5.546,-2.225,-0.007,-0.009,-0.002,-0.5034
1785822200.348,33.500,ENGAGED,HOVER 33/90s,14,1,-11.846,5.546,-2.225,-0.007,0.009,-0.001,-0.5033
1785822200.448,33.600,ENGAGED,HOVER 33/90s,14,1,-11.846,5.545,-2.224,-0.009,-0.001,-0.000,-0.5039
1785822200.548,33.700,ENGAGED,HOVER 33/90s,14,1,-11.845,5.544,-2.224,-0.002,-0.000,0.000,-0.5035
1785822200.648,33.800,ENGAGED,HOVER 33/90s,14,1,-11.845,5.544,-2.223,-0.005,0.002,-0.000,-0.5037
1785822200.748,33.900,ENGAGED,HOVER 33/90s,14,1,-11.844,5.543,-2.223,-0.006,-0.009,-0.000,-0.5045
1785822200.848,34.000,ENGAGED,HOVER 33/90s,14,1,-11.844,5.542,-2.222,-0.005,-0.013,-0.001,-0.5044
1785822200.949,34.101,ENGAGED,HOVER 34/90s,14,1,-11.843,5.541,-2.221,-0.005,0.002,-0.002,-0.5039
1785822201.048,34.200,ENGAGED,HOVER 34/90s,14,1,-11.842,5.540,-2.221,-0.003,0.006,-0.003,-0.5039
1785822201.148,34.300,ENGAGED,HOVER 34/90s,14,1,-11.841,5.539,-2.221,-0.006,0.007,-0.002,-0.5040
1785822201.248,34.400,ENGAGED,HOVER 34/90s,14,1,-11.841,5.539,-2.221,-0.006,0.006,-0.004,-0.5037
1785822201.348,34.500,ENGAGED,HOVER 34/90s,14,1,-11.841,5.538,-2.221,-0.007,0.005,-0.005,-0.5034
1785822201.448,34.600,ENGAGED,HOVER 34/90s,14,1,-11.840,5.538,-2.221,-0.006,0.000,-0.003,-0.5034
1785822201.548,34.700,ENGAGED,HOVER 34/90s,14,1,-11.840,5.538,-2.221,-0.007,-0.004,-0.002,-0.5034
1785822201.648,34.800,ENGAGED,HOVER 34/90s,14,1,-11.841,5.539,-2.221,-0.011,-0.008,-0.004,-0.5039
1785822201.748,34.900,ENGAGED,HOVER 34/90s,14,1,-11.842,5.539,-2.221,-0.015,-0.005,-0.007,-0.5038
1785822201.849,35.001,ENGAGED,HOVER 35/90s,14,1,-11.843,5.540,-2.221,-0.018,-0.001,-0.004,-0.5035
1785822201.948,35.100,ENGAGED,HOVER 35/90s,14,1,-11.844,5.540,-2.221,-0.016,0.006,-0.004,-0.5033
1785822202.048,35.200,ENGAGED,HOVER 35/90s,14,1,-11.846,5.541,-2.221,-0.017,0.009,-0.005,-0.5032
1785822202.148,35.300,ENGAGED,HOVER 35/90s,14,1,-11.847,5.541,-2.221,-0.016,0.012,-0.005,-0.5033
1785822202.248,35.400,ENGAGED,HOVER 35/90s,14,1,-11.849,5.541,-2.221,-0.014,0.012,-0.006,-0.5034
1785822202.348,35.500,ENGAGED,HOVER 35/90s,14,1,-11.851,5.541,-2.222,-0.010,0.010,-0.005,-0.5033
1785822202.448,35.600,ENGAGED,HOVER 35/90s,14,1,-11.853,5.540,-2.222,-0.009,0.009,-0.002,-0.5036
1785822202.548,35.700,ENGAGED,HOVER 35/90s,14,1,-11.854,5.540,-2.222,-0.005,-0.001,-0.004,-0.5040
1785822202.648,35.800,ENGAGED,HOVER 35/90s,14,1,-11.855,5.540,-2.222,-0.003,0.009,-0.001,-0.5037
1785822202.748,35.900,ENGAGED,HOVER 35/90s,14,1,-11.856,5.540,-2.222,-0.002,0.007,-0.002,-0.5037
1785822202.848,36.000,ENGAGED,HOVER 35/90s,14,1,-11.857,5.539,-2.222,-0.002,0.001,-0.002,-0.5035
1785822202.948,36.100,ENGAGED,HOVER 36/90s,14,1,-11.858,5.539,-2.222,0.001,-0.002,-0.003,-0.5038
1785822203.048,36.200,ENGAGED,HOVER 36/90s,14,1,-11.859,5.539,-2.223,0.002,-0.006,-0.004,-0.5038
1785822203.148,36.300,ENGAGED,HOVER 36/90s,14,1,-11.860,5.539,-2.223,0.005,0.004,-0.005,-0.5033
1785822203.248,36.400,ENGAGED,HOVER 36/90s,14,1,-11.861,5.540,-2.224,0.005,0.002,-0.000,-0.5036
1785822203.348,36.500,ENGAGED,HOVER 36/90s,14,1,-11.862,5.541,-2.224,0.001,0.008,-0.001,-0.5038
1785822203.448,36.600,ENGAGED,HOVER 36/90s,14,1,-11.864,5.542,-2.224,-0.003,0.008,0.000,-0.5033
1785822203.548,36.700,ENGAGED,HOVER 36/90s,14,1,-11.866,5.543,-2.225,-0.003,0.019,0.001,-0.5029
1785822203.648,36.800,ENGAGED,HOVER 36/90s,14,1,-11.868,5.544,-2.225,-0.002,0.018,-0.000,-0.5032
1785822203.748,36.900,ENGAGED,HOVER 36/90s,14,1,-11.870,5.545,-2.225,-0.004,0.006,0.001,-0.5034
1785822203.848,37.000,ENGAGED,HOVER 36/90s,14,1,-11.872,5.545,-2.226,0.001,0.008,-0.000,-0.5032
1785822203.948,37.100,ENGAGED,HOVER 37/90s,14,1,-11.873,5.546,-2.226,0.003,0.002,0.000,-0.5033
1785822204.048,37.200,ENGAGED,HOVER 37/90s,14,1,-11.874,5.546,-2.226,0.006,-0.004,0.002,-0.5036
1785822204.148,37.300,ENGAGED,HOVER 37/90s,14,1,-11.874,5.546,-2.226,0.008,-0.009,0.001,-0.5039
1785822204.248,37.400,ENGAGED,HOVER 37/90s,14,1,-11.874,5.546,-2.226,0.008,-0.009,0.003,-0.5043
1785822204.348,37.500,ENGAGED,HOVER 37/90s,14,1,-11.874,5.546,-2.226,0.007,-0.005,0.000,-0.5047
1785822204.448,37.600,ENGAGED,HOVER 37/90s,14,1,-11.874,5.546,-2.226,0.008,0.001,0.002,-0.5042
1785822204.548,37.700,ENGAGED,HOVER 37/90s,14,1,-11.874,5.547,-2.226,0.009,0.008,0.001,-0.5037
1785822204.648,37.800,ENGAGED,HOVER 37/90s,14,1,-11.873,5.547,-2.227,0.013,0.005,0.002,-0.5035
1785822204.748,37.900,ENGAGED,HOVER 37/90s,14,1,-11.873,5.548,-2.227,0.012,0.000,0.001,-0.5037
1785822204.848,38.000,ENGAGED,HOVER 37/90s,14,1,-11.872,5.548,-2.228,0.012,0.008,0.001,-0.5034
1785822204.948,38.100,ENGAGED,HOVER 38/90s,14,1,-11.871,5.548,-2.228,0.011,-0.008,0.003,-0.5038
1785822205.048,38.200,ENGAGED,HOVER 38/90s,14,1,-11.870,5.548,-2.228,0.010,-0.010,0.004,-0.5040
1785822205.149,38.300,ENGAGED,HOVER 38/90s,14,1,-11.869,5.548,-2.229,0.011,-0.008,0.004,-0.5039
1785822205.248,38.400,ENGAGED,HOVER 38/90s,14,1,-11.866,5.548,-2.229,0.016,-0.012,0.003,-0.5044
1785822205.348,38.500,ENGAGED,HOVER 38/90s,14,1,-11.864,5.548,-2.229,0.014,0.004,0.004,-0.5044
1785822205.448,38.600,ENGAGED,HOVER 38/90s,14,1,-11.862,5.547,-2.229,0.014,0.006,0.007,-0.5039
1785822205.548,38.700,ENGAGED,HOVER 38/90s,14,1,-11.859,5.547,-2.229,0.013,-0.001,0.004,-0.5038
1785822205.648,38.800,ENGAGED,HOVER 38/90s,14,1,-11.857,5.547,-2.229,0.010,0.004,0.002,-0.5037
1785822205.748,38.900,ENGAGED,HOVER 38/90s,14,1,-11.854,5.547,-2.229,0.010,0.010,0.003,-0.5037
1785822205.848,39.000,ENGAGED,HOVER 38/90s,14,1,-11.852,5.547,-2.230,0.010,0.012,0.003,-0.5035
1785822205.949,39.100,ENGAGED,HOVER 39/90s,14,1,-11.851,5.547,-2.230,0.009,0.007,0.003,-0.5033
1785822206.048,39.200,ENGAGED,HOVER 39/90s,14,1,-11.850,5.546,-2.230,0.006,0.002,0.005,-0.5032
1785822206.148,39.300,ENGAGED,HOVER 39/90s,14,1,-11.849,5.546,-2.230,0.003,-0.002,0.004,-0.5038
1785822206.248,39.400,ENGAGED,HOVER 39/90s,14,1,-11.848,5.546,-2.230,0.002,-0.009,0.005,-0.5038
1785822206.348,39.500,ENGAGED,HOVER 39/90s,14,1,-11.847,5.545,-2.230,0.002,-0.013,0.007,-0.5035
1785822206.448,39.600,ENGAGED,HOVER 39/90s,14,1,-11.846,5.544,-2.230,0.001,-0.012,0.007,-0.5039
1785822206.548,39.700,ENGAGED,HOVER 39/90s,14,1,-11.845,5.544,-2.229,-0.002,-0.007,0.006,-0.5043
1785822206.648,39.800,ENGAGED,HOVER 39/90s,14,1,-11.844,5.543,-2.229,-0.005,-0.002,0.004,-0.5040
1785822206.748,39.900,ENGAGED,HOVER 39/90s,14,1,-11.844,5.542,-2.229,-0.005,0.005,0.004,-0.5035
1785822206.848,40.000,ENGAGED,HOVER 39/90s,14,1,-11.845,5.542,-2.228,-0.005,0.005,0.003,-0.5033
1785822206.949,40.100,ENGAGED,HOVER 40/90s,14,1,-11.845,5.542,-2.228,-0.009,-0.002,0.002,-0.5036
1785822207.048,40.200,ENGAGED,HOVER 40/90s,14,1,-11.845,5.543,-2.228,-0.010,0.004,0.003,-0.5034
1785822207.149,40.301,ENGAGED,HOVER 40/90s,14,1,-11.845,5.543,-2.227,-0.009,0.009,0.005,-0.5033
1785822207.248,40.400,ENGAGED,HOVER 40/90s,14,1,-11.845,5.543,-2.227,-0.007,-0.005,0.001,-0.5039
1785822207.348,40.500,ENGAGED,HOVER 40/90s,14,1,-11.845,5.543,-2.227,-0.007,-0.001,0.002,-0.5038
1785822207.448,40.600,ENGAGED,HOVER 40/90s,14,1,-11.844,5.543,-2.226,-0.003,0.012,0.001,-0.5033
1785822207.548,40.700,ENGAGED,HOVER 40/90s,14,1,-11.843,5.543,-2.226,-0.005,0.008,0.002,-0.5041
1785822207.648,40.800,ENGAGED,HOVER 40/90s,14,1,-11.843,5.542,-2.226,0.000,-0.002,0.001,-0.5045
1785822207.748,40.900,ENGAGED,HOVER 40/90s,14,1,-11.842,5.542,-2.226,-0.003,-0.004,0.002,-0.5046
1785822207.848,41.000,ENGAGED,HOVER 40/90s,14,1,-11.842,5.542,-2.226,-0.005,-0.006,0.002,-0.5041
1785822207.948,41.100,ENGAGED,HOVER 41/90s,14,1,-11.842,5.542,-2.225,-0.010,-0.007,0.002,-0.5039
1785822208.048,41.200,ENGAGED,HOVER 41/90s,14,1,-11.843,5.542,-2.225,-0.013,-0.006,0.000,-0.5037
1785822208.148,41.300,ENGAGED,HOVER 41/90s,14,1,-11.844,5.541,-2.224,-0.013,-0.000,0.000,-0.5036
1785822208.248,41.400,ENGAGED,HOVER 41/90s,14,1,-11.845,5.541,-2.224,-0.013,0.005,0.001,-0.5035
1785822208.348,41.500,ENGAGED,HOVER 41/90s,14,1,-11.846,5.542,-2.224,-0.012,0.010,-0.002,-0.5033
1785822208.448,41.600,ENGAGED,HOVER 41/90s,14,1,-11.848,5.542,-2.224,-0.014,-0.004,0.000,-0.5035
1785822208.548,41.700,ENGAGED,HOVER 41/90s,14,1,-11.849,5.542,-2.223,-0.013,-0.000,0.000,-0.5034
1785822208.648,41.800,ENGAGED,HOVER 41/90s,14,1,-11.850,5.543,-2.223,-0.011,0.006,-0.002,-0.5033
1785822208.748,41.900,ENGAGED,HOVER 41/90s,14,1,-11.851,5.543,-2.223,-0.009,0.008,-0.003,-0.5033
1785822208.848,42.000,ENGAGED,HOVER 41/90s,14,1,-11.852,5.544,-2.222,-0.010,0.012,-0.003,-0.5037
1785822208.949,42.100,ENGAGED,HOVER 42/90s,14,1,-11.854,5.545,-2.222,-0.006,0.009,-0.003,-0.5036
1785822209.048,42.200,ENGAGED,HOVER 42/90s,14,1,-11.855,5.546,-2.222,-0.006,0.013,-0.002,-0.5034
1785822209.148,42.300,ENGAGED,HOVER 42/90s,14,1,-11.856,5.548,-2.222,-0.003,0.012,-0.002,-0.5032
1785822209.248,42.400,ENGAGED,HOVER 42/90s,14,1,-11.857,5.548,-2.221,-0.003,-0.004,-0.003,-0.5037
1785822209.348,42.500,ENGAGED,HOVER 42/90s,14,1,-11.858,5.550,-2.222,-0.001,0.005,-0.003,-0.5036
1785822209.448,42.600,ENGAGED,HOVER 42/90s,14,1,-11.859,5.551,-2.222,-0.000,-0.000,-0.004,-0.5038
1785822209.548,42.700,ENGAGED,HOVER 42/90s,14,1,-11.860,5.552,-2.221,-0.005,-0.006,-0.005,-0.5039
1785822209.648,42.800,ENGAGED,HOVER 42/90s,14,1,-11.861,5.553,-2.221,-0.005,-0.003,-0.005,-0.5038
1785822209.748,42.900,ENGAGED,HOVER 42/90s,14,1,-11.861,5.553,-2.220,-0.004,0.002,-0.005,-0.5038
1785822209.848,43.000,ENGAGED,HOVER 42/90s,14,1,-11.862,5.555,-2.220,-0.000,0.010,-0.003,-0.5033
1785822209.948,43.100,ENGAGED,HOVER 43/90s,14,1,-11.862,5.557,-2.219,0.002,0.002,-0.005,-0.5034
1785822210.048,43.200,ENGAGED,HOVER 43/90s,14,1,-11.862,5.559,-2.218,0.001,0.007,-0.005,-0.5033
1785822210.148,43.300,ENGAGED,HOVER 43/90s,14,1,-11.862,5.560,-2.217,0.000,0.002,-0.005,-0.5036
1785822210.248,43.400,ENGAGED,HOVER 43/90s,14,1,-11.863,5.562,-2.216,-0.001,-0.008,-0.008,-0.5040
1785822210.348,43.500,ENGAGED,HOVER 43/90s,14,1,-11.864,5.563,-2.215,-0.001,-0.005,-0.009,-0.5038
1785822210.448,43.600,ENGAGED,HOVER 43/90s,14,1,-11.865,5.564,-2.215,-0.001,0.001,-0.007,-0.5035
1785822210.548,43.700,ENGAGED,HOVER 43/90s,14,1,-11.865,5.564,-2.214,0.000,0.003,-0.009,-0.5033
1785822210.648,43.800,ENGAGED,HOVER 43/90s,14,1,-11.866,5.565,-2.213,0.001,0.005,-0.011,-0.5033
1785822210.748,43.900,ENGAGED,HOVER 43/90s,14,1,-11.867,5.566,-2.212,0.003,0.003,-0.012,-0.5032
1785822210.848,44.000,ENGAGED,HOVER 43/90s,14,1,-11.867,5.566,-2.212,0.005,-0.004,-0.012,-0.5035
1785822210.949,44.101,ENGAGED,HOVER 44/90s,14,1,-11.868,5.566,-2.211,0.008,-0.010,-0.012,-0.5037
1785822211.048,44.200,ENGAGED,HOVER 44/90s,14,1,-11.868,5.566,-2.211,0.007,-0.018,-0.011,-0.5039
1785822211.148,44.300,ENGAGED,HOVER 44/90s,14,1,-11.868,5.566,-2.211,0.006,-0.006,-0.012,-0.5040
1785822211.248,44.400,ENGAGED,HOVER 44/90s,14,1,-11.867,5.565,-2.211,0.008,-0.018,-0.013,-0.5046
1785822211.348,44.500,ENGAGED,HOVER 44/90s,14,1,-11.867,5.565,-2.211,0.008,-0.001,-0.014,-0.5039
1785822211.448,44.600,ENGAGED,HOVER 44/90s,14,1,-11.868,5.564,-2.212,0.004,-0.016,-0.015,-0.5041
1785822211.548,44.700,ENGAGED,HOVER 44/90s,14,1,-11.868,5.562,-2.213,0.002,-0.013,-0.013,-0.5040
1785822211.648,44.800,ENGAGED,HOVER 44/90s,14,1,-11.868,5.560,-2.214,0.004,-0.010,-0.014,-0.5042
1785822211.748,44.900,ENGAGED,HOVER 44/90s,14,1,-11.868,5.559,-2.215,0.007,-0.007,-0.012,-0.5040
1785822211.848,45.000,ENGAGED,HOVER 44/90s,14,1,-11.867,5.557,-2.215,0.008,-0.005,-0.011,-0.5037
1785822211.948,45.100,ENGAGED,HOVER 45/90s,14,1,-11.866,5.557,-2.216,0.010,-0.008,-0.009,-0.5035
1785822212.048,45.200,ENGAGED,HOVER 45/90s,14,1,-11.865,5.556,-2.217,0.008,-0.011,-0.010,-0.5034
1785822212.148,45.300,ENGAGED,HOVER 45/90s,14,1,-11.864,5.556,-2.218,0.004,-0.001,-0.006,-0.5033
1785822212.248,45.400,ENGAGED,HOVER 45/90s,14,1,-11.864,5.556,-2.219,0.004,-0.014,-0.006,-0.5036
1785822212.348,45.500,ENGAGED,HOVER 45/90s,14,1,-11.863,5.556,-2.219,0.003,-0.012,-0.006,-0.5034
1785822212.448,45.600,ENGAGED,HOVER 45/90s,14,1,-11.861,5.556,-2.220,0.003,-0.011,-0.005,-0.5037
1785822212.548,45.700,ENGAGED,HOVER 45/90s,14,1,-11.859,5.555,-2.221,0.004,-0.009,-0.005,-0.5040
1785822212.648,45.800,ENGAGED,HOVER 45/90s,14,1,-11.857,5.554,-2.222,0.005,-0.006,-0.005,-0.5045
1785822212.748,45.900,ENGAGED,HOVER 45/90s,14,1,-11.854,5.552,-2.223,0.009,-0.019,-0.003,-0.5049
1785822212.848,46.000,ENGAGED,HOVER 45/90s,14,1,-11.851,5.551,-2.224,0.007,0.002,-0.003,-0.5041
1785822212.948,46.100,ENGAGED,HOVER 46/90s,14,1,-11.848,5.550,-2.224,0.009,0.001,-0.002,-0.5039
1785822213.048,46.200,ENGAGED,HOVER 46/90s,14,1,-11.846,5.549,-2.225,0.011,-0.003,-0.000,-0.5040
1785822213.148,46.300,ENGAGED,HOVER 46/90s,14,1,-11.843,5.548,-2.225,0.005,-0.002,0.001,-0.5042
1785822213.248,46.400,ENGAGED,HOVER 46/90s,14,1,-11.841,5.547,-2.226,0.004,-0.012,0.001,-0.5043
1785822213.348,46.500,ENGAGED,HOVER 46/90s,14,1,-11.840,5.546,-2.226,-0.000,-0.013,0.000,-0.5039
1785822213.448,46.600,ENGAGED,HOVER 46/90s,14,1,-11.840,5.546,-2.227,-0.006,-0.012,0.002,-0.5040
1785822213.548,46.700,ENGAGED,HOVER 46/90s,14,1,-11.840,5.546,-2.226,-0.010,-0.009,0.002,-0.5040
1785822213.648,46.800,ENGAGED,HOVER 46/90s,14,1,-11.840,5.545,-2.226,-0.012,-0.004,0.002,-0.5037
1785822213.748,46.900,ENGAGED,HOVER 46/90s,14,1,-11.840,5.545,-2.226,-0.013,0.002,0.003,-0.5035
1785822213.848,47.000,ENGAGED,HOVER 46/90s,14,1,-11.840,5.544,-2.226,-0.015,-0.009,0.003,-0.5037
1785822213.948,47.100,ENGAGED,HOVER 47/90s,14,1,-11.840,5.544,-2.226,-0.011,0.005,0.003,-0.5033
1785822214.048,47.200,ENGAGED,HOVER 47/90s,14,1,-11.840,5.543,-2.226,-0.009,0.004,0.001,-0.5035
1785822214.148,47.300,ENGAGED,HOVER 47/90s,14,1,-11.839,5.543,-2.227,-0.005,0.000,0.002,-0.5037
1785822214.248,47.400,ENGAGED,HOVER 47/90s,14,1,-11.839,5.543,-2.227,-0.007,-0.001,0.002,-0.5037
1785822214.348,47.500,ENGAGED,HOVER 47/90s,14,1,-11.839,5.543,-2.227,-0.008,-0.007,0.001,-0.5037
1785822214.448,47.600,ENGAGED,HOVER 47/90s,14,1,-11.840,5.544,-2.228,-0.010,-0.011,0.001,-0.5039
1785822214.548,47.700,ENGAGED,HOVER 47/90s,14,1,-11.840,5.544,-2.228,-0.011,-0.012,0.001,-0.5041
1785822214.648,47.800,ENGAGED,HOVER 47/90s,14,1,-11.841,5.544,-2.228,-0.011,-0.008,0.002,-0.5040
1785822214.748,47.900,ENGAGED,HOVER 47/90s,14,1,-11.842,5.544,-2.229,-0.013,-0.002,0.003,-0.5036
1785822214.848,48.000,ENGAGED,HOVER 47/90s,14,1,-11.843,5.545,-2.229,-0.011,-0.008,0.003,-0.5034
1785822214.948,48.100,ENGAGED,HOVER 48/90s,14,1,-11.844,5.546,-2.229,-0.015,-0.005,0.008,-0.5035
1785822215.048,48.200,ENGAGED,HOVER 48/90s,14,1,-11.846,5.548,-2.229,-0.017,0.002,0.007,-0.5033
1785822215.148,48.300,ENGAGED,HOVER 48/90s,14,1,-11.847,5.549,-2.228,-0.017,0.007,0.006,-0.5033
1785822215.248,48.400,ENGAGED,HOVER 48/90s,14,1,-11.849,5.551,-2.228,-0.017,0.012,0.004,-0.5032
1785822215.348,48.500,ENGAGED,HOVER 48/90s,14,1,-11.850,5.553,-2.228,-0.013,0.013,0.002,-0.5032
1785822215.448,48.600,ENGAGED,HOVER 48/90s,14,1,-11.852,5.554,-2.229,-0.010,0.010,-0.000,-0.5033
1785822215.548,48.700,ENGAGED,HOVER 48/90s,14,1,-11.853,5.556,-2.229,-0.007,0.002,0.001,-0.5033
1785822215.648,48.800,ENGAGED,HOVER 48/90s,14,1,-11.853,5.557,-2.229,-0.004,-0.003,0.001,-0.5038
1785822215.748,48.900,ENGAGED,HOVER 48/90s,14,1,-11.854,5.558,-2.229,-0.004,-0.010,0.003,-0.5040
1785822215.848,49.000,ENGAGED,HOVER 48/90s,14,1,-11.854,5.559,-2.229,-0.006,-0.006,0.003,-0.5041
1785822215.948,49.100,ENGAGED,HOVER 49/90s,14,1,-11.854,5.559,-2.228,-0.002,-0.003,0.004,-0.5038
1785822216.048,49.200,ENGAGED,HOVER 49/90s,14,1,-11.854,5.560,-2.228,0.000,0.001,0.005,-0.5042
1785822216.148,49.300,ENGAGED,HOVER 49/90s,14,1,-11.853,5.560,-2.227,0.000,0.000,0.003,-0.5042
1785822216.248,49.400,ENGAGED,HOVER 49/90s,14,1,-11.853,5.560,-2.227,0.003,-0.018,0.004,-0.5040
1785822216.348,49.500,ENGAGED,HOVER 49/90s,14,1,-11.853,5.560,-2.227,-0.000,-0.019,0.003,-0.5038
1785822216.448,49.600,ENGAGED,HOVER 49/90s,14,1,-11.853,5.560,-2.226,-0.002,-0.018,0.003,-0.5044
1785822216.548,49.700,ENGAGED,HOVER 49/90s,14,1,-11.853,5.560,-2.226,-0.003,-0.014,0.000,-0.5042
1785822216.648,49.800,ENGAGED,HOVER 49/90s,14,1,-11.854,5.560,-2.226,-0.002,-0.009,0.001,-0.5037
1785822216.748,49.900,ENGAGED,HOVER 49/90s,14,1,-11.854,5.560,-2.226,-0.002,-0.001,0.001,-0.5034
1785822216.848,50.000,ENGAGED,HOVER 49/90s,14,1,-11.855,5.560,-2.226,-0.002,-0.000,0.001,-0.5033
1785822216.948,50.100,ENGAGED,HOVER 50/90s,14,1,-11.856,5.559,-2.226,-0.000,-0.002,0.001,-0.5032
1785822217.048,50.200,ENGAGED,HOVER 50/90s,14,1,-11.857,5.559,-2.225,0.001,-0.005,0.002,-0.5032
1785822217.148,50.300,ENGAGED,HOVER 50/90s,14,1,-11.858,5.559,-2.224,0.002,-0.011,0.001,-0.5034
1785822217.248,50.400,ENGAGED,HOVER 50/90s,14,1,-11.859,5.558,-2.223,0.004,-0.016,0.000,-0.5038
1785822217.348,50.500,ENGAGED,HOVER 50/90s,14,1,-11.860,5.557,-2.222,0.004,-0.019,0.003,-0.5041
1785822217.448,50.600,ENGAGED,HOVER 50/90s,14,1,-11.861,5.556,-2.221,0.001,-0.019,-0.001,-0.5041
1785822217.548,50.700,ENGAGED,HOVER 50/90s,14,1,-11.862,5.555,-2.221,-0.001,-0.017,-0.003,-0.5039
1785822217.648,50.800,ENGAGED,HOVER 50/90s,14,1,-11.863,5.553,-2.220,-0.001,-0.012,-0.003,-0.5037
1785822217.748,50.900,ENGAGED,HOVER 50/90s,14,1,-11.864,5.551,-2.220,0.001,-0.022,-0.003,-0.5043
1785822217.848,51.000,ENGAGED,HOVER 50/90s,14,1,-11.865,5.549,-2.219,0.001,-0.023,-0.005,-0.5047
1785822217.948,51.100,ENGAGED,HOVER 51/90s,14,1,-11.866,5.547,-2.219,-0.001,-0.019,-0.006,-0.5044
1785822218.048,51.200,ENGAGED,HOVER 51/90s,14,1,-11.867,5.546,-2.219,-0.002,-0.013,-0.006,-0.5043
1785822218.148,51.300,ENGAGED,HOVER 51/90s,14,1,-11.867,5.545,-2.219,0.000,-0.001,-0.005,-0.5038
1785822218.248,51.400,ENGAGED,HOVER 51/90s,14,1,-11.868,5.545,-2.219,-0.003,-0.004,-0.006,-0.5038
1785822218.348,51.500,ENGAGED,HOVER 51/90s,14,1,-11.868,5.545,-2.219,0.002,-0.002,-0.006,-0.5035
1785822218.448,51.600,ENGAGED,HOVER 51/90s,14,1,-11.869,5.544,-2.219,-0.003,0.001,-0.007,-0.5036
1785822218.548,51.700,ENGAGED,HOVER 51/90s,14,1,-11.869,5.544,-2.219,0.003,-0.011,-0.007,-0.5036
1785822218.648,51.800,ENGAGED,HOVER 51/90s,14,1,-11.869,5.543,-2.219,-0.001,-0.006,-0.007,-0.5036
1785822218.748,51.900,ENGAGED,HOVER 51/90s,14,1,-11.870,5.543,-2.219,-0.001,-0.002,-0.006,-0.5034
1785822218.848,52.000,ENGAGED,HOVER 51/90s,14,1,-11.870,5.542,-2.219,0.000,0.005,-0.005,-0.5037
1785822218.948,52.100,ENGAGED,HOVER 52/90s,14,1,-11.870,5.541,-2.219,0.002,0.008,-0.005,-0.5036
1785822219.048,52.200,ENGAGED,HOVER 52/90s,14,1,-11.870,5.541,-2.219,0.005,0.010,-0.006,-0.5035
1785822219.148,52.300,ENGAGED,HOVER 52/90s,14,1,-11.869,5.541,-2.219,0.004,0.007,-0.007,-0.5036
1785822219.248,52.400,ENGAGED,HOVER 52/90s,14,1,-11.868,5.542,-2.219,0.007,0.012,-0.008,-0.5037
1785822219.348,52.500,ENGAGED,HOVER 52/90s,14,1,-11.866,5.542,-2.219,0.015,-0.001,-0.006,-0.5039
1785822219.448,52.600,ENGAGED,HOVER 52/90s,14,1,-11.864,5.542,-2.219,0.014,0.012,-0.004,-0.5036
1785822219.548,52.700,ENGAGED,HOVER 52/90s,14,1,-11.861,5.542,-2.219,0.016,0.007,-0.005,-0.5037
1785822219.648,52.800,ENGAGED,HOVER 52/90s,14,1,-11.858,5.542,-2.219,0.016,-0.000,-0.007,-0.5042
1785822219.748,52.900,ENGAGED,HOVER 52/90s,14,1,-11.855,5.542,-2.219,0.013,0.009,-0.006,-0.5037
1785822219.848,53.000,ENGAGED,HOVER 52/90s,14,1,-11.853,5.543,-2.219,0.013,0.006,-0.005,-0.5035
1785822219.948,53.100,ENGAGED,HOVER 53/90s,14,1,-11.851,5.543,-2.219,0.012,0.000,-0.005,-0.5037
1785822220.048,53.200,ENGAGED,HOVER 53/90s,14,1,-11.849,5.544,-2.219,0.008,-0.002,-0.006,-0.5041
1785822220.148,53.300,ENGAGED,HOVER 53/90s,14,1,-11.848,5.546,-2.220,0.005,-0.002,-0.005,-0.5038
1785822220.248,53.400,ENGAGED,HOVER 53/90s,14,1,-11.847,5.548,-2.221,0.000,-0.002,-0.004,-0.5039
1785822220.348,53.500,ENGAGED,HOVER 53/90s,14,1,-11.846,5.550,-2.221,-0.000,0.002,-0.004,-0.5040
1785822220.448,53.600,ENGAGED,HOVER 53/90s,14,1,-11.845,5.552,-2.221,-0.005,0.002,-0.003,-0.5037
1785822220.548,53.700,ENGAGED,HOVER 53/90s,14,1,-11.846,5.553,-2.222,-0.007,0.006,-0.004,-0.5037
1785822220.648,53.800,ENGAGED,HOVER 53/90s,14,1,-11.846,5.553,-2.222,-0.009,0.006,-0.005,-0.5034
1785822220.748,53.900,ENGAGED,HOVER 53/90s,14,1,-11.846,5.554,-2.222,-0.009,0.003,-0.004,-0.5035
1785822220.849,54.001,ENGAGED,HOVER 54/90s,14,1,-11.847,5.554,-2.222,-0.008,-0.012,-0.004,-0.5041
1785822220.948,54.100,ENGAGED,HOVER 54/90s,14,1,-11.847,5.554,-2.223,-0.004,-0.003,-0.002,-0.5037
1785822221.048,54.200,ENGAGED,HOVER 54/90s,14,1,-11.846,5.555,-2.223,-0.002,-0.006,-0.002,-0.5037
1785822221.148,54.300,ENGAGED,HOVER 54/90s,14,1,-11.846,5.556,-2.223,-0.003,-0.008,-0.002,-0.5039
1785822221.248,54.400,ENGAGED,HOVER 54/90s,14,1,-11.846,5.557,-2.224,-0.007,-0.010,-0.001,-0.5040
1785822221.348,54.500,ENGAGED,HOVER 54/90s,14,1,-11.846,5.559,-2.224,-0.008,-0.012,-0.000,-0.5039
1785822221.448,54.600,ENGAGED,HOVER 54/90s,14,1,-11.846,5.560,-2.224,-0.011,-0.012,-0.002,-0.5038
1785822221.548,54.700,ENGAGED,HOVER 54/90s,14,1,-11.846,5.560,-2.224,-0.010,-0.007,-0.002,-0.5037
1785822221.648,54.800,ENGAGED,HOVER 54/90s,14,1,-11.846,5.561,-2.224,-0.012,-0.002,0.001,-0.5036
1785822221.748,54.900,ENGAGED,HOVER 54/90s,14,1,-11.846,5.562,-2.224,-0.010,-0.000,-0.001,-0.5035
1785822221.848,55.000,ENGAGED,HOVER 54/90s,14,1,-11.846,5.563,-2.225,-0.009,-0.001,0.000,-0.5037
1785822221.948,55.100,ENGAGED,HOVER 55/90s,14,1,-11.846,5.563,-2.225,-0.006,-0.004,0.002,-0.5038
1785822222.048,55.200,ENGAGED,HOVER 55/90s,14,1,-11.846,5.564,-2.225,-0.012,-0.009,0.001,-0.5042
1785822222.148,55.300,ENGAGED,HOVER 55/90s,14,1,-11.846,5.565,-2.226,-0.008,-0.005,0.001,-0.5037
1785822222.248,55.400,ENGAGED,HOVER 55/90s,14,1,-11.846,5.566,-2.227,-0.006,-0.018,-0.001,-0.5040
1785822222.348,55.500,ENGAGED,HOVER 55/90s,14,1,-11.845,5.567,-2.227,-0.008,-0.007,0.001,-0.5039
1785822222.448,55.600,ENGAGED,HOVER 55/90s,14,1,-11.845,5.568,-2.228,-0.004,-0.006,0.000,-0.5035
1785822222.548,55.700,ENGAGED,HOVER 55/90s,14,1,-11.845,5.569,-2.229,-0.006,-0.001,0.003,-0.5038
1785822222.648,55.800,ENGAGED,HOVER 55/90s,14,1,-11.845,5.570,-2.229,-0.004,-0.017,0.004,-0.5040
1785822222.748,55.900,ENGAGED,HOVER 55/90s,14,1,-11.846,5.570,-2.229,-0.004,-0.021,0.004,-0.5038
1785822222.848,56.000,ENGAGED,HOVER 55/90s,14,1,-11.847,5.571,-2.230,-0.005,-0.023,0.004,-0.5040
1785822222.948,56.100,ENGAGED,HOVER 56/90s,14,1,-11.848,5.571,-2.230,-0.007,-0.022,0.006,-0.5037
1785822223.048,56.200,ENGAGED,HOVER 56/90s,14,1,-11.850,5.571,-2.230,-0.011,-0.020,0.004,-0.5036
1785822223.148,56.300,ENGAGED,HOVER 56/90s,14,1,-11.851,5.571,-2.230,-0.012,-0.019,0.005,-0.5037
1785822223.248,56.400,ENGAGED,HOVER 56/90s,14,1,-11.853,5.570,-2.231,-0.013,-0.016,0.004,-0.5036
1785822223.348,56.500,ENGAGED,HOVER 56/90s,14,1,-11.856,5.569,-2.231,-0.009,-0.011,0.005,-0.5031
1785822223.448,56.600,ENGAGED,HOVER 56/90s,14,1,-11.858,5.568,-2.232,-0.008,-0.012,0.007,-0.5029
1785822223.548,56.700,ENGAGED,HOVER 56/90s,14,1,-11.860,5.567,-2.232,-0.007,-0.015,0.007,-0.5030
1785822223.648,56.800,ENGAGED,HOVER 56/90s,14,1,-11.863,5.566,-2.233,-0.006,-0.020,0.009,-0.5032
1785822223.748,56.900,ENGAGED,HOVER 56/90s,14,1,-11.865,5.565,-2.233,-0.003,-0.029,0.008,-0.5034
1785822223.848,57.000,ENGAGED,HOVER 56/90s,14,1,-11.866,5.563,-2.233,-0.004,-0.032,0.009,-0.5044
1785822223.948,57.100,ENGAGED,HOVER 57/90s,14,1,-11.867,5.562,-2.233,-0.005,-0.016,0.010,-0.5043
1785822224.048,57.200,ENGAGED,HOVER 57/90s,14,1,-11.869,5.560,-2.233,-0.003,-0.013,0.009,-0.5039
1785822224.148,57.300,ENGAGED,HOVER 57/90s,14,1,-11.870,5.558,-2.233,0.003,-0.011,0.009,-0.5036
1785822224.248,57.400,ENGAGED,HOVER 57/90s,14,1,-11.871,5.555,-2.233,-0.000,-0.016,0.007,-0.5042
1785822224.348,57.500,ENGAGED,HOVER 57/90s,14,1,-11.872,5.553,-2.233,0.005,-0.020,0.007,-0.5041
1785822224.448,57.600,ENGAGED,HOVER 57/90s,14,1,-11.872,5.551,-2.233,0.007,-0.023,0.007,-0.5038
1785822224.548,57.700,ENGAGED,HOVER 57/90s,14,1,-11.872,5.548,-2.233,0.010,-0.008,0.006,-0.5034
1785822224.648,57.800,ENGAGED,HOVER 57/90s,14,1,-11.872,5.547,-2.232,0.012,-0.027,0.007,-0.5039
1785822224.748,57.900,ENGAGED,HOVER 57/90s,14,1,-11.872,5.544,-2.232,0.014,-0.013,0.007,-0.5040
1785822224.848,58.000,ENGAGED,HOVER 57/90s,14,1,-11.872,5.543,-2.232,0.011,-0.013,0.006,-0.5042
1785822224.949,58.100,ENGAGED,HOVER 58/90s,14,1,-11.872,5.541,-2.231,0.013,-0.018,0.008,-0.5038
1785822225.048,58.200,ENGAGED,HOVER 58/90s,14,1,-11.873,5.539,-2.230,0.011,-0.018,0.008,-0.5041
1785822225.148,58.300,ENGAGED,HOVER 58/90s,14,1,-11.874,5.538,-2.229,0.008,-0.014,0.007,-0.5044
1785822225.248,58.400,ENGAGED,HOVER 58/90s,14,1,-11.875,5.537,-2.228,0.006,-0.007,0.004,-0.5039
1785822225.348,58.500,ENGAGED,HOVER 58/90s,14,1,-11.876,5.535,-2.227,0.006,-0.010,0.001,-0.5039
1785822225.448,58.600,ENGAGED,HOVER 58/90s,14,1,-11.877,5.534,-2.227,0.003,0.007,0.001,-0.5036
1785822225.548,58.700,ENGAGED,HOVER 58/90s,14,1,-11.878,5.533,-2.227,0.005,0.007,0.001,-0.5034
1785822225.648,58.800,ENGAGED,HOVER 58/90s,14,1,-11.878,5.532,-2.226,0.007,0.008,0.004,-0.5036
1785822225.748,58.900,ENGAGED,HOVER 58/90s,14,1,-11.879,5.530,-2.226,0.006,0.009,0.003,-0.5039
1785822225.848,59.000,ENGAGED,HOVER 58/90s,14,1,-11.879,5.529,-2.225,0.013,0.001,0.002,-0.5037
1785822225.949,59.100,ENGAGED,HOVER 59/90s,14,1,-11.879,5.528,-2.225,0.017,-0.000,0.001,-0.5039
1785822226.048,59.200,ENGAGED,HOVER 59/90s,14,1,-11.878,5.528,-2.225,0.018,0.008,-0.002,-0.5039
1785822226.148,59.300,ENGAGED,HOVER 59/90s,14,1,-11.877,5.527,-2.226,0.020,0.005,-0.003,-0.5040
1785822226.248,59.400,ENGAGED,HOVER 59/90s,14,1,-11.876,5.527,-2.226,0.018,-0.003,-0.002,-0.5044
1785822226.348,59.500,ENGAGED,HOVER 59/90s,14,1,-11.875,5.527,-2.226,0.017,0.001,0.001,-0.5044
1785822226.448,59.600,ENGAGED,HOVER 59/90s,14,1,-11.874,5.526,-2.225,0.022,0.010,0.002,-0.5041
1785822226.548,59.700,ENGAGED,HOVER 59/90s,14,1,-11.872,5.527,-2.224,0.023,0.007,0.001,-0.5037
1785822226.648,59.800,ENGAGED,HOVER 59/90s,14,1,-11.871,5.527,-2.223,0.021,0.005,0.001,-0.5038
1785822226.748,59.900,ENGAGED,HOVER 59/90s,14,1,-11.870,5.528,-2.222,0.019,0.002,0.000,-0.5038
1785822226.848,60.000,ENGAGED,HOVER 59/90s,14,1,-11.869,5.529,-2.221,0.017,0.019,-0.002,-0.5032
1785822226.948,60.100,ENGAGED,HOVER 60/90s,14,1,-11.869,5.530,-2.221,0.014,0.015,-0.002,-0.5032
1785822227.048,60.200,ENGAGED,HOVER 60/90s,14,1,-11.869,5.532,-2.220,0.012,0.010,-0.002,-0.5036
1785822227.148,60.300,ENGAGED,HOVER 60/90s,14,1,-11.870,5.533,-2.220,0.010,0.005,-0.004,-0.5036
1785822227.248,60.400,ENGAGED,HOVER 60/90s,14,1,-11.870,5.534,-2.220,0.005,0.005,-0.007,-0.5036
1785822227.348,60.500,ENGAGED,HOVER 60/90s,14,1,-11.871,5.535,-2.221,0.004,0.007,-0.006,-0.5035
1785822227.448,60.600,ENGAGED,HOVER 60/90s,14,1,-11.872,5.537,-2.221,0.002,0.009,-0.004,-0.5038
1785822227.548,60.700,ENGAGED,HOVER 60/90s,14,1,-11.872,5.538,-2.220,0.002,0.015,-0.004,-0.5038
1785822227.648,60.800,ENGAGED,HOVER 60/90s,14,1,-11.872,5.539,-2.220,0.004,0.019,-0.004,-0.5037
1785822227.748,60.900,ENGAGED,HOVER 60/90s,14,1,-11.872,5.540,-2.219,0.008,0.022,-0.004,-0.5035
1785822227.848,61.000,ENGAGED,HOVER 60/90s,14,1,-11.871,5.541,-2.219,0.013,0.004,-0.006,-0.5038
1785822227.949,61.100,ENGAGED,HOVER 61/90s,14,1,-11.869,5.542,-2.218,0.015,0.016,-0.006,-0.5037
1785822228.048,61.200,ENGAGED,HOVER 61/90s,14,1,-11.867,5.543,-2.218,0.018,0.010,-0.007,-0.5037
1785822228.148,61.300,ENGAGED,HOVER 61/90s,14,1,-11.866,5.544,-2.218,0.013,0.006,-0.008,-0.5043
1785822228.248,61.400,ENGAGED,HOVER 61/90s,14,1,-11.864,5.544,-2.217,0.013,0.010,-0.008,-0.5044
1785822228.348,61.500,ENGAGED,HOVER 61/90s,14,1,-11.862,5.545,-2.217,0.011,0.015,-0.008,-0.5045
1785822228.448,61.600,ENGAGED,HOVER 61/90s,14,1,-11.859,5.546,-2.217,0.009,-0.002,-0.006,-0.5046
1785822228.548,61.700,ENGAGED,HOVER 61/90s,14,1,-11.857,5.546,-2.217,0.008,-0.000,-0.007,-0.5044
1785822228.648,61.800,ENGAGED,HOVER 61/90s,14,1,-11.856,5.547,-2.217,0.010,0.009,-0.008,-0.5040
1785822228.748,61.900,ENGAGED,HOVER 61/90s,14,1,-11.854,5.548,-2.217,0.003,0.010,-0.008,-0.5038
1785822228.848,62.000,ENGAGED,HOVER 61/90s,14,1,-11.853,5.548,-2.218,0.007,-0.004,-0.008,-0.5038
1785822228.949,62.100,ENGAGED,HOVER 62/90s,14,1,-11.851,5.548,-2.218,0.004,0.009,-0.006,-0.5037
1785822229.048,62.200,ENGAGED,HOVER 62/90s,14,1,-11.849,5.548,-2.218,0.005,0.005,-0.006,-0.5040
1785822229.148,62.300,ENGAGED,HOVER 62/90s,14,1,-11.848,5.549,-2.218,0.004,0.003,-0.005,-0.5040
1785822229.248,62.400,ENGAGED,HOVER 62/90s,14,1,-11.847,5.550,-2.218,0.004,-0.003,-0.009,-0.5039
1785822229.348,62.500,ENGAGED,HOVER 62/90s,14,1,-11.846,5.550,-2.219,0.002,-0.005,-0.008,-0.5040
1785822229.448,62.600,ENGAGED,HOVER 62/90s,14,1,-11.846,5.551,-2.219,-0.001,-0.007,-0.005,-0.5039
1785822229.548,62.700,ENGAGED,HOVER 62/90s,14,1,-11.846,5.552,-2.220,-0.004,-0.005,-0.005,-0.5038
1785822229.648,62.800,ENGAGED,HOVER 62/90s,14,1,-11.845,5.553,-2.221,-0.005,-0.002,-0.006,-0.5039
1785822229.748,62.900,ENGAGED,HOVER 62/90s,14,1,-11.845,5.554,-2.223,-0.007,-0.000,-0.004,-0.5039
1785822229.848,63.000,ENGAGED,HOVER 62/90s,14,1,-11.845,5.554,-2.224,-0.003,0.001,-0.005,-0.5038
1785822229.949,63.100,ENGAGED,HOVER 63/90s,14,1,-11.845,5.553,-2.225,-0.003,0.002,-0.002,-0.5041
1785822230.048,63.200,ENGAGED,HOVER 63/90s,14,1,-11.845,5.552,-2.226,-0.003,-0.017,-0.001,-0.5047
1785822230.148,63.300,ENGAGED,HOVER 63/90s,14,1,-11.844,5.551,-2.226,-0.003,-0.001,0.001,-0.5041
1785822230.248,63.400,ENGAGED,HOVER 63/90s,14,1,-11.845,5.551,-2.227,-0.002,-0.006,-0.000,-0.5037
1785822230.348,63.500,ENGAGED,HOVER 63/90s,14,1,-11.845,5.551,-2.227,-0.006,-0.010,0.000,-0.5041
1785822230.448,63.600,ENGAGED,HOVER 63/90s,14,1,-11.845,5.551,-2.227,-0.006,-0.002,0.001,-0.5042
1785822230.548,63.700,ENGAGED,HOVER 63/90s,14,1,-11.846,5.551,-2.227,-0.004,-0.015,0.001,-0.5040
1785822230.648,63.800,ENGAGED,HOVER 63/90s,14,1,-11.846,5.551,-2.227,-0.007,0.002,0.001,-0.5035
1785822230.748,63.900,ENGAGED,HOVER 63/90s,14,1,-11.847,5.551,-2.227,-0.006,0.007,0.001,-0.5033
1785822230.848,64.000,ENGAGED,HOVER 63/90s,14,1,-11.848,5.552,-2.228,-0.006,0.008,0.002,-0.5031
1785822230.948,64.100,ENGAGED,HOVER 64/90s,14,1,-11.850,5.552,-2.228,-0.008,0.005,0.004,-0.5031
1785822231.048,64.200,ENGAGED,HOVER 64/90s,14,1,-11.852,5.552,-2.228,-0.006,0.007,0.004,-0.5034
1785822231.148,64.300,ENGAGED,HOVER 64/90s,14,1,-11.853,5.552,-2.228,-0.004,0.004,0.005,-0.5036
1785822231.248,64.400,ENGAGED,HOVER 64/90s,14,1,-11.855,5.552,-2.228,-0.004,0.001,0.003,-0.5036
1785822231.348,64.500,ENGAGED,HOVER 64/90s,14,1,-11.858,5.552,-2.228,-0.003,-0.004,0.001,-0.5037
1785822231.448,64.600,ENGAGED,HOVER 64/90s,14,1,-11.860,5.552,-2.228,-0.006,-0.007,0.004,-0.5036
1785822231.548,64.700,ENGAGED,HOVER 64/90s,14,1,-11.864,5.553,-2.228,-0.009,0.004,0.005,-0.5032
1785822231.648,64.800,ENGAGED,HOVER 64/90s,14,1,-11.866,5.553,-2.228,-0.010,-0.015,0.003,-0.5036
1785822231.748,64.900,ENGAGED,HOVER 64/90s,14,1,-11.867,5.553,-2.228,-0.011,0.001,0.003,-0.5033
1785822231.849,65.001,ENGAGED,HOVER 65/90s,14,1,-11.867,5.553,-2.228,-0.011,0.001,0.003,-0.5033
1785822231.948,65.100,ENGAGED,HOVER 65/90s,14,1,-11.868,5.552,-2.228,-0.008,-0.006,0.002,-0.5033
1785822232.048,65.200,ENGAGED,HOVER 65/90s,14,1,-11.869,5.553,-2.228,-0.013,-0.001,0.003,-0.5035
1785822232.148,65.300,ENGAGED,HOVER 65/90s,14,1,-11.870,5.552,-2.228,-0.008,-0.005,0.005,-0.5033
1785822232.248,65.400,ENGAGED,HOVER 65/90s,14,1,-11.870,5.553,-2.228,-0.012,-0.001,0.004,-0.5034
1785822232.348,65.500,ENGAGED,HOVER 65/90s,14,1,-11.870,5.553,-2.228,-0.012,-0.001,0.004,-0.5034
1785822232.448,65.600,ENGAGED,HOVER 65/90s,14,1,-11.871,5.553,-2.228,-0.011,-0.014,0.004,-0.5037
1785822232.548,65.700,ENGAGED,HOVER 65/90s,14,1,-11.873,5.552,-2.227,-0.007,-0.011,0.003,-0.5037
1785822232.648,65.800,ENGAGED,HOVER 65/90s,14,1,-11.875,5.552,-2.227,-0.009,-0.006,0.003,-0.5037
1785822232.748,65.900,ENGAGED,HOVER 65/90s,14,1,-11.876,5.552,-2.226,-0.004,-0.000,0.001,-0.5033
1785822232.848,66.000,ENGAGED,HOVER 65/90s,14,1,-11.878,5.552,-2.226,-0.001,0.004,-0.000,-0.5033
1785822232.949,66.100,ENGAGED,HOVER 66/90s,14,1,-11.878,5.552,-2.226,0.004,0.007,-0.001,-0.5035
1785822233.048,66.200,ENGAGED,HOVER 66/90s,14,1,-11.878,5.553,-2.225,0.008,0.005,-0.000,-0.5032
1785822233.148,66.300,ENGAGED,HOVER 66/90s,14,1,-11.878,5.554,-2.225,0.012,-0.004,-0.001,-0.5032
1785822233.248,66.400,ENGAGED,HOVER 66/90s,14,1,-11.878,5.555,-2.224,0.014,-0.011,0.001,-0.5038
1785822233.348,66.500,ENGAGED,HOVER 66/90s,14,1,-11.877,5.555,-2.223,0.015,-0.016,-0.000,-0.5042
1785822233.448,66.600,ENGAGED,HOVER 66/90s,14,1,-11.877,5.555,-2.222,0.015,-0.017,-0.001,-0.5044
1785822233.548,66.700,ENGAGED,HOVER 66/90s,14,1,-11.876,5.556,-2.220,0.012,-0.013,-0.002,-0.5042
1785822233.648,66.800,ENGAGED,HOVER 66/90s,14,1,-11.875,5.556,-2.220,0.012,0.004,-0.003,-0.5036
1785822233.748,66.900,ENGAGED,HOVER 66/90s,14,1,-11.874,5.557,-2.219,0.017,0.006,-0.003,-0.5033
1785822233.848,67.000,ENGAGED,HOVER 66/90s,14,1,-11.872,5.558,-2.219,0.017,0.007,-0.006,-0.5033
1785822233.949,67.100,ENGAGED,HOVER 67/90s,14,1,-11.871,5.559,-2.219,0.021,0.000,-0.007,-0.5034
1785822234.048,67.200,ENGAGED,HOVER 67/90s,14,1,-11.869,5.559,-2.219,0.022,-0.006,-0.008,-0.5038
1785822234.148,67.300,ENGAGED,HOVER 67/90s,14,1,-11.867,5.560,-2.218,0.020,-0.012,-0.004,-0.5043
1785822234.248,67.400,ENGAGED,HOVER 67/90s,14,1,-11.865,5.560,-2.218,0.016,-0.015,-0.008,-0.5042
1785822234.348,67.500,ENGAGED,HOVER 67/90s,14,1,-11.864,5.559,-2.218,0.013,-0.017,-0.005,-0.5040
1785822234.448,67.600,ENGAGED,HOVER 67/90s,14,1,-11.863,5.558,-2.218,0.011,-0.019,-0.006,-0.5040
1785822234.548,67.700,ENGAGED,HOVER 67/90s,14,1,-11.863,5.557,-2.217,0.006,-0.012,-0.006,-0.5043
1785822234.648,67.800,ENGAGED,HOVER 67/90s,14,1,-11.862,5.556,-2.217,0.006,-0.021,-0.007,-0.5044
1785822234.748,67.900,ENGAGED,HOVER 67/90s,14,1,-11.862,5.555,-2.217,0.003,-0.017,-0.009,-0.5040
1785822234.848,68.000,ENGAGED,HOVER 67/90s,14,1,-11.862,5.554,-2.216,0.003,-0.011,-0.009,-0.5040
1785822234.949,68.101,ENGAGED,HOVER 68/90s,14,1,-11.861,5.553,-2.216,0.005,-0.006,-0.010,-0.5036
1785822235.048,68.200,ENGAGED,HOVER 68/90s,14,1,-11.860,5.552,-2.216,0.008,-0.003,-0.009,-0.5034
1785822235.148,68.300,ENGAGED,HOVER 68/90s,14,1,-11.859,5.551,-2.216,0.010,-0.003,-0.008,-0.5033
1785822235.248,68.400,ENGAGED,HOVER 68/90s,14,1,-11.858,5.551,-2.216,0.014,-0.005,-0.009,-0.5038
1785822235.348,68.500,ENGAGED,HOVER 68/90s,14,1,-11.857,5.550,-2.216,0.010,-0.021,-0.009,-0.5046
1785822235.448,68.600,ENGAGED,HOVER 68/90s,14,1,-11.856,5.549,-2.217,0.010,-0.014,-0.008,-0.5040
1785822235.548,68.700,ENGAGED,HOVER 68/90s,14,1,-11.856,5.548,-2.217,0.006,-0.016,-0.006,-0.5040
1785822235.648,68.800,ENGAGED,HOVER 68/90s,14,1,-11.856,5.547,-2.217,0.003,-0.016,-0.006,-0.5039
1785822235.748,68.900,ENGAGED,HOVER 68/90s,14,1,-11.856,5.547,-2.217,0.001,0.000,-0.007,-0.5036
1785822235.848,69.000,ENGAGED,HOVER 68/90s,14,1,-11.856,5.547,-2.217,0.004,-0.015,-0.008,-0.5039
1785822235.949,69.101,ENGAGED,HOVER 69/90s,14,1,-11.856,5.547,-2.217,0.005,-0.005,-0.008,-0.5037
1785822236.048,69.200,ENGAGED,HOVER 69/90s,14,1,-11.856,5.547,-2.217,0.002,-0.011,-0.008,-0.5039
1785822236.148,69.300,ENGAGED,HOVER 69/90s,14,1,-11.856,5.547,-2.217,0.004,-0.002,-0.009,-0.5035
1785822236.248,69.400,ENGAGED,HOVER 69/90s,14,1,-11.856,5.547,-2.217,0.005,-0.007,-0.007,-0.5033
1785822236.348,69.500,ENGAGED,HOVER 69/90s,14,1,-11.855,5.546,-2.217,0.004,-0.010,-0.008,-0.5035
1785822236.448,69.600,ENGAGED,HOVER 69/90s,14,1,-11.855,5.546,-2.217,-0.001,0.005,-0.008,-0.5035
1785822236.548,69.700,ENGAGED,HOVER 69/90s,14,1,-11.855,5.546,-2.218,0.001,0.011,-0.007,-0.5030
1785822236.648,69.800,ENGAGED,HOVER 69/90s,14,1,-11.855,5.546,-2.218,0.003,-0.004,-0.008,-0.5039
1785822236.748,69.900,ENGAGED,HOVER 69/90s,14,1,-11.854,5.545,-2.218,-0.000,-0.001,-0.008,-0.5045
1785822236.848,70.000,ENGAGED,HOVER 69/90s,14,1,-11.854,5.544,-2.218,-0.001,0.006,-0.007,-0.5044
1785822236.949,70.100,ENGAGED,HOVER 70/90s,14,1,-11.854,5.544,-2.218,-0.002,0.006,-0.007,-0.5038
1785822237.048,70.200,ENGAGED,HOVER 70/90s,14,1,-11.855,5.542,-2.218,-0.002,0.007,-0.007,-0.5036
1785822237.148,70.300,ENGAGED,HOVER 70/90s,14,1,-11.855,5.541,-2.219,-0.001,0.004,-0.007,-0.5036
1785822237.248,70.400,ENGAGED,HOVER 70/90s,14,1,-11.855,5.540,-2.219,-0.000,0.000,-0.006,-0.5035
1785822237.348,70.500,ENGAGED,HOVER 70/90s,14,1,-11.855,5.538,-2.219,-0.001,-0.007,-0.007,-0.5034
1785822237.448,70.600,ENGAGED,HOVER 70/90s,14,1,-11.855,5.536,-2.219,-0.000,0.003,-0.006,-0.5035
1785822237.548,70.700,ENGAGED,HOVER 70/90s,14,1,-11.855,5.535,-2.220,0.001,0.001,-0.006,-0.5038
1785822237.648,70.800,ENGAGED,HOVER 70/90s,14,1,-11.855,5.534,-2.220,0.001,-0.001,-0.004,-0.5037
1785822237.748,70.900,ENGAGED,HOVER 70/90s,14,1,-11.854,5.533,-2.221,0.001,-0.006,-0.003,-0.5038
1785822237.848,71.000,ENGAGED,HOVER 70/90s,14,1,-11.854,5.532,-2.221,0.000,-0.007,-0.004,-0.5041
1785822237.948,71.100,ENGAGED,HOVER 71/90s,14,1,-11.852,5.531,-2.222,-0.000,-0.005,-0.004,-0.5043
1785822238.048,71.200,ENGAGED,HOVER 71/90s,14,1,-11.851,5.529,-2.222,-0.001,-0.002,-0.004,-0.5041
1785822238.148,71.300,ENGAGED,HOVER 71/90s,14,1,-11.850,5.528,-2.223,0.003,-0.005,-0.003,-0.5040
1785822238.248,71.400,ENGAGED,HOVER 71/90s,14,1,-11.848,5.527,-2.223,0.002,-0.008,-0.002,-0.5044
1785822238.348,71.500,ENGAGED,HOVER 71/90s,14,1,-11.847,5.526,-2.222,0.003,0.003,-0.002,-0.5042
1785822238.448,71.600,ENGAGED,HOVER 71/90s,14,1,-11.845,5.525,-2.222,0.001,0.001,-0.001,-0.5041
1785822238.548,71.700,ENGAGED,HOVER 71/90s,14,1,-11.844,5.525,-2.221,-0.000,0.001,-0.002,-0.5040
1785822238.648,71.800,ENGAGED,HOVER 71/90s,14,1,-11.843,5.526,-2.221,-0.003,0.007,-0.002,-0.5040
1785822238.748,71.900,ENGAGED,HOVER 71/90s,14,1,-11.842,5.526,-2.221,-0.006,0.012,-0.001,-0.5039
1785822238.848,72.000,ENGAGED,HOVER 71/90s,14,1,-11.842,5.527,-2.222,-0.004,0.010,-0.003,-0.5035
1785822238.948,72.100,ENGAGED,HOVER 72/90s,14,1,-11.841,5.528,-2.222,-0.006,0.007,-0.002,-0.5036
1785822239.048,72.200,ENGAGED,HOVER 72/90s,14,1,-11.841,5.528,-2.223,-0.008,0.025,-0.003,-0.5031
1785822239.148,72.300,ENGAGED,HOVER 72/90s,14,1,-11.840,5.528,-2.224,-0.008,0.011,-0.004,-0.5039
1785822239.248,72.400,ENGAGED,HOVER 72/90s,14,1,-11.840,5.528,-2.224,-0.009,0.015,-0.001,-0.5041
1785822239.348,72.500,ENGAGED,HOVER 72/90s,14,1,-11.839,5.528,-2.225,-0.004,0.016,-0.001,-0.5042
1785822239.448,72.600,ENGAGED,HOVER 72/90s,14,1,-11.839,5.528,-2.225,-0.006,0.009,-0.001,-0.5040
1785822239.548,72.700,ENGAGED,HOVER 72/90s,14,1,-11.838,5.528,-2.226,-0.013,0.007,-0.002,-0.5040
1785822239.648,72.800,ENGAGED,HOVER 72/90s,14,1,-11.838,5.528,-2.226,-0.014,0.011,-0.002,-0.5038
1785822239.748,72.900,ENGAGED,HOVER 72/90s,14,1,-11.837,5.528,-2.227,-0.009,0.003,0.003,-0.5039
1785822239.848,73.000,ENGAGED,HOVER 72/90s,14,1,-11.836,5.529,-2.227,-0.011,0.020,0.002,-0.5036
1785822239.948,73.100,ENGAGED,HOVER 73/90s,14,1,-11.835,5.530,-2.227,-0.010,0.019,0.006,-0.5039
1785822240.048,73.200,ENGAGED,HOVER 73/90s,14,1,-11.835,5.530,-2.227,-0.015,0.013,0.004,-0.5040
1785822240.148,73.300,ENGAGED,HOVER 73/90s,14,1,-11.835,5.531,-2.227,-0.017,0.017,0.002,-0.5040
1785822240.248,73.400,ENGAGED,HOVER 73/90s,14,1,-11.834,5.533,-2.228,-0.013,0.020,0.004,-0.5035
1785822240.348,73.500,ENGAGED,HOVER 73/90s,14,1,-11.834,5.535,-2.228,-0.012,0.022,0.004,-0.5033
1785822240.448,73.600,ENGAGED,HOVER 73/90s,14,1,-11.833,5.538,-2.228,-0.010,0.016,0.005,-0.5034
1785822240.548,73.700,ENGAGED,HOVER 73/90s,14,1,-11.832,5.541,-2.228,-0.009,0.010,0.003,-0.5032
1785822240.648,73.800,ENGAGED,HOVER 73/90s,14,1,-11.832,5.543,-2.229,-0.011,0.005,0.002,-0.5039
1785822240.748,73.900,ENGAGED,HOVER 73/90s,14,1,-11.832,5.546,-2.229,-0.015,0.003,0.005,-0.5043
1785822240.848,74.000,ENGAGED,HOVER 73/90s,14,1,-11.833,5.549,-2.229,-0.014,0.003,0.004,-0.5040
1785822240.948,74.100,ENGAGED,HOVER 74/90s,14,1,-11.833,5.552,-2.230,-0.012,0.006,0.005,-0.5037
1785822241.048,74.200,ENGAGED,HOVER 74/90s,14,1,-11.833,5.554,-2.231,-0.012,-0.000,0.005,-0.5037
1785822241.148,74.300,ENGAGED,HOVER 74/90s,14,1,-11.833,5.555,-2.231,-0.014,-0.005,0.005,-0.5037
1785822241.248,74.400,ENGAGED,HOVER 74/90s,14,1,-11.834,5.557,-2.232,-0.014,-0.009,0.006,-0.5035
1785822241.348,74.500,ENGAGED,HOVER 74/90s,14,1,-11.834,5.558,-2.232,-0.017,-0.008,0.005,-0.5037
1785822241.448,74.600,ENGAGED,HOVER 74/90s,14,1,-11.836,5.559,-2.233,-0.019,-0.004,0.004,-0.5043
1785822241.548,74.700,ENGAGED,HOVER 74/90s,14,1,-11.837,5.559,-2.233,-0.019,-0.002,0.007,-0.5038
1785822241.648,74.800,ENGAGED,HOVER 74/90s,14,1,-11.839,5.560,-2.233,-0.019,0.001,0.007,-0.5033
1785822241.748,74.900,ENGAGED,HOVER 74/90s,14,1,-11.841,5.560,-2.233,-0.020,-0.000,0.009,-0.5034
1785822241.848,75.000,ENGAGED,HOVER 74/90s,14,1,-11.844,5.560,-2.233,-0.017,-0.005,0.007,-0.5040
1785822241.948,75.100,ENGAGED,HOVER 75/90s,14,1,-11.845,5.561,-2.234,-0.014,-0.009,0.008,-0.5039
1785822242.048,75.200,ENGAGED,HOVER 75/90s,14,1,-11.847,5.562,-2.234,-0.014,-0.012,0.009,-0.5036
1785822242.148,75.300,ENGAGED,HOVER 75/90s,14,1,-11.849,5.563,-2.234,-0.014,-0.017,0.009,-0.5036
1785822242.248,75.400,ENGAGED,HOVER 75/90s,14,1,-11.850,5.564,-2.234,-0.015,-0.017,0.010,-0.5034
1785822242.348,75.500,ENGAGED,HOVER 75/90s,14,1,-11.852,5.565,-2.233,-0.014,-0.015,0.011,-0.5033
1785822242.448,75.600,ENGAGED,HOVER 75/90s,14,1,-11.853,5.566,-2.232,-0.010,-0.015,0.010,-0.5033
1785822242.548,75.700,ENGAGED,HOVER 75/90s,14,1,-11.855,5.567,-2.231,-0.010,-0.016,0.008,-0.5036
1785822242.648,75.800,ENGAGED,HOVER 75/90s,14,1,-11.856,5.568,-2.231,-0.010,-0.014,0.006,-0.5040
1785822242.748,75.900,ENGAGED,HOVER 75/90s,14,1,-11.857,5.569,-2.231,-0.009,-0.011,0.007,-0.5037
1785822242.848,76.000,ENGAGED,HOVER 75/90s,14,1,-11.859,5.568,-2.231,-0.008,-0.007,0.009,-0.5036
1785822242.949,76.100,ENGAGED,HOVER 76/90s,14,1,-11.860,5.567,-2.230,-0.007,-0.007,0.009,-0.5040
1785822243.048,76.200,ENGAGED,HOVER 76/90s,14,1,-11.861,5.566,-2.230,-0.004,-0.009,0.006,-0.5043
1785822243.148,76.300,ENGAGED,HOVER 76/90s,14,1,-11.862,5.563,-2.230,-0.002,-0.010,0.005,-0.5042
1785822243.248,76.400,ENGAGED,HOVER 76/90s,14,1,-11.863,5.560,-2.230,0.003,-0.015,0.005,-0.5041
1785822243.348,76.500,ENGAGED,HOVER 76/90s,14,1,-11.864,5.558,-2.230,0.001,-0.030,0.006,-0.5045
1785822243.448,76.600,ENGAGED,HOVER 76/90s,14,1,-11.865,5.555,-2.230,0.002,-0.020,0.007,-0.5040
1785822243.548,76.700,ENGAGED,HOVER 76/90s,14,1,-11.866,5.554,-2.230,-0.001,-0.020,0.007,-0.5039
1785822243.648,76.800,ENGAGED,HOVER 76/90s,14,1,-11.867,5.552,-2.230,-0.002,-0.014,0.007,-0.5035
1785822243.748,76.900,ENGAGED,HOVER 76/90s,14,1,-11.867,5.550,-2.230,-0.002,-0.006,0.004,-0.5035
1785822243.848,77.000,ENGAGED,HOVER 76/90s,14,1,-11.868,5.547,-2.229,0.003,-0.016,0.005,-0.5039
1785822243.949,77.100,ENGAGED,HOVER 77/90s,14,1,-11.867,5.546,-2.229,0.008,-0.002,0.005,-0.5037
1785822244.048,77.200,ENGAGED,HOVER 77/90s,14,1,-11.867,5.544,-2.229,0.009,-0.002,0.003,-0.5039
1785822244.148,77.300,ENGAGED,HOVER 77/90s,14,1,-11.867,5.542,-2.229,0.010,-0.002,0.006,-0.5036
1785822244.248,77.400,ENGAGED,HOVER 77/90s,14,1,-11.867,5.540,-2.229,0.008,-0.007,0.005,-0.5035
1785822244.348,77.500,ENGAGED,HOVER 77/90s,14,1,-11.868,5.539,-2.228,0.007,-0.010,0.004,-0.5036
1785822244.448,77.600,ENGAGED,HOVER 77/90s,14,1,-11.869,5.537,-2.228,0.006,-0.013,0.003,-0.5039
1785822244.548,77.700,ENGAGED,HOVER 77/90s,14,1,-11.869,5.536,-2.228,0.009,-0.005,0.003,-0.5034
1785822244.648,77.800,ENGAGED,HOVER 77/90s,14,1,-11.869,5.534,-2.227,0.008,-0.009,0.002,-0.5035
1785822244.748,77.900,ENGAGED,HOVER 77/90s,14,1,-11.869,5.533,-2.227,0.007,-0.010,0.000,-0.5038
1785822244.848,78.000,ENGAGED,HOVER 77/90s,14,1,-11.870,5.533,-2.228,0.005,-0.007,0.001,-0.5043
1785822244.948,78.100,ENGAGED,HOVER 78/90s,14,1,-11.870,5.532,-2.228,0.009,0.000,0.003,-0.5035
1785822245.048,78.200,ENGAGED,HOVER 78/90s,14,1,-11.870,5.531,-2.227,0.009,-0.005,0.004,-0.5036
1785822245.148,78.300,ENGAGED,HOVER 78/90s,14,1,-11.870,5.531,-2.227,0.008,-0.008,0.003,-0.5040
1785822245.248,78.400,ENGAGED,HOVER 78/90s,14,1,-11.870,5.530,-2.228,0.005,-0.003,0.003,-0.5040
1785822245.348,78.500,ENGAGED,HOVER 78/90s,14,1,-11.869,5.530,-2.228,0.006,0.002,0.002,-0.5037
1785822245.448,78.600,ENGAGED,HOVER 78/90s,14,1,-11.868,5.530,-2.228,0.008,0.010,0.002,-0.5038
1785822245.548,78.700,ENGAGED,HOVER 78/90s,14,1,-11.867,5.530,-2.228,0.009,0.015,0.002,-0.5037
1785822245.648,78.800,ENGAGED,HOVER 78/90s,14,1,-11.865,5.531,-2.228,0.013,0.019,0.003,-0.5037
1785822245.748,78.900,ENGAGED,HOVER 78/90s,14,1,-11.863,5.531,-2.228,0.014,0.022,0.003,-0.5043
1785822245.848,79.000,ENGAGED,HOVER 78/90s,14,1,-11.861,5.531,-2.227,0.013,0.017,0.005,-0.5039
1785822245.948,79.100,ENGAGED,HOVER 79/90s,14,1,-11.860,5.531,-2.227,0.011,0.013,0.005,-0.5036
1785822246.048,79.200,ENGAGED,HOVER 79/90s,14,1,-11.858,5.532,-2.227,0.005,0.019,0.001,-0.5035
1785822246.148,79.300,ENGAGED,HOVER 79/90s,14,1,-11.857,5.532,-2.227,0.007,0.015,0.002,-0.5036
1785822246.248,79.400,ENGAGED,HOVER 79/90s,14,1,-11.856,5.532,-2.228,0.006,0.010,0.003,-0.5037
1785822246.348,79.500,ENGAGED,HOVER 79/90s,14,1,-11.855,5.532,-2.228,0.005,0.005,0.004,-0.5036
1785822246.448,79.600,ENGAGED,HOVER 79/90s,14,1,-11.854,5.532,-2.228,0.004,0.001,0.004,-0.5037
1785822246.548,79.700,ENGAGED,HOVER 79/90s,14,1,-11.852,5.533,-2.228,0.004,-0.001,0.003,-0.5040
1785822246.648,79.800,ENGAGED,HOVER 79/90s,14,1,-11.851,5.534,-2.228,0.002,0.003,0.003,-0.5043
1785822246.748,79.900,ENGAGED,HOVER 79/90s,14,1,-11.850,5.535,-2.227,0.001,0.007,0.004,-0.5042
1785822246.848,80.000,ENGAGED,HOVER 79/90s,14,1,-11.849,5.537,-2.227,-0.004,0.014,0.003,-0.5039
1785822246.949,80.101,ENGAGED,HOVER 80/90s,14,1,-11.848,5.539,-2.226,-0.000,0.004,0.000,-0.5037
1785822247.048,80.200,ENGAGED,HOVER 80/90s,14,1,-11.847,5.540,-2.226,-0.002,0.001,0.001,-0.5041
1785822247.148,80.300,ENGAGED,HOVER 80/90s,14,1,-11.846,5.541,-2.226,-0.005,0.004,0.002,-0.5041
1785822247.248,80.400,ENGAGED,HOVER 80/90s,14,1,-11.844,5.543,-2.226,-0.004,0.007,0.002,-0.5040
1785822247.348,80.500,ENGAGED,HOVER 80/90s,14,1,-11.843,5.544,-2.226,0.002,0.009,0.002,-0.5038
1785822247.448,80.600,ENGAGED,HOVER 80/90s,14,1,-11.840,5.546,-2.226,-0.002,0.015,0.001,-0.5039
1785822247.548,80.700,ENGAGED,HOVER 80/90s,14,1,-11.839,5.547,-2.226,-0.003,0.015,0.000,-0.5042
1785822247.648,80.800,ENGAGED,HOVER 80/90s,14,1,-11.837,5.548,-2.226,-0.003,0.014,-0.000,-0.5039
1785822247.748,80.900,ENGAGED,HOVER 80/90s,14,1,-11.836,5.550,-2.226,-0.004,0.014,-0.000,-0.5039
1785822247.848,81.000,ENGAGED,HOVER 80/90s,14,1,-11.835,5.551,-2.225,-0.002,0.004,0.001,-0.5037
1785822247.948,81.100,ENGAGED,HOVER 81/90s,14,1,-11.834,5.552,-2.225,-0.006,-0.003,0.002,-0.5035
1785822248.048,81.200,ENGAGED,HOVER 81/90s,14,1,-11.834,5.554,-2.224,-0.010,-0.006,0.002,-0.5038
1785822248.148,81.300,ENGAGED,HOVER 81/90s,14,1,-11.834,5.555,-2.224,-0.014,-0.006,0.002,-0.5039
1785822248.248,81.400,ENGAGED,HOVER 81/90s,14,1,-11.834,5.555,-2.224,-0.015,-0.005,0.000,-0.5036
1785822248.348,81.500,ENGAGED,HOVER 81/90s,14,1,-11.834,5.555,-2.224,-0.018,-0.003,0.001,-0.5035
1785822248.448,81.600,ENGAGED,HOVER 81/90s,14,1,-11.835,5.556,-2.224,-0.017,-0.011,-0.002,-0.5041
1785822248.548,81.700,ENGAGED,HOVER 81/90s,14,1,-11.835,5.556,-2.226,-0.019,-0.008,-0.001,-0.5040
1785822248.648,81.800,ENGAGED,HOVER 81/90s,14,1,-11.836,5.556,-2.227,-0.020,-0.003,-0.002,-0.5036
1785822248.748,81.900,ENGAGED,HOVER 81/90s,14,1,-11.838,5.556,-2.228,-0.021,0.000,0.002,-0.5036
1785822248.848,82.000,ENGAGED,HOVER 81/90s,14,1,-11.839,5.555,-2.229,-0.018,0.004,0.001,-0.5037
1785822248.948,82.100,ENGAGED,HOVER 82/90s,14,1,-11.841,5.555,-2.230,-0.017,0.005,0.002,-0.5037
1785822249.048,82.200,ENGAGED,HOVER 82/90s,14,1,-11.844,5.555,-2.231,-0.021,-0.006,0.005,-0.5036
1785822249.148,82.300,ENGAGED,HOVER 82/90s,14,1,-11.846,5.554,-2.232,-0.020,-0.002,0.007,-0.5037
1785822249.248,82.400,ENGAGED,HOVER 82/90s,14,1,-11.849,5.554,-2.232,-0.018,0.002,0.006,-0.5039
1785822249.348,82.500,ENGAGED,HOVER 82/90s,14,1,-11.851,5.553,-2.232,-0.017,0.005,0.006,-0.5038
1785822249.448,82.600,ENGAGED,HOVER 82/90s,14,1,-11.854,5.553,-2.232,-0.015,0.001,0.006,-0.5036
1785822249.548,82.700,ENGAGED,HOVER 82/90s,14,1,-11.856,5.552,-2.232,-0.011,-0.002,0.008,-0.5034
1785822249.648,82.800,ENGAGED,HOVER 82/90s,14,1,-11.858,5.551,-2.232,-0.012,0.006,0.008,-0.5036
1785822249.748,82.900,ENGAGED,HOVER 82/90s,14,1,-11.861,5.551,-2.231,-0.010,-0.010,0.008,-0.5040
1785822249.848,83.000,ENGAGED,HOVER 82/90s,14,1,-11.863,5.550,-2.231,-0.010,-0.013,0.007,-0.5040
1785822249.948,83.100,ENGAGED,HOVER 83/90s,14,1,-11.865,5.550,-2.230,-0.009,-0.013,0.005,-0.5041
1785822250.048,83.200,ENGAGED,HOVER 83/90s,14,1,-11.867,5.549,-2.230,-0.003,-0.012,0.005,-0.5040
1785822250.148,83.300,ENGAGED,HOVER 83/90s,14,1,-11.868,5.548,-2.229,-0.001,-0.016,0.005,-0.5042
1785822250.248,83.400,ENGAGED,HOVER 83/90s,14,1,-11.869,5.547,-2.229,0.000,-0.016,0.005,-0.5042
1785822250.348,83.500,ENGAGED,HOVER 83/90s,14,1,-11.869,5.545,-2.229,0.003,-0.012,0.004,-0.5041
1785822250.448,83.600,ENGAGED,HOVER 83/90s,14,1,-11.869,5.544,-2.228,0.004,-0.006,0.006,-0.5044
1785822250.548,83.700,ENGAGED,HOVER 83/90s,14,1,-11.869,5.543,-2.228,0.006,-0.001,0.004,-0.5045
1785822250.648,83.800,ENGAGED,HOVER 83/90s,14,1,-11.869,5.542,-2.227,0.009,-0.013,0.003,-0.5043
1785822250.748,83.900,ENGAGED,HOVER 83/90s,14,1,-11.869,5.542,-2.227,0.007,-0.009,0.001,-0.5043
1785822250.848,84.000,ENGAGED,HOVER 83/90s,14,1,-11.869,5.543,-2.226,0.005,-0.000,0.001,-0.5042
1785822250.948,84.100,ENGAGED,HOVER 84/90s,14,1,-11.870,5.543,-2.226,0.008,-0.005,0.000,-0.5040
1785822251.048,84.200,ENGAGED,HOVER 84/90s,14,1,-11.870,5.544,-2.225,0.005,-0.003,0.001,-0.5039
1785822251.148,84.300,ENGAGED,HOVER 84/90s,14,1,-11.871,5.545,-2.225,0.004,0.002,0.001,-0.5037
1785822251.248,84.400,ENGAGED,HOVER 84/90s,14,1,-11.871,5.546,-2.224,0.003,0.008,-0.001,-0.5036
1785822251.348,84.500,ENGAGED,HOVER 84/90s,14,1,-11.872,5.548,-2.224,0.006,-0.006,0.000,-0.5036
1785822251.448,84.600,ENGAGED,HOVER 84/90s,14,1,-11.872,5.549,-2.223,0.003,0.000,-0.001,-0.5037
1785822251.548,84.700,ENGAGED,HOVER 84/90s,14,1,-11.872,5.551,-2.223,0.003,0.006,0.000,-0.5036
1785822251.648,84.800,ENGAGED,HOVER 84/90s,14,1,-11.872,5.553,-2.223,0.004,0.011,-0.000,-0.5035
1785822251.748,84.900,ENGAGED,HOVER 84/90s,14,1,-11.872,5.556,-2.222,0.007,0.000,-0.003,-0.5041
1785822251.848,85.000,ENGAGED,HOVER 84/90s,14,1,-11.871,5.558,-2.222,0.008,0.004,-0.004,-0.5040
1785822251.948,85.100,ENGAGED,HOVER 85/90s,14,1,-11.870,5.559,-2.222,0.007,0.007,-0.004,-0.5038
1785822252.048,85.200,ENGAGED,HOVER 85/90s,14,1,-11.868,5.561,-2.222,0.008,0.008,-0.003,-0.5037
1785822252.148,85.300,ENGAGED,HOVER 85/90s,14,1,-11.867,5.562,-2.222,0.013,0.008,-0.001,-0.5036
1785822252.248,85.400,ENGAGED,HOVER 85/90s,14,1,-11.865,5.563,-2.221,0.015,-0.008,-0.002,-0.5040
1785822252.348,85.500,ENGAGED,HOVER 85/90s,14,1,-11.863,5.564,-2.221,0.016,-0.011,-0.002,-0.5041
1785822252.448,85.600,ENGAGED,HOVER 85/90s,14,1,-11.860,5.565,-2.221,0.015,-0.011,-0.004,-0.5044
1785822252.548,85.700,ENGAGED,HOVER 85/90s,14,1,-11.857,5.566,-2.221,0.012,-0.011,-0.002,-0.5046
1785822252.648,85.800,ENGAGED,HOVER 85/90s,14,1,-11.855,5.567,-2.220,0.012,-0.006,-0.004,-0.5044
1785822252.748,85.900,ENGAGED,HOVER 85/90s,14,1,-11.853,5.568,-2.220,0.010,-0.001,-0.005,-0.5041
1785822252.849,86.001,ENGAGED,HOVER 86/90s,14,1,-11.851,5.569,-2.220,0.009,0.000,-0.004,-0.5037
1785822252.948,86.100,ENGAGED,HOVER 86/90s,14,1,-11.850,5.569,-2.219,0.006,-0.001,-0.006,-0.5036
1785822253.048,86.200,ENGAGED,HOVER 86/90s,14,1,-11.849,5.569,-2.219,0.006,-0.020,-0.006,-0.5039
1785822253.148,86.300,ENGAGED,HOVER 86/90s,14,1,-11.848,5.569,-2.219,0.004,-0.007,-0.007,-0.5033
1785822253.248,86.400,ENGAGED,HOVER 86/90s,14,1,-11.848,5.569,-2.219,-0.000,-0.019,-0.006,-0.5036
1785822253.348,86.500,ENGAGED,HOVER 86/90s,14,1,-11.847,5.569,-2.219,-0.007,-0.016,-0.004,-0.5040
1785822253.448,86.600,ENGAGED,HOVER 86/90s,14,1,-11.848,5.568,-2.218,-0.006,-0.026,-0.005,-0.5041
1785822253.548,86.700,ENGAGED,HOVER 86/90s,14,1,-11.848,5.567,-2.218,-0.006,-0.026,-0.007,-0.5042
1785822253.648,86.800,ENGAGED,HOVER 86/90s,14,1,-11.848,5.567,-2.217,-0.006,-0.021,-0.008,-0.5040
1785822253.748,86.900,ENGAGED,HOVER 86/90s,14,1,-11.847,5.566,-2.217,-0.008,-0.015,-0.004,-0.5036
1785822253.848,87.000,ENGAGED,HOVER 86/90s,14,1,-11.847,5.565,-2.217,-0.008,-0.024,-0.008,-0.5037
1785822253.949,87.100,ENGAGED,HOVER 87/90s,14,1,-11.847,5.564,-2.218,-0.011,-0.023,-0.006,-0.5043
1785822254.048,87.200,ENGAGED,HOVER 87/90s,14,1,-11.847,5.562,-2.219,-0.008,-0.018,-0.005,-0.5044
1785822254.148,87.300,ENGAGED,HOVER 87/90s,14,1,-11.846,5.561,-2.219,-0.006,-0.009,-0.006,-0.5039
1785822254.248,87.400,ENGAGED,HOVER 87/90s,14,1,-11.845,5.560,-2.221,-0.008,-0.008,-0.005,-0.5040
1785822254.348,87.500,ENGAGED,HOVER 87/90s,14,1,-11.845,5.558,-2.222,-0.008,-0.005,-0.006,-0.5036
1785822254.448,87.600,ENGAGED,HOVER 87/90s,14,1,-11.845,5.557,-2.223,-0.010,-0.005,-0.003,-0.5036
1785822254.548,87.700,ENGAGED,HOVER 87/90s,14,1,-11.845,5.556,-2.223,-0.009,-0.007,-0.001,-0.5036
1785822254.648,87.800,ENGAGED,HOVER 87/90s,14,1,-11.845,5.555,-2.224,-0.010,-0.012,-0.002,-0.5038
1785822254.748,87.900,ENGAGED,HOVER 87/90s,14,1,-11.844,5.554,-2.224,-0.009,-0.008,-0.002,-0.5037
1785822254.848,88.000,ENGAGED,HOVER 87/90s,14,1,-11.844,5.553,-2.224,-0.012,-0.009,-0.002,-0.5040
1785822254.949,88.100,ENGAGED,HOVER 88/90s,14,1,-11.843,5.552,-2.225,-0.012,-0.003,-0.001,-0.5039
1785822255.048,88.200,ENGAGED,HOVER 88/90s,14,1,-11.842,5.550,-2.225,-0.011,-0.002,-0.001,-0.5038
1785822255.148,88.300,ENGAGED,HOVER 88/90s,14,1,-11.842,5.548,-2.226,-0.007,-0.001,0.000,-0.5040
1785822255.248,88.400,ENGAGED,HOVER 88/90s,14,1,-11.841,5.546,-2.226,-0.005,-0.001,0.002,-0.5041
1785822255.348,88.500,ENGAGED,HOVER 88/90s,14,1,-11.839,5.544,-2.227,-0.009,0.002,0.003,-0.5040
1785822255.448,88.600,ENGAGED,HOVER 88/90s,14,1,-11.839,5.543,-2.227,-0.004,-0.004,0.003,-0.5038
1785822255.548,88.700,ENGAGED,HOVER 88/90s,14,1,-11.838,5.542,-2.227,-0.006,-0.008,0.002,-0.5038
1785822255.648,88.800,ENGAGED,HOVER 88/90s,14,1,-11.837,5.541,-2.227,-0.006,0.007,0.003,-0.5035
1785822255.748,88.900,ENGAGED,HOVER 88/90s,14,1,-11.836,5.540,-2.228,-0.005,0.004,0.002,-0.5037
1785822255.848,89.000,ENGAGED,HOVER 88/90s,14,1,-11.836,5.539,-2.228,-0.005,-0.001,0.002,-0.5036
1785822255.948,89.100,ENGAGED,HOVER 89/90s,14,1,-11.836,5.538,-2.228,-0.006,-0.011,0.002,-0.5040
1785822256.048,89.200,ENGAGED,HOVER 89/90s,14,1,-11.836,5.538,-2.227,-0.009,-0.009,0.004,-0.5040
1785822256.148,89.300,ENGAGED,HOVER 89/90s,14,1,-11.836,5.537,-2.227,-0.010,-0.002,0.005,-0.5039
1785822256.248,89.400,ENGAGED,HOVER 89/90s,14,1,-11.837,5.537,-2.227,-0.017,-0.002,0.003,-0.5040
1785822256.348,89.500,ENGAGED,HOVER 89/90s,14,1,-11.839,5.536,-2.227,-0.018,-0.009,0.001,-0.5040
1785822256.448,89.600,ENGAGED,HOVER 89/90s,14,1,-11.841,5.535,-2.227,-0.021,-0.008,0.001,-0.5042
1785822256.548,89.700,ENGAGED,HOVER 89/90s,14,1,-11.843,5.535,-2.227,-0.021,-0.006,0.001,-0.5038
1785822256.648,89.800,ENGAGED,HOVER 89/90s,14,1,-11.846,5.535,-2.228,-0.023,-0.000,0.002,-0.5036
1785822256.748,89.900,ENGAGED,HOVER 89/90s,14,1,-11.848,5.536,-2.228,-0.017,-0.004,0.003,-0.5039
1785822256.848,90.000,ENGAGED,HOVER 89/90s,14,1,-11.849,5.536,-2.229,-0.014,-0.000,0.003,-0.5038
1785822256.949,90.101,DONE,HOVER 90/90s,14,1,-11.849,5.537,-2.229,-0.011,0.005,0.002,-0.5035
1785822257.048,90.200,DONE,HOVER 90/90s,14,1,-11.850,5.538,-2.230,-0.010,0.012,0.004,-0.5036
1785822257.148,90.300,DONE,HOVER 90/90s,14,1,-11.851,5.540,-2.230,-0.011,0.018,0.004,-0.5037
1785822257.248,90.400,DONE,HOVER 90/90s,14,1,-11.852,5.541,-2.231,-0.010,0.020,0.006,-0.5035
1785822257.348,90.500,DONE,HOVER 90/90s,14,1,-11.853,5.543,-2.231,-0.010,0.008,0.006,-0.5034
1785822257.448,90.600,DONE,HOVER 90/90s,14,1,-11.854,5.545,-2.231,-0.010,0.011,0.007,-0.5033
1785822257.548,90.700,DONE,HOVER 90/90s,14,1,-11.855,5.546,-2.230,-0.007,0.014,0.007,-0.5034
1785822257.648,90.800,DONE,HOVER 90/90s,14,1,-11.856,5.546,-2.229,-0.007,0.011,0.005,-0.5038
1785822257.748,90.900,DONE,HOVER 90/90s,14,1,-11.858,5.546,-2.228,-0.005,0.006,0.005,-0.5035
1785822257.848,91.000,DONE,HOVER 90/90s,14,1,-11.859,5.546,-2.227,-0.001,0.004,0.004,-0.5036
1785822257.948,91.100,DONE,HOVER 90/90s,14,1,-11.860,5.547,-2.227,0.002,-0.000,0.003,-0.5039
1785822258.048,91.200,DONE,HOVER 90/90s,14,1,-11.860,5.547,-2.226,0.002,-0.004,0.002,-0.5039
1785822258.148,91.300,DONE,HOVER 90/90s,14,1,-11.861,5.549,-2.225,0.003,0.006,0.003,-0.5039
1785822258.248,91.400,DONE,HOVER 90/90s,14,1,-11.861,5.549,-2.224,0.003,-0.008,0.003,-0.5038
1785822258.348,91.500,DONE,HOVER 90/90s,14,1,-11.862,5.550,-2.223,0.003,-0.006,-0.000,-0.5035
1785822258.448,91.600,DONE,HOVER 90/90s,14,1,-11.863,5.550,-2.223,0.001,0.006,-0.002,-0.5037
1785822258.548,91.700,DONE,HOVER 90/90s,14,1,-11.864,5.551,-2.223,0.002,0.003,-0.004,-0.5036
1785822258.648,91.800,DONE,HOVER 90/90s,14,1,-11.864,5.551,-2.223,0.004,0.001,-0.000,-0.5034
1785822258.748,91.900,DONE,HOVER 90/90s,14,1,-11.866,5.552,-2.223,0.002,-0.006,-0.001,-0.5038
1785822258.848,92.000,DONE,HOVER 90/90s,14,1,-11.867,5.553,-2.223,0.001,-0.012,-0.003,-0.5040
1785822258.948,92.100,DONE,HOVER 90/90s,14,1,-11.868,5.554,-2.223,0.004,-0.004,-0.003,-0.5037
1785822259.048,92.200,DONE,HOVER 90/90s,14,1,-11.869,5.554,-2.223,0.007,-0.009,-0.004,-0.5038
1785822259.148,92.300,DONE,HOVER 90/90s,14,1,-11.869,5.555,-2.222,0.006,-0.012,-0.002,-0.5042
1785822259.248,92.400,DONE,HOVER 90/90s,14,1,-11.869,5.555,-2.222,0.006,-0.013,-0.003,-0.5042
1785822259.348,92.500,DONE,HOVER 90/90s,14,1,-11.869,5.555,-2.221,0.011,-0.005,-0.002,-0.5037
1785822259.448,92.600,DONE,HOVER 90/90s,14,1,-11.869,5.555,-2.221,0.011,-0.012,-0.002,-0.5036
1785822259.548,92.700,DONE,HOVER 90/90s,14,1,-11.870,5.554,-2.221,0.012,-0.003,-0.003,-0.5038
1785822259.648,92.800,DONE,HOVER 90/90s,14,1,-11.870,5.554,-2.220,0.012,-0.008,-0.002,-0.5041
1785822259.748,92.900,DONE,HOVER 90/90s,14,1,-11.871,5.554,-2.220,0.006,0.002,-0.004,-0.5040
1785822259.848,93.000,DONE,HOVER 90/90s,14,1,-11.871,5.553,-2.219,0.002,-0.004,-0.003,-0.5039
1785822259.948,93.100,DONE,HOVER 90/90s,14,1,-11.872,5.553,-2.219,0.005,-0.015,-0.003,-0.5041
1785822260.048,93.200,DONE,HOVER 90/90s,14,1,-11.873,5.552,-2.218,0.003,-0.014,-0.003,-0.5039
1785822260.148,93.300,DONE,HOVER 90/90s,14,1,-11.873,5.552,-2.218,0.005,-0.008,-0.005,-0.5038
1785822260.248,93.400,DONE,HOVER 90/90s,14,1,-11.872,5.551,-2.218,0.006,-0.003,-0.007,-0.5038
1785822260.348,93.500,DONE,HOVER 90/90s,14,1,-11.871,5.550,-2.218,0.009,-0.012,-0.007,-0.5044
1785822260.448,93.600,DONE,HOVER 90/90s,14,1,-11.870,5.550,-2.217,0.011,0.002,-0.008,-0.5045
1785822260.548,93.700,DONE,HOVER 90/90s,14,1,-11.868,5.549,-2.217,0.010,-0.003,-0.007,-0.5047
1785822260.648,93.800,DONE,HOVER 90/90s,14,1,-11.866,5.548,-2.217,0.015,0.002,-0.008,-0.5042
1785822260.748,93.900,DONE,HOVER 90/90s,14,1,-11.864,5.547,-2.217,0.016,0.006,-0.007,-0.5041
1785822260.848,94.000,DONE,HOVER 90/90s,14,1,-11.862,5.547,-2.217,0.014,0.005,-0.008,-0.5040
1785822260.948,94.100,DONE,HOVER 90/90s,14,1,-11.860,5.545,-2.218,0.014,-0.001,-0.007,-0.5037
1785822261.048,94.200,DONE,HOVER 90/90s,14,1,-11.858,5.544,-2.218,0.012,-0.005,-0.007,-0.5035
1785822261.148,94.300,DONE,HOVER 90/90s,14,1,-11.857,5.543,-2.219,0.009,-0.011,-0.006,-0.5038
1785822261.248,94.400,DONE,HOVER 90/90s,14,1,-11.856,5.541,-2.219,0.005,-0.016,-0.007,-0.5042
1785822261.348,94.500,DONE,HOVER 90/90s,14,1,-11.855,5.540,-2.220,0.002,-0.016,-0.006,-0.5039
1785822261.448,94.600,DONE,HOVER 90/90s,14,1,-11.854,5.538,-2.220,0.000,-0.010,-0.003,-0.5039
1785822261.548,94.700,DONE,HOVER 90/90s,14,1,-11.853,5.538,-2.221,0.000,-0.004,-0.004,-0.5042
1785822261.648,94.800,DONE,HOVER 90/90s,14,1,-11.852,5.537,-2.221,0.000,0.003,-0.004,-0.5041
1785822261.748,94.900,DONE,HOVER 90/90s,14,1,-11.851,5.537,-2.222,0.002,0.008,-0.003,-0.5037
1785822261.848,95.000,DONE,HOVER 90/90s,14,1,-11.850,5.536,-2.223,-0.000,-0.004,-0.003,-0.5040
1785822261.948,95.100,DONE,HOVER 90/90s,14,1,-11.849,5.536,-2.224,-0.005,0.001,-0.003,-0.5039
1785822262.048,95.200,DONE,HOVER 90/90s,14,1,-11.849,5.536,-2.225,-0.007,0.007,-0.001,-0.5037
1785822262.148,95.300,DONE,HOVER 90/90s,14,1,-11.849,5.536,-2.226,-0.007,0.014,-0.001,-0.5037
1785822262.248,95.400,DONE,HOVER 90/90s,14,1,-11.849,5.536,-2.226,-0.008,0.006,-0.000,-0.5035
1785822262.348,95.500,DONE,HOVER 90/90s,14,1,-11.849,5.536,-2.226,-0.008,0.008,0.002,-0.5035
1785822262.448,95.600,DONE,HOVER 90/90s,14,1,-11.849,5.536,-2.227,-0.011,0.011,0.004,-0.5037
1785822262.548,95.700,DONE,HOVER 90/90s,14,1,-11.849,5.536,-2.227,-0.008,0.013,0.003,-0.5035
1785822262.648,95.800,DONE,HOVER 90/90s,14,1,-11.849,5.536,-2.227,-0.005,0.013,0.001,-0.5033
1785822262.748,95.900,DONE,HOVER 90/90s,14,1,-11.849,5.536,-2.228,-0.007,0.005,0.003,-0.5039
1785822262.848,96.000,DONE,HOVER 90/90s,14,1,-11.848,5.537,-2.229,-0.007,0.010,0.002,-0.5038
1785822262.948,96.100,DONE,HOVER 90/90s,14,1,-11.848,5.537,-2.229,-0.005,0.012,0.002,-0.5037
1785822263.048,96.200,DONE,HOVER 90/90s,14,1,-11.847,5.537,-2.230,-0.004,0.010,0.002,-0.5036
1785822263.148,96.300,DONE,HOVER 90/90s,14,1,-11.847,5.537,-2.230,-0.003,0.009,0.006,-0.5036
1785822263.248,96.400,DONE,HOVER 90/90s,14,1,-11.847,5.537,-2.230,-0.005,0.012,0.007,-0.5035
1785822263.348,96.500,DONE,HOVER 90/90s,14,1,-11.846,5.538,-2.230,-0.000,-0.002,0.007,-0.5037
1785822263.448,96.600,DONE,HOVER 90/90s,14,1,-11.845,5.538,-2.231,-0.001,-0.005,0.004,-0.5038
1785822263.548,96.700,DONE,HOVER 90/90s,14,1,-11.845,5.539,-2.231,-0.001,0.004,0.005,-0.5035
1785822263.648,96.800,DONE,HOVER 90/90s,14,1,-11.844,5.541,-2.231,-0.001,0.000,0.007,-0.5035
1785822263.748,96.900,DONE,HOVER 90/90s,14,1,-11.844,5.542,-2.231,-0.005,-0.003,0.009,-0.5036
1785822263.848,97.000,DONE,HOVER 90/90s,14,1,-11.845,5.544,-2.231,-0.010,-0.003,0.006,-0.5038
1785822263.948,97.100,DONE,HOVER 90/90s,14,1,-11.845,5.545,-2.231,-0.012,-0.000,0.007,-0.5036
1785822264.048,97.200,DONE,HOVER 90/90s,14,1,-11.845,5.546,-2.232,-0.006,-0.001,0.007,-0.5034
1785822264.148,97.300,DONE,HOVER 90/90s,14,1,-11.845,5.547,-2.232,-0.006,-0.005,0.006,-0.5037
1785822264.248,97.400,DONE,HOVER 90/90s,14,1,-11.845,5.548,-2.232,-0.007,-0.008,0.005,-0.5039
1785822264.348,97.500,DONE,HOVER 90/90s,14,1,-11.846,5.549,-2.233,-0.009,-0.005,0.007,-0.5038
1785822264.448,97.600,DONE,HOVER 90/90s,14,1,-11.847,5.549,-2.233,-0.010,-0.000,0.007,-0.5035
1785822264.548,97.700,DONE,HOVER 90/90s,14,1,-11.848,5.550,-2.233,-0.008,-0.005,0.008,-0.5035
1785822264.648,97.800,DONE,HOVER 90/90s,14,1,-11.849,5.551,-2.233,-0.008,-0.004,0.008,-0.5038
1785822264.748,97.900,DONE,HOVER 90/90s,14,1,-11.851,5.551,-2.233,-0.007,-0.003,0.008,-0.5037
1785822264.848,98.000,DONE,HOVER 90/90s,14,1,-11.853,5.551,-2.232,-0.008,-0.006,0.009,-0.5038
1785822264.948,98.100,DONE,HOVER 90/90s,14,1,-11.855,5.551,-2.231,-0.006,0.007,0.009,-0.5036
1785822265.048,98.200,DONE,HOVER 90/90s,14,1,-11.856,5.550,-2.230,-0.006,-0.004,0.004,-0.5043
1785822265.148,98.300,DONE,HOVER 90/90s,14,1,-11.858,5.549,-2.229,-0.007,0.007,0.005,-0.5039
1785822265.248,98.400,DONE,HOVER 90/90s,14,1,-11.860,5.548,-2.229,-0.008,-0.013,0.006,-0.5043
1785822265.348,98.500,DONE,HOVER 90/90s,14,1,-11.862,5.546,-2.227,-0.004,-0.005,0.005,-0.5042
1785822265.448,98.600,DONE,HOVER 90/90s,14,1,-11.863,5.544,-2.226,0.000,-0.010,0.005,-0.5043
1785822265.548,98.700,DONE,HOVER 90/90s,14,1,-11.864,5.542,-2.225,-0.003,-0.014,0.002,-0.5043
1785822265.648,98.800,DONE,HOVER 90/90s,14,1,-11.866,5.540,-2.224,-0.005,-0.014,0.004,-0.5046
1785822265.748,98.900,DONE,HOVER 90/90s,14,1,-11.867,5.539,-2.223,-0.005,-0.013,0.001,-0.5043
1785822265.848,99.000,DONE,HOVER 90/90s,14,1,-11.869,5.537,-2.223,-0.006,-0.006,0.000,-0.5039
1785822265.948,99.100,DONE,HOVER 90/90s,14,1,-11.870,5.536,-2.223,-0.003,-0.008,-0.002,-0.5039
1785822266.048,99.200,DONE,HOVER 90/90s,14,1,-11.871,5.535,-2.222,-0.001,-0.005,0.000,-0.5039
1785822266.148,99.300,DONE,HOVER 90/90s,14,1,-11.872,5.534,-2.221,0.002,0.000,-0.002,-0.5037
1785822266.248,99.400,DONE,HOVER 90/90s,14,1,-11.872,5.533,-2.221,0.003,0.007,-0.003,-0.5036
1785822266.348,99.500,DONE,HOVER 90/90s,14,1,-11.871,5.533,-2.221,0.007,0.012,-0.005,-0.5037
1785822266.448,99.600,DONE,HOVER 90/90s,14,1,-11.871,5.532,-2.220,0.011,0.014,-0.003,-0.5036
1785822266.548,99.700,DONE,HOVER 90/90s,14,1,-11.871,5.531,-2.220,0.011,0.014,-0.003,-0.5039
1785822266.648,99.800,DONE,HOVER 90/90s,14,1,-11.871,5.531,-2.220,0.011,0.010,-0.002,-0.5040
1785822266.748,99.900,DONE,HOVER 90/90s,14,1,-11.871,5.530,-2.219,0.007,0.015,-0.005,-0.5038
1785822266.848,100.000,DONE,HOVER 90/90s,14,1,-11.871,5.530,-2.219,0.013,0.004,-0.004,-0.5037
1785822266.948,100.100,DONE,HOVER 90/90s,14,1,-11.871,5.530,-2.220,0.011,0.004,-0.007,-0.5037
1785822267.048,100.200,DONE,HOVER 90/90s,14,1,-11.871,5.530,-2.220,0.009,0.002,-0.005,-0.5039
1785822267.148,100.300,DONE,HOVER 90/90s,14,1,-11.871,5.531,-2.222,0.010,0.002,-0.006,-0.5036
1785822267.248,100.400,DONE,HOVER 90/90s,14,1,-11.871,5.531,-2.222,0.005,0.008,-0.003,-0.5037
1785822267.348,100.500,DONE,HOVER 90/90s,14,1,-11.872,5.531,-2.224,0.008,0.002,-0.001,-0.5038
1785822267.448,100.600,DONE,HOVER 90/90s,14,1,-11.872,5.531,-2.225,0.008,0.000,-0.002,-0.5037
1785822267.548,100.700,DONE,HOVER 90/90s,14,1,-11.872,5.532,-2.226,0.009,0.002,-0.001,-0.5040
1785822267.648,100.800,DONE,HOVER 90/90s,14,1,-11.871,5.532,-2.227,0.011,0.005,0.000,-0.5040
1785822267.748,100.900,DONE,HOVER 90/90s,14,1,-11.870,5.534,-2.228,0.014,0.000,0.002,-0.5040
1785822267.848,101.000,DONE,HOVER 90/90s,14,1,-11.869,5.535,-2.229,0.011,0.004,0.001,-0.5039
1785822267.948,101.100,DONE,HOVER 90/90s,14,1,-11.868,5.536,-2.230,0.009,0.009,0.003,-0.5040
1785822268.048,101.200,DONE,HOVER 90/90s,14,1,-11.867,5.538,-2.230,0.009,0.015,0.004,-0.5036
1785822268.148,101.300,DONE,HOVER 90/90s,14,1,-11.865,5.541,-2.231,0.011,0.002,0.003,-0.5036
1785822268.248,101.400,DONE,HOVER 90/90s,14,1,-11.864,5.543,-2.231,0.011,0.004,0.005,-0.5039
1785822268.348,101.500,DONE,HOVER 90/90s,14,1,-11.862,5.546,-2.232,0.012,0.003,0.007,-0.5038
1785822268.448,101.600,DONE,HOVER 90/90s,14,1,-11.861,5.549,-2.232,0.009,0.002,0.008,-0.5037
1785822268.548,101.700,DONE,HOVER 90/90s,14,1,-11.859,5.552,-2.232,0.013,0.013,0.007,-0.5033
1785822268.648,101.800,DONE,HOVER 90/90s,14,1,-11.858,5.555,-2.232,0.008,0.012,0.008,-0.5035
1785822268.748,101.900,DONE,HOVER 90/90s,14,1,-11.856,5.558,-2.232,0.007,0.012,0.008,-0.5037
1785822268.848,102.000,DONE,HOVER 90/90s,14,1,-11.854,5.561,-2.233,0.007,0.014,0.007,-0.5037
1785822268.948,102.100,DONE,HOVER 90/90s,14,1,-11.853,5.563,-2.233,0.008,0.016,0.009,-0.5036
1785822269.048,102.200,DONE,HOVER 90/90s,14,1,-11.851,5.565,-2.233,0.010,0.013,0.009,-0.5034
1785822269.148,102.300,DONE,HOVER 90/90s,14,1,-11.849,5.567,-2.233,0.005,0.003,0.009,-0.5038
1785822269.248,102.400,DONE,HOVER 90/90s,14,1,-11.847,5.568,-2.234,0.004,0.003,0.007,-0.5037
1785822269.348,102.500,DONE,HOVER 90/90s,14,1,-11.846,5.569,-2.234,0.004,-0.011,0.007,-0.5037
1785822269.448,102.600,DONE,HOVER 90/90s,14,1,-11.845,5.569,-2.234,0.001,-0.018,0.007,-0.5041
1785822269.548,102.700,DONE,HOVER 90/90s,14,1,-11.845,5.569,-2.234,-0.003,-0.019,0.009,-0.5040
1785822269.648,102.800,DONE,HOVER 90/90s,14,1,-11.844,5.569,-2.233,-0.003,-0.018,0.009,-0.5040
1785822269.748,102.900,DONE,HOVER 90/90s,14,1,-11.843,5.570,-2.233,-0.005,-0.014,0.010,-0.5037
1785822269.848,103.000,DONE,HOVER 90/90s,14,1,-11.843,5.570,-2.233,-0.007,-0.012,0.008,-0.5036
1785822269.948,103.100,DONE,HOVER 90/90s,14,1,-11.842,5.569,-2.233,-0.009,-0.010,0.010,-0.5037
1785822270.048,103.200,DONE,HOVER 90/90s,14,1,-11.842,5.569,-2.233,-0.010,-0.008,0.009,-0.5034
1785822270.148,103.300,DONE,HOVER 90/90s,14,1,-11.842,5.568,-2.233,-0.011,-0.023,0.008,-0.5040
1785822270.248,103.400,DONE,HOVER 90/90s,14,1,-11.842,5.568,-2.233,-0.010,-0.021,0.007,-0.5040
1785822270.348,103.500,DONE,HOVER 90/90s,14,1,-11.841,5.567,-2.233,-0.011,-0.013,0.008,-0.5042
1785822270.448,103.600,DONE,HOVER 90/90s,14,1,-11.841,5.567,-2.232,-0.010,-0.010,0.007,-0.5037
1785822270.548,103.700,DONE,HOVER 90/90s,14,1,-11.841,5.567,-2.232,-0.007,-0.010,0.010,-0.5032
1785822270.648,103.800,DONE,HOVER 90/90s,14,1,-11.840,5.566,-2.231,-0.008,-0.011,0.007,-0.5035
1785822270.748,103.900,DONE,HOVER 90/90s,14,1,-11.840,5.566,-2.229,-0.008,-0.006,0.007,-0.5037
1785822270.848,104.000,DONE,HOVER 90/90s,14,1,-11.840,5.567,-2.229,-0.009,-0.004,0.007,-0.5034
1785822270.948,104.100,DONE,HOVER 90/90s,14,1,-11.840,5.567,-2.228,-0.008,-0.006,0.005,-0.5031
1785822271.048,104.200,DONE,HOVER 90/90s,14,1,-11.840,5.568,-2.227,-0.012,-0.020,0.005,-0.5032
1785822271.148,104.300,DONE,HOVER 90/90s,14,1,-11.841,5.568,-2.226,-0.012,-0.018,0.002,-0.5034
1785822271.248,104.400,DONE,HOVER 90/90s,14,1,-11.842,5.568,-2.226,-0.014,-0.018,-0.000,-0.5040
1785822271.348,104.500,DONE,HOVER 90/90s,14,1,-11.843,5.568,-2.226,-0.013,-0.016,0.002,-0.5040
1785822271.448,104.600,DONE,HOVER 90/90s,14,1,-11.844,5.566,-2.226,-0.011,-0.024,-0.000,-0.5037
1785822271.548,104.700,DONE,HOVER 90/90s,14,1,-11.845,5.565,-2.226,-0.011,-0.022,0.002,-0.5035
1785822271.648,104.800,DONE,HOVER 90/90s,14,1,-11.845,5.563,-2.225,-0.010,-0.011,0.003,-0.5036
1785822271.748,104.900,DONE,HOVER 90/90s,14,1,-11.846,5.562,-2.225,-0.008,-0.029,0.003,-0.5039
1785822271.848,105.000,DONE,HOVER 90/90s,14,1,-11.847,5.560,-2.225,-0.011,-0.025,-0.000,-0.5037
1785822271.948,105.100,DONE,HOVER 90/90s,14,1,-11.849,5.558,-2.225,-0.005,-0.021,-0.000,-0.5035
1785822272.048,105.200,DONE,HOVER 90/90s,14,1,-11.850,5.556,-2.224,-0.007,-0.026,0.001,-0.5039
1785822272.149,105.300,DONE,HOVER 90/90s,14,1,-11.852,5.554,-2.224,-0.009,-0.027,-0.001,-0.5046
1785822272.248,105.400,DONE,HOVER 90/90s,14,1,-11.853,5.552,-2.223,-0.008,-0.025,-0.001,-0.5043
1785822272.348,105.500,DONE,HOVER 90/90s,14,1,-11.855,5.550,-2.223,-0.009,-0.019,-0.003,-0.5040
1785822272.448,105.600,DONE,HOVER 90/90s,14,1,-11.856,5.549,-2.223,-0.008,-0.023,-0.002,-0.5038
1785822272.548,105.700,DONE,HOVER 90/90s,14,1,-11.858,5.547,-2.223,-0.007,-0.018,-0.003,-0.5039
1785822272.648,105.800,DONE,HOVER 90/90s,14,1,-11.859,5.546,-2.222,-0.008,-0.014,-0.000,-0.5038
1785822272.748,105.900,DONE,HOVER 90/90s,14,1,-11.859,5.545,-2.222,-0.001,-0.016,-0.001,-0.5039
1785822272.848,106.000,DONE,HOVER 90/90s,14,1,-11.860,5.545,-2.221,0.000,-0.014,-0.000,-0.5038
1785822272.948,106.100,DONE,HOVER 90/90s,14,1,-11.860,5.544,-2.221,-0.002,-0.012,-0.005,-0.5039
1785822273.048,106.200,DONE,HOVER 90/90s,14,1,-11.860,5.544,-2.221,-0.002,-0.007,-0.004,-0.5037
1785822273.148,106.300,DONE,HOVER 90/90s,14,1,-11.860,5.544,-2.220,-0.000,-0.000,-0.004,-0.5037
1785822273.248,106.400,DONE,HOVER 90/90s,14,1,-11.860,5.544,-2.221,0.002,0.005,-0.004,-0.5039
1785822273.348,106.500,DONE,HOVER 90/90s,14,1,-11.859,5.543,-2.221,0.003,0.008,-0.004,-0.5040
1785822273.448,106.600,DONE,HOVER 90/90s,14,1,-11.859,5.543,-2.222,0.005,0.009,-0.005,-0.5036
1785822273.548,106.700,DONE,HOVER 90/90s,14,1,-11.860,5.543,-2.223,0.003,0.008,-0.004,-0.5033
1785822273.648,106.800,DONE,HOVER 90/90s,14,1,-11.860,5.543,-2.223,0.003,0.004,-0.005,-0.5033
1785822273.748,106.900,DONE,HOVER 90/90s,14,1,-11.861,5.543,-2.224,0.001,-0.002,-0.003,-0.5035
1785822273.848,107.000,DONE,HOVER 90/90s,14,1,-11.861,5.543,-2.225,0.001,-0.008,-0.001,-0.5036
1785822273.948,107.100,DONE,HOVER 90/90s,14,1,-11.862,5.543,-2.225,0.002,-0.010,-0.001,-0.5040
1785822274.048,107.200,DONE,HOVER 90/90s,14,1,-11.862,5.543,-2.225,0.001,0.008,-0.001,-0.5036
1785822274.148,107.300,DONE,HOVER 90/90s,14,1,-11.861,5.543,-2.226,0.003,0.009,-0.001,-0.5035
1785822274.248,107.400,DONE,HOVER 90/90s,14,1,-11.861,5.543,-2.226,0.004,0.005,0.000,-0.5034
1785822274.348,107.500,DONE,HOVER 90/90s,14,1,-11.860,5.544,-2.227,0.003,0.005,0.001,-0.5037
1785822274.448,107.600,DONE,HOVER 90/90s,14,1,-11.859,5.543,-2.227,0.009,-0.008,0.002,-0.5038
1785822274.548,107.700,DONE,HOVER 90/90s,14,1,-11.857,5.543,-2.227,0.009,-0.010,0.003,-0.5040
1785822274.648,107.800,DONE,HOVER 90/90s,14,1,-11.855,5.544,-2.227,0.008,-0.007,0.002,-0.5039
1785822274.748,107.900,DONE,HOVER 90/90s,14,1,-11.853,5.544,-2.228,0.006,-0.009,0.002,-0.5041
1785822274.848,108.000,DONE,HOVER 90/90s,14,1,-11.852,5.545,-2.229,0.003,-0.006,0.005,-0.5039
1785822274.948,108.100,DONE,HOVER 90/90s,14,1,-11.850,5.545,-2.229,0.001,-0.003,0.004,-0.5038
1785822275.048,108.200,DONE,HOVER 90/90s,14,1,-11.849,5.546,-2.228,-0.000,0.003,0.004,-0.5039
1785822275.148,108.300,DONE,HOVER 90/90s,14,1,-11.847,5.547,-2.228,0.000,0.010,0.003,-0.5035
1785822275.248,108.400,DONE,HOVER 90/90s,14,1,-11.846,5.549,-2.228,0.002,0.016,0.002,-0.5033
1785822275.348,108.500,DONE,HOVER 90/90s,14,1,-11.845,5.550,-2.228,0.002,-0.001,0.003,-0.5035
1785822275.448,108.600,DONE,HOVER 90/90s,14,1,-11.844,5.550,-2.228,-0.000,-0.006,0.003,-0.5036
1785822275.548,108.700,DONE,HOVER 90/90s,14,1,-11.844,5.551,-2.228,-0.005,-0.008,0.005,-0.5036
1785822275.648,108.800,DONE,HOVER 90/90s,14,1,-11.845,5.550,-2.228,-0.009,-0.007,0.003,-0.5037
1785822275.749,108.900,DONE,HOVER 90/90s,14,1,-11.845,5.550,-2.227,-0.007,0.001,0.004,-0.5033
1785822275.848,109.000,DONE,HOVER 90/90s,14,1,-11.846,5.549,-2.226,-0.012,-0.001,0.004,-0.5035
1785822275.948,109.100,DONE,HOVER 90/90s,14,1,-11.846,5.549,-2.225,-0.010,0.001,0.004,-0.5034
1785822276.048,109.200,DONE,HOVER 90/90s,14,1,-11.846,5.548,-2.224,-0.008,-0.000,0.001,-0.5036
1785822276.148,109.300,DONE,HOVER 90/90s,14,1,-11.846,5.547,-2.223,-0.009,-0.002,-0.001,-0.5036
1785822276.248,109.400,DONE,HOVER 90/90s,14,1,-11.846,5.547,-2.222,-0.007,-0.004,-0.001,-0.5036
1785822276.348,109.500,DONE,HOVER 90/90s,14,1,-11.846,5.547,-2.222,-0.008,0.006,-0.001,-0.5032
1785822276.448,109.600,DONE,HOVER 90/90s,14,1,-11.845,5.547,-2.221,-0.007,-0.009,-0.002,-0.5037
1785822276.548,109.700,DONE,HOVER 90/90s,14,1,-11.845,5.547,-2.221,-0.008,-0.012,-0.004,-0.5038
1785822276.648,109.800,DONE,HOVER 90/90s,14,1,-11.844,5.547,-2.220,-0.007,-0.012,-0.004,-0.5038
1785822276.748,109.900,DONE,HOVER 90/90s,14,1,-11.843,5.547,-2.220,-0.010,-0.007,-0.004,-0.5038
1785822276.848,110.000,DONE,HOVER 90/90s,14,1,-11.842,5.547,-2.220,-0.008,-0.011,-0.004,-0.5037
1785822276.948,110.100,DONE,HOVER 90/90s,14,1,-11.842,5.547,-2.220,-0.011,0.004,-0.005,-0.5036
1785822277.048,110.200,DONE,HOVER 90/90s,14,1,-11.842,5.547,-2.220,-0.011,0.008,-0.006,-0.5032
1785822277.148,110.300,DONE,HOVER 90/90s,14,1,-11.841,5.546,-2.220,-0.011,0.005,-0.006,-0.5032
1785822277.248,110.400,DONE,HOVER 90/90s,14,1,-11.841,5.546,-2.220,-0.007,0.003,-0.003,-0.5037
1785822277.348,110.500,DONE,HOVER 90/90s,14,1,-11.840,5.545,-2.220,-0.004,-0.003,-0.003,-0.5037
1785822277.448,110.600,DONE,HOVER 90/90s,14,1,-11.840,5.544,-2.220,-0.004,-0.007,-0.003,-0.5043
1785822277.548,110.700,DONE,HOVER 90/90s,14,1,-11.839,5.543,-2.220,-0.005,-0.009,-0.004,-0.5041
1785822277.648,110.800,DONE,HOVER 90/90s,14,1,-11.839,5.544,-2.221,-0.007,-0.007,-0.006,-0.5041
1785822277.748,110.900,DONE,HOVER 90/90s,14,1,-11.839,5.544,-2.222,-0.010,-0.005,-0.002,-0.5038
1785822277.848,111.000,DONE,HOVER 90/90s,14,1,-11.839,5.544,-2.222,-0.011,-0.002,-0.004,-0.5036
1785822277.948,111.100,DONE,HOVER 90/90s,14,1,-11.840,5.544,-2.223,-0.013,0.003,-0.002,-0.5035
1785822278.048,111.200,DONE,HOVER 90/90s,14,1,-11.841,5.544,-2.224,-0.013,-0.007,-0.003,-0.5036
1785822278.148,111.300,DONE,HOVER 90/90s,14,1,-11.842,5.544,-2.224,-0.015,-0.005,-0.000,-0.5036
1785822278.248,111.400,DONE,HOVER 90/90s,14,1,-11.844,5.543,-2.225,-0.016,0.001,-0.001,-0.5035
1785822278.348,111.500,DONE,HOVER 90/90s,14,1,-11.846,5.543,-2.225,-0.015,0.006,-0.001,-0.5034
1785822278.448,111.600,DONE,HOVER 90/90s,14,1,-11.848,5.543,-2.225,-0.012,0.003,0.002,-0.5034
1785822278.548,111.700,DONE,HOVER 90/90s,14,1,-11.850,5.543,-2.225,-0.012,-0.001,0.001,-0.5033
1785822278.648,111.800,DONE,HOVER 90/90s,14,1,-11.851,5.543,-2.225,-0.012,-0.003,-0.001,-0.5031
1785822278.748,111.900,DONE,HOVER 90/90s,14,1,-11.853,5.543,-2.226,-0.013,-0.005,-0.000,-0.5034
1785822278.848,112.000,DONE,HOVER 90/90s,14,1,-11.854,5.543,-2.226,-0.012,-0.004,0.002,-0.5034
