t_wall,t_seq,state,stage,nav_state,armed,x,y,z,vx,vy,vz,heading
1785820348.691,0.000,WAIT,idle,-1,0,0.010,-0.005,0.005,0.007,-0.011,0.005,1.5452
1785820348.791,0.000,WAIT,idle,-1,0,0.010,-0.005,0.005,0.008,-0.011,0.006,1.5451
1785820348.891,0.000,WAIT,idle,-1,0,0.011,-0.004,0.006,0.006,-0.008,0.005,1.5452
1785820348.991,0.000,WAIT,idle,-1,0,0.011,-0.004,0.006,0.005,-0.006,0.004,1.5453
1785820349.091,0.000,WAIT,idle,-1,0,0.010,-0.003,0.006,0.003,-0.004,0.003,1.5457
1785820349.191,0.000,WAIT,idle,-1,0,0.010,-0.002,0.007,0.001,-0.004,0.002,1.5463
1785820349.291,0.000,WAIT,idle,-1,0,0.009,-0.002,0.006,-0.001,-0.005,0.002,1.5465
1785820349.391,0.000,WAIT,idle,-1,0,0.008,-0.001,0.006,0.002,-0.002,0.003,1.5462
1785820349.491,0.000,WAIT,idle,-1,0,0.008,-0.000,0.005,0.000,0.001,0.002,1.5460
1785820349.591,0.000,WAIT,idle,-1,0,0.008,0.001,0.005,-0.000,0.003,0.001,1.5462
1785820349.691,0.000,WAIT,idle,-1,0,0.008,0.001,0.004,0.001,0.004,-0.001,1.5463
1785820349.791,0.000,WAIT,idle,-1,0,0.008,0.002,0.004,0.004,0.005,-0.000,1.5461
1785820349.891,0.000,WAIT,idle,-1,0,0.008,0.002,0.004,0.005,0.005,-0.000,1.5460
1785820349.991,0.000,WAIT,idle,-1,0,0.008,0.002,0.003,0.004,0.004,-0.003,1.5460
1785820350.091,0.000,WAIT,idle,-1,0,0.008,0.003,0.003,0.007,0.003,-0.004,1.5462
1785820350.191,0.000,WAIT,idle,-1,0,0.008,0.002,0.002,0.007,0.001,-0.007,1.5464
1785820350.291,0.000,WAIT,idle,-1,0,0.008,0.002,0.000,0.008,0.001,-0.008,1.5463
1785820350.391,0.000,WAIT,idle,-1,0,0.008,0.002,-0.001,0.009,0.004,-0.011,1.5463
1785820350.491,0.000,WAIT,idle,-1,0,0.008,0.002,-0.002,0.008,0.004,-0.010,1.5463
1785820350.591,0.000,WAIT,idle,-1,0,0.007,0.002,-0.003,0.003,0.002,-0.007,1.5465
1785820350.691,0.000,WAIT,idle,-1,0,0.007,0.002,-0.003,0.002,0.001,-0.006,1.5465
1785820350.791,0.000,WAIT,idle,-1,0,0.006,0.002,-0.003,0.002,0.002,-0.004,1.5464
1785820350.891,0.000,WAIT,idle,-1,0,0.005,0.002,-0.003,-0.002,0.003,-0.003,1.5465
1785820350.991,0.000,WAIT,idle,-1,0,0.004,0.002,-0.003,-0.005,0.002,-0.003,1.5467
1785820351.091,0.000,WAIT,idle,-1,0,0.003,0.002,-0.003,-0.008,0.002,-0.001,1.5469
1785820351.191,0.000,WAIT,idle,-1,0,0.002,0.003,-0.002,-0.008,0.004,0.000,1.5469
1785820351.291,0.000,WAIT,idle,-1,0,0.001,0.003,-0.002,-0.006,0.003,0.001,1.5469
1785820351.391,0.000,WAIT,idle,-1,0,0.001,0.003,-0.002,-0.004,0.003,0.001,1.5470
1785820351.491,0.000,WAIT,idle,-1,0,0.001,0.003,-0.001,-0.002,0.003,-0.001,1.5473
1785820351.591,0.000,WAIT,idle,-1,0,0.002,0.003,-0.001,-0.002,0.004,-0.001,1.5474
1785820351.691,0.000,WAIT,idle,-1,0,0.002,0.003,-0.000,-0.001,0.002,0.001,1.5476
1785820351.791,0.000,WAIT,idle,-1,0,0.003,0.003,0.001,0.001,0.001,0.002,1.5476
1785820351.891,0.000,WAIT,idle,-1,0,0.004,0.003,0.001,0.002,0.001,0.001,1.5477
1785820351.991,0.000,WAIT,idle,-1,0,0.004,0.002,0.002,0.003,-0.002,0.001,1.5480
1785820352.091,0.000,WAIT,idle,-1,0,0.005,0.001,0.002,0.002,-0.004,0.003,1.5482
1785820352.191,0.000,WAIT,idle,-1,0,0.005,0.001,0.003,0.003,-0.002,0.006,1.5482
1785820352.291,0.000,WAIT,idle,-1,0,0.005,0.000,0.003,0.002,-0.003,0.005,1.5484
1785820352.391,0.000,WAIT,idle,-1,0,0.005,0.000,0.004,0.000,-0.003,0.008,1.5486
1785820352.491,0.000,WAIT,idle,-1,0,0.005,-0.000,0.006,0.001,-0.001,0.010,1.5486
1785820352.591,0.000,WAIT,idle,-1,0,0.005,-0.000,0.007,-0.001,-0.001,0.008,1.5487
1785820352.691,0.000,WAIT,idle,-1,0,0.005,0.000,0.008,-0.002,0.001,0.010,1.5486
1785820352.791,0.000,WAIT,idle,-1,0,0.004,0.000,0.009,-0.001,0.001,0.010,1.5486
1785820352.891,0.000,WAIT,idle,-1,0,0.004,0.001,0.009,-0.003,0.001,0.010,1.5486
1785820352.991,0.000,WAIT,idle,-1,0,0.004,0.001,0.009,-0.003,0.004,0.011,1.5486
1785820353.091,0.000,WAIT,idle,-1,0,0.003,0.001,0.009,-0.003,0.004,0.010,1.5487
1785820353.191,0.000,WAIT,idle,-1,0,0.003,0.001,0.009,-0.000,0.004,0.010,1.5487
1785820353.291,0.000,WAIT,idle,-1,0,0.004,0.002,0.009,-0.000,0.004,0.009,1.5487
1785820353.391,0.000,WAIT,idle,-1,0,0.004,0.001,0.008,0.002,0.002,0.009,1.5487
1785820353.491,0.000,WAIT,idle,-1,0,0.005,0.001,0.008,0.001,0.001,0.008,1.5487
1785820353.591,0.000,WAIT,idle,-1,0,0.005,0.001,0.007,0.001,0.001,0.010,1.5486
1785820353.691,0.000,WAIT,idle,-1,0,0.005,0.001,0.007,-0.001,0.001,0.008,1.5482
1785820353.791,0.000,WAIT,idle,-1,0,0.006,0.000,0.007,-0.001,0.001,0.010,1.5482
1785820353.891,0.000,WAIT,idle,-1,0,0.005,0.000,0.007,-0.003,-0.001,0.008,1.5483
1785820353.991,0.000,WAIT,idle,-1,0,0.005,-0.000,0.007,-0.000,-0.001,0.007,1.5481
1785820354.091,0.000,WAIT,idle,-1,0,0.005,-0.000,0.006,-0.000,-0.000,0.005,1.5478
1785820354.191,0.000,WAIT,idle,-1,0,0.006,-0.000,0.006,0.001,0.002,0.006,1.5478
1785820354.291,0.000,WAIT,idle,-1,0,0.006,-0.000,0.006,-0.000,0.001,0.009,1.5477
1785820354.391,0.000,WAIT,idle,-1,0,0.006,-0.000,0.006,0.000,-0.001,0.007,1.5478
1785820354.491,0.000,WAIT,idle,-1,0,0.007,-0.001,0.006,-0.003,-0.003,0.004,1.5478
1785820354.591,0.000,WAIT,idle,-1,0,0.006,-0.001,0.006,-0.002,-0.004,0.005,1.5479
1785820354.691,0.000,WAIT,idle,-1,0,0.006,-0.001,0.006,-0.001,-0.005,0.004,1.5478
1785820354.791,0.000,WAIT,idle,-1,0,0.006,-0.002,0.006,-0.001,-0.002,0.004,1.5477
1785820354.891,0.000,WAIT,idle,-1,0,0.007,-0.001,0.006,-0.001,-0.002,0.002,1.5476
1785820354.991,0.000,WAIT,idle,-1,0,0.007,-0.001,0.005,-0.000,-0.002,0.004,1.5478
1785820355.091,0.000,WAIT,idle,-1,0,0.007,-0.001,0.005,0.001,-0.003,0.001,1.5481
1785820355.191,0.000,WAIT,idle,-1,0,0.007,-0.001,0.004,0.004,-0.002,-0.001,1.5481
1785820355.291,0.000,WAIT,idle,-1,0,0.007,-0.001,0.004,0.005,-0.001,-0.002,1.5481
1785820355.391,0.000,WAIT,idle,-1,0,0.007,-0.000,0.004,0.007,0.000,-0.002,1.5484
1785820355.491,0.000,WAIT,idle,-1,0,0.008,0.000,0.004,0.009,0.001,-0.002,1.5482
1785820355.591,0.000,WAIT,idle,-1,0,0.008,0.001,0.004,0.013,0.003,-0.001,1.5481
1785820355.691,0.000,WAIT,idle,-1,0,0.009,0.001,0.003,0.014,0.005,-0.003,1.5486
1785820355.791,0.000,WAIT,idle,-1,0,0.009,0.002,0.003,0.010,0.009,-0.003,1.5485
1785820355.891,0.000,WAIT,idle,-1,0,0.009,0.003,0.003,0.008,0.007,-0.004,1.5486
1785820355.991,0.000,WAIT,idle,-1,0,0.008,0.003,0.003,0.006,0.005,-0.000,1.5488
1785820356.091,0.000,WAIT,idle,-1,0,0.008,0.003,0.003,0.009,0.003,0.001,1.5487
1785820356.191,0.000,WAIT,idle,-1,0,0.008,0.002,0.004,0.006,0.002,0.003,1.5487
1785820356.291,0.000,WAIT,idle,-1,0,0.007,0.002,0.004,0.005,-0.000,0.004,1.5488
1785820356.391,0.000,WAIT,idle,-1,0,0.007,0.001,0.004,0.003,-0.003,0.003,1.5489
1785820356.491,0.000,WAIT,idle,-1,0,0.006,0.000,0.004,0.004,-0.004,0.001,1.5491
1785820356.591,0.000,WAIT,idle,-1,0,0.006,0.000,0.004,0.004,-0.004,0.001,1.5489
1785820356.691,0.000,WAIT,idle,-1,0,0.006,0.000,0.003,0.003,-0.006,-0.002,1.5485
1785820356.791,0.000,WAIT,idle,-1,0,0.005,-0.000,0.003,0.001,-0.006,-0.003,1.5486
1785820356.891,0.000,WAIT,idle,-1,0,0.005,-0.001,0.003,0.002,-0.005,0.001,1.5488
1785820356.991,0.000,WAIT,idle,-1,0,0.005,-0.001,0.003,0.001,-0.005,0.001,1.5492
1785820357.091,0.000,WAIT,idle,-1,0,0.004,-0.001,0.003,0.001,-0.004,0.003,1.5491
1785820357.191,0.000,WAIT,idle,-1,0,0.004,-0.001,0.003,-0.001,-0.003,0.004,1.5491
1785820357.291,0.000,WAIT,idle,-1,0,0.003,-0.001,0.004,-0.001,-0.002,0.005,1.5491
1785820357.391,0.000,WAIT,idle,-1,0,0.003,-0.000,0.005,0.000,-0.003,0.006,1.5490
1785820357.491,0.000,WAIT,idle,-1,0,0.003,-0.000,0.005,0.002,-0.004,0.004,1.5490
1785820357.591,0.000,WAIT,idle,-1,0,0.004,-0.000,0.005,0.003,-0.002,0.004,1.5490
1785820357.691,0.000,WAIT,idle,-1,0,0.004,-0.000,0.006,0.005,-0.003,0.003,1.5491
1785820357.791,0.000,WAIT,idle,-1,0,0.005,-0.000,0.006,0.006,-0.005,0.005,1.5492
1785820357.891,0.000,WAIT,idle,-1,0,0.006,-0.001,0.006,0.008,-0.004,0.004,1.5491
1785820357.991,0.000,WAIT,idle,-1,0,0.007,-0.001,0.006,0.006,-0.004,0.004,1.5492
1785820358.091,0.000,WAIT,idle,-1,0,0.008,-0.001,0.006,0.007,-0.003,0.005,1.5491
1785820358.191,0.000,WAIT,idle,-1,0,0.008,-0.001,0.007,0.008,-0.003,0.007,1.5489
1785820358.291,0.000,WAIT,idle,-1,0,0.008,-0.001,0.007,0.009,-0.006,0.007,1.5486
1785820358.391,0.000,WAIT,idle,-1,0,0.008,-0.001,0.008,0.011,-0.008,0.005,1.5484
1785820358.491,0.000,WAIT,idle,-1,0,0.009,-0.002,0.008,0.010,-0.011,0.006,1.5485
1785820358.591,0.000,WAIT,idle,-1,0,0.009,-0.003,0.009,0.012,-0.011,0.007,1.5487
1785820358.691,0.000,WAIT,idle,-1,0,0.010,-0.003,0.009,0.012,-0.011,0.007,1.5485
1785820358.791,0.000,WAIT,idle,-1,0,0.010,-0.003,0.010,0.010,-0.010,0.007,1.5484
1785820358.891,0.000,WAIT,idle,-1,0,0.009,-0.003,0.010,0.008,-0.008,0.005,1.5485
1785820358.991,0.000,WAIT,idle,-1,0,0.009,-0.003,0.009,0.007,-0.006,0.004,1.5483
1785820359.091,0.000,WAIT,idle,-1,0,0.008,-0.002,0.009,0.007,-0.007,0.003,1.5484
1785820359.191,0.000,WAIT,idle,-1,0,0.008,-0.002,0.009,0.008,-0.007,0.003,1.5481
1785820359.291,0.000,WAIT,idle,-1,0,0.007,-0.002,0.009,0.009,-0.009,0.003,1.5481
1785820359.391,0.000,WAIT,idle,-1,0,0.007,-0.003,0.009,0.008,-0.009,0.003,1.5480
1785820359.491,0.000,WAIT,idle,-1,0,0.007,-0.003,0.009,0.006,-0.006,0.002,1.5480
1785820359.591,0.000,WAIT,idle,-1,0,0.006,-0.002,0.009,0.007,-0.002,0.003,1.5481
1785820359.691,0.000,WAIT,idle,-1,0,0.007,-0.001,0.009,0.006,-0.002,0.003,1.5482
1785820359.791,0.000,WAIT,idle,-1,0,0.007,-0.001,0.009,0.005,-0.005,0.003,1.5484
1785820359.891,0.000,WAIT,idle,-1,0,0.007,-0.001,0.009,0.005,-0.003,0.002,1.5485
1785820359.991,0.000,WAIT,idle,-1,0,0.007,-0.001,0.009,0.008,-0.002,0.003,1.5486
1785820360.091,0.000,WAIT,idle,-1,0,0.008,-0.000,0.009,0.011,0.002,0.004,1.5485
1785820360.191,0.000,WAIT,idle,-1,0,0.008,0.000,0.008,0.010,0.005,0.004,1.5484
1785820360.291,0.000,WAIT,idle,-1,0,0.009,0.001,0.008,0.009,0.006,0.005,1.5483
1785820360.391,0.000,WAIT,idle,-1,0,0.009,0.002,0.007,0.009,0.008,0.003,1.5482
1785820360.491,0.000,WAIT,idle,-1,0,0.010,0.003,0.007,0.010,0.008,0.001,1.5483
1785820360.591,0.000,WAIT,idle,-1,0,0.010,0.003,0.006,0.010,0.006,0.000,1.5486
1785820360.691,0.000,WAIT,idle,-1,0,0.010,0.003,0.006,0.008,0.004,-0.001,1.5490
1785820360.791,0.000,WAIT,idle,-1,0,0.010,0.003,0.005,0.008,0.003,-0.001,1.5491
1785820360.891,0.000,WAIT,idle,-1,0,0.010,0.002,0.005,0.005,-0.001,0.001,1.5494
1785820360.991,0.000,WAIT,idle,-1,0,0.010,0.001,0.006,0.004,-0.000,0.004,1.5497
1785820361.091,0.000,WAIT,idle,-1,0,0.009,0.001,0.006,0.001,-0.003,0.004,1.5501
1785820361.191,0.000,WAIT,idle,-1,0,0.008,0.000,0.006,-0.000,-0.004,0.006,1.5501
1785820361.291,0.000,WAIT,idle,-1,0,0.007,-0.000,0.007,-0.002,-0.004,0.006,1.5501
1785820361.702,0.000,WAIT,idle,-1,0,0.006,-0.001,0.007,-0.004,-0.004,0.005,1.5497
1785820361.702,0.000,WAIT,idle,-1,0,0.006,-0.001,0.007,-0.004,-0.004,0.005,1.5497
1785820361.791,0.000,WAIT,idle,-1,0,0.006,-0.000,0.007,-0.000,0.004,0.009,1.5496
1785820361.891,0.000,WAIT,idle,-1,0,0.006,0.001,0.008,0.000,0.006,0.010,1.5491
1785820361.991,0.000,WAIT,idle,-1,0,0.007,0.001,0.008,0.000,0.006,0.008,1.5489
1785820362.091,0.000,WAIT,idle,-1,0,0.007,0.002,0.008,0.001,0.006,0.008,1.5489
1785820362.191,0.000,WAIT,idle,-1,0,0.006,0.002,0.007,0.001,0.007,0.009,1.5491
1785820362.291,0.000,WAIT,idle,-1,0,0.007,0.003,0.007,0.004,0.007,0.010,1.5495
1785820362.391,0.000,WAIT,idle,-1,0,0.007,0.003,0.008,0.002,0.006,0.011,1.5496
1785820362.491,0.000,WAIT,idle,-1,0,0.007,0.003,0.008,-0.000,0.006,0.011,1.5493
1785820362.591,0.000,WAIT,idle,-1,0,0.006,0.003,0.009,-0.002,0.006,0.010,1.5490
1785820362.691,0.000,WAIT,idle,-1,0,0.006,0.003,0.009,-0.003,0.009,0.010,1.5491
1785820362.791,0.000,WAIT,idle,-1,0,0.006,0.004,0.010,-0.001,0.009,0.009,1.5492
1785820362.891,0.000,WAIT,idle,-1,0,0.005,0.004,0.010,-0.002,0.008,0.009,1.5494
1785820362.991,0.000,WAIT,idle,-1,0,0.005,0.004,0.010,-0.004,0.007,0.007,1.5494
1785820363.091,0.000,WAIT,idle,-1,0,0.004,0.004,0.010,-0.005,0.006,0.008,1.5495
1785820363.191,0.000,WAIT,idle,-1,0,0.003,0.003,0.010,-0.005,0.005,0.006,1.5499
1785820363.291,0.000,WAIT,idle,-1,0,0.003,0.003,0.010,-0.005,0.005,0.007,1.5500
1785820363.391,0.000,WAIT,idle,-1,0,0.002,0.003,0.009,-0.007,0.005,0.006,1.5499
1785820363.491,0.000,WAIT,idle,-1,0,0.002,0.003,0.009,-0.007,0.005,0.005,1.5499
1785820363.591,0.000,WAIT,idle,-1,0,0.001,0.003,0.009,-0.006,0.005,0.006,1.5499
1785820363.691,0.000,WAIT,idle,-1,0,0.001,0.003,0.009,-0.005,0.005,0.004,1.5501
1785820363.791,0.000,WAIT,idle,-1,0,0.001,0.002,0.008,-0.006,0.005,0.005,1.5503
1785820363.891,0.000,WAIT,idle,-1,0,0.001,0.002,0.008,-0.004,0.005,0.003,1.5504
1785820363.991,0.000,WAIT,idle,-1,0,0.001,0.002,0.007,-0.005,0.006,0.002,1.5504
1785820364.091,0.000,WAIT,idle,-1,0,0.001,0.002,0.007,-0.005,0.007,0.001,1.5503
1785820364.191,0.000,WAIT,idle,-1,0,0.001,0.002,0.006,-0.005,0.006,0.003,1.5502
1785820364.291,0.000,WAIT,idle,-1,0,0.001,0.002,0.006,-0.006,0.007,0.003,1.5504
1785820364.391,0.000,WAIT,idle,-1,0,0.001,0.002,0.006,-0.006,0.008,0.003,1.5505
1785820364.491,0.000,WAIT,idle,-1,0,0.001,0.002,0.006,-0.005,0.009,0.002,1.5505
1785820364.591,0.000,WAIT,idle,-1,0,0.001,0.002,0.005,-0.005,0.008,0.002,1.5504
1785820364.691,0.000,WAIT,idle,-1,0,0.001,0.002,0.005,-0.004,0.007,0.003,1.5505
1785820364.791,0.000,WAIT,idle,-1,0,0.001,0.002,0.005,-0.001,0.007,0.002,1.5503
1785820364.891,0.000,WAIT,idle,-1,0,0.002,0.002,0.005,-0.002,0.005,0.003,1.5504
1785820364.991,0.000,WAIT,idle,-1,0,0.002,0.002,0.005,-0.003,0.006,0.002,1.5505
1785820365.091,0.000,WAIT,idle,-1,0,0.002,0.001,0.005,-0.003,0.004,0.004,1.5509
1785820365.191,0.000,WAIT,idle,-1,0,0.002,0.001,0.005,-0.006,0.004,0.004,1.5510
1785820365.291,0.000,WAIT,idle,-1,0,0.002,0.001,0.005,-0.005,0.003,0.005,1.5511
1785820365.391,0.000,WAIT,idle,-1,0,0.002,0.001,0.006,-0.003,0.001,0.004,1.5512
1785820365.491,0.000,WAIT,idle,-1,0,0.002,0.000,0.006,-0.005,-0.000,0.002,1.5513
1785820365.591,0.000,WAIT,idle,-1,0,0.002,-0.000,0.006,-0.004,0.000,0.001,1.5515
1785820365.691,0.000,WAIT,idle,-1,0,0.002,-0.001,0.006,-0.005,-0.001,0.001,1.5518
1785820365.791,0.000,WAIT,idle,-1,0,0.001,-0.001,0.006,-0.008,-0.000,-0.000,1.5520
1785820365.891,0.000,WAIT,idle,-1,0,0.001,-0.001,0.006,-0.008,0.001,0.000,1.5521
1785820365.991,0.000,WAIT,idle,-1,0,0.000,-0.001,0.006,-0.007,0.000,-0.000,1.5522
1785820366.091,0.000,WAIT,idle,-1,0,0.000,-0.001,0.006,-0.007,0.000,-0.003,1.5521
1785820366.191,0.000,WAIT,idle,-1,0,0.000,-0.000,0.006,-0.007,0.001,-0.002,1.5520
1785820366.291,0.000,WAIT,idle,-1,0,0.000,-0.000,0.006,-0.006,0.000,-0.003,1.5520
1785820366.391,0.000,WAIT,idle,-1,0,0.000,-0.000,0.006,-0.007,0.000,-0.001,1.5521
1785820366.491,0.000,WAIT,idle,-1,0,-0.000,-0.000,0.006,-0.006,0.001,-0.004,1.5521
1785820366.591,0.000,WAIT,idle,-1,0,-0.000,0.000,0.006,-0.005,0.001,-0.002,1.5521
1785820366.691,0.000,WAIT,idle,-1,0,-0.000,0.000,0.006,-0.004,-0.001,-0.003,1.5521
1785820366.791,0.000,WAIT,idle,-1,0,0.000,0.000,0.006,-0.004,-0.001,-0.004,1.5522
1785820366.891,0.000,WAIT,idle,-1,0,0.000,0.000,0.006,-0.004,-0.001,-0.005,1.5522
1785820366.991,0.000,WAIT,idle,-1,0,0.000,0.000,0.005,-0.005,-0.001,-0.005,1.5523
1785820367.091,0.000,WAIT,idle,-1,0,0.000,0.000,0.005,-0.004,-0.002,-0.005,1.5524
1785820367.191,0.000,WAIT,idle,-1,0,0.000,0.001,0.004,-0.005,-0.002,-0.005,1.5523
1785820367.291,0.000,WAIT,idle,-1,0,0.000,0.001,0.004,-0.006,-0.001,-0.005,1.5522
1785820367.391,0.000,WAIT,idle,-1,0,0.000,0.001,0.003,-0.005,-0.004,-0.005,1.5520
1785820367.491,0.000,WAIT,idle,-1,0,0.000,0.001,0.003,-0.007,-0.004,-0.004,1.5517
1785820367.591,0.000,WAIT,idle,-1,0,0.000,0.001,0.003,-0.007,-0.005,-0.003,1.5516
1785820367.691,0.000,WAIT,idle,-1,0,0.000,0.000,0.003,-0.006,-0.007,-0.003,1.5515
1785820367.791,0.000,WAIT,idle,-1,0,0.000,-0.000,0.003,-0.005,-0.007,-0.001,1.5516
1785820367.891,0.000,WAIT,idle,-1,0,0.000,-0.001,0.003,-0.007,-0.004,-0.000,1.5518
1785820367.991,0.000,WAIT,idle,-1,0,0.000,-0.001,0.003,-0.008,-0.006,-0.000,1.5517
1785820368.091,0.000,WAIT,idle,-1,0,0.000,-0.001,0.003,-0.007,-0.005,-0.001,1.5516
1785820368.191,0.000,WAIT,idle,-1,0,0.000,-0.001,0.003,-0.008,-0.005,-0.004,1.5515
1785820368.291,0.000,WAIT,idle,-1,0,0.000,-0.001,0.002,-0.007,-0.004,-0.006,1.5515
1785820368.391,0.000,WAIT,idle,-1,0,0.000,-0.001,0.002,-0.006,-0.002,-0.004,1.5517
1785820368.491,0.000,WAIT,idle,-1,0,0.000,-0.001,0.002,-0.006,-0.002,-0.004,1.5516
1785820368.591,0.000,WAIT,idle,-1,0,0.001,-0.000,0.002,-0.005,-0.002,-0.005,1.5518
1785820368.691,0.000,WAIT,idle,-1,0,0.001,-0.000,0.001,-0.005,-0.001,-0.004,1.5517
1785820368.791,0.000,WAIT,idle,-1,0,0.001,0.000,0.001,-0.005,-0.002,-0.004,1.5516
1785820368.891,0.000,WAIT,idle,-1,0,0.001,0.000,0.001,-0.006,-0.002,-0.003,1.5515
1785820368.991,0.000,WAIT,idle,-1,0,0.001,0.001,0.001,-0.008,-0.000,-0.000,1.5513
1785820369.091,0.000,WAIT,idle,-1,0,0.002,0.001,0.002,-0.007,0.000,-0.001,1.5514
1785820369.191,0.000,WAIT,idle,-1,0,0.002,0.001,0.002,-0.006,0.000,-0.001,1.5514
1785820369.291,0.000,WAIT,idle,-1,0,0.002,0.001,0.003,-0.005,0.000,-0.002,1.5515
1785820369.391,0.000,WAIT,idle,-1,0,0.003,0.001,0.004,-0.001,-0.000,0.001,1.5514
1785820369.491,0.000,WAIT,idle,-1,0,0.004,0.001,0.004,0.003,0.000,-0.000,1.5514
1785820369.591,0.000,WAIT,idle,-1,0,0.005,0.001,0.004,0.002,0.000,0.000,1.5514
1785820369.691,0.000,WAIT,idle,-1,0,0.006,0.001,0.005,0.001,0.001,0.001,1.5515
1785820369.791,0.000,WAIT,idle,-1,0,0.007,0.001,0.005,-0.001,0.002,0.001,1.5515
1785820369.891,0.000,WAIT,idle,-1,0,0.007,0.001,0.006,-0.003,0.002,0.002,1.5514
1785820369.991,0.000,WAIT,idle,-1,0,0.007,0.002,0.006,-0.001,0.002,0.002,1.5517
1785820370.091,0.000,WAIT,idle,-1,0,0.007,0.002,0.007,-0.001,0.002,0.001,1.5517
1785820370.191,0.000,WAIT,idle,-1,0,0.007,0.002,0.007,-0.002,0.002,0.000,1.5519
1785820370.291,0.000,WAIT,idle,-1,0,0.007,0.002,0.007,-0.003,0.001,0.003,1.5519
1785820370.391,0.000,WAIT,idle,-1,0,0.007,0.002,0.008,-0.004,0.001,0.001,1.5517
1785820370.491,0.000,WAIT,idle,-1,0,0.007,0.002,0.009,-0.003,0.004,0.002,1.5519
1785820370.591,0.000,WAIT,idle,-1,0,0.008,0.002,0.009,-0.001,0.003,0.003,1.5518
1785820370.691,0.000,WAIT,idle,-1,0,0.008,0.002,0.010,-0.003,0.004,0.004,1.5521
1785820370.791,0.000,WAIT,idle,-1,0,0.008,0.002,0.011,-0.003,0.002,0.004,1.5521
1785820370.891,0.000,WAIT,idle,-1,0,0.008,0.002,0.012,-0.003,0.001,0.005,1.5518
1785820370.991,0.000,WAIT,idle,-1,0,0.007,0.002,0.012,-0.006,0.001,0.004,1.5518
1785820371.091,0.000,WAIT,idle,-1,0,0.007,0.002,0.012,-0.004,0.001,0.003,1.5515
1785820371.191,0.000,WAIT,idle,-1,0,0.007,0.002,0.011,-0.003,0.001,0.001,1.5515
1785820371.291,0.000,WAIT,idle,-1,0,0.007,0.002,0.011,-0.000,0.002,0.002,1.5515
1785820371.391,0.000,WAIT,idle,-1,0,0.007,0.002,0.010,0.001,0.001,0.001,1.5516
1785820371.491,0.000,WAIT,idle,-1,0,0.008,0.002,0.009,-0.001,-0.000,0.000,1.5518
1785820371.591,0.000,WAIT,idle,-1,0,0.007,0.002,0.009,-0.001,0.001,0.001,1.5518
1785820371.691,0.000,WAIT,idle,-1,0,0.007,0.002,0.009,-0.000,-0.001,0.001,1.5521
1785820371.791,0.000,WAIT,idle,-1,0,0.007,0.002,0.008,-0.001,0.000,-0.001,1.5522
1785820371.891,0.000,WAIT,idle,-1,0,0.007,0.002,0.008,-0.001,0.001,-0.002,1.5525
1785820371.991,0.000,WAIT,idle,-1,0,0.007,0.002,0.008,-0.003,0.000,-0.003,1.5526
1785820372.091,0.000,WAIT,idle,-1,0,0.007,0.001,0.007,-0.003,-0.002,-0.005,1.5526
1785820372.191,0.000,WAIT,idle,-1,0,0.006,0.001,0.006,-0.004,-0.002,-0.007,1.5526
1785820372.291,0.000,WAIT,idle,-1,0,0.006,0.001,0.005,-0.002,-0.003,-0.007,1.5527
1785820372.391,0.000,WAIT,idle,-1,0,0.006,0.000,0.004,-0.003,-0.003,-0.008,1.5526
1785820372.491,0.000,WAIT,idle,-1,0,0.005,0.000,0.004,-0.005,-0.002,-0.005,1.5526
1785820372.591,0.000,WAIT,idle,-1,0,0.004,0.000,0.003,-0.005,-0.002,-0.007,1.5527
1785820372.691,0.000,WAIT,idle,-1,0,0.004,0.000,0.003,-0.005,-0.003,-0.008,1.5527
1785820372.791,0.000,WAIT,idle,-1,0,0.004,0.000,0.003,-0.007,-0.001,-0.006,1.5526
1785820372.891,0.000,WAIT,idle,-1,0,0.003,0.000,0.003,-0.007,-0.002,-0.004,1.5525
1785820372.991,0.000,WAIT,idle,-1,0,0.003,0.000,0.003,-0.006,-0.002,-0.006,1.5525
1785820373.091,0.000,WAIT,idle,-1,0,0.003,0.000,0.003,-0.003,-0.000,-0.005,1.5527
1785820373.191,0.000,WAIT,idle,-1,0,0.004,0.000,0.003,-0.003,0.001,-0.002,1.5529
1785820373.291,0.000,WAIT,idle,-1,0,0.004,0.000,0.004,-0.004,-0.001,-0.001,1.5529
1785820373.391,0.000,WAIT,idle,-1,0,0.005,0.000,0.004,-0.002,-0.002,0.000,1.5529
1785820373.491,0.000,WAIT,idle,-1,0,0.005,-0.000,0.005,-0.001,-0.003,0.002,1.5529
1785820373.591,0.000,WAIT,idle,-1,0,0.006,-0.000,0.005,-0.003,-0.002,0.002,1.5529
1785820373.691,0.000,WAIT,idle,-1,0,0.006,-0.000,0.005,-0.002,-0.001,0.001,1.5528
1785820373.791,0.000,WAIT,idle,-1,0,0.005,-0.001,0.005,-0.003,-0.001,0.001,1.5529
1785820373.891,0.000,WAIT,idle,-1,0,0.005,-0.000,0.006,-0.001,0.000,0.004,1.5527
1785820373.991,0.000,WAIT,idle,-1,0,0.005,-0.000,0.006,-0.000,0.002,0.004,1.5529
1785820374.091,0.000,WAIT,idle,-1,0,0.005,0.000,0.007,-0.000,0.002,0.002,1.5529
1785820374.191,0.000,WAIT,idle,-1,0,0.006,0.000,0.008,-0.001,0.004,0.003,1.5528
1785820374.291,0.000,WAIT,idle,-1,0,0.006,0.001,0.008,-0.001,0.005,0.004,1.5527
1785820374.391,0.000,WAIT,idle,-1,0,0.006,0.001,0.009,-0.002,0.003,0.005,1.5527
1785820374.491,0.000,WAIT,idle,-1,0,0.006,0.001,0.009,-0.003,0.000,0.003,1.5525
1785820374.591,0.000,WAIT,idle,-1,0,0.005,0.001,0.009,-0.001,0.001,0.001,1.5524
1785820374.691,0.000,WAIT,idle,-1,0,0.005,0.001,0.009,-0.002,0.000,0.001,1.5523
1785820374.791,0.000,WAIT,idle,-1,0,0.005,0.000,0.009,-0.003,-0.001,-0.001,1.5523
1785820374.891,0.000,WAIT,idle,-1,0,0.005,0.000,0.008,-0.003,-0.000,-0.002,1.5523
1785820374.991,0.000,WAIT,idle,-1,0,0.005,-0.000,0.008,-0.004,-0.001,-0.002,1.5523
1785820375.091,0.000,WAIT,idle,-1,0,0.004,-0.000,0.007,-0.003,-0.002,-0.002,1.5527
1785820375.191,0.000,WAIT,idle,-1,0,0.004,-0.000,0.007,-0.003,-0.001,-0.002,1.5531
1785820375.291,0.000,WAIT,idle,-1,0,0.004,-0.001,0.007,-0.003,-0.001,-0.001,1.5533
1785820375.391,0.000,WAIT,idle,-1,0,0.003,-0.001,0.007,-0.003,-0.001,-0.001,1.5533
1785820375.491,0.000,WAIT,idle,-1,0,0.003,-0.001,0.006,-0.003,-0.004,-0.005,1.5531
1785820375.591,0.000,WAIT,idle,-1,0,0.003,-0.001,0.006,-0.001,-0.003,-0.003,1.5531
1785820375.691,0.000,WAIT,idle,-1,0,0.003,-0.001,0.006,-0.002,-0.004,-0.004,1.5532
1785820375.791,0.000,WAIT,idle,-1,0,0.003,-0.001,0.006,-0.004,-0.002,-0.004,1.5531
1785820375.891,0.000,WAIT,idle,-1,0,0.003,-0.001,0.006,-0.004,-0.003,-0.005,1.5529
1785820375.991,0.000,WAIT,idle,-1,0,0.003,-0.001,0.006,-0.004,-0.005,-0.005,1.5527
1785820376.091,0.000,WAIT,idle,-1,0,0.003,-0.002,0.006,-0.006,-0.005,-0.003,1.5526
1785820376.191,0.000,WAIT,idle,-1,0,0.003,-0.002,0.007,-0.004,-0.003,-0.003,1.5527
1785820376.291,0.000,WAIT,idle,-1,0,0.003,-0.002,0.007,-0.003,-0.005,-0.003,1.5528
1785820376.391,0.000,WAIT,idle,-1,0,0.004,-0.002,0.007,-0.002,-0.004,-0.002,1.5529
1785820376.491,0.000,WAIT,idle,-1,0,0.004,-0.001,0.006,-0.001,-0.003,-0.003,1.5530
1785820376.591,0.000,WAIT,idle,-1,0,0.005,-0.001,0.006,-0.001,-0.002,-0.000,1.5530
1785820376.691,0.000,WAIT,idle,-1,0,0.005,-0.001,0.006,-0.001,-0.000,-0.001,1.5529
1785820376.791,0.000,WAIT,idle,-1,0,0.005,-0.001,0.005,0.000,0.001,-0.001,1.5529
1785820376.891,0.000,WAIT,idle,-1,0,0.005,-0.000,0.005,0.001,-0.000,0.001,1.5529
1785820376.991,0.000,WAIT,idle,-1,0,0.005,-0.000,0.006,0.002,0.002,0.001,1.5529
1785820377.091,0.000,WAIT,idle,-1,0,0.006,-0.000,0.006,0.002,0.003,-0.000,1.5528
1785820377.191,0.000,WAIT,idle,-1,0,0.006,0.000,0.006,0.001,0.006,-0.001,1.5528
1785820377.291,0.000,WAIT,idle,-1,0,0.006,0.001,0.006,-0.001,0.004,0.001,1.5527
1785820377.391,0.000,WAIT,idle,-1,0,0.005,0.001,0.007,0.000,0.002,0.001,1.5527
1785820377.491,0.000,WAIT,idle,-1,0,0.005,0.001,0.007,0.000,0.004,0.000,1.5526
1785820377.591,0.000,WAIT,idle,-1,0,0.005,0.001,0.007,0.001,0.004,0.001,1.5525
1785820377.691,0.000,WAIT,idle,-1,0,0.005,0.001,0.007,0.001,0.004,0.000,1.5526
1785820377.791,0.000,WAIT,idle,-1,0,0.005,0.002,0.007,0.001,0.005,0.001,1.5525
1785820377.891,0.000,WAIT,idle,-1,0,0.005,0.002,0.007,0.002,0.006,0.000,1.5524
1785820377.991,0.000,WAIT,idle,-1,0,0.006,0.002,0.007,0.003,0.005,-0.002,1.5524
1785820378.091,0.000,WAIT,idle,-1,0,0.006,0.002,0.006,0.002,0.004,-0.002,1.5524
1785820378.191,0.000,WAIT,idle,-1,0,0.007,0.002,0.006,0.003,0.003,-0.003,1.5522
1785820378.291,0.000,WAIT,idle,-1,0,0.007,0.002,0.005,0.003,0.003,-0.004,1.5523
1785820378.391,0.000,WAIT,idle,-1,0,0.007,0.002,0.004,0.004,0.002,-0.006,1.5525
1785820378.491,0.000,WAIT,idle,-1,0,0.008,0.001,0.003,0.004,0.002,-0.005,1.5527
1785820378.591,0.000,WAIT,idle,-1,0,0.008,0.001,0.003,0.004,-0.000,-0.004,1.5525
1785820378.691,0.000,WAIT,idle,-1,0,0.008,0.001,0.002,0.004,-0.002,-0.007,1.5525
1785820378.791,0.000,WAIT,idle,-1,0,0.009,0.000,0.002,0.005,-0.003,-0.008,1.5525
1785820378.891,0.000,WAIT,idle,-1,0,0.009,-0.000,0.001,0.002,-0.006,-0.007,1.5525
1785820378.991,0.000,WAIT,idle,-1,0,0.008,-0.001,0.001,-0.000,-0.008,-0.008,1.5526
1785820379.091,0.000,WAIT,idle,-1,0,0.008,-0.002,0.000,0.002,-0.009,-0.009,1.5526
1785820379.191,0.000,WAIT,idle,-1,0,0.008,-0.002,-0.001,0.000,-0.007,-0.010,1.5528
1785820379.291,0.000,WAIT,idle,-1,0,0.008,-0.002,-0.001,0.001,-0.008,-0.007,1.5527
1785820379.391,0.000,WAIT,idle,-1,0,0.008,-0.003,-0.001,0.002,-0.009,-0.006,1.5527
1785820379.491,0.000,WAIT,idle,-1,0,0.008,-0.003,-0.001,0.002,-0.010,-0.006,1.5528
1785820379.591,0.000,WAIT,idle,-1,0,0.009,-0.003,-0.001,0.001,-0.008,-0.003,1.5528
1785820379.691,0.000,WAIT,idle,-1,0,0.009,-0.003,-0.001,0.002,-0.008,-0.002,1.5527
1785820379.791,0.000,WAIT,idle,-1,0,0.009,-0.003,-0.000,-0.000,-0.009,-0.001,1.5527
1785820379.891,0.000,WAIT,idle,-1,0,0.009,-0.003,-0.000,0.001,-0.010,0.000,1.5527
1785820379.991,0.000,WAIT,idle,-1,0,0.009,-0.004,0.000,0.003,-0.012,-0.001,1.5524
1785820380.091,0.000,WAIT,idle,-1,0,0.010,-0.004,0.000,0.001,-0.011,0.000,1.5525
1785820380.191,0.000,WAIT,idle,-1,0,0.009,-0.004,0.001,0.002,-0.010,0.001,1.5526
1785820380.291,0.000,WAIT,idle,-1,0,0.010,-0.004,0.001,0.003,-0.010,0.003,1.5525
1785820380.391,0.000,WAIT,idle,-1,0,0.009,-0.004,0.001,0.002,-0.009,0.002,1.5524
1785820380.491,0.000,WAIT,idle,-1,0,0.010,-0.004,0.002,0.004,-0.008,0.001,1.5525
1785820380.591,0.000,WAIT,idle,-1,0,0.010,-0.003,0.002,0.004,-0.007,-0.001,1.5524
1785820380.691,0.000,WAIT,idle,-1,0,0.010,-0.003,0.002,0.004,-0.007,0.001,1.5524
1785820380.791,0.000,WAIT,idle,-1,0,0.010,-0.003,0.002,0.005,-0.008,0.001,1.5523
1785820380.891,0.000,WAIT,idle,-1,0,0.010,-0.003,0.002,0.008,-0.009,0.001,1.5524
1785820380.991,0.000,WAIT,idle,-1,0,0.010,-0.003,0.002,0.008,-0.005,0.003,1.5524
1785820381.091,0.000,WAIT,idle,-1,0,0.010,-0.002,0.002,0.007,-0.005,0.005,1.5526
1785820381.191,0.000,WAIT,idle,-1,0,0.010,-0.002,0.002,0.008,-0.006,0.005,1.5527
1785820381.291,0.000,WAIT,idle,-1,0,0.010,-0.002,0.003,0.008,-0.006,0.005,1.5529
1785820381.391,0.000,WAIT,idle,-1,0,0.010,-0.002,0.003,0.005,-0.005,0.006,1.5531
1785820381.491,0.000,WAIT,idle,-1,0,0.009,-0.002,0.003,0.003,-0.004,0.006,1.5532
1785820381.591,0.000,WAIT,idle,-1,0,0.009,-0.002,0.003,0.004,-0.004,0.004,1.5530
1785820381.691,0.000,WAIT,idle,-1,0,0.009,-0.002,0.003,0.002,-0.006,0.005,1.5529
1785820381.791,0.000,WAIT,idle,-1,0,0.008,-0.002,0.003,0.001,-0.007,0.004,1.5531
1785820381.891,0.000,WAIT,idle,-1,0,0.008,-0.002,0.003,0.002,-0.008,0.003,1.5528
1785820381.991,0.000,WAIT,idle,-1,0,0.008,-0.002,0.002,0.002,-0.008,0.003,1.5526
1785820382.091,0.000,WAIT,idle,-1,0,0.007,-0.003,0.002,0.001,-0.008,0.000,1.5526
1785820382.191,0.000,WAIT,idle,-1,0,0.007,-0.003,0.002,0.000,-0.008,0.002,1.5525
1785820382.291,0.000,WAIT,idle,-1,0,0.006,-0.003,0.001,0.001,-0.008,0.002,1.5526
1785820382.391,0.000,WAIT,idle,-1,0,0.006,-0.003,0.001,0.000,-0.008,0.003,1.5526
1785820382.491,0.000,WAIT,idle,-1,0,0.005,-0.003,0.000,0.001,-0.007,-0.000,1.5528
1785820382.591,0.000,WAIT,idle,-1,0,0.005,-0.003,-0.000,0.002,-0.006,-0.003,1.5526
1785820382.691,0.000,WAIT,idle,-1,0,0.005,-0.002,-0.001,0.004,-0.005,-0.003,1.5525
1785820382.791,0.000,WAIT,idle,-1,0,0.006,-0.002,-0.002,0.004,-0.005,-0.002,1.5523
1785820382.891,0.000,WAIT,idle,-1,0,0.006,-0.002,-0.002,0.003,-0.005,-0.004,1.5522
1785820382.991,0.000,WAIT,idle,-1,0,0.007,-0.002,-0.002,0.004,-0.006,-0.004,1.5522
1785820383.091,0.000,WAIT,idle,-1,0,0.007,-0.002,-0.002,0.003,-0.004,-0.003,1.5522
1785820383.191,0.000,WAIT,idle,-1,0,0.007,-0.001,-0.002,0.001,-0.005,-0.004,1.5523
1785820383.291,0.000,WAIT,idle,-1,0,0.007,-0.001,-0.002,-0.001,-0.004,-0.004,1.5524
1785820383.391,0.000,WAIT,idle,-1,0,0.007,-0.001,-0.002,-0.002,-0.005,-0.002,1.5522
1785820383.491,0.000,WAIT,idle,-1,0,0.006,-0.001,-0.002,-0.005,-0.004,-0.001,1.5522
1785820383.591,0.000,WAIT,idle,-1,0,0.006,-0.001,-0.002,-0.005,-0.007,-0.000,1.5519
1785820383.691,0.000,WAIT,idle,-1,0,0.006,-0.001,-0.001,-0.007,-0.008,0.003,1.5518
1785820383.791,0.000,WAIT,idle,-1,0,0.005,-0.002,-0.001,-0.007,-0.009,0.000,1.5515
1785820383.891,0.000,WAIT,idle,-1,0,0.005,-0.002,-0.000,-0.007,-0.008,-0.001,1.5515
1785820383.991,0.000,WAIT,idle,-1,0,0.005,-0.002,-0.000,-0.007,-0.006,0.001,1.5512
1785820384.091,0.000,WAIT,idle,-1,0,0.005,-0.002,0.000,-0.008,-0.001,-0.000,1.5513
1785820384.191,0.000,WAIT,idle,-1,0,0.005,-0.001,0.001,-0.008,-0.001,0.001,1.5514
1785820384.291,0.000,WAIT,idle,-1,0,0.005,-0.001,0.001,-0.006,0.001,0.002,1.5515
1785820384.391,0.000,WAIT,idle,-1,0,0.006,0.000,0.002,-0.006,0.003,0.001,1.5514
1785820384.491,0.000,WAIT,idle,-1,0,0.006,0.001,0.002,-0.005,0.003,0.002,1.5515
1785820384.591,0.000,WAIT,idle,-1,0,0.006,0.001,0.002,-0.004,0.005,0.001,1.5516
1785820384.691,0.000,WAIT,idle,-1,0,0.007,0.002,0.003,-0.003,0.006,0.001,1.5516
1785820384.791,0.000,WAIT,idle,-1,0,0.007,0.002,0.002,-0.004,0.005,-0.000,1.5516
1785820384.891,0.000,WAIT,idle,-1,0,0.007,0.002,0.002,-0.002,0.002,-0.000,1.5516
1785820384.991,0.000,WAIT,idle,-1,0,0.007,0.002,0.002,-0.003,0.002,-0.002,1.5515
1785820385.091,0.000,WAIT,idle,-1,0,0.006,0.002,0.002,-0.002,0.003,-0.002,1.5516
1785820385.191,0.000,WAIT,idle,-1,0,0.006,0.002,0.001,-0.003,0.002,-0.002,1.5517
1785820385.291,0.000,WAIT,idle,-1,0,0.006,0.002,0.001,-0.004,0.003,-0.004,1.5517
1785820385.391,0.000,WAIT,idle,-1,0,0.006,0.002,0.001,-0.005,0.005,-0.008,1.5517
1785820385.491,0.000,WAIT,idle,-1,0,0.006,0.002,0.001,-0.003,0.005,-0.007,1.5516
1785820385.591,0.000,WAIT,idle,-1,0,0.006,0.002,0.000,-0.006,0.006,-0.005,1.5515
1785820385.691,0.000,WAIT,idle,-1,0,0.006,0.002,0.000,-0.004,0.006,-0.004,1.5515
1785820385.791,0.000,WAIT,idle,-1,0,0.006,0.003,0.001,-0.005,0.008,-0.003,1.5516
1785820385.891,0.000,WAIT,idle,-1,0,0.006,0.003,0.001,-0.004,0.009,-0.002,1.5515
1785820385.991,0.000,WAIT,idle,-1,0,0.006,0.003,0.002,-0.003,0.007,0.001,1.5514
1785820386.091,0.000,WAIT,idle,-1,0,0.006,0.003,0.003,-0.001,0.007,0.002,1.5510
1785820386.191,0.000,WAIT,idle,-1,0,0.007,0.003,0.004,-0.001,0.007,0.004,1.5509
1785820386.291,0.000,WAIT,idle,-1,0,0.007,0.003,0.005,-0.002,0.007,0.006,1.5508
1785820386.391,0.000,WAIT,idle,-1,0,0.007,0.003,0.006,-0.003,0.008,0.008,1.5509
1785820386.491,0.000,WAIT,idle,-1,0,0.007,0.003,0.007,-0.004,0.009,0.007,1.5510
1785820386.591,0.000,WAIT,idle,-1,0,0.007,0.003,0.007,-0.004,0.009,0.005,1.5511
1785820386.691,0.000,WAIT,idle,-1,0,0.007,0.004,0.007,-0.004,0.009,0.005,1.5511
1785820386.791,0.000,WAIT,idle,-1,0,0.007,0.004,0.007,-0.006,0.009,0.004,1.5509
1785820386.891,0.000,WAIT,idle,-1,0,0.007,0.004,0.007,-0.008,0.010,0.003,1.5508
1785820386.991,0.000,WAIT,idle,-1,0,0.007,0.004,0.006,-0.008,0.010,0.005,1.5508
1785820387.091,0.000,WAIT,idle,-1,0,0.006,0.004,0.006,-0.009,0.009,0.005,1.5506
1785820387.191,0.000,WAIT,idle,-1,0,0.005,0.004,0.006,-0.010,0.007,0.004,1.5505
1785820387.291,0.000,WAIT,idle,-1,0,0.005,0.004,0.005,-0.011,0.006,0.005,1.5504
1785820387.391,0.000,WAIT,idle,-1,0,0.004,0.003,0.006,-0.013,0.006,0.007,1.5503
1785820387.491,0.000,WAIT,idle,-1,0,0.004,0.003,0.006,-0.013,0.007,0.005,1.5502
1785820387.591,0.000,WAIT,idle,-1,0,0.004,0.003,0.005,-0.013,0.008,0.005,1.5503
1785820387.691,0.000,WAIT,idle,-1,0,0.003,0.003,0.005,-0.014,0.007,0.004,1.5504
1785820387.791,0.000,WAIT,idle,-1,0,0.003,0.003,0.005,-0.012,0.009,0.003,1.5504
1785820387.891,0.000,WAIT,idle,-1,0,0.003,0.003,0.005,-0.009,0.009,0.003,1.5505
1785820387.991,0.000,WAIT,idle,-1,0,0.003,0.003,0.005,-0.008,0.007,0.006,1.5504
1785820388.091,0.000,WAIT,idle,-1,0,0.003,0.003,0.006,-0.008,0.008,0.007,1.5504
1785820388.191,0.000,WAIT,idle,-1,0,0.003,0.003,0.006,-0.006,0.009,0.008,1.5504
1785820388.291,0.000,WAIT,idle,-1,0,0.003,0.003,0.006,-0.008,0.009,0.007,1.5506
1785820388.391,0.000,WAIT,idle,-1,0,0.003,0.004,0.006,-0.009,0.009,0.008,1.5506
1785820388.491,0.000,WAIT,idle,-1,0,0.002,0.003,0.006,-0.008,0.007,0.008,1.5506
1785820388.591,0.000,WAIT,idle,-1,0,0.002,0.003,0.005,-0.008,0.004,0.006,1.5506
1785820388.691,0.000,WAIT,idle,-1,0,0.002,0.003,0.005,-0.008,0.004,0.006,1.5508
1785820388.791,0.000,WAIT,idle,-1,0,0.002,0.002,0.005,-0.008,0.004,0.006,1.5507
1785820388.891,0.000,WAIT,idle,-1,0,0.002,0.002,0.005,-0.006,0.004,0.004,1.5510
1785820388.991,0.000,WAIT,idle,-1,0,0.002,0.002,0.005,-0.005,0.006,0.003,1.5511
1785820389.091,0.000,WAIT,idle,-1,0,0.002,0.002,0.004,-0.006,0.005,0.004,1.5511
1785820389.191,0.000,WAIT,idle,-1,0,0.002,0.002,0.004,-0.004,0.004,0.003,1.5510
1785820389.291,0.000,WAIT,idle,-1,0,0.002,0.002,0.004,-0.006,0.004,0.003,1.5510
1785820389.391,0.000,WAIT,idle,-1,0,0.002,0.002,0.004,-0.004,0.005,0.002,1.5510
1785820389.491,0.000,WAIT,idle,-1,0,0.002,0.002,0.004,-0.003,0.003,0.001,1.5508
1785820389.591,0.000,WAIT,idle,-1,0,0.002,0.001,0.003,-0.004,-0.000,-0.000,1.5507
1785820389.691,0.000,WAIT,idle,-1,0,0.002,0.001,0.003,-0.002,0.000,-0.001,1.5507
1785820389.791,0.000,WAIT,idle,-1,0,0.002,0.001,0.003,-0.002,0.003,-0.002,1.5506
1785820389.891,0.000,WAIT,idle,-1,0,0.002,0.001,0.002,-0.001,0.001,-0.000,1.5507
1785820389.991,0.000,WAIT,idle,-1,0,0.002,0.001,0.002,0.000,0.002,0.001,1.5505
1785820390.091,0.000,WAIT,idle,-1,0,0.003,0.001,0.002,0.000,0.003,-0.000,1.5505
1785820390.191,0.000,WAIT,idle,-1,0,0.003,0.002,0.002,0.003,0.005,0.001,1.5505
1785820390.291,0.000,WAIT,idle,-1,0,0.004,0.002,0.002,0.003,0.003,-0.001,1.5506
1785820390.391,0.000,WAIT,idle,-1,0,0.005,0.002,0.002,0.002,0.003,-0.002,1.5507
1785820390.491,0.000,WAIT,idle,-1,0,0.005,0.002,0.002,0.002,0.004,-0.002,1.5504
1785820390.591,0.000,WAIT,idle,-1,0,0.005,0.002,0.002,0.002,0.004,-0.002,1.5505
1785820390.691,0.000,WAIT,idle,-1,0,0.006,0.002,0.002,0.005,0.004,-0.004,1.5504
1785820390.791,0.000,WAIT,idle,-1,0,0.007,0.002,0.002,0.005,0.005,-0.004,1.5503
1785820390.891,0.000,WAIT,idle,-1,0,0.007,0.003,0.003,0.007,0.005,-0.002,1.5501
1785820390.991,0.000,WAIT,idle,-1,0,0.008,0.003,0.003,0.008,0.003,0.000,1.5501
1785820391.091,0.000,WAIT,idle,-1,0,0.008,0.003,0.004,0.004,0.002,0.001,1.5499
1785820391.191,0.000,WAIT,idle,-1,0,0.007,0.003,0.004,0.002,0.001,-0.001,1.5499
1785820391.291,0.000,WAIT,idle,-1,0,0.007,0.003,0.004,0.002,-0.000,-0.001,1.5499
1785820391.391,0.000,WAIT,idle,-1,0,0.006,0.002,0.004,0.003,0.002,-0.001,1.5499
1785820391.491,0.000,WAIT,idle,-1,0,0.006,0.002,0.005,0.004,0.002,0.001,1.5499
1785820391.591,0.000,WAIT,idle,-1,0,0.006,0.002,0.005,0.004,0.004,0.001,1.5499
1785820391.691,0.000,WAIT,idle,-1,0,0.006,0.002,0.005,0.003,0.005,0.001,1.5499
1785820391.791,0.000,WAIT,idle,-1,0,0.007,0.002,0.006,0.003,0.005,0.001,1.5499
1785820391.891,0.000,WAIT,idle,-1,0,0.007,0.002,0.007,0.003,0.005,0.003,1.5500
1785820391.991,0.000,WAIT,idle,-1,0,0.007,0.002,0.007,0.002,0.005,0.002,1.5500
1785820392.091,0.000,WAIT,idle,-1,0,0.007,0.002,0.007,0.002,0.006,0.003,1.5498
1785820392.191,0.000,WAIT,idle,-1,0,0.006,0.002,0.008,0.002,0.008,0.004,1.5498
1785820392.291,0.000,WAIT,idle,-1,0,0.006,0.003,0.008,0.002,0.007,0.004,1.5498
1785820392.391,0.000,WAIT,idle,-1,0,0.006,0.003,0.008,-0.000,0.008,0.003,1.5499
1785820392.492,0.000,WAIT,idle,-1,0,0.006,0.003,0.008,-0.000,0.007,0.003,1.5500
1785820392.591,0.000,WAIT,idle,-1,0,0.006,0.003,0.007,0.002,0.007,0.003,1.5500
1785820392.691,0.000,WAIT,idle,-1,0,0.006,0.003,0.007,0.003,0.006,0.003,1.5499
1785820392.791,0.000,WAIT,idle,-1,0,0.007,0.003,0.007,0.003,0.006,0.004,1.5500
1785820392.891,0.000,WAIT,idle,-1,0,0.007,0.003,0.007,0.001,0.003,0.004,1.5501
1785820392.991,0.000,WAIT,idle,-1,0,0.007,0.003,0.007,0.001,0.003,0.003,1.5499
1785820393.091,0.000,WAIT,idle,-1,0,0.007,0.002,0.007,0.002,0.002,0.002,1.5501
1785820393.191,0.000,WAIT,idle,-1,0,0.008,0.002,0.007,0.001,0.003,-0.001,1.5502
1785820393.291,0.000,WAIT,idle,-1,0,0.008,0.002,0.006,0.002,0.003,-0.000,1.5501
1785820393.391,0.000,WAIT,idle,-1,0,0.008,0.002,0.005,-0.000,0.004,0.000,1.5499
1785820393.491,0.000,WAIT,idle,-1,0,0.008,0.002,0.005,-0.000,0.004,0.000,1.5496
1785820393.591,0.000,WAIT,idle,-1,0,0.008,0.002,0.004,-0.004,0.005,-0.001,1.5495
1785820393.691,0.000,WAIT,idle,-1,0,0.007,0.002,0.004,-0.005,0.005,0.001,1.5493
1785820393.791,0.000,WAIT,idle,-1,0,0.006,0.002,0.004,-0.005,0.005,0.000,1.5492
1785820393.891,0.000,WAIT,idle,-1,0,0.006,0.002,0.005,-0.005,0.005,0.001,1.5492
1785820393.991,0.000,WAIT,idle,-1,0,0.005,0.002,0.005,-0.003,0.006,0.003,1.5493
1785820394.091,0.000,WAIT,idle,-1,0,0.006,0.003,0.005,-0.002,0.006,0.003,1.5495
1785820394.191,0.000,WAIT,idle,-1,0,0.006,0.002,0.006,-0.003,0.002,0.005,1.5497
1785820394.291,0.000,WAIT,idle,-1,0,0.006,0.002,0.007,-0.004,0.002,0.007,1.5498
1785820394.391,0.000,WAIT,idle,-1,0,0.006,0.002,0.007,-0.003,0.002,0.006,1.5500
1785820394.491,0.000,WAIT,idle,-1,0,0.005,0.002,0.007,-0.008,0.004,0.004,1.5501
1785820394.591,0.000,WAIT,idle,-1,0,0.005,0.002,0.007,-0.007,0.005,0.005,1.5502
1785820394.691,0.000,WAIT,idle,-1,0,0.004,0.002,0.007,-0.008,0.009,0.002,1.5502
1785820394.791,0.000,WAIT,idle,-1,0,0.003,0.002,0.007,-0.009,0.008,0.001,1.5504
1785820394.891,0.000,WAIT,idle,-1,0,0.002,0.003,0.006,-0.008,0.008,0.000,1.5506
1785820394.991,0.000,WAIT,idle,-1,0,0.002,0.003,0.006,-0.010,0.005,-0.000,1.5506
1785820395.091,0.000,WAIT,idle,-1,0,0.002,0.002,0.005,-0.008,0.005,0.002,1.5506
1785820395.191,0.000,WAIT,idle,-1,0,0.002,0.002,0.005,-0.006,0.005,0.001,1.5505
1785820395.291,0.000,WAIT,idle,-1,0,0.003,0.002,0.005,-0.005,0.005,-0.001,1.5508
1785820395.391,0.000,WAIT,idle,-1,0,0.003,0.002,0.004,-0.006,0.005,-0.001,1.5509
1785820395.491,0.000,WAIT,idle,-1,0,0.004,0.002,0.004,-0.005,0.006,-0.003,1.5509
1785820395.591,0.000,WAIT,idle,-1,0,0.004,0.002,0.003,-0.003,0.005,-0.006,1.5509
1785820395.691,0.000,WAIT,idle,-1,0,0.005,0.002,0.002,-0.003,0.007,-0.005,1.5509
1785820395.791,0.000,WAIT,idle,-1,0,0.005,0.002,0.001,-0.002,0.007,-0.009,1.5508
1785820395.891,0.000,WAIT,idle,-1,0,0.006,0.002,0.001,-0.001,0.007,-0.009,1.5506
1785820395.991,0.000,WAIT,idle,-1,0,0.006,0.002,0.000,-0.002,0.006,-0.008,1.5505
1785820396.091,0.000,WAIT,idle,-1,0,0.006,0.002,-0.000,-0.002,0.003,-0.007,1.5505
1785820396.191,0.000,WAIT,idle,-1,0,0.007,0.002,-0.000,0.002,0.002,-0.006,1.5503
1785820396.291,0.000,WAIT,idle,-1,0,0.007,0.001,-0.001,0.004,0.001,-0.006,1.5501
1785820396.391,0.000,WAIT,idle,-1,0,0.008,0.000,-0.001,0.004,-0.000,-0.005,1.5499
1785820396.491,0.000,WAIT,idle,-1,0,0.008,0.000,-0.001,0.004,0.001,-0.002,1.5498
1785820396.591,0.000,WAIT,idle,-1,0,0.008,-0.000,-0.000,0.003,-0.002,-0.002,1.5496
1785820396.691,0.000,WAIT,idle,-1,0,0.008,-0.001,-0.000,0.004,-0.004,-0.000,1.5496
1785820396.791,0.000,WAIT,idle,-1,0,0.008,-0.001,0.000,0.002,-0.007,-0.002,1.5495
1785820396.891,0.000,WAIT,idle,-1,0,0.008,-0.002,0.000,0.003,-0.007,-0.000,1.5495
1785820396.991,0.000,WAIT,idle,-1,0,0.008,-0.003,0.001,0.000,-0.010,0.002,1.5494
1785820397.091,0.000,WAIT,idle,-1,0,0.008,-0.004,0.001,-0.001,-0.009,-0.002,1.5495
1785820397.191,0.000,WAIT,idle,-1,0,0.008,-0.004,0.001,-0.003,-0.009,-0.002,1.5496
1785820397.291,0.000,WAIT,idle,-1,0,0.007,-0.004,0.001,-0.004,-0.008,-0.004,1.5497
1785820397.391,0.000,WAIT,idle,-1,0,0.007,-0.004,0.001,-0.003,-0.007,-0.004,1.5496
1785820397.491,0.000,WAIT,idle,-1,0,0.007,-0.004,0.001,-0.001,-0.007,-0.006,1.5498
1785820397.591,0.000,WAIT,idle,-1,0,0.007,-0.003,0.001,-0.001,-0.006,-0.006,1.5496
1785820397.691,0.000,WAIT,idle,-1,0,0.007,-0.003,0.001,-0.000,-0.007,-0.006,1.5497
1785820397.791,0.000,WAIT,idle,-1,0,0.008,-0.003,0.001,0.001,-0.009,-0.007,1.5499
1785820397.891,0.000,WAIT,idle,-1,0,0.008,-0.004,0.001,0.002,-0.011,-0.004,1.5499
1785820397.991,0.000,WAIT,idle,-1,0,0.009,-0.004,0.001,0.002,-0.007,-0.004,1.5502
1785820398.091,0.000,WAIT,idle,-1,0,0.009,-0.004,0.001,0.002,-0.009,-0.004,1.5504
1785820398.191,0.000,WAIT,idle,-1,0,0.009,-0.004,0.001,0.004,-0.009,-0.006,1.5504
1785820398.291,0.000,WAIT,idle,-1,0,0.009,-0.004,0.001,0.004,-0.009,-0.006,1.5506
1785820398.391,0.000,WAIT,idle,-1,0,0.009,-0.004,0.001,0.004,-0.007,-0.005,1.5507
1785820398.491,0.000,WAIT,idle,-1,0,0.009,-0.003,0.001,0.002,-0.005,-0.006,1.5508
1785820398.591,0.000,WAIT,idle,-1,0,0.009,-0.003,0.000,0.004,-0.005,-0.004,1.5509
1785820398.691,0.000,WAIT,idle,-1,0,0.009,-0.003,0.000,0.002,-0.004,-0.005,1.5507
1785820398.791,0.000,WAIT,idle,-1,0,0.008,-0.002,0.000,0.002,-0.004,-0.004,1.5507
1785820398.891,0.000,WAIT,idle,-1,0,0.008,-0.002,0.000,0.002,-0.002,-0.002,1.5509
1785820398.991,0.000,WAIT,idle,-1,0,0.008,-0.002,0.000,0.003,-0.001,-0.003,1.5511
1785820399.091,0.000,WAIT,idle,-1,0,0.008,-0.001,0.000,0.003,-0.001,-0.002,1.5512
1785820399.191,0.000,WAIT,idle,-1,0,0.008,-0.001,0.000,0.001,-0.001,0.002,1.5512
1785820399.291,0.000,WAIT,idle,-1,0,0.008,-0.001,0.001,-0.001,-0.000,0.001,1.5512
1785820399.391,0.000,WAIT,idle,-1,0,0.008,-0.000,0.001,-0.001,0.003,0.003,1.5511
1785820399.491,0.000,WAIT,idle,-1,0,0.008,0.000,0.002,-0.000,0.002,0.004,1.5511
1785820399.591,0.000,WAIT,idle,-1,0,0.007,0.001,0.002,-0.003,0.001,0.003,1.5511
1785820399.691,0.000,WAIT,idle,-1,0,0.007,0.001,0.003,-0.004,-0.000,0.002,1.5511
1785820399.791,0.000,WAIT,idle,-1,0,0.007,0.001,0.003,-0.003,-0.001,0.001,1.5511
1785820399.891,0.000,WAIT,idle,-1,0,0.007,0.000,0.004,-0.003,-0.003,0.001,1.5511
1785820399.991,0.000,WAIT,idle,-1,0,0.006,0.000,0.004,-0.000,-0.002,-0.000,1.5510
1785820400.091,0.000,WAIT,idle,-1,0,0.007,-0.000,0.004,0.001,-0.004,-0.000,1.5511
1785820400.191,0.000,WAIT,idle,-1,0,0.007,-0.000,0.003,-0.000,-0.005,-0.001,1.5509
1785820400.291,0.000,WAIT,idle,-1,0,0.007,-0.001,0.003,0.000,-0.003,0.000,1.5509
1785820400.391,0.000,WAIT,idle,-1,0,0.007,-0.001,0.004,-0.002,-0.002,0.000,1.5509
1785820400.491,0.000,WAIT,idle,-1,0,0.007,-0.001,0.004,0.000,-0.001,0.001,1.5508
1785820400.591,0.000,WAIT,idle,-1,0,0.007,-0.000,0.004,0.001,0.001,0.001,1.5508
1785820400.691,0.000,WAIT,idle,-1,0,0.008,0.000,0.004,0.002,0.001,0.002,1.5508
1785820400.791,0.000,WAIT,idle,-1,0,0.008,0.000,0.004,-0.001,0.002,0.002,1.5508
1785820400.891,0.000,WAIT,idle,-1,0,0.008,0.001,0.004,-0.004,0.001,0.001,1.5509
1785820400.991,0.000,WAIT,idle,-1,0,0.007,0.001,0.004,-0.005,0.002,0.002,1.5509
1785820401.091,0.000,WAIT,idle,-1,0,0.007,0.001,0.004,-0.005,-0.000,0.003,1.5508
1785820401.191,0.000,WAIT,idle,-1,0,0.007,0.001,0.005,-0.004,-0.002,0.003,1.5508
1785820401.291,0.000,WAIT,idle,-1,0,0.007,0.000,0.005,-0.004,-0.003,0.002,1.5508
1785820401.391,0.000,WAIT,idle,-1,0,0.007,-0.000,0.006,-0.003,-0.004,0.000,1.5508
1785820401.491,0.000,WAIT,idle,-1,0,0.007,-0.001,0.006,-0.001,-0.003,0.002,1.5510
1785820401.591,0.000,WAIT,idle,-1,0,0.008,-0.001,0.006,-0.002,-0.001,0.002,1.5513
1785820401.691,0.000,WAIT,idle,-1,0,0.008,-0.000,0.006,-0.002,-0.000,0.000,1.5513
1785820401.791,0.000,WAIT,idle,-1,0,0.008,-0.000,0.006,-0.001,0.001,0.000,1.5513
1785820401.891,0.000,WAIT,idle,-1,0,0.009,-0.000,0.006,0.000,0.001,0.002,1.5512
1785820401.991,0.000,WAIT,idle,-1,0,0.009,0.000,0.005,0.000,0.002,0.001,1.5512
1785820402.091,0.000,WAIT,idle,-1,0,0.009,0.001,0.005,0.002,0.001,-0.001,1.5512
1785820402.191,0.000,WAIT,idle,-1,0,0.010,0.001,0.005,0.003,0.001,-0.001,1.5513
1785820402.291,0.000,WAIT,idle,-1,0,0.010,0.001,0.005,0.003,0.004,-0.000,1.5512
1785820402.391,0.000,WAIT,idle,-1,0,0.011,0.001,0.005,0.002,0.004,0.001,1.5511
1785820402.491,0.000,WAIT,idle,-1,0,0.011,0.001,0.005,0.000,0.002,-0.000,1.5510
1785820402.591,0.000,WAIT,idle,-1,0,0.011,0.001,0.005,0.000,0.002,0.001,1.5510
1785820402.691,0.000,WAIT,idle,-1,0,0.010,0.001,0.005,-0.000,0.004,-0.000,1.5510
1785820402.791,0.000,WAIT,idle,-1,0,0.010,0.001,0.005,-0.001,0.003,-0.002,1.5512
1785820402.891,0.000,WAIT,idle,-1,0,0.010,0.001,0.005,-0.001,0.002,-0.002,1.5512
1785820402.991,0.000,WAIT,idle,-1,0,0.010,0.001,0.005,-0.000,0.004,-0.001,1.5512
1785820403.091,0.000,WAIT,idle,-1,0,0.009,0.001,0.005,-0.001,0.003,-0.001,1.5512
1785820403.191,0.000,WAIT,idle,-1,0,0.009,0.001,0.005,0.000,0.001,-0.003,1.5511
1785820403.291,0.000,WAIT,idle,-1,0,0.009,0.001,0.005,0.001,0.001,-0.002,1.5510
1785820403.391,0.000,WAIT,idle,-1,0,0.008,0.001,0.005,-0.000,0.000,-0.001,1.5509
1785820403.491,0.000,WAIT,idle,-1,0,0.008,0.000,0.004,-0.002,0.001,-0.002,1.5509
1785820403.591,0.000,WAIT,idle,-1,0,0.008,0.000,0.004,-0.002,0.002,-0.002,1.5508
1785820403.691,0.000,WAIT,idle,-1,0,0.008,0.000,0.004,0.000,-0.000,-0.001,1.5509
1785820403.791,0.000,WAIT,idle,-1,0,0.008,-0.000,0.003,0.000,0.001,-0.003,1.5509
1785820403.891,0.000,WAIT,idle,-1,0,0.008,-0.000,0.003,-0.000,0.002,-0.001,1.5510
1785820403.991,0.000,WAIT,idle,-1,0,0.008,0.000,0.003,0.000,0.003,-0.001,1.5511
1785820404.091,0.000,WAIT,idle,-1,0,0.008,0.000,0.003,-0.002,0.002,0.001,1.5512
1785820404.191,0.000,WAIT,idle,-1,0,0.008,0.001,0.003,-0.000,0.003,0.001,1.5513
1785820404.291,0.000,WAIT,idle,-1,0,0.008,0.001,0.004,-0.002,0.003,0.002,1.5514
1785820404.391,0.000,WAIT,idle,-1,0,0.008,0.001,0.004,-0.004,0.003,0.003,1.5513
1785820404.491,0.000,WAIT,idle,-1,0,0.007,0.001,0.005,-0.001,0.003,0.005,1.5513
1785820404.591,0.000,WAIT,idle,-1,0,0.007,0.002,0.005,0.000,0.005,0.007,1.5515
1785820404.691,0.000,WAIT,idle,-1,0,0.007,0.002,0.006,-0.000,0.006,0.006,1.5515
1785820404.791,0.000,WAIT,idle,-1,0,0.006,0.003,0.007,-0.002,0.009,0.008,1.5515
1785820404.891,0.000,WAIT,idle,-1,0,0.006,0.004,0.008,-0.002,0.012,0.008,1.5514
1785820404.991,0.000,WAIT,idle,-1,0,0.006,0.005,0.008,-0.001,0.013,0.008,1.5514
1785820405.091,0.000,WAIT,idle,-1,0,0.006,0.006,0.009,0.001,0.012,0.008,1.5515
1785820405.191,0.000,WAIT,idle,-1,0,0.006,0.006,0.009,0.001,0.010,0.007,1.5515
1785820405.291,0.000,WAIT,idle,-1,0,0.007,0.006,0.009,0.002,0.008,0.005,1.5514
1785820405.391,0.000,WAIT,idle,-1,0,0.007,0.006,0.009,0.003,0.008,0.005,1.5514
1785820405.491,0.000,WAIT,idle,-1,0,0.008,0.005,0.010,0.003,0.005,0.006,1.5515
1785820405.591,0.000,WAIT,idle,-1,0,0.008,0.005,0.010,0.005,0.004,0.005,1.5515
1785820405.691,0.000,WAIT,idle,-1,0,0.008,0.004,0.010,0.004,0.002,0.004,1.5513
1785820405.791,0.000,WAIT,idle,-1,0,0.009,0.004,0.010,0.005,0.006,0.005,1.5511
1785820405.891,0.000,WAIT,idle,-1,0,0.009,0.004,0.011,0.006,0.005,0.006,1.5513
1785820405.991,0.000,WAIT,idle,-1,0,0.009,0.003,0.011,0.008,0.007,0.004,1.5514
1785820406.091,0.000,WAIT,idle,-1,0,0.009,0.003,0.011,0.007,0.006,0.004,1.5515
1785820406.191,0.000,WAIT,idle,-1,0,0.009,0.003,0.010,0.005,0.006,0.002,1.5517
1785820406.291,0.000,WAIT,idle,-1,0,0.009,0.003,0.010,0.002,0.005,0.001,1.5515
1785820406.391,0.000,WAIT,idle,-1,0,0.008,0.003,0.009,0.002,0.004,-0.000,1.5514
1785820406.491,0.000,WAIT,idle,-1,0,0.008,0.003,0.009,0.003,0.006,0.000,1.5514
1785820406.591,0.000,WAIT,idle,-1,0,0.007,0.003,0.008,0.002,0.006,-0.002,1.5514
1785820406.691,0.000,WAIT,idle,-1,0,0.007,0.003,0.008,0.001,0.008,-0.002,1.5514
1785820406.791,0.000,WAIT,idle,-1,0,0.006,0.003,0.007,0.000,0.006,-0.000,1.5515
1785820406.891,0.000,WAIT,idle,-1,0,0.006,0.003,0.007,0.001,0.006,0.000,1.5515
1785820406.991,0.000,WAIT,idle,-1,0,0.005,0.003,0.007,0.002,0.006,-0.000,1.5515
1785820407.091,0.000,WAIT,idle,-1,0,0.005,0.003,0.006,0.003,0.005,0.000,1.5516
1785820407.191,0.000,WAIT,idle,-1,0,0.005,0.003,0.006,0.003,0.005,0.001,1.5516
1785820407.291,0.000,WAIT,idle,-1,0,0.005,0.003,0.006,0.003,0.003,0.001,1.5517
1785820407.391,0.000,WAIT,idle,-1,0,0.005,0.002,0.006,0.000,0.003,-0.001,1.5516
1785820407.491,0.000,WAIT,idle,-1,0,0.005,0.002,0.005,-0.001,0.003,-0.001,1.5517
1785820407.591,0.000,WAIT,idle,-1,0,0.005,0.002,0.005,-0.002,0.002,-0.001,1.5517
1785820407.691,0.000,WAIT,idle,-1,0,0.005,0.002,0.004,-0.002,0.004,-0.003,1.5517
1785820407.791,0.000,WAIT,idle,-1,0,0.005,0.002,0.003,-0.002,0.004,-0.002,1.5514
1785820407.891,0.000,WAIT,idle,-1,0,0.005,0.002,0.003,-0.001,0.004,-0.001,1.5512
1785820407.991,0.000,WAIT,idle,-1,0,0.005,0.002,0.003,0.001,0.002,-0.003,1.5512
1785820408.091,0.000,WAIT,idle,-1,0,0.005,0.001,0.003,-0.001,-0.001,-0.003,1.5512
1785820408.191,0.000,WAIT,idle,-1,0,0.005,0.001,0.002,0.001,-0.000,-0.005,1.5511
1785820408.291,0.000,WAIT,idle,-1,0,0.004,0.000,0.002,0.002,-0.000,-0.005,1.5510
1785820408.391,0.000,WAIT,idle,-1,0,0.005,0.000,0.002,0.005,-0.001,-0.005,1.5509
1785820408.491,0.000,WAIT,idle,-1,0,0.005,-0.000,0.001,0.005,-0.002,-0.006,1.5510
1785820408.591,0.000,WAIT,idle,-1,0,0.005,-0.000,0.001,0.004,-0.004,-0.006,1.5510
1785820408.691,0.000,WAIT,idle,-1,0,0.005,-0.001,0.001,0.004,-0.005,-0.006,1.5509
1785820408.791,0.000,WAIT,idle,-1,0,0.005,-0.001,0.001,0.004,-0.004,-0.006,1.5507
1785820408.891,0.000,WAIT,idle,-1,0,0.006,-0.001,0.001,0.004,-0.005,-0.008,1.5506
1785820408.991,0.000,WAIT,idle,-1,0,0.006,-0.002,0.000,0.004,-0.006,-0.007,1.5505
1785820409.091,0.000,WAIT,idle,-1,0,0.006,-0.002,-0.000,0.002,-0.008,-0.007,1.5505
1785820409.191,0.000,WAIT,idle,-1,0,0.006,-0.002,-0.000,0.002,-0.010,-0.008,1.5504
1785820409.291,0.000,WAIT,idle,-1,0,0.006,-0.003,-0.000,0.002,-0.009,-0.006,1.5505
1785820409.391,0.000,WAIT,idle,-1,0,0.006,-0.003,-0.000,0.004,-0.006,-0.006,1.5505
1785820409.491,0.000,WAIT,idle,-1,0,0.006,-0.003,-0.000,0.003,-0.005,-0.004,1.5505
1785820409.591,0.000,WAIT,idle,-1,0,0.005,-0.003,0.000,0.005,-0.005,-0.005,1.5505
1785820409.691,0.000,WAIT,idle,-1,0,0.006,-0.002,0.000,0.004,-0.007,-0.003,1.5505
1785820409.791,0.000,WAIT,idle,-1,0,0.006,-0.002,0.001,0.005,-0.006,-0.005,1.5504
1785820409.891,0.000,WAIT,idle,-1,0,0.006,-0.002,0.001,0.005,-0.005,-0.004,1.5504
1785820409.991,0.000,WAIT,idle,-1,0,0.006,-0.002,0.000,0.003,-0.006,-0.003,1.5502
1785820410.091,0.000,WAIT,idle,-1,0,0.006,-0.002,0.000,0.003,-0.006,-0.001,1.5502
1785820410.191,0.000,WAIT,idle,-1,0,0.006,-0.002,0.000,0.002,-0.006,-0.000,1.5502
1785820410.291,0.000,WAIT,idle,-1,0,0.006,-0.002,0.001,0.000,-0.005,0.001,1.5500
1785820410.391,0.000,WAIT,idle,-1,0,0.006,-0.002,0.002,-0.002,-0.006,-0.001,1.5500
1785820410.491,0.000,WAIT,idle,-1,0,0.006,-0.002,0.002,-0.002,-0.005,0.001,1.5500
1785820410.591,0.000,WAIT,idle,-1,0,0.006,-0.002,0.003,0.001,-0.006,0.001,1.5499
1785820410.691,0.000,WAIT,idle,-1,0,0.005,-0.002,0.004,0.001,-0.005,0.001,1.5499
1785820410.791,0.000,WAIT,idle,-1,0,0.005,-0.003,0.004,-0.001,-0.006,-0.000,1.5501
1785820410.891,0.000,WAIT,idle,-1,0,0.005,-0.002,0.004,-0.000,-0.004,0.001,1.5501
1785820410.991,0.000,WAIT,idle,-1,0,0.005,-0.003,0.004,-0.000,-0.006,0.002,1.5500
1785820411.091,0.000,WAIT,idle,-1,0,0.005,-0.003,0.004,-0.000,-0.006,0.002,1.5498
1785820411.191,0.000,WAIT,idle,-1,0,0.005,-0.003,0.004,0.000,-0.005,0.001,1.5498
1785820411.291,0.000,WAIT,idle,-1,0,0.005,-0.003,0.004,-0.001,-0.006,-0.001,1.5497
1785820411.391,0.000,WAIT,idle,-1,0,0.005,-0.003,0.004,-0.003,-0.007,0.001,1.5497
1785820411.491,0.000,WAIT,idle,-1,0,0.004,-0.003,0.004,-0.003,-0.004,0.001,1.5497
1785820411.591,0.000,WAIT,idle,-1,0,0.004,-0.003,0.004,-0.004,-0.004,-0.001,1.5498
1785820411.691,0.000,WAIT,idle,-1,0,0.004,-0.003,0.004,-0.003,-0.005,0.001,1.5497
1785820411.791,0.000,WAIT,idle,-1,0,0.004,-0.003,0.004,-0.003,-0.007,0.002,1.5496
1785820411.891,0.000,WAIT,idle,-1,0,0.004,-0.004,0.005,-0.004,-0.007,0.003,1.5495
1785820411.991,0.000,WAIT,idle,-1,0,0.004,-0.004,0.005,-0.003,-0.003,0.002,1.5494
1785820412.091,0.000,WAIT,idle,-1,0,0.004,-0.003,0.006,-0.002,-0.002,0.003,1.5494
1785820412.191,0.000,WAIT,idle,-1,0,0.005,-0.003,0.006,0.000,-0.003,0.004,1.5492
1785820412.291,0.000,WAIT,idle,-1,0,0.005,-0.002,0.006,-0.002,-0.002,0.003,1.5492
1785820412.391,0.000,WAIT,idle,-1,0,0.006,-0.002,0.006,-0.002,-0.000,0.002,1.5491
1785820412.491,0.000,WAIT,idle,-1,0,0.006,-0.002,0.006,-0.002,-0.000,0.004,1.5490
1785820412.591,0.000,WAIT,idle,-1,0,0.006,-0.001,0.006,-0.001,0.000,0.002,1.5490
1785820412.691,0.000,WAIT,idle,-1,0,0.006,-0.001,0.005,-0.002,0.000,0.001,1.5493
1785820412.791,0.000,WAIT,idle,-1,0,0.006,-0.001,0.005,-0.001,0.003,0.001,1.5494
1785820412.891,0.000,WAIT,idle,-1,0,0.006,-0.000,0.005,-0.001,0.005,0.003,1.5496
1785820412.991,0.000,WAIT,idle,-1,0,0.006,0.000,0.005,-0.002,0.004,0.003,1.5496
1785820413.091,0.000,WAIT,idle,-1,0,0.006,0.001,0.005,-0.002,0.005,0.004,1.5496
1785820413.191,0.000,WAIT,idle,-1,0,0.006,0.001,0.005,-0.003,0.005,0.003,1.5498
1785820413.291,0.000,WAIT,idle,-1,0,0.006,0.001,0.006,-0.002,0.006,0.003,1.5498
1785820413.391,0.000,WAIT,idle,-1,0,0.005,0.002,0.006,-0.004,0.005,0.003,1.5497
1785820413.491,0.000,WAIT,idle,-1,0,0.005,0.002,0.006,-0.002,0.005,0.003,1.5499
1785820413.591,0.000,WAIT,idle,-1,0,0.005,0.002,0.006,-0.002,0.006,0.001,1.5500
1785820413.691,0.000,WAIT,idle,-1,0,0.004,0.002,0.005,-0.002,0.005,-0.000,1.5501
1785820413.791,0.000,WAIT,idle,-1,0,0.004,0.002,0.005,-0.003,0.004,-0.001,1.5501
1785820413.891,0.000,WAIT,idle,-1,0,0.004,0.002,0.005,-0.004,0.003,-0.002,1.5502
1785820413.991,0.000,WAIT,idle,-1,0,0.004,0.002,0.005,-0.004,0.003,-0.000,1.5501
1785820414.091,0.000,WAIT,idle,-1,0,0.004,0.001,0.005,-0.002,0.002,0.001,1.5497
1785820414.191,0.000,WAIT,idle,-1,0,0.004,0.001,0.005,-0.003,-0.001,0.001,1.5497
1785820414.291,0.000,WAIT,idle,-1,0,0.004,0.001,0.006,-0.002,-0.002,0.002,1.5497
1785820414.391,0.000,WAIT,idle,-1,0,0.004,0.000,0.006,-0.003,-0.004,0.002,1.5496
1785820414.491,0.000,WAIT,idle,-1,0,0.004,-0.000,0.006,-0.004,-0.005,0.002,1.5498
1785820414.591,0.000,WAIT,idle,-1,0,0.004,-0.001,0.006,-0.004,-0.006,0.002,1.5497
1785820414.691,0.000,WAIT,idle,-1,0,0.004,-0.001,0.006,-0.002,-0.006,0.001,1.5496
1785820414.791,0.000,WAIT,idle,-1,0,0.004,-0.002,0.006,-0.001,-0.006,0.001,1.5495
1785820414.891,0.000,WAIT,idle,-1,0,0.004,-0.002,0.006,-0.000,-0.005,0.001,1.5496
1785820414.991,0.000,WAIT,idle,-1,0,0.004,-0.001,0.006,-0.002,-0.005,0.001,1.5497
1785820415.091,0.000,WAIT,idle,-1,0,0.003,-0.001,0.006,-0.003,-0.007,0.000,1.5499
1785820415.191,0.000,WAIT,idle,-1,0,0.003,-0.002,0.006,-0.002,-0.006,-0.002,1.5499
1785820415.291,0.000,WAIT,idle,-1,0,0.003,-0.002,0.005,-0.003,-0.005,-0.003,1.5499
1785820415.391,0.000,WAIT,idle,-1,0,0.003,-0.001,0.005,-0.003,-0.004,-0.003,1.5497
1785820415.491,0.000,WAIT,idle,-1,0,0.004,-0.001,0.005,-0.002,-0.005,-0.002,1.5495
1785820415.591,0.000,WAIT,idle,-1,0,0.004,-0.001,0.004,-0.002,-0.004,-0.003,1.5495
1785820415.691,0.000,WAIT,idle,-1,0,0.004,-0.001,0.004,-0.001,-0.004,-0.003,1.5497
1785820415.791,0.000,WAIT,idle,-1,0,0.005,-0.001,0.003,-0.001,-0.006,-0.004,1.5497
1785820415.891,0.000,WAIT,idle,-1,0,0.005,-0.001,0.003,-0.000,-0.005,-0.005,1.5498
1785820415.991,0.000,WAIT,idle,-1,0,0.006,-0.001,0.003,-0.000,-0.001,-0.004,1.5498
1785820416.091,0.000,WAIT,idle,-1,0,0.006,-0.001,0.002,0.001,-0.001,-0.003,1.5498
1785820416.191,0.000,WAIT,idle,-1,0,0.007,-0.000,0.002,0.003,0.000,-0.001,1.5499
1785820416.291,0.000,WAIT,idle,-1,0,0.008,-0.000,0.003,0.003,-0.001,0.001,1.5500
1785820416.391,0.000,WAIT,idle,-1,0,0.008,0.000,0.003,0.004,0.001,-0.000,1.5502
1785820416.491,0.000,WAIT,idle,-1,0,0.008,0.001,0.002,0.004,0.002,0.000,1.5502
1785820416.591,0.000,WAIT,idle,-1,0,0.008,0.001,0.002,0.004,-0.000,-0.001,1.5501
1785820416.691,0.000,WAIT,idle,-1,0,0.009,0.001,0.002,0.003,0.001,0.001,1.5502
1785820416.791,0.000,WAIT,idle,-1,0,0.009,0.001,0.002,0.003,-0.000,-0.001,1.5503
1785820416.891,0.000,WAIT,idle,-1,0,0.009,0.001,0.001,0.004,0.000,-0.003,1.5503
1785820416.991,0.000,WAIT,idle,-1,0,0.009,0.001,0.001,0.004,-0.001,-0.003,1.5503
1785820417.091,0.000,WAIT,idle,-1,0,0.010,0.001,0.000,0.002,0.001,-0.004,1.5503
1785820417.191,0.000,WAIT,idle,-1,0,0.010,0.001,-0.001,0.003,0.001,-0.005,1.5503
1785820417.291,0.000,WAIT,idle,-1,0,0.010,0.001,-0.001,0.004,-0.000,-0.005,1.5500
1785820417.391,0.000,WAIT,idle,-1,0,0.010,0.001,-0.001,0.006,-0.002,-0.004,1.5500
1785820417.491,0.000,WAIT,idle,-1,0,0.011,0.001,-0.001,0.005,-0.003,-0.003,1.5500
1785820417.591,0.000,WAIT,idle,-1,0,0.011,0.000,-0.001,0.007,-0.002,-0.001,1.5499
1785820417.691,0.000,WAIT,idle,-1,0,0.011,-0.000,-0.000,0.007,-0.002,0.000,1.5499
1785820417.791,0.000,WAIT,idle,-1,0,0.012,-0.000,0.000,0.008,-0.004,0.002,1.5499
1785820417.891,0.000,WAIT,idle,-1,0,0.012,-0.001,0.001,0.006,-0.004,0.000,1.5500
1785820417.991,0.000,WAIT,idle,-1,0,0.012,-0.001,0.002,0.005,-0.005,0.000,1.5502
1785820418.091,0.000,WAIT,idle,-1,0,0.012,-0.001,0.002,0.004,-0.003,0.002,1.5503
1785820418.191,0.000,WAIT,idle,-1,0,0.012,-0.001,0.003,0.005,0.001,0.002,1.5503
1785820418.291,0.000,WAIT,idle,-1,0,0.012,0.000,0.003,0.006,0.001,0.001,1.5505
1785820418.391,0.000,WAIT,idle,-1,0,0.012,0.001,0.003,0.005,0.002,0.001,1.5504
1785820418.491,0.000,WAIT,idle,-1,0,0.012,0.001,0.003,0.007,0.001,-0.000,1.5505
1785820418.591,0.000,WAIT,idle,-1,0,0.012,0.001,0.003,0.007,0.002,-0.000,1.5507
1785820418.691,0.000,WAIT,idle,-1,0,0.012,0.001,0.003,0.005,0.003,-0.002,1.5508
1785820418.791,0.000,WAIT,idle,-1,0,0.012,0.002,0.003,0.007,-0.001,-0.002,1.5508
1785820418.891,0.000,WAIT,idle,-1,0,0.012,0.001,0.003,0.005,-0.002,-0.003,1.5509
1785820418.991,0.000,WAIT,idle,-1,0,0.012,0.001,0.003,0.004,-0.001,-0.002,1.5507
1785820419.091,0.000,WAIT,idle,-1,0,0.012,0.001,0.003,0.004,-0.002,-0.004,1.5506
1785820419.191,0.000,WAIT,idle,-1,0,0.012,0.001,0.003,0.004,-0.002,-0.002,1.5506
1785820419.291,0.000,WAIT,idle,-1,0,0.012,0.000,0.003,0.004,-0.002,-0.002,1.5506
1785820419.391,0.000,WAIT,idle,-1,0,0.012,0.000,0.003,0.003,-0.001,-0.001,1.5506
1785820419.491,0.000,WAIT,idle,-1,0,0.012,0.001,0.004,0.002,-0.000,-0.000,1.5505
1785820419.591,0.000,WAIT,idle,-1,0,0.011,0.001,0.004,0.001,-0.001,-0.002,1.5507
1785820419.691,0.000,WAIT,idle,-1,0,0.011,0.001,0.004,0.001,-0.002,-0.004,1.5508
1785820419.791,0.000,WAIT,idle,-1,0,0.010,0.001,0.003,0.000,-0.002,-0.005,1.5507
1785820419.891,0.000,WAIT,idle,-1,0,0.010,0.001,0.003,-0.001,-0.001,-0.004,1.5507
1785820419.991,0.000,WAIT,idle,-1,0,0.009,0.001,0.003,-0.003,-0.003,-0.003,1.5510
1785820420.091,0.000,WAIT,idle,-1,0,0.008,0.001,0.003,-0.003,-0.002,-0.001,1.5509
1785820420.191,0.000,WAIT,idle,-1,0,0.008,0.001,0.003,-0.004,-0.001,-0.002,1.5510
1785820420.291,0.000,WAIT,idle,-1,0,0.007,0.001,0.004,-0.002,-0.001,0.001,1.5509
1785820420.391,0.000,WAIT,idle,-1,0,0.007,0.001,0.004,0.000,0.000,0.002,1.5510
1785820420.491,0.000,WAIT,idle,-1,0,0.007,0.001,0.005,0.001,0.001,0.000,1.5509
1785820420.591,0.000,WAIT,idle,-1,0,0.007,0.001,0.005,0.002,0.002,0.001,1.5507
1785820420.691,0.000,WAIT,idle,-1,0,0.007,0.001,0.005,0.003,0.001,0.003,1.5506
1785820420.791,0.000,WAIT,idle,-1,0,0.007,0.001,0.005,0.004,0.001,0.005,1.5508
1785820420.891,0.000,WAIT,idle,-1,0,0.008,0.001,0.006,0.003,0.000,0.004,1.5509
1785820420.991,0.000,WAIT,idle,-1,0,0.008,0.001,0.006,0.005,-0.000,0.004,1.5511
1785820421.091,0.000,WAIT,idle,-1,0,0.009,0.001,0.006,0.004,0.000,0.005,1.5512
1785820421.191,0.000,WAIT,idle,-1,0,0.009,0.001,0.007,0.004,-0.000,0.005,1.5511
1785820421.291,0.000,WAIT,idle,-1,0,0.009,0.001,0.007,0.003,0.000,0.006,1.5511
1785820421.391,0.000,WAIT,idle,-1,0,0.009,0.001,0.007,0.004,-0.001,0.007,1.5508
1785820421.491,0.000,WAIT,idle,-1,0,0.008,0.001,0.008,0.003,-0.001,0.006,1.5507
1785820421.591,0.000,WAIT,idle,-1,0,0.008,0.001,0.008,0.002,-0.002,0.007,1.5504
1785820421.691,0.000,WAIT,idle,-1,0,0.007,0.001,0.008,0.002,-0.002,0.007,1.5502
1785820421.791,0.000,WAIT,idle,-1,0,0.007,0.001,0.008,0.004,-0.002,0.007,1.5501
1785820421.891,0.000,WAIT,idle,-1,0,0.007,0.000,0.008,0.004,-0.002,0.010,1.5499
1785820421.991,0.000,WAIT,idle,-1,0,0.007,0.000,0.008,0.001,-0.005,0.009,1.5498
1785820422.091,0.000,WAIT,idle,-1,0,0.007,-0.000,0.009,0.002,-0.006,0.009,1.5497
1785820422.191,0.000,WAIT,idle,-1,0,0.007,-0.001,0.009,0.001,-0.008,0.007,1.5496
1785820422.291,0.000,WAIT,idle,-1,0,0.007,-0.002,0.009,0.001,-0.007,0.006,1.5494
1785820422.391,0.000,WAIT,idle,-1,0,0.007,-0.002,0.009,0.002,-0.007,0.006,1.5494
1785820422.491,0.000,WAIT,idle,-1,0,0.007,-0.002,0.009,0.003,-0.006,0.004,1.5492
1785820422.591,0.000,WAIT,idle,-1,0,0.008,-0.002,0.009,0.002,-0.006,0.004,1.5492
1785820422.691,0.000,WAIT,idle,-1,0,0.008,-0.002,0.008,0.000,-0.007,0.003,1.5491
1785820422.791,0.000,WAIT,idle,-1,0,0.008,-0.002,0.008,0.002,-0.007,0.004,1.5492
1785820422.891,0.000,WAIT,idle,-1,0,0.008,-0.002,0.008,0.004,-0.005,0.001,1.5490
1785820422.991,0.000,WAIT,idle,-1,0,0.009,-0.002,0.007,0.007,-0.005,0.001,1.5491
1785820423.091,0.000,WAIT,idle,-1,0,0.010,-0.002,0.007,0.006,-0.004,0.002,1.5490
1785820423.191,0.000,WAIT,idle,-1,0,0.010,-0.002,0.007,0.006,-0.003,0.002,1.5488
1785820423.291,0.000,WAIT,idle,-1,0,0.010,-0.001,0.007,0.003,-0.001,0.004,1.5485
1785820423.391,0.000,WAIT,idle,-1,0,0.010,-0.001,0.007,0.003,0.000,0.005,1.5485
1785820423.491,0.000,WAIT,idle,-1,0,0.010,-0.000,0.007,0.001,0.001,0.005,1.5484
1785820423.591,0.000,WAIT,idle,-1,0,0.010,0.001,0.007,0.002,0.002,0.006,1.5485
1785820423.691,0.000,WAIT,idle,-1,0,0.010,0.001,0.007,-0.000,0.001,0.004,1.5486
1785820423.791,0.000,WAIT,idle,-1,0,0.009,0.001,0.008,-0.002,-0.001,0.004,1.5487
1785820423.891,0.000,WAIT,idle,-1,0,0.009,0.001,0.008,-0.002,-0.000,0.004,1.5487
1785820423.991,0.000,WAIT,idle,-1,0,0.009,0.001,0.008,-0.002,-0.000,0.003,1.5487
1785820424.091,0.000,WAIT,idle,-1,0,0.008,0.001,0.008,-0.000,-0.001,0.002,1.5486
1785820424.191,0.000,WAIT,idle,-1,0,0.008,0.001,0.008,-0.001,-0.000,0.001,1.5487
1785820424.291,0.000,WAIT,idle,-1,0,0.008,0.001,0.008,-0.000,-0.000,-0.000,1.5488
1785820424.391,0.000,WAIT,idle,-1,0,0.007,0.001,0.007,-0.001,0.000,-0.001,1.5486
1785820424.491,0.000,WAIT,idle,-1,0,0.007,0.001,0.007,0.000,0.001,-0.000,1.5487
1785820424.591,0.000,WAIT,idle,-1,0,0.007,0.001,0.007,0.000,0.003,-0.002,1.5487
1785820424.691,0.000,WAIT,idle,-1,0,0.007,0.001,0.006,-0.002,0.003,-0.002,1.5488
1785820424.791,0.000,WAIT,idle,-1,0,0.007,0.002,0.006,-0.003,-0.001,-0.003,1.5489
1785820424.891,0.000,WAIT,idle,-1,0,0.006,0.002,0.005,-0.003,0.001,-0.002,1.5489
1785820424.991,0.000,WAIT,idle,-1,0,0.006,0.002,0.005,-0.004,0.003,-0.004,1.5491
1785820425.091,0.000,WAIT,idle,-1,0,0.005,0.003,0.004,-0.005,0.003,-0.003,1.5491
1785820425.191,0.000,WAIT,idle,-1,0,0.005,0.003,0.004,-0.006,0.002,-0.001,1.5489
1785820425.291,0.000,WAIT,idle,-1,0,0.004,0.003,0.004,-0.006,0.001,-0.000,1.5489
1785820425.391,0.000,WAIT,idle,-1,0,0.004,0.003,0.004,-0.006,0.003,-0.001,1.5491
1785820425.491,0.000,WAIT,idle,-1,0,0.005,0.003,0.005,-0.004,0.003,-0.001,1.5491
1785820425.591,0.000,WAIT,idle,-1,0,0.005,0.003,0.005,-0.003,0.004,0.001,1.5490
1785820425.691,0.000,WAIT,idle,-1,0,0.005,0.003,0.006,-0.005,0.004,-0.001,1.5491
1785820425.791,0.000,WAIT,idle,-1,0,0.005,0.003,0.006,-0.003,0.003,0.001,1.5490
1785820425.891,0.000,WAIT,idle,-1,0,0.005,0.003,0.006,-0.004,0.003,-0.000,1.5491
1785820425.991,0.000,WAIT,idle,-1,0,0.005,0.003,0.007,-0.005,0.000,0.001,1.5490
1785820426.091,0.000,WAIT,idle,-1,0,0.004,0.002,0.007,-0.007,0.001,-0.000,1.5490
1785820426.191,0.000,WAIT,idle,-1,0,0.004,0.002,0.007,-0.004,0.001,-0.001,1.5491
1785820426.291,0.000,WAIT,idle,-1,0,0.004,0.002,0.007,-0.005,0.003,0.001,1.5493
1785820426.391,0.000,WAIT,idle,-1,0,0.005,0.002,0.007,-0.004,0.003,0.002,1.5495
1785820426.491,0.000,WAIT,idle,-1,0,0.005,0.002,0.007,-0.002,0.003,0.003,1.5494
1785820426.591,0.000,WAIT,idle,-1,0,0.005,0.002,0.007,-0.003,0.005,0.002,1.5493
1785820426.691,0.000,WAIT,idle,-1,0,0.005,0.003,0.008,-0.003,0.004,0.000,1.5490
1785820426.791,0.000,WAIT,idle,-1,0,0.004,0.003,0.008,-0.001,0.002,0.001,1.5487
1785820426.891,0.000,WAIT,idle,-1,0,0.005,0.003,0.008,-0.001,-0.001,-0.001,1.5487
1785820426.991,0.000,WAIT,idle,-1,0,0.005,0.003,0.008,-0.001,-0.001,-0.000,1.5486
1785820427.091,0.000,WAIT,idle,-1,0,0.005,0.002,0.007,-0.000,-0.001,-0.003,1.5487
1785820427.191,0.000,WAIT,idle,-1,0,0.005,0.002,0.007,-0.000,-0.001,-0.002,1.5486
1785820427.291,0.000,WAIT,idle,-1,0,0.005,0.002,0.006,0.002,-0.001,-0.003,1.5486
1785820427.391,0.000,WAIT,idle,-1,0,0.006,0.002,0.006,0.004,0.000,-0.003,1.5486
1785820427.491,0.000,WAIT,idle,-1,0,0.006,0.001,0.005,0.002,0.001,-0.004,1.5487
1785820427.591,0.000,WAIT,idle,-1,0,0.006,0.001,0.005,0.003,0.002,-0.004,1.5487
1785820427.691,0.000,WAIT,idle,-1,0,0.007,0.001,0.005,0.004,0.001,-0.004,1.5489
1785820427.791,0.000,WAIT,idle,-1,0,0.007,0.001,0.004,0.005,-0.001,-0.003,1.5490
1785820427.891,0.000,WAIT,idle,-1,0,0.008,0.000,0.004,0.005,-0.002,-0.003,1.5490
1785820427.991,0.000,WAIT,idle,-1,0,0.008,0.000,0.004,0.007,-0.001,-0.003,1.5489
1785820428.091,0.000,WAIT,idle,-1,0,0.008,0.000,0.004,0.007,0.000,-0.002,1.5489
1785820428.191,0.000,WAIT,idle,-1,0,0.009,0.000,0.005,0.008,0.000,-0.001,1.5488
1785820428.291,0.000,WAIT,idle,-1,0,0.009,0.001,0.005,0.007,0.004,-0.001,1.5488
1785820428.391,0.000,WAIT,idle,-1,0,0.009,0.001,0.006,0.006,0.004,0.002,1.5490
1785820428.491,0.000,WAIT,idle,-1,0,0.009,0.001,0.007,0.004,0.005,0.004,1.5492
1785820428.591,0.000,WAIT,idle,-1,0,0.009,0.002,0.008,0.006,0.003,0.005,1.5492
1785820428.691,0.000,WAIT,idle,-1,0,0.009,0.002,0.008,0.004,0.004,0.004,1.5494
1785820428.791,0.000,WAIT,idle,-1,0,0.009,0.002,0.009,0.003,0.006,0.004,1.5495
1785820428.891,0.000,WAIT,idle,-1,0,0.008,0.002,0.009,0.003,0.006,0.002,1.5496
1785820428.991,0.000,WAIT,idle,-1,0,0.008,0.002,0.009,0.003,0.007,0.002,1.5497
1785820429.091,0.000,WAIT,idle,-1,0,0.008,0.003,0.009,0.001,0.007,0.003,1.5497
1785820429.191,0.000,WAIT,idle,-1,0,0.007,0.003,0.009,-0.001,0.006,0.001,1.5497
1785820429.291,0.000,WAIT,idle,-1,0,0.007,0.003,0.009,-0.001,0.006,0.001,1.5496
1785820429.391,0.000,WAIT,idle,-1,0,0.006,0.003,0.008,-0.002,0.008,0.002,1.5495
1785820429.491,0.000,WAIT,idle,-1,0,0.005,0.004,0.008,-0.007,0.009,0.002,1.5494
1785820429.591,0.000,WAIT,idle,-1,0,0.004,0.004,0.007,-0.008,0.010,0.000,1.5495
1785820429.691,0.000,WAIT,idle,-1,0,0.002,0.005,0.007,-0.010,0.011,0.004,1.5495
1785820429.791,0.000,WAIT,idle,-1,0,0.001,0.006,0.006,-0.010,0.011,0.006,1.5497
1785820429.891,0.000,WAIT,idle,-1,0,0.001,0.006,0.006,-0.009,0.011,0.007,1.5499
1785820429.991,0.000,WAIT,idle,-1,0,0.000,0.006,0.007,-0.009,0.009,0.008,1.5499
1785820430.091,0.000,WAIT,idle,-1,0,-0.000,0.006,0.007,-0.010,0.010,0.008,1.5501
1785820430.191,0.000,WAIT,idle,-1,0,-0.000,0.005,0.008,-0.006,0.008,0.009,1.5500
1785820430.291,0.000,WAIT,idle,-1,0,0.000,0.005,0.008,-0.003,0.008,0.008,1.5501
1785820430.391,0.000,WAIT,idle,-1,0,0.001,0.005,0.008,-0.002,0.006,0.010,1.5500
1785820430.491,0.000,WAIT,idle,-1,0,0.002,0.004,0.008,-0.003,0.005,0.007,1.5502
1785820430.591,0.000,WAIT,idle,-1,0,0.002,0.004,0.008,-0.003,0.002,0.006,1.5503
1785820430.691,0.000,WAIT,idle,-1,0,0.003,0.003,0.007,-0.002,0.002,0.005,1.5504
1785820430.791,0.000,WAIT,idle,-1,0,0.003,0.003,0.007,0.001,-0.000,0.006,1.5504
1785820430.891,0.000,WAIT,idle,-1,0,0.004,0.002,0.007,0.001,-0.002,0.004,1.5504
1785820430.991,0.000,WAIT,idle,-1,0,0.005,0.001,0.007,0.001,-0.002,0.004,1.5504
1785820431.091,0.000,WAIT,idle,-1,0,0.005,0.000,0.007,0.000,-0.003,0.004,1.5506
1785820431.191,0.000,WAIT,idle,-1,0,0.005,0.000,0.007,-0.001,-0.002,0.003,1.5508
1785820431.291,0.000,WAIT,idle,-1,0,0.005,-0.000,0.007,-0.003,-0.002,0.004,1.5507
1785820431.391,0.000,WAIT,idle,-1,0,0.005,-0.000,0.007,-0.004,-0.002,0.004,1.5507
1785820431.491,0.000,WAIT,idle,-1,0,0.004,-0.000,0.008,-0.006,-0.002,0.005,1.5508
1785820431.591,0.000,WAIT,idle,-1,0,0.003,-0.000,0.008,-0.008,-0.001,0.007,1.5509
1785820431.691,0.000,WAIT,idle,-1,0,0.003,-0.000,0.008,-0.009,0.000,0.006,1.5511
1785820431.791,0.000,WAIT,idle,-1,0,0.002,-0.000,0.009,-0.010,0.000,0.006,1.5511
1785820431.891,0.000,WAIT,idle,-1,0,0.001,0.000,0.009,-0.011,0.000,0.007,1.5511
1785820431.991,0.000,WAIT,idle,-1,0,0.001,0.000,0.009,-0.011,0.000,0.007,1.5513
1785820432.091,0.000,WAIT,idle,-1,0,0.001,0.000,0.010,-0.008,-0.000,0.006,1.5514
1785820432.191,0.000,WAIT,idle,-1,0,0.001,-0.000,0.010,-0.006,-0.003,0.004,1.5515
1785820432.291,0.000,WAIT,idle,-1,0,0.001,-0.000,0.010,-0.003,-0.004,0.002,1.5516
1785820432.391,0.000,WAIT,idle,-1,0,0.001,-0.001,0.010,-0.003,-0.006,0.002,1.5516
1785820432.491,0.000,WAIT,idle,-1,0,0.001,-0.001,0.010,-0.003,-0.004,0.004,1.5517
1785820432.591,0.000,WAIT,idle,-1,0,0.001,-0.001,0.010,-0.002,-0.005,0.006,1.5516
1785820432.691,0.000,WAIT,idle,-1,0,0.001,-0.001,0.010,-0.005,-0.002,0.006,1.5515
1785820432.791,0.000,WAIT,idle,-1,0,0.001,-0.001,0.011,-0.005,-0.004,0.004,1.5516
1785820432.891,0.000,WAIT,idle,-1,0,0.001,-0.000,0.011,-0.006,-0.002,0.004,1.5518
1785820432.991,0.000,WAIT,idle,-1,0,0.000,-0.000,0.011,-0.005,0.000,0.006,1.5519
1785820433.091,0.000,WAIT,idle,-1,0,0.000,0.000,0.011,-0.006,-0.002,0.005,1.5519
1785820433.191,0.000,WAIT,idle,-1,0,0.000,0.000,0.011,-0.006,-0.001,0.005,1.5521
1785820433.291,0.000,WAIT,idle,-1,0,0.000,0.001,0.011,-0.005,-0.002,0.002,1.5521
1785820433.391,0.000,WAIT,idle,-1,0,0.001,0.001,0.010,-0.003,-0.004,0.004,1.5521
1785820433.491,0.000,WAIT,idle,-1,0,0.001,0.000,0.010,-0.002,-0.003,0.003,1.5522
1785820433.591,0.000,WAIT,idle,-1,0,0.002,0.000,0.010,-0.002,-0.003,0.005,1.5521
1785820433.691,0.000,WAIT,idle,-1,0,0.002,0.000,0.010,-0.002,-0.005,0.003,1.5521
1785820433.791,0.000,WAIT,idle,-1,0,0.003,0.000,0.009,-0.002,-0.006,-0.000,1.5521
1785820433.891,0.000,WAIT,idle,-1,0,0.003,0.000,0.008,-0.005,-0.007,-0.001,1.5521
1785820433.991,0.000,WAIT,idle,-1,0,0.004,-0.000,0.007,-0.004,-0.008,0.000,1.5522
1785820434.091,0.000,WAIT,idle,-1,0,0.004,-0.001,0.007,-0.003,-0.007,0.001,1.5522
1785820434.191,0.000,WAIT,idle,-1,0,0.004,-0.001,0.006,-0.001,-0.005,-0.003,1.5523
1785820434.291,0.000,WAIT,idle,-1,0,0.004,-0.000,0.005,-0.000,-0.004,0.000,1.5525
1785820434.391,0.000,WAIT,idle,-1,0,0.005,-0.000,0.005,-0.001,-0.005,0.002,1.5527
1785820434.491,0.000,WAIT,idle,-1,0,0.005,0.000,0.005,-0.000,-0.005,0.002,1.5524
1785820434.591,0.000,WAIT,idle,-1,0,0.005,-0.000,0.005,-0.002,-0.005,0.001,1.5524
1785820434.691,0.000,WAIT,idle,-1,0,0.005,-0.000,0.005,-0.004,-0.006,0.002,1.5523
1785820434.791,0.000,WAIT,idle,-1,0,0.004,-0.000,0.005,-0.005,-0.004,0.005,1.5522
1785820434.891,0.000,WAIT,idle,-1,0,0.004,-0.000,0.006,-0.005,-0.005,0.005,1.5522
1785820434.991,0.000,WAIT,idle,-1,0,0.003,0.000,0.007,-0.005,-0.002,0.006,1.5522
1785820435.091,0.000,WAIT,idle,-1,0,0.002,0.000,0.007,-0.006,-0.001,0.007,1.5520
1785820435.191,0.000,WAIT,idle,-1,0,0.002,0.001,0.008,-0.006,-0.000,0.007,1.5519
1785820435.291,0.000,WAIT,idle,-1,0,0.002,0.001,0.008,-0.005,0.001,0.007,1.5517
1785820435.391,0.000,WAIT,idle,-1,0,0.002,0.001,0.009,-0.004,-0.000,0.007,1.5518
1785820435.491,0.000,WAIT,idle,-1,0,0.001,0.002,0.009,-0.003,0.001,0.005,1.5518
1785820435.591,0.000,WAIT,idle,-1,0,0.002,0.002,0.008,-0.005,0.000,0.004,1.5519
1785820435.691,0.000,WAIT,idle,-1,0,0.002,0.002,0.007,-0.005,0.000,0.003,1.5517
1785820435.791,0.000,WAIT,idle,-1,0,0.002,0.002,0.007,-0.006,-0.002,0.001,1.5519
1785820435.891,0.000,WAIT,idle,-1,0,0.002,0.002,0.006,-0.005,-0.003,0.000,1.5518
1785820435.991,0.000,WAIT,idle,-1,0,0.003,0.002,0.005,-0.003,-0.003,-0.000,1.5518
1785820436.091,0.000,WAIT,idle,-1,0,0.003,0.001,0.004,-0.003,-0.004,-0.002,1.5519
1785820436.191,0.000,WAIT,idle,-1,0,0.003,0.001,0.003,-0.004,-0.004,-0.003,1.5518
1785820436.291,0.000,WAIT,idle,-1,0,0.003,0.001,0.003,-0.003,-0.003,-0.001,1.5517
1785820436.391,0.000,WAIT,idle,-1,0,0.004,0.001,0.003,-0.002,-0.002,-0.002,1.5518
1785820436.491,0.000,WAIT,idle,-1,0,0.004,0.001,0.002,-0.001,-0.004,-0.003,1.5519
1785820436.591,0.000,WAIT,idle,-1,0,0.005,0.001,0.002,-0.003,-0.003,-0.003,1.5520
1785820436.691,0.000,WAIT,idle,-1,0,0.005,0.000,0.002,-0.003,-0.005,-0.004,1.5523
1785820436.791,0.000,WAIT,idle,-1,0,0.005,0.000,0.002,-0.001,-0.002,-0.005,1.5524
1785820436.891,0.000,WAIT,idle,-1,0,0.006,0.000,0.002,-0.002,-0.002,-0.006,1.5526
1785820436.991,0.000,WAIT,idle,-1,0,0.006,0.000,0.002,-0.001,-0.003,-0.006,1.5527
1785820437.091,0.000,WAIT,idle,-1,0,0.006,0.000,0.001,-0.002,-0.001,-0.005,1.5527
1785820437.191,0.000,WAIT,idle,-1,0,0.006,-0.000,0.001,-0.002,-0.001,-0.004,1.5525
1785820437.291,0.000,WAIT,idle,-1,0,0.006,-0.000,0.001,-0.003,0.000,-0.003,1.5526
1785820437.391,0.000,WAIT,idle,-1,0,0.006,0.000,0.001,-0.007,0.000,0.000,1.5524
1785820437.491,0.000,WAIT,idle,-1,0,0.006,0.000,0.001,-0.007,0.001,0.002,1.5522
1785820437.591,0.000,WAIT,idle,-1,0,0.006,0.000,0.002,-0.007,0.002,0.003,1.5523
1785820437.691,0.000,WAIT,idle,-1,0,0.005,0.001,0.003,-0.007,0.002,0.003,1.5523
1785820437.791,0.000,WAIT,idle,-1,0,0.005,0.001,0.003,-0.007,0.002,0.002,1.5520
1785820437.891,0.000,WAIT,idle,-1,0,0.005,0.001,0.003,-0.005,0.003,0.002,1.5519
1785820437.991,0.000,WAIT,idle,-1,0,0.005,0.001,0.003,-0.002,0.005,0.003,1.5519
1785820438.091,0.000,WAIT,idle,-1,0,0.005,0.002,0.003,0.001,0.007,0.003,1.5519
1785820438.191,0.000,WAIT,idle,-1,0,0.006,0.003,0.003,0.001,0.006,0.002,1.5518
1785820438.291,0.000,WAIT,idle,-1,0,0.006,0.003,0.003,-0.001,0.009,0.001,1.5519
1785820438.391,0.000,WAIT,idle,-1,0,0.006,0.004,0.002,0.002,0.011,0.001,1.5519
1785820438.491,0.000,WAIT,idle,-1,0,0.007,0.005,0.002,0.002,0.013,0.001,1.5518
1785820438.591,0.000,WAIT,idle,-1,0,0.007,0.006,0.002,0.000,0.011,0.002,1.5516
1785820438.691,0.000,WAIT,idle,-1,0,0.006,0.006,0.003,-0.002,0.011,0.000,1.5515
1785820438.791,0.000,WAIT,idle,-1,0,0.006,0.006,0.003,-0.003,0.008,0.000,1.5513
1785820438.891,0.000,WAIT,idle,-1,0,0.005,0.005,0.003,-0.005,0.006,0.000,1.5514
1785820438.991,0.000,WAIT,idle,-1,0,0.005,0.004,0.003,-0.005,0.004,0.001,1.5515
1785820439.091,0.000,WAIT,idle,-1,0,0.005,0.004,0.003,-0.005,0.003,0.001,1.5515
1785820439.191,0.000,WAIT,idle,-1,0,0.005,0.003,0.003,-0.005,0.001,-0.000,1.5517
1785820439.291,0.000,WAIT,idle,-1,0,0.005,0.002,0.003,-0.002,-0.001,-0.001,1.5517
1785820439.391,0.000,WAIT,idle,-1,0,0.005,0.001,0.004,-0.002,-0.003,-0.001,1.5515
1785820439.491,0.000,WAIT,idle,-1,0,0.006,0.000,0.003,-0.004,-0.005,0.000,1.5516
1785820439.591,0.000,WAIT,idle,-1,0,0.006,-0.000,0.003,-0.004,-0.005,0.002,1.5516
1785820439.691,0.000,WAIT,idle,-1,0,0.006,-0.001,0.003,-0.004,-0.006,-0.001,1.5517
1785820439.791,0.000,WAIT,idle,-1,0,0.006,-0.001,0.003,-0.004,-0.007,-0.000,1.5517
1785820439.891,0.000,WAIT,idle,-1,0,0.006,-0.001,0.004,-0.005,-0.004,0.002,1.5517
1785820439.991,0.000,WAIT,idle,-1,0,0.006,-0.001,0.004,-0.007,-0.004,0.002,1.5517
1785820440.091,0.000,WAIT,idle,-1,0,0.005,-0.001,0.004,-0.008,-0.004,0.003,1.5518
1785820440.191,0.000,WAIT,idle,-1,0,0.004,-0.001,0.005,-0.008,-0.002,0.005,1.5517
1785820440.291,0.000,WAIT,idle,-1,0,0.003,-0.001,0.005,-0.009,-0.000,0.005,1.5518
1785820440.391,0.000,WAIT,idle,-1,0,0.003,-0.000,0.005,-0.010,-0.000,0.002,1.5518
1785820440.491,0.000,WAIT,idle,-1,0,0.002,-0.000,0.004,-0.008,-0.000,0.001,1.5518
1785820440.591,0.000,WAIT,idle,-1,0,0.002,-0.000,0.004,-0.009,-0.002,0.002,1.5519
1785820440.691,0.000,WAIT,idle,-1,0,0.002,-0.000,0.004,-0.010,-0.002,0.001,1.5521
1785820440.791,0.000,WAIT,idle,-1,0,0.002,-0.000,0.004,-0.010,-0.003,0.003,1.5522
1785820440.891,0.000,WAIT,idle,-1,0,0.002,-0.001,0.004,-0.009,-0.002,0.002,1.5522
1785820440.991,0.000,WAIT,idle,-1,0,0.002,-0.001,0.005,-0.008,-0.003,0.003,1.5523
1785820441.091,0.000,WAIT,idle,-1,0,0.003,-0.001,0.005,-0.008,-0.002,0.002,1.5525
1785820441.191,0.000,WAIT,idle,-1,0,0.003,-0.001,0.006,-0.009,-0.001,0.001,1.5526
1785820441.291,0.000,WAIT,idle,-1,0,0.003,-0.000,0.006,-0.008,-0.000,0.000,1.5528
1785820441.391,0.000,WAIT,idle,-1,0,0.003,-0.000,0.006,-0.008,0.000,-0.001,1.5530
1785820441.491,0.000,WAIT,idle,-1,0,0.003,0.000,0.005,-0.007,0.002,-0.002,1.5529
1785820441.591,0.000,WAIT,idle,-1,0,0.003,0.000,0.005,-0.007,0.002,0.001,1.5527
1785820441.691,0.000,WAIT,idle,-1,0,0.003,0.001,0.005,-0.008,0.002,0.000,1.5526
1785820441.791,0.000,WAIT,idle,-1,0,0.002,0.001,0.005,-0.008,0.002,-0.001,1.5523
1785820441.891,0.000,WAIT,idle,-1,0,0.002,0.001,0.006,-0.008,-0.000,-0.001,1.5521
1785820441.991,0.000,WAIT,idle,-1,0,0.002,0.000,0.006,-0.008,-0.003,-0.002,1.5521
1785820442.091,0.000,WAIT,idle,-1,0,0.002,-0.000,0.006,-0.008,-0.005,-0.000,1.5521
1785820442.191,0.000,WAIT,idle,-1,0,0.002,-0.001,0.006,-0.008,-0.004,-0.001,1.5521
1785820442.291,0.000,WAIT,idle,-1,0,0.002,-0.001,0.006,-0.007,-0.002,0.002,1.5520
1785820442.391,0.000,WAIT,idle,-1,0,0.002,-0.001,0.007,-0.004,0.001,0.001,1.5521
1785820442.491,0.000,WAIT,idle,-1,0,0.003,-0.000,0.007,-0.005,0.001,0.002,1.5520
1785820442.591,0.000,WAIT,idle,-1,0,0.003,0.000,0.007,-0.004,0.001,0.002,1.5520
1785820442.691,0.000,WAIT,idle,-1,0,0.003,0.000,0.007,-0.003,0.004,0.003,1.5522
1785820442.791,0.000,WAIT,idle,-1,0,0.003,0.001,0.007,-0.004,0.003,0.002,1.5524
1785820442.891,0.000,WAIT,idle,-1,0,0.003,0.001,0.007,-0.003,0.003,-0.000,1.5524
1785820442.991,0.000,WAIT,idle,-1,0,0.003,0.001,0.007,-0.005,0.003,-0.001,1.5523
1785820443.091,0.000,WAIT,idle,-1,0,0.004,0.001,0.006,-0.005,0.005,-0.002,1.5525
1785820443.191,0.000,WAIT,idle,-1,0,0.003,0.002,0.006,-0.007,0.008,-0.001,1.5526
1785820443.291,0.000,WAIT,idle,-1,0,0.003,0.002,0.005,-0.008,0.007,-0.001,1.5523
1785820443.391,0.000,WAIT,idle,-1,0,0.003,0.002,0.005,-0.008,0.006,-0.001,1.5522
1785820443.491,0.000,WAIT,idle,-1,0,0.003,0.002,0.005,-0.009,0.006,-0.003,1.5523
1785820443.591,0.000,WAIT,idle,-1,0,0.004,0.002,0.004,-0.006,0.004,-0.005,1.5522
1785820443.691,0.000,WAIT,idle,-1,0,0.004,0.002,0.004,-0.004,0.001,-0.004,1.5522
1785820443.791,0.000,WAIT,idle,-1,0,0.004,0.001,0.003,-0.002,0.001,-0.003,1.5524
1785820443.891,0.000,WAIT,idle,-1,0,0.004,0.001,0.003,-0.002,-0.001,-0.001,1.5523
1785820443.991,0.000,WAIT,idle,-1,0,0.005,0.000,0.003,-0.002,-0.001,-0.001,1.5524
1785820444.091,0.000,WAIT,idle,-1,0,0.005,-0.000,0.003,0.001,-0.002,-0.001,1.5524
1785820444.191,0.000,WAIT,idle,-1,0,0.006,-0.001,0.004,0.003,-0.005,-0.001,1.5524
1785820444.291,0.000,WAIT,idle,-1,0,0.007,-0.001,0.004,0.001,-0.004,-0.000,1.5524
1785820444.391,0.000,WAIT,idle,-1,0,0.007,-0.001,0.004,0.002,-0.004,0.000,1.5524
1785820444.491,0.000,WAIT,idle,-1,0,0.007,-0.002,0.005,0.002,-0.005,-0.001,1.5525
1785820444.591,0.000,WAIT,idle,-1,0,0.007,-0.002,0.005,0.002,-0.005,0.001,1.5527
1785820444.691,0.000,WAIT,idle,-1,0,0.007,-0.002,0.005,0.004,-0.003,0.002,1.5529
1785820444.791,0.000,WAIT,idle,-1,0,0.007,-0.002,0.006,0.004,0.001,0.000,1.5529
1785820444.891,0.000,WAIT,idle,-1,0,0.007,-0.001,0.006,0.005,0.002,-0.001,1.5530
1785820444.991,0.000,WAIT,idle,-1,0,0.007,-0.001,0.005,0.005,0.003,-0.001,1.5532
1785820445.091,0.000,WAIT,idle,-1,0,0.007,-0.000,0.005,0.006,0.004,-0.002,1.5532
1785820445.191,0.000,WAIT,idle,-1,0,0.008,0.000,0.005,0.007,0.004,-0.001,1.5531
1785820445.291,0.000,WAIT,idle,-1,0,0.008,0.001,0.005,0.008,0.006,-0.000,1.5532
1785820445.391,0.000,WAIT,idle,-1,0,0.009,0.001,0.005,0.007,0.008,0.000,1.5531
1785820445.491,0.000,WAIT,idle,-1,0,0.009,0.002,0.005,0.007,0.006,-0.002,1.5530
1785820445.591,0.000,WAIT,idle,-1,0,0.010,0.002,0.005,0.009,0.008,-0.002,1.5526
1785820445.691,0.000,WAIT,idle,-1,0,0.010,0.002,0.004,0.009,0.006,-0.003,1.5524
1785820445.791,0.000,WAIT,idle,-1,0,0.010,0.002,0.004,0.008,0.006,-0.006,1.5523
1785820445.891,0.000,WAIT,idle,-1,0,0.011,0.002,0.004,0.008,0.006,-0.005,1.5522
1785820445.991,0.000,WAIT,idle,-1,0,0.011,0.002,0.003,0.006,0.007,-0.007,1.5521
1785820446.091,0.000,WAIT,idle,-1,0,0.010,0.003,0.003,0.004,0.008,-0.007,1.5520
1785820446.191,0.000,WAIT,idle,-1,0,0.010,0.003,0.003,0.004,0.009,-0.008,1.5521
1785820446.291,0.000,WAIT,idle,-1,0,0.009,0.003,0.003,0.002,0.006,-0.007,1.5523
1785820446.391,0.000,WAIT,idle,-1,0,0.009,0.003,0.003,0.003,0.005,-0.009,1.5523
1785820446.491,0.000,WAIT,idle,-1,0,0.009,0.002,0.002,0.004,0.003,-0.010,1.5523
1785820446.591,0.000,WAIT,idle,-1,0,0.009,0.002,0.002,0.004,0.000,-0.009,1.5523
1785820446.691,0.000,WAIT,idle,-1,0,0.008,0.002,0.002,0.003,0.000,-0.009,1.5520
1785820446.791,0.000,WAIT,idle,-1,0,0.008,0.001,0.002,0.002,-0.000,-0.010,1.5520
1785820446.891,0.000,WAIT,idle,-1,0,0.008,0.001,0.001,0.002,-0.001,-0.010,1.5518
1785820446.991,0.000,WAIT,idle,-1,0,0.008,0.000,0.001,0.002,-0.005,-0.007,1.5515
1785820447.091,0.000,WAIT,idle,-1,0,0.008,-0.000,0.001,0.002,-0.004,-0.009,1.5514
1785820447.191,0.000,WAIT,idle,-1,0,0.008,-0.000,0.001,0.003,-0.004,-0.007,1.5514
1785820447.291,0.000,WAIT,idle,-1,0,0.008,-0.001,0.001,0.003,-0.004,-0.008,1.5513
1785820447.391,0.000,WAIT,idle,-1,0,0.008,-0.001,0.001,0.003,-0.005,-0.009,1.5514
1785820447.491,0.000,WAIT,idle,-1,0,0.009,-0.001,0.001,0.005,-0.006,-0.009,1.5512
1785820447.591,0.000,WAIT,idle,-1,0,0.009,-0.002,0.001,0.006,-0.006,-0.009,1.5513
1785820447.691,0.000,WAIT,idle,-1,0,0.009,-0.002,0.001,0.007,-0.008,-0.010,1.5513
1785820447.791,0.000,WAIT,idle,-1,0,0.009,-0.002,0.001,0.004,-0.006,-0.010,1.5513
1785820447.891,0.000,WAIT,idle,-1,0,0.009,-0.002,0.001,0.002,-0.005,-0.008,1.5510
1785820447.991,0.000,WAIT,idle,-1,0,0.009,-0.002,0.000,-0.000,-0.003,-0.009,1.5509
1785820448.091,0.000,WAIT,idle,-1,0,0.009,-0.001,0.000,0.000,-0.003,-0.008,1.5509
1785820448.191,0.000,WAIT,idle,-1,0,0.008,-0.001,-0.000,0.001,-0.004,-0.009,1.5507
1785820448.291,0.000,WAIT,idle,-1,0,0.008,-0.001,-0.000,0.001,-0.003,-0.008,1.5507
1785820448.391,0.000,WAIT,idle,-1,0,0.008,-0.001,-0.001,0.000,-0.002,-0.008,1.5507
1785820448.491,0.000,WAIT,idle,-1,0,0.008,-0.001,-0.001,0.002,-0.002,-0.006,1.5508
1785820448.591,0.000,WAIT,idle,-1,0,0.008,-0.001,-0.001,0.000,-0.004,-0.007,1.5510
1785820448.691,0.000,WAIT,idle,-1,0,0.008,-0.001,-0.001,-0.000,-0.004,-0.004,1.5510
1785820448.791,0.000,WAIT,idle,-1,0,0.008,-0.001,-0.001,0.000,-0.002,-0.001,1.5510
1785820448.891,0.000,WAIT,idle,-1,0,0.008,-0.001,-0.001,-0.000,-0.003,-0.002,1.5511
1785820448.991,0.000,WAIT,idle,-1,0,0.008,-0.001,-0.000,-0.001,-0.003,-0.002,1.5512
1785820449.091,0.000,WAIT,idle,-1,0,0.008,-0.001,0.000,-0.001,-0.003,0.001,1.5512
1785820449.191,0.000,WAIT,idle,-1,0,0.008,-0.001,0.001,-0.001,-0.002,0.001,1.5513
1785820449.291,0.000,WAIT,idle,-1,0,0.007,-0.001,0.001,-0.004,-0.003,-0.000,1.5511
1785820449.391,0.000,WAIT,idle,-1,0,0.006,-0.000,0.002,-0.005,-0.001,0.002,1.5508
1785820449.491,0.000,WAIT,idle,-1,0,0.005,0.000,0.002,-0.006,-0.001,0.002,1.5507
1785820449.591,0.000,WAIT,idle,-1,0,0.004,0.001,0.002,-0.008,-0.001,-0.001,1.5505
1785820449.691,0.000,WAIT,idle,-1,0,0.004,0.001,0.002,-0.010,-0.002,0.001,1.5504
1785820449.791,0.000,WAIT,idle,-1,0,0.003,0.001,0.003,-0.008,-0.003,0.001,1.5504
1785820449.891,0.000,WAIT,idle,-1,0,0.003,0.000,0.003,-0.009,-0.006,-0.001,1.5504
1785820449.991,0.000,WAIT,idle,-1,0,0.003,-0.000,0.003,-0.010,-0.007,0.000,1.5504
1785820450.091,0.000,WAIT,idle,-1,0,0.002,-0.001,0.003,-0.012,-0.008,0.001,1.5503
1785820450.191,0.000,WAIT,idle,-1,0,0.002,-0.001,0.003,-0.012,-0.008,-0.001,1.5505
1785820450.291,0.000,WAIT,idle,-1,0,0.002,-0.002,0.004,-0.010,-0.009,-0.001,1.5504
1785820450.391,0.000,WAIT,idle,-1,0,0.002,-0.002,0.004,-0.005,-0.008,0.002,1.5504
1785820450.491,0.000,WAIT,idle,-1,0,0.002,-0.003,0.004,-0.003,-0.009,0.000,1.5506
1785820450.591,0.000,WAIT,idle,-1,0,0.003,-0.003,0.005,-0.002,-0.008,0.000,1.5507
1785820450.691,0.000,WAIT,idle,-1,0,0.003,-0.003,0.006,0.000,-0.008,0.003,1.5507
1785820450.791,0.000,WAIT,idle,-1,0,0.004,-0.003,0.007,0.003,-0.010,0.004,1.5507
1785820450.891,0.000,WAIT,idle,-1,0,0.005,-0.004,0.007,0.004,-0.007,0.002,1.5505
1785820450.991,0.000,WAIT,idle,-1,0,0.006,-0.004,0.007,0.004,-0.007,-0.001,1.5505
1785820451.091,0.000,WAIT,idle,-1,0,0.006,-0.004,0.006,0.002,-0.005,-0.003,1.5505
1785820451.191,0.000,WAIT,idle,-1,0,0.007,-0.003,0.006,0.001,-0.003,-0.001,1.5503
1785820451.291,0.000,WAIT,idle,-1,0,0.007,-0.003,0.005,0.002,-0.002,-0.000,1.5504
1785820451.391,0.000,WAIT,idle,-1,0,0.007,-0.002,0.005,0.002,-0.001,-0.000,1.5505
1785820451.491,0.000,WAIT,idle,-1,0,0.007,-0.002,0.005,0.000,-0.001,0.001,1.5508
1785820451.591,0.000,WAIT,idle,-1,0,0.007,-0.002,0.005,-0.001,-0.002,0.001,1.5509
1785820451.691,0.000,WAIT,idle,-1,0,0.007,-0.001,0.005,-0.002,0.001,0.003,1.5509
1785820451.791,0.000,WAIT,idle,-1,0,0.007,-0.001,0.005,-0.003,0.003,0.005,1.5510
1785820451.891,0.000,WAIT,idle,-1,0,0.006,-0.000,0.006,-0.003,0.003,0.005,1.5513
1785820451.991,0.000,WAIT,idle,-1,0,0.006,0.000,0.006,-0.002,0.002,0.008,1.5513
1785820452.091,0.000,WAIT,idle,-1,0,0.006,0.000,0.007,-0.003,0.001,0.009,1.5513
1785820452.191,0.000,WAIT,idle,-1,0,0.006,0.000,0.007,-0.004,0.004,0.011,1.5512
1785820452.291,0.000,WAIT,idle,-1,0,0.006,0.001,0.008,-0.001,0.004,0.010,1.5510
1785820452.391,0.000,WAIT,idle,-1,0,0.006,0.001,0.008,-0.001,0.005,0.011,1.5507
1785820452.491,0.000,WAIT,idle,-1,0,0.006,0.001,0.008,0.001,0.005,0.010,1.5507
1785820452.591,0.000,WAIT,idle,-1,0,0.006,0.002,0.008,0.002,0.007,0.008,1.5507
1785820452.691,0.000,WAIT,idle,-1,0,0.007,0.002,0.008,0.001,0.007,0.006,1.5506
1785820452.791,0.000,WAIT,idle,-1,0,0.007,0.002,0.008,0.002,0.008,0.006,1.5508
1785820452.891,0.000,WAIT,idle,-1,0,0.007,0.003,0.008,0.001,0.010,0.004,1.5507
1785820452.991,0.000,WAIT,idle,-1,0,0.007,0.003,0.007,-0.001,0.010,0.003,1.5504
1785820453.091,0.000,WAIT,idle,-1,0,0.006,0.004,0.007,-0.002,0.009,0.004,1.5502
1785820453.191,0.000,WAIT,idle,-1,0,0.006,0.004,0.006,-0.003,0.009,0.002,1.5502
1785820453.291,0.000,WAIT,idle,-1,0,0.005,0.004,0.006,-0.005,0.010,0.002,1.5501
1785820453.391,0.000,WAIT,idle,-1,0,0.004,0.004,0.005,-0.005,0.011,0.001,1.5502
1785820453.491,0.000,WAIT,idle,-1,0,0.004,0.004,0.005,-0.004,0.011,-0.001,1.5504
1785820453.591,0.000,WAIT,idle,-1,0,0.004,0.004,0.004,-0.003,0.010,-0.000,1.5505
1785820453.691,0.000,WAIT,idle,-1,0,0.003,0.004,0.004,-0.004,0.008,0.001,1.5504
1785820453.791,0.000,WAIT,idle,-1,0,0.003,0.003,0.004,-0.003,0.005,-0.000,1.5502
1785820453.891,0.000,WAIT,idle,-1,0,0.004,0.002,0.004,-0.002,0.005,0.001,1.5502
1785820453.991,0.000,WAIT,idle,-1,0,0.004,0.001,0.004,-0.001,0.002,-0.001,1.5501
1785820454.091,0.000,WAIT,idle,-1,0,0.004,0.001,0.003,-0.001,0.001,-0.002,1.5500
1785820454.191,0.000,WAIT,idle,-1,0,0.004,0.000,0.003,-0.004,0.002,-0.002,1.5499
1785820454.291,0.000,WAIT,idle,-1,0,0.003,0.000,0.003,-0.005,0.002,-0.000,1.5499
1785820454.391,0.000,WAIT,idle,-1,0,0.003,0.000,0.002,-0.004,0.002,0.001,1.5499
1785820454.491,0.000,WAIT,idle,-1,0,0.003,0.001,0.002,-0.004,0.001,-0.000,1.5499
1785820454.591,0.000,WAIT,idle,-1,0,0.004,0.001,0.002,-0.007,0.002,0.001,1.5499
1785820454.691,0.000,WAIT,idle,-1,0,0.003,0.001,0.002,-0.010,0.004,-0.000,1.5498
1785820454.791,0.000,WAIT,idle,-1,0,0.003,0.001,0.002,-0.009,0.004,-0.001,1.5497
1785820454.891,0.000,WAIT,idle,-1,0,0.003,0.001,0.002,-0.008,0.004,-0.002,1.5498
1785820454.991,0.000,WAIT,idle,-1,0,0.003,0.001,0.001,-0.007,0.002,-0.000,1.5498
1785820455.091,0.000,WAIT,idle,-1,0,0.004,0.001,0.001,-0.007,0.001,0.001,1.5498
1785820455.191,0.000,WAIT,idle,-1,0,0.004,0.001,0.002,-0.005,0.001,0.001,1.5496
1785820455.291,0.000,WAIT,idle,-1,0,0.005,0.000,0.002,-0.003,0.002,-0.001,1.5495
1785820455.391,0.000,WAIT,idle,-1,0,0.005,0.000,0.002,-0.004,0.003,-0.002,1.5496
1785820455.491,0.000,WAIT,idle,-1,0,0.005,0.000,0.001,-0.006,0.004,-0.004,1.5497
1785820455.591,0.000,WAIT,idle,-1,0,0.005,-0.000,0.001,-0.007,-0.001,-0.003,1.5498
1785820455.691,0.000,WAIT,idle,-1,0,0.005,-0.001,0.001,-0.008,-0.000,-0.004,1.5500
1785820455.791,0.000,WAIT,idle,-1,0,0.005,-0.001,0.000,-0.009,0.000,-0.006,1.5502
1785820455.891,0.000,WAIT,idle,-1,0,0.004,-0.001,0.000,-0.009,0.002,-0.003,1.5501
1785820455.991,0.000,WAIT,idle,-1,0,0.004,-0.001,-0.000,-0.011,0.001,-0.002,1.5500
1785820456.091,0.000,WAIT,idle,-1,0,0.003,-0.001,0.000,-0.011,0.002,-0.001,1.5499
1785820456.191,0.000,WAIT,idle,-1,0,0.003,-0.001,0.000,-0.010,0.001,-0.002,1.5500
1785820456.291,0.000,WAIT,idle,-1,0,0.002,-0.001,0.001,-0.010,0.001,0.000,1.5501
1785820456.391,0.000,WAIT,idle,-1,0,0.002,-0.001,0.001,-0.011,0.002,0.001,1.5500
1785820456.491,0.000,WAIT,idle,-1,0,0.002,-0.000,0.001,-0.012,0.004,0.000,1.5501
1785820456.591,0.000,WAIT,idle,-1,0,0.001,0.001,0.002,-0.012,0.008,0.001,1.5501
1785820456.691,0.000,WAIT,idle,-1,0,0.001,0.001,0.002,-0.012,0.007,0.001,1.5500
1785820456.791,0.000,WAIT,idle,-1,0,0.001,0.002,0.002,-0.012,0.006,-0.000,1.5500
1785820456.891,0.000,WAIT,idle,-1,0,0.001,0.002,0.003,-0.011,0.004,0.001,1.5500
1785820456.991,0.000,WAIT,idle,-1,0,0.001,0.002,0.003,-0.010,0.007,0.001,1.5503
1785820457.091,0.000,WAIT,idle,-1,0,0.002,0.002,0.004,-0.007,0.007,-0.000,1.5503
1785820457.191,0.000,WAIT,idle,-1,0,0.002,0.002,0.004,-0.007,0.005,-0.003,1.5504
1785820457.291,0.000,WAIT,idle,-1,0,0.002,0.002,0.004,-0.006,0.004,-0.002,1.5505
1785820457.391,0.000,WAIT,idle,-1,0,0.002,0.002,0.004,-0.008,0.005,-0.003,1.5505
1785820457.491,0.000,WAIT,idle,-1,0,0.002,0.002,0.004,-0.009,0.004,-0.003,1.5504
1785820457.591,0.000,WAIT,idle,-1,0,0.002,0.002,0.004,-0.009,0.004,-0.003,1.5504
1785820457.691,0.000,WAIT,idle,-1,0,0.002,0.002,0.004,-0.010,0.005,-0.003,1.5505
1785820457.791,0.000,WAIT,idle,-1,0,0.002,0.002,0.004,-0.009,0.005,-0.002,1.5506
1785820457.891,0.000,WAIT,idle,-1,0,0.002,0.003,0.004,-0.010,0.004,-0.001,1.5506
1785820457.991,0.000,WAIT,idle,-1,0,0.002,0.002,0.004,-0.008,0.003,-0.002,1.5507
1785820458.091,0.000,WAIT,idle,-1,0,0.003,0.002,0.004,-0.007,0.002,-0.002,1.5507
1785820458.191,0.000,WAIT,idle,-1,0,0.003,0.002,0.004,-0.005,0.003,-0.003,1.5506
1785820458.291,0.000,WAIT,idle,-1,0,0.003,0.001,0.004,-0.005,0.003,-0.003,1.5507
1785820458.391,0.000,WAIT,idle,-1,0,0.003,0.001,0.004,-0.003,0.004,-0.003,1.5507
1785820458.491,0.000,WAIT,idle,-1,0,0.003,0.001,0.003,-0.002,0.006,-0.003,1.5509
1785820458.591,0.000,WAIT,idle,-1,0,0.003,0.001,0.003,0.001,0.007,-0.004,1.5509
1785820458.691,0.000,WAIT,idle,-1,0,0.004,0.002,0.003,0.004,0.008,-0.005,1.5509
1785820458.791,0.000,WAIT,idle,-1,0,0.004,0.002,0.003,0.004,0.010,-0.004,1.5508
1785820458.891,0.000,WAIT,idle,-1,0,0.005,0.002,0.003,0.006,0.011,-0.006,1.5509
1785820458.991,0.000,WAIT,idle,-1,0,0.006,0.003,0.003,0.006,0.010,-0.007,1.5507
1785820459.091,0.000,WAIT,idle,-1,0,0.006,0.003,0.002,0.006,0.012,-0.005,1.5504
1785820459.191,0.000,WAIT,idle,-1,0,0.007,0.004,0.003,0.006,0.014,-0.003,1.5500
1785820459.291,0.000,WAIT,idle,-1,0,0.007,0.004,0.003,0.007,0.015,-0.003,1.5502
1785820459.391,0.000,WAIT,idle,-1,0,0.007,0.004,0.002,0.007,0.015,-0.001,1.5500
1785820459.491,0.000,WAIT,idle,-1,0,0.007,0.004,0.002,0.007,0.013,-0.001,1.5499
1785820459.591,0.000,WAIT,idle,-1,0,0.007,0.004,0.003,0.008,0.012,0.001,1.5495
1785820459.691,0.000,WAIT,idle,-1,0,0.007,0.004,0.003,0.010,0.013,0.001,1.5491
1785820459.791,0.000,WAIT,idle,-1,0,0.007,0.004,0.003,0.010,0.014,0.001,1.5490
1785820459.891,0.000,WAIT,idle,-1,0,0.007,0.004,0.003,0.010,0.014,0.002,1.5489
1785820459.991,0.000,WAIT,idle,-1,0,0.007,0.004,0.003,0.010,0.014,0.002,1.5489
1785820460.091,0.000,WAIT,idle,-1,0,0.007,0.004,0.003,0.010,0.014,0.002,1.5489
1785820460.191,0.000,WAIT,idle,-1,0,0.007,0.004,0.004,0.011,0.013,0.002,1.5485
1785820460.291,0.000,WAIT,idle,-1,0,0.007,0.004,0.004,0.009,0.009,0.001,1.5483
1785820460.391,0.000,WAIT,idle,-1,0,0.007,0.003,0.004,0.008,0.006,0.000,1.5483
1785820460.491,0.000,WAIT,idle,-1,0,0.007,0.002,0.004,0.007,0.006,0.001,1.5480
1785820460.591,0.000,WAIT,idle,-1,0,0.007,0.002,0.004,0.006,0.006,0.001,1.5479
1785820460.691,0.000,WAIT,idle,-1,0,0.007,0.002,0.004,0.007,0.004,0.001,1.5474
1785820460.791,0.000,WAIT,idle,-1,0,0.006,0.001,0.003,0.008,0.005,0.000,1.5470
1785820460.891,0.000,WAIT,idle,-1,0,0.006,0.001,0.003,0.008,0.006,0.001,1.5470
1785820460.991,0.000,WAIT,idle,-1,0,0.007,0.001,0.002,0.008,0.005,0.001,1.5470
1785820461.091,0.000,WAIT,idle,-1,0,0.007,0.001,0.002,0.007,0.004,0.001,1.5470
1785820461.191,0.000,WAIT,idle,-1,0,0.007,0.001,0.002,0.009,0.003,-0.001,1.5466
1785820461.291,0.000,WAIT,idle,-1,0,0.008,0.000,0.002,0.008,0.002,-0.001,1.5462
1785820461.391,0.000,WAIT,idle,-1,0,0.008,0.000,0.001,0.008,0.002,0.001,1.5459
1785820461.491,0.000,WAIT,idle,-1,0,0.008,0.000,0.001,0.008,0.001,-0.000,1.5457
1785820461.591,0.000,WAIT,idle,-1,0,0.008,0.000,0.001,0.009,0.000,0.001,1.5457
1785820461.691,0.000,WAIT,idle,-1,0,0.009,-0.000,0.001,0.009,-0.000,-0.003,1.5455
1785820461.791,0.000,WAIT,idle,-1,0,0.009,-0.000,0.000,0.010,0.001,-0.006,1.5452
1785820461.891,0.000,WAIT,idle,-1,0,0.009,-0.000,-0.000,0.011,0.001,-0.006,1.5450
1785820461.991,0.000,WAIT,idle,-1,0,0.009,-0.000,-0.001,0.011,0.001,-0.007,1.5450
1785820462.091,0.000,WAIT,idle,-1,0,0.009,-0.000,-0.001,0.011,-0.002,-0.007,1.5450
1785820462.191,0.000,WAIT,idle,-1,0,0.009,-0.001,-0.002,0.008,0.001,-0.005,1.5449
1785820462.291,0.000,WAIT,idle,-1,0,0.008,-0.000,-0.002,0.006,0.001,-0.006,1.5449
1785820462.391,0.000,WAIT,idle,-1,0,0.007,-0.000,-0.002,0.005,0.001,-0.007,1.5447
1785820462.491,0.000,WAIT,idle,-1,0,0.007,-0.000,-0.003,0.005,0.002,-0.006,1.5443
1785820462.591,0.000,WAIT,idle,-1,0,0.006,0.000,-0.004,0.005,0.002,-0.006,1.5442
1785820462.691,0.000,WAIT,idle,-1,0,0.006,0.000,-0.004,0.006,0.002,-0.005,1.5442
1785820462.791,0.000,WAIT,idle,-1,0,0.005,0.001,-0.004,0.007,0.004,-0.003,1.5442
1785820462.891,0.000,WAIT,idle,-1,0,0.005,0.001,-0.004,0.009,0.002,-0.004,1.5440
1785820462.991,0.000,WAIT,idle,-1,0,0.006,0.002,-0.004,0.009,0.000,-0.006,1.5440
1785820463.091,0.000,WAIT,idle,-1,0,0.006,0.002,-0.004,0.009,-0.003,-0.006,1.5439
1785820463.191,0.000,WAIT,idle,-1,0,0.006,0.001,-0.005,0.013,-0.002,-0.009,1.5436
1785820463.291,0.000,WAIT,idle,-1,0,0.006,0.001,-0.005,0.013,-0.002,-0.008,1.5435
1785820463.391,0.000,WAIT,idle,-1,0,0.007,0.001,-0.005,0.013,-0.003,-0.007,1.5433
1785820463.491,0.000,WAIT,idle,-1,0,0.007,0.001,-0.005,0.013,-0.002,-0.006,1.5435
1785820463.591,0.000,WAIT,idle,-1,0,0.008,0.001,-0.005,0.013,-0.005,-0.006,1.5435
1785820463.691,0.000,WAIT,idle,-1,0,0.008,0.000,-0.004,0.014,-0.004,-0.004,1.5436
1785820463.791,0.000,WAIT,idle,-1,0,0.008,-0.000,-0.004,0.014,-0.009,-0.004,1.5433
1785820463.891,0.000,WAIT,idle,-1,0,0.008,-0.001,-0.003,0.014,-0.010,-0.003,1.5432
1785820463.991,0.000,WAIT,idle,-1,0,0.008,-0.002,-0.003,0.014,-0.011,-0.003,1.5431
1785820464.091,0.000,WAIT,idle,-1,0,0.009,-0.002,-0.002,0.015,-0.012,-0.003,1.5427
1785820464.191,0.000,WAIT,idle,-1,0,0.008,-0.003,-0.002,0.011,-0.013,-0.003,1.5424
1785820464.291,0.000,WAIT,idle,-1,0,0.008,-0.003,-0.002,0.011,-0.013,-0.005,1.5423
1785820464.391,0.000,WAIT,idle,-1,0,0.008,-0.004,-0.002,0.012,-0.014,-0.006,1.5420
1785820464.491,0.000,WAIT,idle,-1,0,0.008,-0.004,-0.002,0.010,-0.013,-0.007,1.5420
1785820464.591,0.000,WAIT,idle,-1,0,0.007,-0.004,-0.002,0.009,-0.014,-0.008,1.5418
1785820464.691,0.000,WAIT,idle,-1,0,0.007,-0.004,-0.003,0.011,-0.011,-0.008,1.5415
1785820464.791,0.000,WAIT,idle,-1,0,0.007,-0.004,-0.003,0.009,-0.012,-0.008,1.5413
1785820464.891,0.000,WAIT,idle,-1,0,0.006,-0.004,-0.003,0.006,-0.012,-0.007,1.5412
1785820464.991,0.000,WAIT,idle,-1,0,0.006,-0.004,-0.003,0.003,-0.011,-0.008,1.5410
1785820465.091,0.000,WAIT,idle,-1,0,0.005,-0.004,-0.003,0.001,-0.013,-0.005,1.5408
1785820465.191,0.000,WAIT,idle,-1,0,0.005,-0.004,-0.002,-0.001,-0.014,-0.005,1.5408
1785820465.291,0.000,WAIT,idle,-1,0,0.004,-0.004,-0.003,-0.002,-0.014,-0.006,1.5406
1785820465.391,0.000,WAIT,idle,-1,0,0.003,-0.004,-0.003,-0.002,-0.014,-0.005,1.5405
1785820465.491,0.000,WAIT,idle,-1,0,0.003,-0.004,-0.003,-0.003,-0.012,-0.004,1.5401
1785820465.591,0.000,WAIT,idle,-1,0,0.003,-0.004,-0.002,-0.002,-0.012,-0.003,1.5398
1785820465.691,0.000,WAIT,idle,-1,0,0.003,-0.004,-0.002,-0.002,-0.015,-0.003,1.5397
1785820465.791,0.000,WAIT,idle,-1,0,0.002,-0.005,-0.002,-0.005,-0.015,-0.002,1.5397
1785820465.891,0.000,WAIT,idle,-1,0,0.002,-0.005,-0.001,-0.005,-0.012,-0.003,1.5392
1785820465.991,0.000,WAIT,idle,-1,0,0.002,-0.005,-0.001,-0.005,-0.014,-0.001,1.5388
1785820466.091,0.000,WAIT,idle,-1,0,0.002,-0.005,-0.001,-0.005,-0.012,0.000,1.5385
1785820466.191,0.000,WAIT,idle,-1,0,0.002,-0.004,-0.000,-0.006,-0.010,-0.001,1.5381
1785820466.291,0.000,WAIT,idle,-1,0,0.002,-0.004,-0.000,-0.005,-0.008,-0.000,1.5379
1785820466.391,0.000,WAIT,idle,-1,0,0.003,-0.003,0.000,-0.004,-0.008,0.001,1.5377
1785820466.491,0.000,WAIT,idle,-1,0,0.004,-0.003,0.000,-0.002,-0.008,0.000,1.5379
1785820466.591,0.000,WAIT,idle,-1,0,0.004,-0.003,0.001,0.002,-0.007,-0.000,1.5377
1785820466.691,0.000,WAIT,idle,-1,0,0.005,-0.003,0.001,0.003,-0.007,-0.001,1.5376
1785820466.791,0.000,WAIT,idle,-1,0,0.006,-0.003,0.001,0.004,-0.006,0.001,1.5376
1785820466.891,0.000,WAIT,idle,-1,0,0.006,-0.002,0.001,0.003,-0.007,0.002,1.5375
1785820466.991,0.000,WAIT,idle,-1,0,0.006,-0.002,0.001,0.003,-0.006,0.000,1.5376
1785820467.091,0.000,WAIT,idle,-1,0,0.006,-0.002,0.001,0.003,-0.007,-0.001,1.5376
1785820467.191,0.000,WAIT,idle,-1,0,0.007,-0.002,0.001,0.005,-0.009,-0.002,1.5376
1785820467.291,0.000,WAIT,idle,-1,0,0.007,-0.003,0.001,0.003,-0.009,-0.002,1.5376
1785820467.391,0.000,WAIT,idle,-1,0,0.007,-0.003,0.001,0.002,-0.010,-0.001,1.5378
1785820467.491,0.000,WAIT,idle,-1,0,0.006,-0.003,0.001,0.002,-0.011,-0.001,1.5377
1785820467.591,0.000,WAIT,idle,-1,0,0.006,-0.003,0.002,-0.001,-0.010,-0.001,1.5379
1785820467.691,0.000,WAIT,idle,-1,0,0.006,-0.003,0.002,-0.001,-0.011,-0.003,1.5388
1785820467.791,0.000,WAIT,idle,-1,0,0.006,-0.004,0.002,-0.007,-0.005,-0.005,1.5426
1785820467.891,0.000,WAIT,idle,-1,0,0.005,-0.004,0.001,-0.000,-0.034,-0.028,1.5452
1785820467.991,0.000,WAIT,idle,-1,0,0.005,-0.007,-0.006,-0.014,-0.043,-0.136,1.5425
1785820468.091,0.000,WAIT,idle,-1,0,0.004,-0.011,-0.029,-0.004,-0.031,-0.322,1.5383
1785820468.191,0.000,WAIT,idle,-1,0,0.004,-0.012,-0.078,0.006,-0.008,-0.559,1.5370
1785820468.291,0.000,WAIT,idle,-1,0,0.005,-0.009,-0.146,0.005,0.030,-0.732,1.5377
1785820468.391,0.000,WAIT,idle,-1,0,0.006,-0.004,-0.229,0.009,0.059,-0.827,1.5388
1785820468.491,0.000,WAIT,idle,-1,0,0.008,0.004,-0.320,0.020,0.061,-0.890,1.5380
1785820468.591,0.000,WAIT,idle,-1,0,0.009,0.012,-0.423,0.017,0.072,-0.937,1.5377
1785820468.691,0.000,WAIT,idle,-1,0,0.011,0.020,-0.516,0.014,0.082,-0.969,1.5392
1785820468.791,0.000,WAIT,idle,-1,0,0.011,0.028,-0.619,0.018,0.064,-1.001,1.5395
1785820468.891,0.000,WAIT,idle,-1,0,0.012,0.035,-0.726,0.005,0.067,-1.028,1.5405
1785820468.991,0.000,WAIT,idle,-1,0,0.012,0.042,-0.843,0.004,0.059,-1.055,1.5418
1785820469.091,0.000,WAIT,idle,-1,0,0.012,0.047,-0.955,0.015,0.038,-1.079,1.5421
1785820469.191,0.000,WAIT,idle,-1,0,0.013,0.051,-1.069,0.004,0.030,-1.103,1.5414
1785820469.291,0.000,WAIT,idle,-1,0,0.013,0.053,-1.183,0.002,0.026,-1.075,1.5414
1785820469.391,0.000,WAIT,idle,-1,0,0.013,0.055,-1.297,0.005,0.007,-0.929,1.5398
1785820469.491,0.000,WAIT,idle,-1,0,0.013,0.055,-1.377,-0.003,0.001,-0.719,1.5377
1785820469.591,0.000,WAIT,idle,-1,0,0.013,0.054,-1.443,-0.005,0.001,-0.513,1.5374
1785820469.691,0.000,WAIT,idle,-1,0,0.014,0.053,-1.496,-0.004,-0.014,-0.483,1.5380
1785820469.791,0.000,WAIT,idle,-1,0,0.014,0.051,-1.544,-0.008,-0.025,-0.555,1.5382
1785820469.891,0.000,WAIT,idle,-1,0,0.013,0.048,-1.609,-0.015,-0.025,-0.618,1.5395
1785820469.991,0.000,WAIT,idle,-1,0,0.013,0.043,-1.684,-0.014,-0.032,-0.655,1.5403
1785820470.091,0.000,WAIT,idle,-1,0,0.014,0.039,-1.758,-0.007,-0.041,-0.676,1.5403
1785820470.191,0.000,WAIT,idle,-1,0,0.014,0.035,-1.829,-0.003,-0.054,-0.692,1.5393
1785820470.291,0.000,WAIT,idle,-1,0,0.014,0.030,-1.902,-0.012,-0.043,-0.707,1.5386
1785820470.391,0.000,WAIT,idle,-1,0,0.015,0.024,-1.981,-0.008,-0.045,-0.718,1.5384
1785820470.491,0.000,WAIT,idle,-1,0,0.015,0.019,-2.059,0.002,-0.058,-0.799,1.5385
1785820470.591,0.000,WAIT,idle,-1,0,0.015,0.014,-2.152,-0.010,-0.046,-1.012,1.5394
1785820470.691,0.000,WAIT,idle,-1,0,0.015,0.009,-2.284,-0.013,-0.044,-1.336,1.5406
1785820470.791,0.000,WAIT,idle,-1,0,0.014,0.003,-2.432,-0.006,-0.053,-1.480,1.5407
1785820470.891,0.000,WAIT,idle,-1,0,0.013,-0.002,-2.600,-0.010,-0.054,-1.479,1.5398
1785820470.991,0.000,WAIT,idle,-1,0,0.011,-0.007,-2.751,-0.018,-0.037,-1.415,1.5389
1785820471.091,0.000,WAIT,idle,-1,0,0.009,-0.012,-2.897,-0.012,-0.038,-1.383,1.5380
1785820471.191,0.000,WAIT,idle,-1,0,0.007,-0.016,-3.073,-0.016,-0.030,-1.374,1.5383
1785820471.291,0.000,WAIT,idle,-1,0,0.004,-0.019,-3.204,-0.021,-0.025,-1.374,1.5379
1785820471.391,0.000,WAIT,idle,-1,0,0.001,-0.022,-3.358,-0.026,-0.010,-1.378,1.5385
1785820471.491,0.000,WAIT,idle,-1,0,-0.002,-0.024,-3.501,-0.015,-0.011,-1.385,1.5388
1785820471.591,0.000,WAIT,idle,-1,0,-0.005,-0.025,-3.656,-0.012,-0.013,-1.391,1.5387
1785820471.691,0.000,WAIT,idle,-1,0,-0.008,-0.026,-3.809,-0.017,-0.002,-1.326,1.5391
1785820471.791,0.000,WAIT,idle,-1,0,-0.010,-0.026,-3.929,-0.014,0.005,-1.159,1.5398
1785820471.891,0.000,WAIT,idle,-1,0,-0.012,-0.027,-4.041,-0.005,0.001,-0.856,1.5391
1785820471.991,0.000,WAIT,idle,-1,0,-0.014,-0.026,-4.114,-0.007,0.002,-0.461,1.5380
1785820472.091,0.000,WAIT,idle,-1,0,-0.015,-0.026,-4.141,-0.011,0.013,-0.142,1.5383
1785820472.191,0.000,WAIT,idle,-1,0,-0.016,-0.026,-4.137,-0.004,0.013,0.116,1.5383
1785820472.291,0.000,WAIT,idle,-1,0,-0.017,-0.026,-4.114,0.005,0.007,0.196,1.5387
1785820472.391,0.000,WAIT,idle,-1,0,-0.018,-0.026,-4.091,0.003,0.009,0.144,1.5393
1785820472.491,0.000,WAIT,idle,-1,0,-0.018,-0.026,-4.078,0.002,0.017,0.043,1.5402
1785820472.591,0.000,WAIT,idle,-1,0,-0.018,-0.026,-4.075,0.009,0.012,-0.001,1.5407
1785820472.691,0.000,WAIT,idle,-1,0,-0.018,-0.026,-4.077,0.016,0.003,-0.026,1.5399
1785820472.791,0.000,WAIT,idle,-1,0,-0.018,-0.027,-4.080,0.018,-0.006,-0.033,1.5375
1785820472.891,0.000,WAIT,idle,-1,0,-0.017,-0.029,-4.084,0.009,-0.005,-0.031,1.5353
1785820472.991,0.000,WAIT,idle,-1,0,-0.017,-0.030,-4.088,0.004,0.005,-0.028,1.5355
1785820473.091,0.000,WAIT,idle,-1,0,-0.017,-0.031,-4.090,0.015,-0.006,-0.023,1.5358
1785820473.191,0.000,WAIT,idle,-1,0,-0.018,-0.032,-4.092,0.008,-0.004,-0.021,1.5367
1785820473.291,0.000,WAIT,idle,-1,0,-0.018,-0.032,-4.094,0.001,0.007,-0.019,1.5382
1785820473.391,0.000,WAIT,idle,-1,0,-0.019,-0.032,-4.096,0.004,0.007,-0.018,1.5394
1785820473.491,0.000,WAIT,idle,-1,0,-0.019,-0.032,-4.097,0.009,0.000,-0.014,1.5395
1785820473.591,0.000,WAIT,idle,-1,0,-0.019,-0.031,-4.099,0.010,0.004,-0.011,1.5397
1785820473.691,0.000,WAIT,idle,-1,0,-0.019,-0.031,-4.100,0.002,0.014,-0.008,1.5403
1785820473.791,0.000,WAIT,idle,-1,0,-0.019,-0.030,-4.101,0.013,0.007,-0.009,1.5409
1785820473.891,0.000,WAIT,idle,-1,0,-0.018,-0.028,-4.101,0.011,0.008,-0.007,1.5411
1785820473.991,0.000,WAIT,idle,-1,0,-0.018,-0.028,-4.102,0.008,0.018,-0.007,1.5410
1785820474.091,0.000,WAIT,idle,-1,0,-0.016,-0.027,-4.103,0.017,0.011,-0.005,1.5396
1785820474.191,0.000,WAIT,idle,-1,0,-0.015,-0.026,-4.104,0.022,0.001,-0.003,1.5382
1785820474.291,0.000,WAIT,idle,-1,0,-0.013,-0.026,-4.104,0.012,0.014,-0.002,1.5387
1785820474.391,0.000,WAIT,idle,-1,0,-0.011,-0.025,-4.104,0.013,0.012,-0.002,1.5395
1785820474.491,0.000,WAIT,idle,-1,0,-0.009,-0.025,-4.104,0.019,0.003,-0.002,1.5398
1785820474.591,0.000,WAIT,idle,-1,0,-0.008,-0.024,-4.104,0.011,0.011,-0.000,1.5394
1785820474.691,0.000,WAIT,idle,-1,0,-0.005,-0.022,-4.104,0.008,0.013,0.001,1.5396
1785820474.791,0.000,WAIT,idle,-1,0,-0.004,-0.021,-4.104,0.015,0.009,0.001,1.5398
1785820474.891,0.000,WAIT,idle,-1,0,-0.002,-0.019,-4.104,0.016,0.004,0.001,1.5395
1785820474.991,0.000,WAIT,idle,-1,0,-0.001,-0.017,-4.104,0.014,0.003,0.000,1.5388
1785820475.091,0.000,WAIT,idle,-1,0,-0.000,-0.016,-4.104,0.009,0.013,0.001,1.5396
1785820475.191,0.000,WAIT,idle,-1,0,0.000,-0.014,-4.105,0.009,0.005,0.001,1.5391
1785820475.291,0.000,WAIT,idle,-1,0,0.000,-0.012,-4.106,0.004,0.008,-0.001,1.5394
1785820475.391,0.000,WAIT,idle,-1,0,0.001,-0.011,-4.107,0.005,0.009,0.002,1.5400
1785820475.491,0.000,WAIT,idle,-1,0,0.000,-0.009,-4.108,0.006,-0.002,0.002,1.5392
1785820475.591,0.000,WAIT,idle,-1,0,0.000,-0.008,-4.109,-0.003,0.011,0.003,1.5398
1785820475.691,0.000,WAIT,idle,-1,0,-0.000,-0.006,-4.110,-0.003,0.013,0.005,1.5400
1785820475.791,0.000,WAIT,idle,-1,0,-0.000,-0.004,-4.111,0.002,0.006,0.006,1.5402
1785820475.891,0.000,WAIT,idle,-1,0,-0.000,-0.002,-4.111,-0.002,0.004,0.008,1.5394
1785820475.991,0.000,WAIT,idle,-1,0,0.000,-0.001,-4.111,0.005,0.002,0.008,1.5392
1785820476.091,0.000,WAIT,idle,-1,0,0.000,0.001,-4.112,0.008,-0.004,0.007,1.5383
1785820476.191,0.000,WAIT,idle,-1,0,0.000,0.003,-4.112,0.000,0.001,0.007,1.5378
1785820476.291,0.000,WAIT,idle,-1,0,0.000,0.005,-4.112,0.001,0.007,0.007,1.5387
1785820476.391,0.000,WAIT,idle,-1,0,-0.001,0.008,-4.112,0.001,0.001,0.007,1.5387
1785820476.491,0.000,WAIT,idle,-1,0,-0.002,0.010,-4.112,-0.001,-0.005,0.008,1.5380
1785820476.591,0.000,WAIT,idle,-1,0,-0.002,0.012,-4.112,-0.007,0.001,0.011,1.5384
1785820476.691,0.000,WAIT,idle,-1,0,-0.003,0.013,-4.112,0.004,-0.009,0.009,1.5385
1785820476.791,0.000,WAIT,idle,-1,0,-0.004,0.014,-4.112,-0.001,0.001,0.010,1.5391
1785820476.891,0.000,WAIT,idle,-1,0,-0.005,0.016,-4.112,-0.005,-0.001,0.011,1.5387
1785820476.991,0.000,WAIT,idle,-1,0,-0.006,0.016,-4.112,0.002,-0.014,0.009,1.5383
1785820477.091,0.000,WAIT,idle,-1,0,-0.007,0.017,-4.112,-0.003,-0.004,0.011,1.5388
1785820477.191,0.000,WAIT,idle,-1,0,-0.009,0.017,-4.112,0.005,-0.018,0.011,1.5380
1785820477.291,0.000,WAIT,idle,-1,0,-0.010,0.018,-4.112,-0.000,-0.017,0.010,1.5377
1785820477.391,0.000,WAIT,idle,-1,0,-0.012,0.018,-4.112,-0.006,-0.007,0.008,1.5380
1785820477.491,0.000,WAIT,idle,-1,0,-0.014,0.018,-4.113,0.004,-0.019,0.009,1.5379
1785820477.591,0.000,WAIT,idle,-1,0,-0.016,0.018,-4.113,0.002,-0.020,0.009,1.5373
1785820477.691,0.000,WAIT,idle,-1,0,-0.018,0.019,-4.113,-0.006,-0.006,0.011,1.5382
1785820477.791,0.000,WAIT,idle,-1,0,-0.020,0.019,-4.113,0.001,-0.012,0.009,1.5383
1785820477.891,0.000,WAIT,idle,-1,0,-0.022,0.020,-4.113,0.006,-0.015,0.010,1.5383
1785820477.991,0.000,WAIT,idle,-1,0,-0.023,0.021,-4.112,0.008,-0.019,0.010,1.5376
1785820478.091,0.000,WAIT,idle,-1,0,-0.025,0.021,-4.112,-0.001,-0.009,0.010,1.5375
1785820478.191,0.000,WAIT,idle,-1,0,-0.025,0.020,-4.112,0.004,-0.012,0.010,1.5377
1785820478.291,0.000,WAIT,idle,-1,0,-0.026,0.019,-4.111,0.014,-0.024,0.011,1.5375
1785820478.391,0.000,WAIT,idle,-1,0,-0.026,0.018,-4.111,0.018,-0.026,0.010,1.5378
1785820478.491,0.000,WAIT,idle,-1,0,-0.026,0.018,-4.110,0.017,-0.025,0.009,1.5379
1785820478.591,0.000,WAIT,idle,-1,0,-0.026,0.017,-4.110,0.013,-0.014,0.007,1.5384
1785820478.691,0.000,WAIT,idle,-1,0,-0.025,0.016,-4.110,0.020,-0.019,0.007,1.5382
1785820478.791,0.000,WAIT,idle,-1,0,-0.025,0.015,-4.110,0.026,-0.027,0.009,1.5373
1785820478.891,0.000,WAIT,idle,-1,0,-0.025,0.014,-4.110,0.022,-0.023,0.008,1.5367
1785820478.991,0.000,WAIT,idle,-1,0,-0.024,0.013,-4.109,0.020,-0.017,0.006,1.5367
1785820479.091,0.000,WAIT,idle,-1,0,-0.024,0.012,-4.109,0.013,-0.011,0.005,1.5372
1785820479.191,0.000,WAIT,idle,-1,0,-0.024,0.011,-4.109,0.026,-0.026,0.006,1.5372
1785820479.291,0.000,WAIT,idle,-1,0,-0.024,0.010,-4.108,0.019,-0.024,0.007,1.5371
1785820479.391,0.000,WAIT,idle,-1,0,-0.024,0.008,-4.107,0.012,-0.009,0.005,1.5379
1785820479.491,0.000,WAIT,idle,-1,0,-0.024,0.007,-4.106,0.017,-0.011,0.004,1.5384
1785820479.591,0.000,WAIT,idle,-1,0,-0.024,0.005,-4.106,0.025,-0.020,0.005,1.5388
1785820479.691,0.000,WAIT,idle,-1,0,-0.023,0.004,-4.104,0.015,-0.008,0.006,1.5393
1785820479.791,0.000,WAIT,idle,-1,0,-0.022,0.003,-4.103,0.016,-0.007,0.004,1.5401
1785820479.891,0.000,WAIT,idle,-1,0,-0.022,0.002,-4.102,0.026,-0.017,0.002,1.5401
1785820479.991,0.000,WAIT,idle,-1,0,-0.021,0.001,-4.101,0.019,-0.005,-0.001,1.5404
1785820480.091,0.000,WAIT,idle,-1,0,-0.020,0.001,-4.101,0.021,-0.004,-0.001,1.5405
1785820480.191,0.000,WAIT,idle,-1,0,-0.020,-0.000,-4.101,0.023,-0.010,-0.002,1.5400
1785820480.291,0.000,WAIT,idle,-1,0,-0.019,-0.002,-4.101,0.019,-0.012,-0.002,1.5390
1785820480.391,0.000,WAIT,idle,-1,0,-0.018,-0.003,-4.101,0.017,-0.003,-0.002,1.5389
1785820480.491,0.000,WAIT,idle,-1,0,-0.017,-0.004,-4.100,0.023,-0.010,-0.003,1.5386
1785820480.591,0.000,WAIT,idle,-1,0,-0.017,-0.005,-4.100,0.022,-0.015,0.000,1.5382
1785820480.691,0.000,WAIT,idle,-1,0,-0.016,-0.007,-4.100,0.015,-0.005,-0.002,1.5383
1785820480.791,0.000,WAIT,idle,-1,0,-0.015,-0.008,-4.100,0.025,-0.016,-0.002,1.5381
1785820480.891,0.000,WAIT,idle,-1,0,-0.014,-0.008,-4.099,0.024,-0.014,-0.004,1.5379
1785820480.991,0.000,WAIT,idle,-1,0,-0.013,-0.009,-4.099,0.017,-0.006,-0.004,1.5380
1785820481.091,0.000,WAIT,idle,-1,0,-0.012,-0.009,-4.099,0.014,0.002,-0.001,1.5387
1785820481.191,0.000,WAIT,idle,-1,0,-0.011,-0.010,-4.098,0.013,0.005,-0.002,1.5392
1785820481.291,0.000,WAIT,idle,-1,0,-0.010,-0.010,-4.098,0.020,-0.008,-0.004,1.5389
1785820481.391,0.000,WAIT,idle,-1,0,-0.009,-0.010,-4.098,0.010,0.000,-0.003,1.5390
1785820481.491,0.000,WAIT,idle,-1,0,-0.009,-0.010,-4.098,0.005,0.008,-0.006,1.5397
1785820481.591,0.000,WAIT,idle,-1,0,-0.009,-0.010,-4.098,0.011,0.003,-0.004,1.5402
1785820481.691,0.000,WAIT,idle,-1,0,-0.008,-0.010,-4.098,0.012,-0.003,-0.002,1.5395
1785820481.791,0.000,WAIT,idle,-1,0,-0.008,-0.009,-4.097,0.005,0.005,-0.006,1.5391
1785820481.891,0.000,WAIT,idle,-1,0,-0.007,-0.009,-4.098,0.007,0.006,-0.006,1.5391
1785820481.991,0.000,WAIT,idle,-1,0,-0.006,-0.008,-4.098,0.013,-0.006,-0.005,1.5387
1785820482.091,0.000,WAIT,idle,-1,0,-0.005,-0.007,-4.098,0.007,0.003,-0.006,1.5384
1785820482.191,0.000,WAIT,idle,-1,0,-0.004,-0.006,-4.097,0.006,0.008,-0.006,1.5386
1785820482.291,0.000,WAIT,idle,-1,0,-0.002,-0.005,-4.097,0.018,-0.003,-0.006,1.5386
1785820482.391,0.000,WAIT,idle,-1,0,-0.000,-0.003,-4.097,0.012,-0.001,-0.004,1.5378
1785820482.491,0.000,WAIT,idle,-1,0,0.002,-0.001,-4.096,0.007,0.006,-0.003,1.5377
1785820482.591,0.000,WAIT,idle,-1,0,0.004,0.000,-4.095,0.014,-0.002,-0.007,1.5374
1785820482.691,0.000,WAIT,idle,-1,0,0.007,0.002,-4.095,0.009,0.006,-0.008,1.5372
1785820482.791,0.000,WAIT,idle,-1,0,0.008,0.004,-4.095,0.014,-0.006,-0.006,1.5366
1785820482.891,0.000,WAIT,idle,-1,0,0.010,0.006,-4.095,0.008,-0.009,-0.006,1.5367
1785820482.991,0.000,WAIT,idle,-1,0,0.011,0.008,-4.095,-0.002,-0.000,-0.005,1.5369
1785820483.091,0.000,WAIT,idle,-1,0,0.012,0.009,-4.095,-0.005,0.006,-0.006,1.5370
1785820483.191,0.000,WAIT,idle,-1,0,0.012,0.011,-4.095,0.000,0.002,-0.006,1.5372
1785820483.291,0.000,WAIT,idle,-1,0,0.013,0.013,-4.095,0.002,-0.006,-0.006,1.5368
1785820483.391,0.000,WAIT,idle,-1,0,0.013,0.015,-4.094,-0.003,-0.007,-0.006,1.5365
1785820483.491,0.000,WAIT,idle,-1,0,0.013,0.016,-4.094,-0.010,0.004,-0.008,1.5371
1785820483.591,0.000,WAIT,idle,-1,0,0.013,0.017,-4.094,-0.004,-0.008,-0.009,1.5367
1785820483.691,0.000,WAIT,idle,-1,0,0.012,0.019,-4.094,-0.014,-0.004,-0.005,1.5370
1785820483.791,0.000,WAIT,idle,-1,0,0.012,0.020,-4.094,-0.017,-0.003,-0.006,1.5376
1785820483.891,0.000,WAIT,idle,-1,0,0.011,0.021,-4.094,-0.005,-0.015,-0.006,1.5378
1785820483.991,0.000,WAIT,idle,-1,0,0.011,0.022,-4.093,-0.013,-0.006,-0.008,1.5382
1785820484.091,0.000,WAIT,idle,-1,0,0.011,0.022,-4.093,-0.008,-0.006,-0.007,1.5388
1785820484.191,0.000,WAIT,idle,-1,0,0.010,0.023,-4.093,-0.002,-0.017,-0.009,1.5381
1785820484.291,0.000,WAIT,idle,-1,0,0.010,0.023,-4.093,-0.007,-0.013,-0.010,1.5375
1785820484.391,0.000,WAIT,idle,-1,0,0.010,0.023,-4.094,-0.004,-0.018,-0.008,1.5371
1785820484.491,0.000,WAIT,idle,-1,0,0.010,0.022,-4.094,-0.003,-0.015,-0.007,1.5373
1785820484.591,0.000,WAIT,idle,-1,0,0.010,0.021,-4.094,0.003,-0.023,-0.008,1.5370
1785820484.691,0.000,WAIT,idle,-1,0,0.010,0.020,-4.095,-0.002,-0.021,-0.011,1.5368
1785820484.791,0.000,WAIT,idle,-1,0,0.011,0.019,-4.096,0.001,-0.020,-0.008,1.5374
1785820484.891,0.000,WAIT,idle,-1,0,0.011,0.017,-4.097,0.005,-0.029,-0.005,1.5372
1785820484.991,0.000,WAIT,idle,-1,0,0.011,0.016,-4.098,-0.006,-0.016,-0.005,1.5374
1785820485.091,0.000,WAIT,idle,-1,0,0.011,0.014,-4.098,0.003,-0.022,-0.005,1.5379
1785820485.191,0.000,WAIT,idle,-1,0,0.011,0.013,-4.099,-0.003,-0.023,-0.005,1.5369
1785820485.291,0.000,WAIT,idle,-1,0,0.010,0.011,-4.099,-0.005,-0.017,-0.003,1.5374
1785820485.391,0.000,WAIT,idle,-1,0,0.010,0.008,-4.099,-0.005,-0.020,-0.002,1.5375
1785820485.491,0.000,WAIT,idle,-1,0,0.009,0.006,-4.099,-0.008,-0.023,-0.003,1.5370
1785820485.591,0.000,WAIT,idle,-1,0,0.008,0.003,-4.100,-0.009,-0.015,-0.003,1.5377
1785820485.691,0.000,WAIT,idle,-1,0,0.007,0.001,-4.100,0.002,-0.027,-0.003,1.5374
1785820485.791,0.000,WAIT,idle,-1,0,0.006,-0.001,-4.100,-0.004,-0.022,-0.006,1.5377
1785820485.891,0.000,WAIT,idle,-1,0,0.005,-0.003,-4.101,-0.009,-0.008,-0.005,1.5388
1785820485.991,0.000,WAIT,idle,-1,0,0.004,-0.005,-4.101,-0.001,-0.014,-0.003,1.5390
1785820486.091,0.000,WAIT,idle,-1,0,0.002,-0.006,-4.101,-0.005,-0.010,-0.000,1.5388
1785820486.191,0.000,WAIT,idle,-1,0,0.001,-0.007,-4.100,-0.006,-0.006,-0.001,1.5391
1785820486.291,0.000,WAIT,idle,-1,0,-0.000,-0.008,-4.101,-0.006,0.001,-0.002,1.5397
1785820486.391,0.000,WAIT,idle,-1,0,-0.002,-0.009,-4.101,0.002,-0.012,-0.002,1.5394
1785820486.491,0.000,WAIT,idle,-1,0,-0.003,-0.010,-4.102,-0.003,-0.002,0.001,1.5399
1785820486.591,0.000,WAIT,idle,-1,0,-0.004,-0.012,-4.102,0.001,-0.001,0.001,1.5404
1785820486.691,0.000,WAIT,idle,-1,0,-0.005,-0.013,-4.102,0.008,-0.010,-0.002,1.5402
1785820486.791,0.000,WAIT,idle,-1,0,-0.006,-0.013,-4.103,0.001,-0.006,0.001,1.5399
1785820486.891,0.000,WAIT,idle,-1,0,-0.007,-0.015,-4.103,-0.001,0.000,0.003,1.5402
1785820486.991,0.000,WAIT,idle,-1,0,-0.008,-0.016,-4.104,0.008,-0.007,0.001,1.5396
1785820487.091,0.000,WAIT,idle,-1,0,-0.009,-0.016,-4.105,0.009,-0.008,0.000,1.5389
1785820487.191,0.000,WAIT,idle,-1,0,-0.009,-0.017,-4.105,0.003,-0.002,0.002,1.5391
1785820487.291,0.000,WAIT,idle,-1,0,-0.010,-0.017,-4.105,0.003,0.008,0.003,1.5398
1785820487.391,0.000,WAIT,idle,-1,0,-0.010,-0.017,-4.105,0.007,0.008,0.004,1.5401
1785820487.491,0.000,WAIT,idle,-1,0,-0.011,-0.017,-4.105,0.013,0.000,0.002,1.5395
1785820487.591,0.000,WAIT,idle,-1,0,-0.011,-0.017,-4.106,0.005,0.005,0.001,1.5392
1785820487.691,0.000,WAIT,idle,-1,0,-0.011,-0.017,-4.106,0.006,0.011,0.004,1.5398
1785820487.791,0.000,WAIT,idle,-1,0,-0.011,-0.017,-4.106,0.014,0.003,0.004,1.5393
1785820487.891,0.000,WAIT,idle,-1,0,-0.011,-0.017,-4.105,0.013,-0.002,0.005,1.5383
1785820487.991,0.000,WAIT,idle,-1,0,-0.012,-0.017,-4.104,0.001,0.012,0.004,1.5391
1785820488.091,0.000,WAIT,idle,-1,0,-0.012,-0.016,-4.104,0.002,0.009,0.004,1.5386
1785820488.191,0.000,WAIT,idle,-1,0,-0.013,-0.015,-4.103,0.005,0.010,0.002,1.5393
1785820488.291,0.000,WAIT,idle,-1,0,-0.014,-0.014,-4.102,0.012,-0.002,0.003,1.5385
1785820488.391,0.000,WAIT,idle,-1,0,-0.014,-0.013,-4.101,0.008,-0.001,0.003,1.5387
1785820488.491,0.000,WAIT,idle,-1,0,-0.015,-0.012,-4.101,0.000,0.013,0.002,1.5394
1785820488.591,0.000,WAIT,idle,-1,0,-0.015,-0.010,-4.100,0.009,0.007,0.000,1.5392
1785820488.691,0.000,WAIT,idle,-1,0,-0.016,-0.008,-4.100,0.011,0.003,-0.003,1.5387
1785820488.791,0.000,WAIT,idle,-1,0,-0.016,-0.006,-4.100,0.002,0.018,-0.002,1.5391
1785820488.891,0.000,WAIT,idle,-1,0,-0.015,-0.003,-4.099,0.009,0.016,0.000,1.5394
1785820488.991,0.000,WAIT,idle,-1,0,-0.015,-0.001,-4.099,0.020,0.007,-0.002,1.5395
1785820489.091,0.000,WAIT,idle,-1,0,-0.014,0.001,-4.098,0.012,0.014,-0.004,1.5392
1785820489.191,0.000,WAIT,idle,-1,0,-0.013,0.004,-4.098,0.012,0.012,-0.004,1.5395
1785820489.291,0.000,WAIT,idle,-1,0,-0.012,0.006,-4.098,0.023,-0.001,-0.004,1.5393
1785820489.391,0.000,WAIT,idle,-1,0,-0.012,0.008,-4.098,0.021,-0.008,-0.004,1.5389
1785820489.491,0.000,WAIT,idle,-1,0,-0.011,0.009,-4.098,0.010,0.002,-0.006,1.5391
1785820489.591,0.000,WAIT,idle,-1,0,-0.011,0.010,-4.098,0.016,-0.006,-0.005,1.5395
1785820489.691,0.000,WAIT,idle,-1,0,-0.011,0.012,-4.098,0.017,-0.009,-0.005,1.5391
1785820489.791,0.000,WAIT,idle,-1,0,-0.011,0.013,-4.097,0.018,-0.014,-0.003,1.5387
1785820489.891,0.000,WAIT,idle,-1,0,-0.010,0.014,-4.097,0.015,-0.013,-0.002,1.5379
1785820489.991,0.000,WAIT,idle,-1,0,-0.010,0.014,-4.097,0.008,-0.004,-0.003,1.5381
1785820490.091,0.000,WAIT,idle,-1,0,-0.010,0.015,-4.097,0.013,-0.011,-0.005,1.5382
1785820490.191,0.000,WAIT,idle,-1,0,-0.010,0.015,-4.097,0.019,-0.022,-0.004,1.5377
1785820490.291,0.000,WAIT,idle,-1,0,-0.009,0.015,-4.097,0.019,-0.023,-0.003,1.5378
1785820490.391,0.000,WAIT,idle,-1,0,-0.008,0.015,-4.097,0.012,-0.018,-0.004,1.5377
1785820490.491,0.000,WAIT,idle,-1,0,-0.008,0.015,-4.097,0.010,-0.009,-0.004,1.5383
1785820490.591,0.000,WAIT,idle,-1,0,-0.008,0.015,-4.097,0.015,-0.017,-0.004,1.5381
1785820490.691,0.000,WAIT,idle,-1,0,-0.008,0.016,-4.097,0.012,-0.019,-0.006,1.5375
1785820490.791,0.000,WAIT,idle,-1,0,-0.009,0.016,-4.098,0.002,-0.008,-0.006,1.5378
1785820490.891,0.000,WAIT,idle,-1,0,-0.010,0.017,-4.098,0.000,-0.006,-0.005,1.5379
1785820490.991,0.000,WAIT,idle,-1,0,-0.012,0.017,-4.099,0.004,-0.009,-0.006,1.5379
1785820491.091,0.000,WAIT,idle,-1,0,-0.013,0.017,-4.100,0.007,-0.018,-0.004,1.5372
1785820491.191,0.000,WAIT,idle,-1,0,-0.015,0.017,-4.101,-0.002,-0.007,-0.004,1.5375
1785820491.291,0.000,WAIT,idle,-1,0,-0.017,0.017,-4.101,0.009,-0.016,-0.004,1.5376
1785820491.391,0.000,WAIT,idle,-1,0,-0.019,0.017,-4.102,0.003,-0.014,-0.003,1.5374
1785820491.491,0.000,WAIT,idle,-1,0,-0.021,0.017,-4.102,0.010,-0.016,-0.003,1.5377
1785820491.591,0.000,WAIT,idle,-1,0,-0.022,0.017,-4.102,0.003,-0.005,-0.001,1.5382
1785820491.691,0.000,WAIT,idle,-1,0,-0.024,0.016,-4.102,0.008,-0.008,0.002,1.5382
1785820491.791,0.000,WAIT,idle,-1,0,-0.026,0.016,-4.102,0.014,-0.016,-0.001,1.5381
1785820491.891,0.000,WAIT,idle,-1,0,-0.027,0.015,-4.102,0.017,-0.018,0.001,1.5379
1785820491.991,0.000,WAIT,idle,-1,0,-0.027,0.013,-4.102,0.019,-0.019,-0.000,1.5380
1785820492.091,0.000,WAIT,idle,-1,0,-0.027,0.011,-4.102,0.014,-0.009,0.000,1.5384
1785820492.191,0.000,WAIT,idle,-1,0,-0.027,0.008,-4.102,0.019,-0.013,0.001,1.5384
1785820492.291,0.000,WAIT,idle,-1,0,-0.027,0.005,-4.102,0.021,-0.019,-0.001,1.5378
1785820492.391,0.000,WAIT,idle,-1,0,-0.027,0.001,-4.102,0.030,-0.029,0.001,1.5364
1785820492.491,0.000,WAIT,idle,-1,0,-0.027,-0.003,-4.102,0.029,-0.029,-0.001,1.5358
1785820492.591,0.000,WAIT,idle,-1,0,-0.027,-0.006,-4.102,0.029,-0.024,0.000,1.5365
1785820492.691,0.000,WAIT,idle,-1,0,-0.027,-0.009,-4.102,0.024,-0.016,0.003,1.5367
1785820492.791,0.000,WAIT,idle,-1,0,-0.027,-0.011,-4.102,0.017,-0.009,-0.001,1.5371
1785820492.891,0.000,WAIT,idle,-1,0,-0.027,-0.013,-4.102,0.013,-0.003,-0.000,1.5377
1785820492.991,0.000,WAIT,idle,-1,0,-0.027,-0.016,-4.102,0.016,0.003,-0.001,1.5386
1785820493.091,0.000,WAIT,idle,-1,0,-0.026,-0.017,-4.103,0.024,-0.009,-0.001,1.5386
1785820493.191,0.000,WAIT,idle,-1,0,-0.026,-0.019,-4.104,0.022,-0.006,0.001,1.5393
1785820493.291,0.000,WAIT,idle,-1,0,-0.024,-0.020,-4.104,0.028,-0.005,0.002,1.5396
1785820493.391,0.000,WAIT,idle,-1,0,-0.022,-0.021,-4.104,0.029,-0.004,0.003,1.5398
1785820493.491,0.000,WAIT,idle,-1,0,-0.019,-0.022,-4.104,0.033,-0.001,0.004,1.5396
1785820493.591,0.000,WAIT,idle,-1,0,-0.017,-0.023,-4.104,0.029,0.004,0.002,1.5388
1785820493.691,0.000,WAIT,idle,-1,0,-0.013,-0.024,-4.104,0.026,0.008,0.001,1.5379
1785820493.791,0.000,WAIT,idle,-1,0,-0.010,-0.025,-4.103,0.020,0.011,-0.001,1.5380
1785820493.891,0.000,WAIT,idle,-1,0,-0.008,-0.026,-4.103,0.027,0.004,-0.000,1.5388
1785820493.991,0.000,WAIT,idle,-1,0,-0.005,-0.027,-4.103,0.024,0.003,0.002,1.5392
1785820494.091,0.000,WAIT,idle,-1,0,-0.004,-0.027,-4.102,0.017,0.005,0.003,1.5388
1785820494.191,0.000,WAIT,idle,-1,0,-0.002,-0.027,-4.102,0.011,0.011,0.001,1.5390
1785820494.291,0.000,WAIT,idle,-1,0,0.000,-0.027,-4.101,0.011,0.012,-0.000,1.5392
1785820494.391,0.000,WAIT,idle,-1,0,0.001,-0.027,-4.101,0.018,0.003,-0.002,1.5396
1785820494.491,0.000,WAIT,idle,-1,0,0.002,-0.027,-4.101,0.016,0.008,-0.001,1.5400
1785820494.591,0.000,WAIT,idle,-1,0,0.004,-0.027,-4.101,0.016,0.004,-0.001,1.5394
1785820494.691,0.000,WAIT,idle,-1,0,0.006,-0.027,-4.101,0.007,0.018,-0.003,1.5399
1785820494.791,0.000,WAIT,idle,-1,0,0.008,-0.027,-4.101,0.014,0.012,-0.001,1.5400
1785820494.891,0.000,WAIT,idle,-1,0,0.010,-0.027,-4.101,0.015,0.006,-0.002,1.5392
1785820494.991,0.000,WAIT,idle,-1,0,0.011,-0.027,-4.100,0.012,0.001,-0.002,1.5378
1785820495.091,0.000,WAIT,idle,-1,0,0.012,-0.026,-4.099,0.006,0.005,-0.003,1.5376
1785820495.191,0.000,WAIT,idle,-1,0,0.013,-0.025,-4.099,-0.004,0.022,-0.003,1.5385
1785820495.291,0.000,WAIT,idle,-1,0,0.014,-0.023,-4.098,-0.004,0.023,-0.001,1.5385
1785820495.391,0.000,WAIT,idle,-1,0,0.015,-0.021,-4.097,0.003,0.014,-0.002,1.5382
1785820495.491,0.000,WAIT,idle,-1,0,0.015,-0.018,-4.096,-0.000,0.013,-0.001,1.5384
1785820495.591,0.000,WAIT,idle,-1,0,0.015,-0.015,-4.095,-0.011,0.024,-0.003,1.5385
1785820495.691,0.000,WAIT,idle,-1,0,0.016,-0.013,-4.094,-0.012,0.025,-0.004,1.5387
1785820495.791,0.000,WAIT,idle,-1,0,0.016,-0.010,-4.093,-0.006,0.024,-0.007,1.5391
1785820495.891,0.000,WAIT,idle,-1,0,0.017,-0.007,-4.093,-0.003,0.020,-0.008,1.5391
1785820495.991,0.000,WAIT,idle,-1,0,0.017,-0.004,-4.093,-0.002,0.016,-0.011,1.5389
1785820496.091,0.000,WAIT,idle,-1,0,0.018,-0.002,-4.094,0.000,0.005,-0.008,1.5382
1785820496.191,0.000,WAIT,idle,-1,0,0.018,-0.000,-4.093,-0.006,0.009,-0.009,1.5380
1785820496.291,0.000,WAIT,idle,-1,0,0.019,0.001,-4.093,-0.009,0.010,-0.008,1.5382
1785820496.391,0.000,WAIT,idle,-1,0,0.019,0.002,-4.093,-0.000,-0.005,-0.008,1.5374
1785820496.491,0.000,WAIT,idle,-1,0,0.019,0.003,-4.092,-0.002,-0.001,-0.008,1.5377
1785820496.591,0.000,WAIT,idle,-1,0,0.019,0.004,-4.092,-0.012,0.005,-0.009,1.5378
1785820496.691,0.000,WAIT,idle,-1,0,0.020,0.004,-4.091,-0.008,0.004,-0.010,1.5381
1785820496.791,0.000,WAIT,idle,-1,0,0.020,0.005,-4.090,-0.003,-0.007,-0.010,1.5381
1785820496.891,0.000,WAIT,idle,-1,0,0.019,0.006,-4.090,-0.009,-0.008,-0.012,1.5382
1785820496.991,0.000,WAIT,idle,-1,0,0.019,0.006,-4.090,-0.012,-0.001,-0.013,1.5390
1785820497.091,0.000,WAIT,idle,-1,0,0.019,0.006,-4.090,-0.003,-0.017,-0.012,1.5387
1785820497.191,0.000,WAIT,idle,-1,0,0.019,0.006,-4.089,-0.007,-0.015,-0.012,1.5388
1785820497.291,0.000,WAIT,idle,-1,0,0.018,0.007,-4.089,-0.013,-0.004,-0.012,1.5392
1785820497.391,0.000,WAIT,idle,-1,0,0.017,0.007,-4.090,-0.011,0.003,-0.011,1.5400
1785820497.491,0.000,WAIT,idle,-1,0,0.017,0.009,-4.090,-0.001,-0.011,-0.013,1.5395
1785820497.591,0.000,WAIT,idle,-1,0,0.016,0.010,-4.092,-0.004,-0.010,-0.012,1.5393
1785820497.691,0.000,WAIT,idle,-1,0,0.015,0.011,-4.093,-0.011,-0.003,-0.009,1.5392
1785820497.791,0.000,WAIT,idle,-1,0,0.013,0.011,-4.094,-0.014,-0.000,-0.010,1.5395
1785820497.891,0.000,WAIT,idle,-1,0,0.011,0.011,-4.095,-0.011,-0.005,-0.009,1.5394
1785820497.991,0.000,WAIT,idle,-1,0,0.009,0.012,-4.096,-0.009,-0.008,-0.007,1.5394
1785820498.091,0.000,WAIT,idle,-1,0,0.007,0.012,-4.097,-0.004,-0.015,-0.007,1.5388
1785820498.191,0.000,WAIT,idle,-1,0,0.006,0.012,-4.098,-0.014,-0.007,-0.006,1.5388
1785820498.291,0.000,WAIT,idle,-1,0,0.004,0.012,-4.099,-0.016,-0.002,-0.005,1.5392
1785820498.391,0.000,WAIT,idle,-1,0,0.002,0.012,-4.099,-0.007,-0.009,-0.003,1.5394
1785820498.491,0.000,WAIT,idle,-1,0,-0.000,0.012,-4.099,-0.007,-0.008,-0.003,1.5393
1785820498.591,0.000,WAIT,idle,-1,0,-0.001,0.011,-4.098,-0.008,-0.008,-0.002,1.5391
1785820498.691,0.000,WAIT,idle,-1,0,-0.002,0.010,-4.098,-0.003,-0.010,-0.002,1.5392
1785820498.791,0.000,WAIT,idle,-1,0,-0.003,0.009,-4.098,0.002,-0.015,-0.003,1.5391
1785820498.891,0.000,WAIT,idle,-1,0,-0.004,0.008,-4.099,0.003,-0.020,-0.003,1.5388
1785820498.991,0.000,WAIT,idle,-1,0,-0.004,0.006,-4.099,0.001,-0.020,-0.002,1.5384
1785820499.091,0.000,WAIT,idle,-1,0,-0.005,0.004,-4.099,0.002,-0.018,-0.002,1.5379
1785820499.191,0.000,WAIT,idle,-1,0,-0.005,0.002,-4.100,-0.002,-0.014,-0.002,1.5374
1785820499.291,0.000,WAIT,idle,-1,0,-0.005,-0.000,-4.100,0.004,-0.020,-0.001,1.5375
1785820499.391,0.000,WAIT,idle,-1,0,-0.006,-0.001,-4.101,-0.007,-0.006,-0.003,1.5380
1785820499.491,0.000,WAIT,idle,-1,0,-0.006,-0.003,-4.102,-0.001,-0.010,-0.002,1.5383
1785820499.591,0.000,WAIT,idle,-1,0,-0.007,-0.004,-4.103,0.003,-0.009,-0.001,1.5385
1785820499.691,0.000,WAIT,idle,-1,0,-0.007,-0.004,-4.104,0.002,-0.001,0.001,1.5389
1785820499.791,0.000,WAIT,idle,-1,0,-0.006,-0.004,-4.105,0.005,0.001,0.002,1.5387
1785820499.891,0.000,WAIT,idle,-1,0,-0.006,-0.004,-4.105,0.000,0.008,0.003,1.5392
1785820499.991,0.000,WAIT,idle,-1,0,-0.006,-0.004,-4.105,0.003,0.009,0.003,1.5395
1785820500.091,0.000,WAIT,idle,-1,0,-0.006,-0.005,-4.106,0.012,-0.004,0.003,1.5393
1785820500.191,0.000,WAIT,idle,-1,0,-0.006,-0.006,-4.106,0.009,-0.006,0.004,1.5393
1785820500.291,0.000,WAIT,idle,-1,0,-0.007,-0.007,-4.106,0.012,-0.005,0.006,1.5397
1785820500.391,0.000,WAIT,idle,-1,0,-0.007,-0.008,-4.107,0.013,-0.008,0.005,1.5390
1785820500.491,0.000,WAIT,idle,-1,0,-0.007,-0.009,-4.107,0.011,-0.007,0.005,1.5382
1785820500.591,0.000,WAIT,idle,-1,0,-0.007,-0.010,-4.108,0.005,0.008,0.005,1.5385
1785820500.691,0.000,WAIT,idle,-1,0,-0.007,-0.011,-4.108,0.005,0.009,0.006,1.5388
1785820500.791,0.000,WAIT,idle,-1,0,-0.008,-0.011,-4.108,0.005,0.007,0.007,1.5388
1785820500.891,0.000,WAIT,idle,-1,0,-0.009,-0.012,-4.109,0.007,0.003,0.007,1.5390
1785820500.991,0.000,WAIT,idle,-1,0,-0.011,-0.012,-4.109,0.010,-0.004,0.007,1.5390
1785820501.091,0.000,WAIT,idle,-1,0,-0.012,-0.013,-4.109,0.007,-0.005,0.008,1.5386
1785820501.191,0.000,WAIT,idle,-1,0,-0.013,-0.014,-4.109,0.002,0.004,0.008,1.5388
1785820501.291,0.000,WAIT,idle,-1,0,-0.014,-0.014,-4.109,0.003,0.006,0.009,1.5389
1785820501.391,0.000,WAIT,idle,-1,0,-0.015,-0.014,-4.109,0.012,-0.004,0.007,1.5389
1785820501.491,0.000,WAIT,idle,-1,0,-0.016,-0.014,-4.109,0.012,-0.010,0.006,1.5383
1785820501.591,0.000,WAIT,idle,-1,0,-0.017,-0.014,-4.108,0.012,-0.005,0.007,1.5378
1785820501.691,0.000,WAIT,idle,-1,0,-0.018,-0.012,-4.108,0.014,-0.002,0.007,1.5378
1785820501.791,0.000,WAIT,idle,-1,0,-0.018,-0.011,-4.108,0.008,0.011,0.005,1.5381
1785820501.891,0.000,WAIT,idle,-1,0,-0.019,-0.008,-4.109,0.008,0.021,0.006,1.5391
1785820501.991,0.000,WAIT,idle,-1,0,-0.019,-0.005,-4.109,0.017,0.008,0.007,1.5392
1785820502.091,0.000,WAIT,idle,-1,0,-0.020,-0.001,-4.109,0.010,0.015,0.008,1.5395
1785820502.191,0.000,WAIT,idle,-1,0,-0.020,0.002,-4.110,0.005,0.021,0.006,1.5403
1785820502.291,0.000,WAIT,idle,-1,0,-0.021,0.005,-4.111,0.013,0.016,0.005,1.5410
1785820502.391,0.000,WAIT,idle,-1,0,-0.021,0.008,-4.112,0.017,0.009,0.008,1.5408
1785820502.491,0.000,WAIT,idle,-1,0,-0.022,0.010,-4.113,0.019,-0.002,0.009,1.5399
1785820502.591,0.000,WAIT,idle,-1,0,-0.022,0.012,-4.113,0.012,0.004,0.010,1.5390
1785820502.691,0.000,WAIT,idle,-1,0,-0.022,0.013,-4.114,0.014,0.002,0.010,1.5387
1785820502.791,0.000,WAIT,idle,-1,0,-0.022,0.014,-4.115,0.017,-0.003,0.009,1.5378
1785820502.891,0.000,WAIT,idle,-1,0,-0.022,0.014,-4.115,0.025,-0.014,0.011,1.5373
1785820502.991,0.000,WAIT,idle,-1,0,-0.021,0.015,-4.115,0.020,-0.014,0.013,1.5372
1785820503.091,0.000,WAIT,idle,-1,0,-0.021,0.016,-4.115,0.017,-0.009,0.014,1.5373
1785820503.191,0.000,WAIT,idle,-1,0,-0.021,0.016,-4.115,0.012,-0.004,0.012,1.5378
1785820503.291,0.000,WAIT,idle,-1,0,-0.021,0.017,-4.114,0.018,-0.009,0.014,1.5383
1785820503.391,0.000,WAIT,idle,-1,0,-0.021,0.018,-4.113,0.022,-0.017,0.014,1.5381
1785820503.491,0.000,WAIT,idle,-1,0,-0.021,0.018,-4.112,0.012,-0.009,0.013,1.5386
1785820503.591,0.000,WAIT,idle,-1,0,-0.021,0.019,-4.111,0.011,-0.004,0.010,1.5395
1785820503.691,0.000,WAIT,idle,-1,0,-0.020,0.020,-4.110,0.020,-0.008,0.009,1.5400
1785820503.791,0.000,WAIT,idle,-1,0,-0.018,0.021,-4.109,0.024,-0.012,0.008,1.5399
1785820503.891,0.000,WAIT,idle,-1,0,-0.017,0.022,-4.109,0.027,-0.019,0.007,1.5394
1785820503.991,0.000,WAIT,idle,-1,0,-0.015,0.023,-4.109,0.018,-0.010,0.007,1.5389
1785820504.091,0.000,WAIT,idle,-1,0,-0.013,0.023,-4.108,0.023,-0.012,0.007,1.5382
1785820504.191,0.000,WAIT,idle,-1,0,-0.011,0.023,-4.107,0.020,-0.019,0.006,1.5370
1785820504.291,0.000,WAIT,idle,-1,0,-0.008,0.024,-4.106,0.015,-0.011,0.006,1.5375
1785820504.391,0.000,WAIT,idle,-1,0,-0.006,0.024,-4.106,0.019,-0.011,0.004,1.5376
1785820504.491,0.000,WAIT,idle,-1,0,-0.003,0.024,-4.105,0.022,-0.024,0.003,1.5374
1785820504.591,0.000,WAIT,idle,-1,0,-0.001,0.023,-4.104,0.009,-0.017,0.002,1.5372
1785820504.691,0.000,WAIT,idle,-1,0,0.002,0.023,-4.103,0.009,-0.014,0.002,1.5376
1785820504.791,0.000,WAIT,idle,-1,0,0.005,0.022,-4.102,0.012,-0.016,0.003,1.5379
1785820504.891,0.000,WAIT,idle,-1,0,0.007,0.022,-4.101,0.017,-0.026,-0.000,1.5375
1785820504.991,0.000,WAIT,idle,-1,0,0.009,0.021,-4.101,0.009,-0.026,-0.001,1.5370
1785820505.091,0.000,WAIT,idle,-1,0,0.012,0.021,-4.100,0.000,-0.015,-0.003,1.5373
1785820505.191,0.000,WAIT,idle,-1,0,0.014,0.020,-4.100,0.001,-0.015,-0.003,1.5377
1785820505.291,0.000,WAIT,idle,-1,0,0.016,0.019,-4.100,0.003,-0.018,-0.002,1.5379
1785820505.391,0.000,WAIT,idle,-1,0,0.017,0.018,-4.099,0.007,-0.026,-0.002,1.5375
1785820505.491,0.000,WAIT,idle,-1,0,0.019,0.018,-4.099,-0.001,-0.019,-0.002,1.5374
1785820505.591,0.000,WAIT,idle,-1,0,0.021,0.016,-4.098,-0.003,-0.014,-0.001,1.5381
1785820505.691,0.000,WAIT,idle,-1,0,0.022,0.015,-4.097,0.000,-0.026,-0.001,1.5374
1785820505.791,0.000,WAIT,idle,-1,0,0.024,0.014,-4.096,-0.003,-0.021,-0.001,1.5372
1785820505.891,0.000,WAIT,idle,-1,0,0.025,0.013,-4.095,-0.009,-0.011,-0.005,1.5374
1785820505.991,0.000,WAIT,idle,-1,0,0.026,0.012,-4.095,-0.009,-0.013,-0.007,1.5377
1785820506.091,0.000,WAIT,idle,-1,0,0.027,0.011,-4.094,-0.009,-0.011,-0.007,1.5380
1785820506.191,0.000,WAIT,idle,-1,0,0.028,0.009,-4.094,-0.012,-0.009,-0.009,1.5382
1785820506.291,0.000,WAIT,idle,-1,0,0.028,0.008,-4.094,-0.008,-0.016,-0.009,1.5383
1785820506.391,0.000,WAIT,idle,-1,0,0.028,0.007,-4.094,-0.008,-0.025,-0.008,1.5380
1785820506.491,0.000,WAIT,idle,-1,0,0.027,0.005,-4.093,-0.015,-0.019,-0.006,1.5380
1785820506.591,0.000,WAIT,idle,-1,0,0.027,0.003,-4.093,-0.020,-0.007,-0.006,1.5389
1785820506.691,0.000,WAIT,idle,-1,0,0.027,0.002,-4.092,-0.017,-0.008,-0.008,1.5391
1785820506.791,0.000,WAIT,idle,-1,0,0.027,-0.000,-4.091,-0.010,-0.018,-0.009,1.5388
1785820506.891,0.000,WAIT,idle,-1,0,0.027,-0.002,-4.091,-0.007,-0.020,-0.011,1.5382
1785820506.991,0.000,WAIT,idle,-1,0,0.027,-0.004,-4.091,-0.013,-0.018,-0.010,1.5380
1785820507.091,0.000,WAIT,idle,-1,0,0.027,-0.006,-4.091,-0.017,-0.014,-0.012,1.5376
1785820507.191,0.000,WAIT,idle,-1,0,0.027,-0.009,-4.091,-0.013,-0.012,-0.012,1.5380
1785820507.291,0.000,WAIT,idle,-1,0,0.026,-0.011,-4.092,-0.012,-0.021,-0.011,1.5376
1785820507.391,0.000,WAIT,idle,-1,0,0.025,-0.014,-4.093,-0.013,-0.020,-0.010,1.5379
1785820507.491,0.000,WAIT,idle,-1,0,0.025,-0.017,-4.094,-0.016,-0.018,-0.009,1.5377
1785820507.591,0.000,WAIT,idle,-1,0,0.024,-0.019,-4.095,-0.022,-0.007,-0.010,1.5381
1785820507.691,0.000,WAIT,idle,-1,0,0.023,-0.021,-4.096,-0.020,-0.000,-0.006,1.5384
1785820507.791,0.000,WAIT,idle,-1,0,0.022,-0.022,-4.097,-0.008,-0.009,-0.005,1.5378
1785820507.891,0.000,WAIT,idle,-1,0,0.021,-0.023,-4.098,-0.010,-0.007,-0.006,1.5376
1785820507.991,0.000,WAIT,idle,-1,0,0.020,-0.024,-4.099,-0.016,0.002,-0.005,1.5377
1785820508.091,0.000,WAIT,idle,-1,0,0.019,-0.024,-4.100,-0.022,0.013,-0.004,1.5385
1785820508.191,0.000,WAIT,idle,-1,0,0.016,-0.024,-4.101,-0.019,0.017,-0.003,1.5390
1785820508.291,0.000,WAIT,idle,-1,0,0.015,-0.024,-4.102,-0.011,0.004,-0.001,1.5387
1785820508.391,0.000,WAIT,idle,-1,0,0.012,-0.024,-4.102,-0.016,0.007,-0.000,1.5386
1785820508.491,0.000,WAIT,idle,-1,0,0.010,-0.024,-4.102,-0.025,0.022,0.003,1.5391
1785820508.591,0.000,WAIT,idle,-1,0,0.008,-0.023,-4.102,-0.011,0.011,0.000,1.5390
1785820508.691,0.000,WAIT,idle,-1,0,0.006,-0.023,-4.102,-0.012,0.009,-0.002,1.5387
1785820508.791,0.000,WAIT,idle,-1,0,0.005,-0.023,-4.102,-0.017,0.018,0.000,1.5388
1785820508.891,0.000,WAIT,idle,-1,0,0.003,-0.024,-4.102,-0.014,0.019,-0.000,1.5387
1785820508.991,0.000,WAIT,idle,-1,0,0.002,-0.025,-4.102,-0.009,0.013,-0.001,1.5387
1785820509.091,0.000,WAIT,idle,-1,0,0.001,-0.026,-4.103,-0.002,-0.001,-0.000,1.5376
1785820509.191,0.000,WAIT,idle,-1,0,-0.000,-0.027,-4.103,-0.000,-0.001,0.000,1.5370
1785820509.291,0.000,WAIT,idle,-1,0,-0.001,-0.028,-4.104,-0.004,0.011,0.001,1.5368
1785820509.391,0.000,WAIT,idle,-1,0,-0.001,-0.028,-4.104,-0.006,0.016,-0.000,1.5372
1785820509.491,0.000,WAIT,idle,-1,0,-0.002,-0.029,-4.104,0.001,0.009,0.002,1.5375
1785820509.591,0.000,WAIT,idle,-1,0,-0.003,-0.028,-4.104,0.002,0.004,0.001,1.5372
1785820509.691,0.000,WAIT,idle,-1,0,-0.003,-0.028,-4.104,0.001,0.011,-0.000,1.5376
1785820509.791,0.000,WAIT,idle,-1,0,-0.004,-0.027,-4.105,-0.007,0.023,0.002,1.5384
1785820509.891,0.000,WAIT,idle,-1,0,-0.005,-0.026,-4.105,-0.009,0.025,0.001,1.5388
1785820509.991,0.000,WAIT,idle,-1,0,-0.005,-0.025,-4.105,-0.000,0.019,0.003,1.5393
1785820510.091,0.000,WAIT,idle,-1,0,-0.006,-0.024,-4.105,0.007,0.016,0.003,1.5392
1785820510.191,0.000,WAIT,idle,-1,0,-0.006,-0.023,-4.105,0.010,0.009,0.005,1.5386
1785820510.291,0.000,WAIT,idle,-1,0,-0.005,-0.022,-4.106,0.004,0.023,0.002,1.5387
1785820510.391,0.000,WAIT,idle,-1,0,-0.005,-0.021,-4.106,0.004,0.022,0.004,1.5385
1785820510.491,0.000,WAIT,idle,-1,0,-0.004,-0.020,-4.107,0.003,0.021,0.003,1.5386
1785820510.591,0.000,WAIT,idle,-1,0,-0.004,-0.019,-4.107,0.011,0.014,0.004,1.5384
1785820510.691,0.000,WAIT,idle,-1,0,-0.004,-0.017,-4.107,0.009,0.019,0.005,1.5383
1785820510.791,0.000,WAIT,idle,-1,0,-0.005,-0.016,-4.107,0.010,0.013,0.007,1.5384
1785820510.891,0.000,WAIT,idle,-1,0,-0.005,-0.014,-4.106,0.005,0.017,0.006,1.5388
1785820510.991,0.000,WAIT,idle,-1,0,-0.005,-0.014,-4.106,0.008,0.010,0.006,1.5387
1785820511.091,0.000,WAIT,idle,-1,0,-0.006,-0.013,-4.106,0.005,0.012,0.006,1.5390
1785820511.191,0.000,WAIT,idle,-1,0,-0.006,-0.012,-4.106,0.008,0.009,0.004,1.5391
1785820511.291,0.000,WAIT,idle,-1,0,-0.007,-0.010,-4.106,0.010,0.005,0.002,1.5392
1785820511.391,0.000,WAIT,idle,-1,0,-0.007,-0.009,-4.106,0.006,0.004,0.004,1.5389
1785820511.491,0.000,WAIT,idle,-1,0,-0.007,-0.007,-4.106,0.002,0.007,0.005,1.5388
1785820511.591,0.000,WAIT,idle,-1,0,-0.007,-0.005,-4.106,0.000,0.011,0.006,1.5387
1785820511.691,0.000,WAIT,idle,-1,0,-0.007,-0.004,-4.105,-0.003,0.012,0.006,1.5389
1785820511.791,0.000,WAIT,idle,-1,0,-0.007,-0.002,-4.104,0.000,0.014,0.004,1.5389
1785820511.891,0.000,WAIT,idle,-1,0,-0.006,-0.001,-4.104,0.005,0.013,0.002,1.5386
1785820511.991,0.000,WAIT,idle,-1,0,-0.004,0.001,-4.104,0.006,0.012,0.001,1.5384
1785820512.091,0.000,WAIT,idle,-1,0,-0.003,0.002,-4.104,0.002,0.007,0.000,1.5382
1785820512.191,0.000,WAIT,idle,-1,0,-0.001,0.002,-4.104,0.008,-0.000,0.001,1.5384
1785820512.291,0.000,WAIT,idle,-1,0,0.001,0.002,-4.103,0.007,0.001,0.003,1.5384
1785820512.391,0.000,WAIT,idle,-1,0,0.002,0.003,-4.102,0.009,-0.003,0.001,1.5384
1785820512.491,0.000,WAIT,idle,-1,0,0.004,0.003,-4.102,0.014,-0.010,0.001,1.5380
1785820512.591,0.000,WAIT,idle,-1,0,0.007,0.004,-4.102,0.013,-0.012,-0.001,1.5379
1785820512.691,0.000,WAIT,idle,-1,0,0.009,0.005,-4.101,0.005,-0.004,-0.001,1.5379
1785820512.791,0.000,WAIT,idle,-1,0,0.012,0.006,-4.101,0.001,0.001,-0.001,1.5383
1785820512.891,0.000,WAIT,idle,-1,0,0.014,0.007,-4.101,0.001,0.001,-0.001,1.5385
1785820512.991,0.000,WAIT,idle,-1,0,0.016,0.008,-4.100,-0.002,0.006,-0.004,1.5393
1785820513.091,0.000,WAIT,idle,-1,0,0.018,0.009,-4.100,-0.001,0.006,-0.002,1.5394
1785820513.191,0.000,WAIT,idle,-1,0,0.019,0.010,-4.100,0.004,-0.002,-0.002,1.5397
1785820513.291,0.000,WAIT,idle,-1,0,0.020,0.011,-4.100,0.001,-0.001,-0.001,1.5398
1785820513.391,0.000,WAIT,idle,-1,0,0.021,0.012,-4.100,0.004,-0.011,-0.001,1.5390
1785820513.491,0.000,WAIT,idle,-1,0,0.021,0.012,-4.100,-0.008,-0.006,0.000,1.5387
1785820513.591,0.000,WAIT,idle,-1,0,0.021,0.012,-4.099,-0.012,-0.004,0.000,1.5384
1785820513.691,0.000,WAIT,idle,-1,0,0.022,0.012,-4.099,-0.016,-0.003,-0.002,1.5382
1785820513.791,0.000,WAIT,idle,-1,0,0.021,0.012,-4.099,-0.018,-0.006,-0.004,1.5384
1785820513.891,0.000,WAIT,idle,-1,0,0.021,0.011,-4.099,-0.015,-0.011,-0.003,1.5387
1785820513.991,0.000,WAIT,idle,-1,0,0.021,0.011,-4.098,-0.011,-0.018,-0.002,1.5384
1785820514.091,0.000,WAIT,idle,-1,0,0.021,0.011,-4.098,-0.011,-0.020,-0.003,1.5381
1785820514.191,0.000,WAIT,idle,-1,0,0.021,0.011,-4.097,-0.012,-0.015,-0.005,1.5382
1785820514.291,0.000,WAIT,idle,-1,0,0.021,0.011,-4.097,-0.017,-0.007,-0.002,1.5384
1785820514.391,0.000,WAIT,idle,-1,0,0.021,0.011,-4.097,-0.018,-0.003,-0.003,1.5389
1785820514.491,0.000,WAIT,idle,-1,0,0.020,0.011,-4.097,-0.017,-0.000,-0.006,1.5391
1785820514.591,0.000,WAIT,idle,-1,0,0.020,0.011,-4.097,-0.012,-0.003,-0.005,1.5394
1785820514.691,0.000,WAIT,idle,-1,0,0.020,0.011,-4.098,-0.002,-0.014,-0.006,1.5385
1785820514.791,0.000,WAIT,idle,-1,0,0.020,0.010,-4.099,-0.004,-0.015,-0.005,1.5380
1785820514.891,0.000,WAIT,idle,-1,0,0.020,0.009,-4.100,-0.009,-0.015,-0.004,1.5373
1785820514.991,0.000,WAIT,idle,-1,0,0.019,0.008,-4.101,-0.017,-0.007,-0.004,1.5377
1785820515.091,0.000,WAIT,idle,-1,0,0.018,0.006,-4.102,-0.018,-0.008,-0.003,1.5386
1785820515.191,0.000,WAIT,idle,-1,0,0.016,0.003,-4.103,-0.020,-0.008,-0.002,1.5387
1785820515.291,0.000,WAIT,idle,-1,0,0.013,0.001,-4.105,-0.022,-0.012,0.000,1.5383
1785820515.391,0.000,WAIT,idle,-1,0,0.010,-0.001,-4.105,-0.026,-0.003,0.002,1.5390
1785820515.491,0.000,WAIT,idle,-1,0,0.008,-0.003,-4.105,-0.018,-0.007,0.005,1.5394
1785820515.591,0.000,WAIT,idle,-1,0,0.005,-0.004,-4.105,-0.020,-0.006,0.022,1.5395
1785820515.691,0.000,WAIT,idle,-1,0,0.002,-0.004,-4.098,-0.035,0.008,0.126,1.5390
1785820515.791,0.000,WAIT,idle,-1,0,-0.004,-0.002,-4.069,-0.047,0.029,0.323,1.5392
1785820515.891,0.000,WAIT,idle,-1,0,-0.010,0.001,-4.018,-0.046,0.030,0.548,1.5388
1785820515.991,0.000,WAIT,idle,-1,0,-0.016,0.004,-3.942,-0.038,0.025,0.693,1.5385
1785820516.091,0.000,WAIT,idle,-1,0,-0.019,0.006,-3.867,-0.036,0.024,0.740,1.5382
1785820516.191,0.000,WAIT,idle,-1,0,-0.022,0.007,-3.779,-0.024,0.018,0.721,1.5386
1785820516.291,0.000,WAIT,idle,-1,0,-0.023,0.007,-3.696,-0.009,0.007,0.664,1.5385
1785820516.391,0.000,WAIT,idle,-1,0,-0.022,0.006,-3.619,0.002,-0.002,0.641,1.5381
1785820516.491,0.000,WAIT,idle,-1,0,-0.020,0.003,-3.533,0.004,-0.007,0.639,1.5378
1785820516.591,0.000,WAIT,idle,-1,0,-0.019,0.001,-3.452,0.005,-0.010,0.644,1.5378
1785820516.691,0.000,WAIT,idle,-1,0,-0.018,0.000,-3.390,0.014,-0.014,0.651,1.5387
1785820516.791,0.000,WAIT,idle,-1,0,-0.017,-0.001,-3.312,0.013,-0.019,0.661,1.5391
1785820516.891,0.000,WAIT,idle,-1,0,-0.016,-0.002,-3.238,0.009,-0.018,0.669,1.5392
1785820516.991,0.000,WAIT,idle,-1,0,-0.015,-0.003,-3.163,0.003,-0.007,0.675,1.5399
1785820517.091,0.000,WAIT,idle,-1,0,-0.014,-0.003,-3.083,0.004,-0.002,0.681,1.5403
1785820517.191,0.000,WAIT,idle,-1,0,-0.013,-0.004,-3.007,0.008,-0.003,0.684,1.5404
1785820517.291,0.000,WAIT,idle,-1,0,-0.011,-0.005,-2.935,0.016,-0.017,0.689,1.5399
1785820517.391,0.000,WAIT,idle,-1,0,-0.009,-0.006,-2.858,0.009,-0.011,0.690,1.5395
1785820517.491,0.000,WAIT,idle,-1,0,-0.007,-0.007,-2.781,0.003,-0.004,0.692,1.5401
1785820517.591,0.000,WAIT,idle,-1,0,-0.006,-0.008,-2.714,0.016,-0.014,0.694,1.5400
1785820517.691,0.000,WAIT,idle,-1,0,-0.004,-0.009,-2.636,0.013,-0.014,0.698,1.5389
1785820517.791,0.000,WAIT,idle,-1,0,-0.001,-0.009,-2.558,0.004,-0.002,0.700,1.5386
1785820517.891,0.000,WAIT,idle,-1,0,0.001,-0.010,-2.473,0.000,0.004,0.701,1.5394
1785820517.991,0.000,WAIT,idle,-1,0,0.002,-0.010,-2.406,0.007,-0.004,0.700,1.5397
1785820518.091,0.000,WAIT,idle,-1,0,0.003,-0.010,-2.327,0.002,-0.004,0.700,1.5397
1785820518.191,0.000,WAIT,idle,-1,0,0.004,-0.010,-2.260,-0.005,0.007,0.701,1.5404
1785820518.291,0.000,WAIT,idle,-1,0,0.005,-0.010,-2.175,-0.003,0.003,0.702,1.5406
1785820518.391,0.000,WAIT,idle,-1,0,0.005,-0.011,-2.102,0.001,-0.008,0.700,1.5403
1785820518.491,0.000,WAIT,idle,-1,0,0.006,-0.012,-2.018,-0.002,-0.007,0.700,1.5402
1785820518.591,0.000,WAIT,idle,-1,0,0.007,-0.013,-1.945,-0.010,0.006,0.701,1.5405
1785820518.691,0.000,WAIT,idle,-1,0,0.008,-0.014,-1.872,0.000,-0.005,0.703,1.5402
1785820518.791,0.000,WAIT,idle,-1,0,0.009,-0.015,-1.793,0.000,-0.009,0.702,1.5393
1785820518.891,0.000,WAIT,idle,-1,0,0.010,-0.015,-1.714,-0.007,-0.001,0.703,1.5389
1785820518.991,0.000,WAIT,idle,-1,0,0.011,-0.016,-1.635,-0.009,0.009,0.703,1.5395
1785820519.091,0.000,WAIT,idle,-1,0,0.011,-0.016,-1.562,-0.001,0.002,0.701,1.5396
1785820519.191,0.000,WAIT,idle,-1,0,0.012,-0.015,-1.484,-0.002,-0.002,0.699,1.5390
1785820519.291,0.000,WAIT,idle,-1,0,0.011,-0.015,-1.405,-0.011,0.008,0.701,1.5387
1785820519.391,0.000,WAIT,idle,-1,0,0.011,-0.014,-1.321,-0.013,0.013,0.701,1.5389
1785820519.491,0.000,WAIT,idle,-1,0,0.011,-0.014,-1.253,-0.005,0.010,0.702,1.5396
1785820519.591,0.000,WAIT,idle,-1,0,0.010,-0.013,-1.169,-0.007,0.004,0.701,1.5395
1785820519.691,0.000,WAIT,idle,-1,0,0.008,-0.013,-1.096,-0.018,0.007,0.698,1.5395
1785820519.791,0.000,WAIT,idle,-1,0,0.006,-0.013,-1.011,-0.023,0.010,0.703,1.5398
1785820519.891,0.000,WAIT,idle,-1,0,0.004,-0.013,-0.926,-0.027,0.014,0.701,1.5404
1785820519.991,0.000,WAIT,idle,-1,0,0.002,-0.012,-0.847,-0.021,0.013,0.703,1.5410
1785820520.091,0.000,WAIT,idle,-1,0,0.001,-0.012,-0.773,-0.012,-0.001,0.701,1.5403
1785820520.191,0.000,WAIT,idle,-1,0,-0.001,-0.012,-0.693,-0.015,0.001,0.700,1.5399
1785820520.291,0.000,WAIT,idle,-1,0,-0.002,-0.012,-0.609,-0.016,0.003,0.698,1.5399
1785820520.391,0.000,WAIT,idle,-1,0,-0.003,-0.012,-0.530,-0.015,0.009,0.696,1.5399
1785820520.491,0.000,WAIT,idle,-1,0,-0.005,-0.011,-0.451,-0.006,0.005,0.696,1.5396
1785820520.591,0.000,WAIT,idle,-1,0,-0.006,-0.010,-0.378,-0.002,-0.003,0.699,1.5389
1785820520.691,0.000,WAIT,idle,-1,0,-0.007,-0.009,-0.299,-0.009,0.005,0.697,1.5393
1785820520.791,0.000,WAIT,idle,-1,0,-0.008,-0.008,-0.220,-0.009,0.012,0.696,1.5398
1785820520.891,0.000,WAIT,idle,-1,0,-0.010,-0.007,-0.136,-0.008,0.011,0.696,1.5399
1785820520.991,0.000,WAIT,idle,-1,0,-0.011,-0.005,-0.052,-0.006,0.008,0.696,1.5402
1785820521.091,0.000,WAIT,idle,-1,0,-0.014,-0.008,0.001,0.018,-0.056,-0.000,1.5355
1785820521.191,0.000,WAIT,idle,-1,0,-0.015,-0.013,0.002,0.010,-0.048,0.002,1.5332
1785820521.291,0.000,WAIT,idle,-1,0,-0.015,-0.015,-0.001,0.001,-0.037,-0.008,1.5338
1785820521.391,0.000,WAIT,idle,-1,0,-0.016,-0.016,-0.003,-0.000,-0.039,-0.009,1.5346
1785820521.491,0.000,WAIT,idle,-1,0,-0.017,-0.018,-0.004,-0.004,-0.041,-0.009,1.5355
1785820521.591,0.000,WAIT,idle,-1,0,-0.019,-0.018,-0.005,-0.005,-0.039,-0.009,1.5362
1785820521.691,0.000,WAIT,idle,-1,0,-0.020,-0.018,-0.006,-0.007,-0.035,-0.010,1.5368
1785820521.791,0.000,WAIT,idle,-1,0,-0.021,-0.018,-0.006,-0.010,-0.030,-0.008,1.5370
1785820521.891,0.000,WAIT,idle,-1,0,-0.022,-0.017,-0.007,-0.010,-0.028,-0.007,1.5372
1785820521.991,0.000,WAIT,idle,-1,0,-0.023,-0.016,-0.007,-0.011,-0.027,-0.007,1.5375
1785820522.091,0.000,WAIT,idle,-1,0,-0.023,-0.015,-0.007,-0.011,-0.025,-0.007,1.5375
1785820522.191,0.000,WAIT,idle,-1,0,-0.024,-0.013,-0.007,-0.012,-0.020,-0.005,1.5374
1785820522.291,0.000,WAIT,idle,-1,0,-0.025,-0.012,-0.007,-0.014,-0.019,-0.005,1.5373
1785820522.391,0.000,WAIT,idle,-1,0,-0.026,-0.011,-0.006,-0.018,-0.014,-0.006,1.5373
1785820522.491,0.000,WAIT,idle,-1,0,-0.027,-0.009,-0.006,-0.017,-0.010,-0.007,1.5375
1785820522.591,0.000,WAIT,idle,-1,0,-0.027,-0.007,-0.007,-0.017,-0.007,-0.007,1.5376
1785820522.691,0.000,WAIT,idle,-1,0,-0.028,-0.006,-0.007,-0.017,-0.005,-0.006,1.5375
1785820522.791,0.000,WAIT,idle,-1,0,-0.028,-0.005,-0.007,-0.016,-0.002,-0.006,1.5373
1785820522.891,0.000,WAIT,idle,-1,0,-0.028,-0.004,-0.006,-0.016,-0.003,-0.004,1.5372
1785820522.991,0.000,WAIT,idle,-1,0,-0.028,-0.003,-0.006,-0.016,-0.000,-0.003,1.5370
1785820523.091,0.000,WAIT,idle,-1,0,-0.028,-0.003,-0.005,-0.016,0.001,-0.002,1.5369
1785820523.191,0.000,WAIT,idle,-1,0,-0.028,-0.002,-0.004,-0.016,0.005,-0.001,1.5366
1785820523.291,0.000,WAIT,idle,-1,0,-0.028,-0.001,-0.004,-0.015,0.008,0.002,1.5365
1785820523.391,0.000,WAIT,idle,-1,0,-0.028,-0.000,-0.003,-0.014,0.009,0.001,1.5365
1785820523.491,0.000,WAIT,idle,-1,0,-0.028,0.000,-0.002,-0.014,0.010,0.001,1.5365
1785820523.591,0.000,WAIT,idle,-1,0,-0.028,0.001,-0.002,-0.012,0.010,0.001,1.5364
1785820523.691,0.000,WAIT,idle,-1,0,-0.027,0.001,-0.002,-0.013,0.014,0.000,1.5366
1785820523.791,0.000,WAIT,idle,-1,0,-0.027,0.002,-0.001,-0.014,0.015,0.003,1.5365
1785820523.891,0.000,WAIT,idle,-1,0,-0.028,0.003,-0.001,-0.014,0.014,0.002,1.5364
1785820523.991,0.000,WAIT,idle,-1,0,-0.028,0.003,-0.001,-0.016,0.014,0.001,1.5361
1785820524.091,0.000,WAIT,idle,-1,0,-0.028,0.004,-0.001,-0.014,0.015,-0.000,1.5359
1785820524.191,0.000,WAIT,idle,-1,0,-0.028,0.004,-0.001,-0.016,0.016,-0.002,1.5357
1785820524.291,0.000,WAIT,idle,-1,0,-0.028,0.004,-0.002,-0.015,0.016,-0.003,1.5355
1785820524.391,0.000,WAIT,idle,-1,0,-0.028,0.005,-0.002,-0.015,0.018,-0.004,1.5353
1785820524.491,0.000,WAIT,idle,-1,0,-0.028,0.005,-0.003,-0.016,0.022,-0.003,1.5351
1785820524.591,0.000,WAIT,idle,-1,0,-0.028,0.006,-0.003,-0.014,0.024,-0.004,1.5347
1785820524.691,0.000,WAIT,idle,-1,0,-0.028,0.006,-0.004,-0.012,0.024,-0.002,1.5343
1785820524.791,0.000,WAIT,idle,-1,0,-0.028,0.007,-0.004,-0.011,0.024,-0.001,1.5339
1785820524.891,0.000,WAIT,idle,-1,0,-0.027,0.007,-0.004,-0.007,0.024,-0.002,1.5335
1785820524.991,0.000,WAIT,idle,-1,0,-0.027,0.008,-0.004,-0.009,0.024,0.000,1.5332
1785820525.091,0.000,WAIT,idle,-1,0,-0.026,0.008,-0.004,-0.009,0.024,0.001,1.5329
1785820525.191,0.000,WAIT,idle,-1,0,-0.026,0.008,-0.004,-0.008,0.020,0.002,1.5325
1785820525.291,0.000,WAIT,idle,-1,0,-0.026,0.008,-0.003,-0.008,0.019,0.003,1.5323
1785820525.391,0.000,WAIT,idle,-1,0,-0.026,0.007,-0.003,-0.009,0.017,0.001,1.5320
1785820525.491,0.000,WAIT,idle,-1,0,-0.026,0.007,-0.003,-0.011,0.018,0.004,1.5318
1785820525.591,0.000,WAIT,idle,-1,0,-0.026,0.006,-0.003,-0.010,0.017,0.004,1.5317
1785820525.691,0.000,WAIT,idle,-1,0,-0.026,0.006,-0.002,-0.010,0.017,0.006,1.5318
1785820525.791,0.000,WAIT,idle,-1,0,-0.026,0.005,-0.002,-0.010,0.016,0.004,1.5318
1785820525.891,0.000,WAIT,idle,-1,0,-0.026,0.004,-0.001,-0.010,0.016,0.005,1.5320
1785820525.991,0.000,WAIT,idle,-1,0,-0.026,0.004,-0.001,-0.008,0.018,0.004,1.5321
1785820526.091,0.000,WAIT,idle,-1,0,-0.026,0.004,-0.001,-0.008,0.017,0.006,1.5321
1785820526.191,0.000,WAIT,idle,-1,0,-0.025,0.004,0.000,-0.007,0.016,0.005,1.5319
1785820526.291,0.000,WAIT,idle,-1,0,-0.025,0.004,0.000,-0.008,0.017,0.005,1.5317
1785820526.391,0.000,WAIT,idle,-1,0,-0.025,0.004,0.001,-0.006,0.017,0.004,1.5319
1785820526.491,0.000,WAIT,idle,-1,0,-0.025,0.004,0.001,-0.006,0.019,0.003,1.5320
1785820526.591,0.000,WAIT,idle,-1,0,-0.025,0.005,0.002,-0.005,0.016,0.002,1.5320
1785820526.691,0.000,WAIT,idle,-1,0,-0.025,0.005,0.002,-0.007,0.014,0.002,1.5321
1785820526.791,0.000,WAIT,idle,-1,0,-0.025,0.004,0.003,-0.007,0.016,0.003,1.5320
1785820526.891,0.000,WAIT,idle,-1,0,-0.025,0.004,0.004,-0.005,0.015,0.005,1.5320
1785820526.991,0.000,WAIT,idle,-1,0,-0.025,0.004,0.004,-0.003,0.015,0.005,1.5321
1785820527.091,0.000,WAIT,idle,-1,0,-0.025,0.004,0.005,-0.006,0.014,0.004,1.5321
1785820527.191,0.000,WAIT,idle,-1,0,-0.025,0.004,0.005,-0.006,0.014,0.002,1.5321
1785820527.291,0.000,WAIT,idle,-1,0,-0.025,0.004,0.005,-0.004,0.013,-0.001,1.5321
1785820527.391,0.000,WAIT,idle,-1,0,-0.025,0.004,0.005,-0.003,0.013,-0.002,1.5321
1785820527.491,0.000,WAIT,idle,-1,0,-0.024,0.004,0.004,-0.003,0.013,-0.002,1.5323
1785820527.591,0.000,WAIT,idle,-1,0,-0.024,0.004,0.003,-0.003,0.011,-0.005,1.5325
1785820527.691,0.000,WAIT,idle,-1,0,-0.024,0.004,0.002,-0.001,0.012,-0.005,1.5326
1785820527.791,0.000,WAIT,idle,-1,0,-0.023,0.004,0.002,-0.001,0.015,-0.006,1.5325
1785820527.891,0.000,WAIT,idle,-1,0,-0.023,0.004,0.001,-0.001,0.013,-0.006,1.5327
1785820527.991,0.000,WAIT,idle,-1,0,-0.023,0.004,0.001,-0.003,0.013,-0.003,1.5325
1785820528.091,0.000,WAIT,idle,-1,0,-0.023,0.004,0.001,-0.004,0.010,-0.001,1.5325
1785820528.191,0.000,WAIT,idle,-1,0,-0.023,0.003,0.002,-0.006,0.008,0.001,1.5322
1785820528.291,0.000,WAIT,idle,-1,0,-0.024,0.002,0.002,-0.007,0.008,-0.000,1.5321
1785820528.391,0.000,WAIT,idle,-1,0,-0.024,0.001,0.002,-0.008,0.009,-0.001,1.5321
1785820528.491,0.000,WAIT,idle,-1,0,-0.024,0.001,0.002,-0.008,0.009,-0.001,1.5321
1785820528.591,0.000,WAIT,idle,-1,0,-0.024,0.000,0.003,-0.008,0.009,-0.001,1.5321
1785820528.691,0.000,WAIT,idle,-1,0,-0.025,-0.000,0.003,-0.007,0.007,0.001,1.5321
1785820528.791,0.000,WAIT,idle,-1,0,-0.025,-0.001,0.003,-0.007,0.009,0.002,1.5322
1785820528.891,0.000,WAIT,idle,-1,0,-0.025,-0.001,0.003,-0.010,0.009,0.001,1.5323
1785820528.991,0.000,WAIT,idle,-1,0,-0.025,-0.001,0.003,-0.012,0.008,0.001,1.5324
1785820529.091,0.000,WAIT,idle,-1,0,-0.026,-0.000,0.003,-0.012,0.013,-0.001,1.5325
1785820529.191,0.000,WAIT,idle,-1,0,-0.026,0.001,0.003,-0.012,0.015,0.001,1.5325
1785820529.291,0.000,WAIT,idle,-1,0,-0.026,0.001,0.002,-0.013,0.018,0.001,1.5327
1785820529.391,0.000,WAIT,idle,-1,0,-0.027,0.002,0.002,-0.013,0.018,-0.000,1.5327
1785820529.491,0.000,WAIT,idle,-1,0,-0.027,0.003,0.002,-0.013,0.019,0.000,1.5325
1785820529.591,0.000,WAIT,idle,-1,0,-0.027,0.003,0.002,-0.012,0.019,-0.000,1.5323
1785820529.691,0.000,WAIT,idle,-1,0,-0.027,0.003,0.002,-0.012,0.018,-0.002,1.5323
1785820529.791,0.000,WAIT,idle,-1,0,-0.027,0.003,0.002,-0.009,0.017,-0.001,1.5326
1785820529.891,0.000,WAIT,idle,-1,0,-0.027,0.003,0.002,-0.009,0.019,0.001,1.5326
1785820529.991,0.000,WAIT,idle,-1,0,-0.026,0.003,0.001,-0.009,0.020,-0.002,1.5329
1785820530.091,0.000,WAIT,idle,-1,0,-0.026,0.003,0.001,-0.010,0.020,-0.001,1.5328
1785820530.191,0.000,WAIT,idle,-1,0,-0.026,0.003,0.001,-0.010,0.019,-0.000,1.5328
1785820530.291,0.000,WAIT,idle,-1,0,-0.026,0.003,0.001,-0.010,0.017,-0.000,1.5326
1785820530.391,0.000,WAIT,idle,-1,0,-0.026,0.003,0.000,-0.010,0.015,-0.003,1.5322
1785820530.491,0.000,WAIT,idle,-1,0,-0.026,0.003,0.000,-0.011,0.016,-0.005,1.5320
1785820530.591,0.000,WAIT,idle,-1,0,-0.026,0.003,0.000,-0.012,0.017,-0.003,1.5321
1785820530.691,0.000,WAIT,idle,-1,0,-0.027,0.003,0.000,-0.013,0.014,-0.003,1.5320
1785820530.791,0.000,WAIT,idle,-1,0,-0.027,0.003,0.001,-0.014,0.014,-0.002,1.5320
1785820530.891,0.000,WAIT,idle,-1,0,-0.027,0.003,0.001,-0.014,0.014,-0.002,1.5325
1785820530.991,0.000,WAIT,idle,-1,0,-0.027,0.003,0.001,-0.012,0.013,-0.002,1.5327
1785820531.091,0.000,WAIT,idle,-1,0,-0.027,0.003,0.001,-0.010,0.012,-0.003,1.5327
1785820531.191,0.000,WAIT,idle,-1,0,-0.027,0.003,0.001,-0.008,0.011,-0.004,1.5327
1785820531.291,0.000,WAIT,idle,-1,0,-0.026,0.002,0.001,-0.006,0.010,-0.004,1.5330
1785820531.391,0.000,WAIT,idle,-1,0,-0.026,0.002,0.001,-0.004,0.010,-0.006,1.5329
1785820531.491,0.000,WAIT,idle,-1,0,-0.025,0.002,0.001,-0.004,0.010,-0.007,1.5329
1785820531.591,0.000,WAIT,idle,-1,0,-0.024,0.002,0.001,-0.004,0.010,-0.006,1.5327
1785820531.691,0.000,WAIT,idle,-1,0,-0.024,0.001,0.001,-0.004,0.010,-0.006,1.5327
1785820531.791,0.000,WAIT,idle,-1,0,-0.024,0.001,0.000,-0.002,0.010,-0.007,1.5323
1785820531.891,0.000,WAIT,idle,-1,0,-0.023,0.001,-0.000,-0.001,0.010,-0.008,1.5322
1785820531.991,0.000,WAIT,idle,-1,0,-0.023,0.001,-0.000,-0.002,0.010,-0.007,1.5321
1785820532.091,0.000,WAIT,idle,-1,0,-0.023,0.002,0.000,-0.005,0.010,-0.004,1.5322
1785820532.191,0.000,WAIT,idle,-1,0,-0.024,0.002,0.001,-0.005,0.011,-0.004,1.5320
1785820532.291,0.000,WAIT,idle,-1,0,-0.024,0.002,0.001,-0.006,0.012,-0.004,1.5317
1785820532.391,0.000,WAIT,idle,-1,0,-0.024,0.003,0.001,-0.005,0.010,-0.003,1.5317
1785820532.491,0.000,WAIT,idle,-1,0,-0.024,0.003,0.001,-0.007,0.011,-0.004,1.5313
1785820532.591,0.000,WAIT,idle,-1,0,-0.024,0.003,0.001,-0.005,0.010,-0.004,1.5312
1785820532.691,0.000,WAIT,idle,-1,0,-0.024,0.003,0.001,-0.005,0.011,-0.004,1.5310
1785820532.791,0.000,WAIT,idle,-1,0,-0.024,0.004,0.001,-0.003,0.012,-0.005,1.5313
1785820532.891,0.000,WAIT,idle,-1,0,-0.024,0.004,0.001,-0.001,0.011,-0.006,1.5313
1785820532.991,0.000,WAIT,idle,-1,0,-0.023,0.004,0.001,-0.002,0.012,-0.006,1.5313
1785820533.091,0.000,WAIT,idle,-1,0,-0.023,0.004,0.001,-0.002,0.012,-0.005,1.5312
1785820533.191,0.000,WAIT,idle,-1,0,-0.023,0.004,0.000,-0.001,0.011,-0.005,1.5309
1785820533.291,0.000,WAIT,idle,-1,0,-0.023,0.003,0.000,-0.002,0.009,-0.005,1.5311
1785820533.391,0.000,WAIT,idle,-1,0,-0.023,0.003,0.000,-0.004,0.008,-0.004,1.5310
1785820533.491,0.000,WAIT,idle,-1,0,-0.023,0.003,0.000,-0.004,0.007,-0.003,1.5309
1785820533.591,0.000,WAIT,idle,-1,0,-0.023,0.002,-0.000,-0.004,0.007,-0.005,1.5309
1785820533.691,0.000,WAIT,idle,-1,0,-0.024,0.002,-0.000,-0.003,0.008,-0.003,1.5306
1785820533.791,0.000,WAIT,idle,-1,0,-0.024,0.002,-0.001,-0.002,0.008,-0.003,1.5304
1785820533.891,0.000,WAIT,idle,-1,0,-0.024,0.002,-0.001,-0.006,0.009,-0.002,1.5301
1785820533.991,0.000,WAIT,idle,-1,0,-0.025,0.002,-0.000,-0.006,0.008,-0.000,1.5301
1785820534.091,0.000,WAIT,idle,-1,0,-0.025,0.002,-0.000,-0.004,0.005,-0.001,1.5298
1785820534.191,0.000,WAIT,idle,-1,0,-0.025,0.002,-0.000,-0.001,0.005,-0.001,1.5298
1785820534.291,0.000,WAIT,idle,-1,0,-0.024,0.002,-0.000,-0.001,0.007,-0.002,1.5297
1785820534.391,0.000,WAIT,idle,-1,0,-0.024,0.002,-0.000,-0.000,0.008,-0.003,1.5300
1785820534.491,0.000,WAIT,idle,-1,0,-0.024,0.003,0.000,-0.001,0.009,-0.001,1.5299
1785820534.591,0.000,WAIT,idle,-1,0,-0.024,0.003,0.001,-0.001,0.011,-0.002,1.5300
1785820534.691,0.000,WAIT,idle,-1,0,-0.024,0.004,0.001,-0.001,0.011,-0.002,1.5300
1785820534.791,0.000,WAIT,idle,-1,0,-0.023,0.004,0.001,-0.001,0.011,0.001,1.5300
1785820534.891,0.000,WAIT,idle,-1,0,-0.023,0.004,0.002,-0.001,0.010,0.003,1.5299
1785820534.991,0.000,WAIT,idle,-1,0,-0.023,0.004,0.003,-0.001,0.009,0.003,1.5300
1785820535.091,0.000,WAIT,idle,-1,0,-0.023,0.004,0.003,-0.001,0.011,0.001,1.5300
1785820535.191,0.000,WAIT,idle,-1,0,-0.023,0.004,0.004,-0.001,0.013,0.002,1.5300
1785820535.291,0.000,WAIT,idle,-1,0,-0.024,0.004,0.004,-0.002,0.015,0.001,1.5300
1785820535.391,0.000,WAIT,idle,-1,0,-0.024,0.005,0.004,-0.003,0.017,-0.001,1.5300
1785820535.491,0.000,WAIT,idle,-1,0,-0.024,0.005,0.004,-0.002,0.018,-0.001,1.5301
1785820535.591,0.000,WAIT,idle,-1,0,-0.024,0.006,0.004,-0.000,0.019,0.001,1.5301
1785820535.691,0.000,WAIT,idle,-1,0,-0.024,0.006,0.004,0.001,0.017,0.002,1.5301
1785820535.791,0.000,WAIT,idle,-1,0,-0.023,0.006,0.004,0.003,0.016,0.001,1.5303
1785820535.891,0.000,WAIT,idle,-1,0,-0.023,0.006,0.004,0.001,0.015,0.001,1.5304
1785820535.991,0.000,WAIT,idle,-1,0,-0.023,0.005,0.005,0.002,0.014,0.002,1.5303
1785820536.091,0.000,WAIT,idle,-1,0,-0.023,0.005,0.005,0.000,0.013,0.000,1.5301
1785820536.191,0.000,WAIT,idle,-1,0,-0.023,0.004,0.005,0.000,0.011,0.002,1.5300
1785820536.291,0.000,WAIT,idle,-1,0,-0.023,0.003,0.005,-0.001,0.014,0.000,1.5298
1785820536.391,0.000,WAIT,idle,-1,0,-0.023,0.003,0.006,-0.002,0.012,0.001,1.5298
1785820536.491,0.000,WAIT,idle,-1,0,-0.023,0.003,0.006,-0.001,0.012,0.001,1.5300
1785820536.591,0.000,WAIT,idle,-1,0,-0.024,0.003,0.007,-0.002,0.015,0.001,1.5299
1785820536.691,0.000,WAIT,idle,-1,0,-0.024,0.003,0.007,-0.001,0.013,0.000,1.5300
1785820536.791,0.000,WAIT,idle,-1,0,-0.024,0.003,0.007,-0.001,0.013,-0.003,1.5301
1785820536.891,0.000,WAIT,idle,-1,0,-0.023,0.003,0.006,0.002,0.016,-0.003,1.5299
1785820536.991,0.000,WAIT,idle,-1,0,-0.023,0.003,0.006,-0.001,0.017,-0.001,1.5299
1785820537.091,0.000,WAIT,idle,-1,0,-0.023,0.004,0.007,0.000,0.018,-0.000,1.5300
1785820537.191,0.000,WAIT,idle,-1,0,-0.023,0.004,0.007,0.001,0.018,0.001,1.5302
1785820537.291,0.000,WAIT,idle,-1,0,-0.023,0.004,0.008,0.002,0.017,0.002,1.5300
1785820537.391,0.000,WAIT,idle,-1,0,-0.023,0.004,0.008,0.001,0.016,0.002,1.5297
1785820537.491,0.000,WAIT,idle,-1,0,-0.023,0.004,0.008,0.000,0.015,0.003,1.5294
1785820537.591,0.000,WAIT,idle,-1,0,-0.023,0.004,0.008,0.002,0.015,0.003,1.5294
1785820537.691,0.000,WAIT,idle,-1,0,-0.023,0.004,0.008,-0.001,0.012,0.001,1.5292
1785820537.791,0.000,WAIT,idle,-1,0,-0.023,0.003,0.008,0.001,0.011,0.000,1.5292
1785820537.891,0.000,WAIT,idle,-1,0,-0.023,0.003,0.007,0.003,0.009,0.002,1.5292
1785820537.991,0.000,WAIT,idle,-1,0,-0.023,0.002,0.007,0.004,0.007,0.005,1.5293
1785820538.091,0.000,WAIT,idle,-1,0,-0.022,0.002,0.008,0.003,0.007,0.005,1.5292
1785820538.191,0.000,WAIT,idle,-1,0,-0.022,0.001,0.008,0.003,0.008,0.001,1.5291
1785820538.291,0.000,WAIT,idle,-1,0,-0.022,0.001,0.008,0.003,0.009,0.001,1.5290
1785820538.391,0.000,WAIT,idle,-1,0,-0.022,0.002,0.008,0.001,0.008,0.001,1.5290
1785820538.491,0.000,WAIT,idle,-1,0,-0.023,0.002,0.007,0.002,0.008,0.003,1.5290
1785820538.591,0.000,WAIT,idle,-1,0,-0.023,0.002,0.008,-0.000,0.005,0.003,1.5290
1785820538.691,0.000,WAIT,idle,-1,0,-0.023,0.001,0.007,-0.001,0.007,0.001,1.5291
1785820538.791,0.000,WAIT,idle,-1,0,-0.024,0.002,0.007,-0.003,0.008,0.001,1.5289
1785820538.891,0.000,WAIT,idle,-1,0,-0.024,0.001,0.006,-0.006,0.007,-0.001,1.5288
1785820538.991,0.000,WAIT,idle,-1,0,-0.025,0.001,0.006,-0.006,0.005,-0.001,1.5289
1785820539.091,0.000,WAIT,idle,-1,0,-0.025,0.001,0.006,-0.008,0.004,0.000,1.5289
1785820539.191,0.000,WAIT,idle,-1,0,-0.026,0.000,0.006,-0.009,0.004,0.001,1.5288
1785820539.291,0.000,WAIT,idle,-1,0,-0.026,-0.000,0.006,-0.007,0.003,0.000,1.5289
1785820539.391,0.000,WAIT,idle,-1,0,-0.027,-0.000,0.005,-0.007,0.003,0.002,1.5289
1785820539.491,0.000,WAIT,idle,-1,0,-0.027,-0.000,0.005,-0.007,0.001,0.002,1.5290
1785820539.591,0.000,WAIT,idle,-1,0,-0.027,-0.001,0.005,-0.007,0.002,0.002,1.5289
1785820539.691,0.000,WAIT,idle,-1,0,-0.027,-0.001,0.005,-0.010,0.001,0.002,1.5288
1785820539.791,0.000,WAIT,idle,-1,0,-0.027,-0.001,0.005,-0.010,0.002,0.002,1.5289
1785820539.891,0.000,WAIT,idle,-1,0,-0.027,-0.001,0.005,-0.009,0.003,0.002,1.5290
1785820539.991,0.000,WAIT,idle,-1,0,-0.027,-0.001,0.004,-0.011,0.001,-0.000,1.5291
1785820540.091,0.000,WAIT,idle,-1,0,-0.028,-0.001,0.004,-0.009,0.000,0.000,1.5290
1785820540.191,0.000,WAIT,idle,-1,0,-0.028,-0.001,0.003,-0.010,-0.000,0.001,1.5290
1785820540.291,0.000,WAIT,idle,-1,0,-0.028,-0.001,0.003,-0.011,-0.001,0.002,1.5291
1785820540.391,0.000,WAIT,idle,-1,0,-0.028,-0.001,0.003,-0.009,-0.001,0.002,1.5293
1785820540.491,0.000,WAIT,idle,-1,0,-0.027,-0.001,0.003,-0.007,0.000,0.001,1.5295
1785820540.591,0.000,WAIT,idle,-1,0,-0.027,-0.001,0.003,-0.007,0.001,0.001,1.5296
1785820540.691,0.000,WAIT,idle,-1,0,-0.027,-0.001,0.003,-0.008,0.001,0.001,1.5298
1785820540.791,0.000,WAIT,idle,-1,0,-0.027,-0.001,0.003,-0.011,0.004,-0.002,1.5300
1785820540.891,0.000,WAIT,idle,-1,0,-0.027,-0.001,0.003,-0.013,0.004,-0.000,1.5301
1785820540.991,0.000,WAIT,idle,-1,0,-0.028,-0.001,0.003,-0.015,0.004,-0.001,1.5303
1785820541.091,0.000,WAIT,idle,-1,0,-0.028,-0.001,0.003,-0.015,0.002,0.002,1.5303
1785820541.191,0.000,WAIT,idle,-1,0,-0.029,-0.001,0.003,-0.016,0.002,0.002,1.5305
1785820541.291,0.000,WAIT,idle,-1,0,-0.029,-0.001,0.003,-0.014,0.004,0.001,1.5306
1785820541.391,0.000,WAIT,idle,-1,0,-0.029,-0.000,0.003,-0.012,0.004,0.002,1.5305
1785820541.491,0.000,WAIT,idle,-1,0,-0.029,-0.000,0.003,-0.010,0.004,0.002,1.5304
1785820541.591,0.000,WAIT,idle,-1,0,-0.028,-0.000,0.003,-0.007,0.004,-0.000,1.5306
1785820541.691,0.000,WAIT,idle,-1,0,-0.027,-0.000,0.003,-0.009,0.006,-0.001,1.5305
1785820541.791,0.000,WAIT,idle,-1,0,-0.027,0.000,0.003,-0.007,0.008,-0.002,1.5304
1785820541.891,0.000,WAIT,idle,-1,0,-0.026,0.001,0.003,-0.005,0.006,-0.000,1.5302
1785820541.991,0.000,WAIT,idle,-1,0,-0.026,0.001,0.003,-0.004,0.004,-0.000,1.5303
1785820542.091,0.000,WAIT,idle,-1,0,-0.025,0.001,0.003,0.000,0.004,0.003,1.5303
1785820542.191,0.000,WAIT,idle,-1,0,-0.024,0.001,0.004,0.004,0.003,0.003,1.5306
1785820542.291,0.000,WAIT,idle,-1,0,-0.023,0.001,0.004,0.005,0.002,0.002,1.5305
1785820542.391,0.000,WAIT,idle,-1,0,-0.022,0.001,0.005,0.007,0.002,0.002,1.5307
1785820542.491,0.000,WAIT,idle,-1,0,-0.021,0.000,0.005,0.009,0.002,0.003,1.5307
1785820542.591,0.000,WAIT,idle,-1,0,-0.020,0.000,0.006,0.008,0.003,0.002,1.5308
1785820542.691,0.000,WAIT,idle,-1,0,-0.020,0.000,0.007,0.007,0.003,-0.000,1.5308
1785820542.791,0.000,WAIT,idle,-1,0,-0.019,0.000,0.007,0.010,0.003,-0.002,1.5307
1785820542.891,0.000,WAIT,idle,-1,0,-0.019,0.001,0.007,0.010,0.004,0.000,1.5307
1785820542.991,0.000,WAIT,idle,-1,0,-0.019,0.001,0.008,0.010,0.004,0.005,1.5306
1785820543.091,0.000,WAIT,idle,-1,0,-0.018,0.001,0.009,0.007,0.005,0.006,1.5305
1785820543.191,0.000,WAIT,idle,-1,0,-0.019,0.001,0.009,0.006,0.006,0.007,1.5305
1785820543.291,0.000,WAIT,idle,-1,0,-0.019,0.001,0.009,0.003,0.008,0.008,1.5304
1785820543.391,0.000,WAIT,idle,-1,0,-0.020,0.002,0.009,0.002,0.009,0.006,1.5304
1785820543.491,0.000,WAIT,idle,-1,0,-0.021,0.002,0.009,0.000,0.009,0.005,1.5306
1785820543.591,0.000,WAIT,idle,-1,0,-0.021,0.002,0.008,0.001,0.008,0.005,1.5307
1785820543.691,0.000,WAIT,idle,-1,0,-0.021,0.002,0.008,0.003,0.007,0.005,1.5305
1785820543.791,0.000,WAIT,idle,-1,0,-0.021,0.002,0.008,0.003,0.005,0.005,1.5305
1785820543.891,0.000,WAIT,idle,-1,0,-0.021,0.002,0.008,0.000,0.004,0.005,1.5304
1785820543.991,0.000,WAIT,idle,-1,0,-0.022,0.001,0.008,0.000,0.004,0.005,1.5304
1785820544.091,0.000,WAIT,idle,-1,0,-0.022,0.001,0.008,0.002,0.003,0.005,1.5303
1785820544.191,0.000,WAIT,idle,-1,0,-0.022,0.001,0.008,-0.000,0.003,0.005,1.5303
1785820544.291,0.000,WAIT,idle,-1,0,-0.022,0.001,0.008,-0.003,0.004,0.002,1.5302
1785820544.391,0.000,WAIT,idle,-1,0,-0.023,0.001,0.008,-0.003,0.007,0.003,1.5300
1785820544.491,0.000,WAIT,idle,-1,0,-0.023,0.001,0.007,-0.001,0.006,0.001,1.5300
1785820544.591,0.000,WAIT,idle,-1,0,-0.023,0.002,0.006,-0.002,0.007,-0.001,1.5299
1785820544.691,0.000,WAIT,idle,-1,0,-0.023,0.002,0.006,-0.001,0.007,-0.002,1.5301
1785820544.791,0.000,WAIT,idle,-1,0,-0.023,0.002,0.005,-0.000,0.008,-0.002,1.5304
1785820544.891,0.000,WAIT,idle,-1,0,-0.023,0.002,0.004,-0.001,0.008,-0.003,1.5303
1785820544.991,0.000,WAIT,idle,-1,0,-0.023,0.002,0.003,-0.004,0.009,-0.004,1.5303
1785820545.091,0.000,WAIT,idle,-1,0,-0.023,0.002,0.003,-0.003,0.009,-0.004,1.5302
1785820545.191,0.000,WAIT,idle,-1,0,-0.023,0.002,0.002,-0.004,0.009,-0.003,1.5305
1785820545.291,0.000,WAIT,idle,-1,0,-0.024,0.002,0.001,-0.004,0.009,-0.003,1.5310
1785820545.391,0.000,WAIT,idle,-1,0,-0.024,0.002,0.001,-0.004,0.010,-0.005,1.5312
1785820545.491,0.000,WAIT,idle,-1,0,-0.024,0.002,0.000,-0.005,0.012,-0.006,1.5311
1785820545.591,0.000,WAIT,idle,-1,0,-0.024,0.003,0.000,-0.005,0.011,-0.006,1.5310
1785820545.691,0.000,WAIT,idle,-1,0,-0.024,0.003,0.000,-0.004,0.014,-0.006,1.5310
1785820545.791,0.000,WAIT,idle,-1,0,-0.024,0.003,-0.000,-0.002,0.013,-0.008,1.5311
1785820545.891,0.000,WAIT,idle,-1,0,-0.024,0.004,-0.001,-0.001,0.011,-0.011,1.5311
1785820545.991,0.000,WAIT,idle,-1,0,-0.024,0.003,-0.002,-0.000,0.009,-0.013,1.5311
1785820546.091,0.000,WAIT,idle,-1,0,-0.024,0.003,-0.002,0.001,0.007,-0.011,1.5312
1785820546.191,0.000,WAIT,idle,-1,0,-0.023,0.003,-0.002,0.000,0.007,-0.011,1.5311
1785820546.291,0.000,WAIT,idle,-1,0,-0.023,0.002,-0.002,-0.000,0.006,-0.009,1.5311
1785820546.391,0.000,WAIT,idle,-1,0,-0.023,0.001,-0.002,-0.002,0.005,-0.007,1.5310
1785820546.491,0.000,WAIT,idle,-1,0,-0.023,0.001,-0.002,-0.002,0.006,-0.006,1.5308
1785820546.591,0.000,WAIT,idle,-1,0,-0.023,0.001,-0.002,-0.000,0.003,-0.006,1.5307
1785820546.691,0.000,WAIT,idle,-1,0,-0.023,0.000,-0.001,-0.000,0.003,-0.005,1.5307
1785820546.791,0.000,WAIT,idle,-1,0,-0.023,-0.000,-0.001,-0.001,0.004,-0.004,1.5309
1785820546.891,0.000,WAIT,idle,-1,0,-0.023,-0.001,-0.000,-0.000,0.003,-0.003,1.5309
1785820546.991,0.000,WAIT,idle,-1,0,-0.023,-0.001,0.000,0.002,0.002,-0.002,1.5308
1785820547.091,0.000,WAIT,idle,-1,0,-0.022,-0.001,0.000,0.003,0.003,-0.003,1.5307
1785820547.191,0.000,WAIT,idle,-1,0,-0.022,-0.001,0.001,0.004,0.004,-0.001,1.5306
1785820547.291,0.000,WAIT,idle,-1,0,-0.022,-0.001,0.001,0.003,0.002,-0.002,1.5309
1785820547.391,0.000,WAIT,idle,-1,0,-0.021,-0.001,0.001,0.004,0.003,-0.003,1.5308
1785820547.491,0.000,WAIT,idle,-1,0,-0.021,-0.000,0.001,0.003,0.003,-0.003,1.5308
1785820547.591,0.000,WAIT,idle,-1,0,-0.021,-0.000,0.000,0.003,0.004,-0.002,1.5309
1785820547.691,0.000,WAIT,idle,-1,0,-0.021,-0.000,0.000,0.002,0.003,-0.003,1.5309
1785820547.791,0.000,WAIT,idle,-1,0,-0.021,-0.000,-0.000,0.001,0.003,-0.003,1.5308
1785820547.891,0.000,WAIT,idle,-1,0,-0.022,-0.000,-0.000,0.001,0.003,-0.000,1.5308
1785820547.991,0.000,WAIT,idle,-1,0,-0.022,-0.000,-0.000,0.002,0.002,0.000,1.5309
1785820548.091,0.000,WAIT,idle,-1,0,-0.022,-0.000,-0.000,0.002,0.003,0.000,1.5307
1785820548.191,0.000,WAIT,idle,-1,0,-0.022,0.000,0.000,0.001,0.007,0.001,1.5306
1785820548.291,0.000,WAIT,idle,-1,0,-0.022,0.001,0.000,0.002,0.007,-0.000,1.5306
1785820548.391,0.000,WAIT,idle,-1,0,-0.022,0.001,0.000,0.001,0.005,0.001,1.5307
1785820548.491,0.000,WAIT,idle,-1,0,-0.022,0.001,0.000,-0.002,0.006,0.003,1.5308
1785820548.591,0.000,WAIT,idle,-1,0,-0.022,0.000,0.000,-0.003,0.005,0.002,1.5308
1785820548.691,0.000,WAIT,idle,-1,0,-0.023,-0.000,0.000,-0.004,0.003,0.002,1.5312
1785820548.791,0.000,WAIT,idle,-1,0,-0.023,-0.000,0.001,-0.005,0.003,0.000,1.5312
1785820548.891,0.000,WAIT,idle,-1,0,-0.024,-0.000,0.001,-0.006,0.002,0.000,1.5313
1785820548.991,0.000,WAIT,idle,-1,0,-0.024,-0.001,0.001,-0.006,0.001,0.001,1.5312
1785820549.091,0.000,WAIT,idle,-1,0,-0.025,-0.001,0.001,-0.006,-0.001,-0.001,1.5312
1785820549.191,0.000,WAIT,idle,-1,0,-0.025,-0.001,0.002,-0.005,-0.002,0.000,1.5312
1785820549.291,0.000,WAIT,idle,-1,0,-0.025,-0.002,0.002,-0.006,-0.001,0.001,1.5312
1785820549.391,0.000,WAIT,idle,-1,0,-0.025,-0.002,0.002,-0.005,0.001,0.003,1.5311
1785820549.491,0.000,WAIT,idle,-1,0,-0.025,-0.002,0.003,-0.005,-0.001,0.004,1.5310
1785820549.591,0.000,WAIT,idle,-1,0,-0.025,-0.002,0.004,-0.005,-0.002,0.001,1.5312
1785820549.691,0.000,WAIT,idle,-1,0,-0.025,-0.002,0.004,-0.005,-0.002,0.001,1.5310
1785820549.791,0.000,WAIT,idle,-1,0,-0.025,-0.002,0.005,-0.007,-0.004,-0.001,1.5311
1785820549.891,0.000,WAIT,idle,-1,0,-0.025,-0.002,0.005,-0.005,-0.007,0.000,1.5310
1785820549.991,0.000,WAIT,idle,-1,0,-0.025,-0.003,0.006,-0.005,-0.007,0.002,1.5308
1785820550.091,0.000,WAIT,idle,-1,0,-0.025,-0.003,0.006,-0.005,-0.009,0.003,1.5308
1785820550.191,0.000,WAIT,idle,-1,0,-0.025,-0.004,0.007,-0.004,-0.011,0.004,1.5308
1785820550.291,0.000,WAIT,idle,-1,0,-0.024,-0.004,0.007,-0.002,-0.011,0.005,1.5308
1785820550.391,0.000,WAIT,idle,-1,0,-0.024,-0.005,0.008,-0.000,-0.012,0.005,1.5311
1785820550.491,0.000,WAIT,idle,-1,0,-0.023,-0.005,0.008,0.001,-0.010,0.003,1.5313
1785820550.591,0.000,WAIT,idle,-1,0,-0.023,-0.005,0.008,0.002,-0.010,0.004,1.5312
1785820550.691,0.000,WAIT,idle,-1,0,-0.022,-0.006,0.008,0.001,-0.010,0.002,1.5311
1785820550.791,0.000,WAIT,idle,-1,0,-0.022,-0.006,0.008,0.003,-0.008,0.001,1.5311
1785820550.891,0.000,WAIT,idle,-1,0,-0.022,-0.006,0.008,0.005,-0.009,0.003,1.5311
1785820550.991,0.000,WAIT,idle,-1,0,-0.021,-0.006,0.007,0.003,-0.009,0.002,1.5311
1785820551.091,0.000,WAIT,idle,-1,0,-0.021,-0.006,0.007,0.004,-0.005,0.001,1.5308
1785820551.191,0.000,WAIT,idle,-1,0,-0.021,-0.005,0.007,0.005,-0.004,-0.000,1.5308
1785820551.291,0.000,WAIT,idle,-1,0,-0.021,-0.004,0.006,0.004,-0.004,-0.000,1.5309
1785820551.391,0.000,WAIT,idle,-1,0,-0.021,-0.004,0.006,0.001,-0.004,0.002,1.5308
1785820551.491,0.000,WAIT,idle,-1,0,-0.021,-0.004,0.005,0.002,-0.004,-0.000,1.5310
1785820551.591,0.000,WAIT,idle,-1,0,-0.022,-0.003,0.005,0.000,-0.001,-0.001,1.5309
1785820551.691,0.000,WAIT,idle,-1,0,-0.022,-0.003,0.004,-0.001,-0.001,-0.005,1.5312
1785820551.791,0.000,WAIT,idle,-1,0,-0.022,-0.003,0.003,-0.002,-0.003,-0.004,1.5315
1785820551.891,0.000,WAIT,idle,-1,0,-0.023,-0.002,0.002,-0.001,-0.001,-0.003,1.5314
1785820551.991,0.000,WAIT,idle,-1,0,-0.023,-0.002,0.002,-0.003,-0.002,-0.003,1.5313
1785820552.091,0.000,WAIT,idle,-1,0,-0.023,-0.002,0.002,-0.004,-0.001,-0.002,1.5313
1785820552.191,0.000,WAIT,idle,-1,0,-0.024,-0.002,0.002,-0.004,-0.002,-0.002,1.5313
1785820552.291,0.000,WAIT,idle,-1,0,-0.024,-0.002,0.002,-0.005,-0.004,-0.002,1.5313
1785820552.391,0.000,WAIT,idle,-1,0,-0.024,-0.002,0.002,-0.006,-0.004,0.000,1.5314
1785820552.491,0.000,WAIT,idle,-1,0,-0.024,-0.002,0.002,-0.005,-0.006,0.001,1.5312
1785820552.591,0.000,WAIT,idle,-1,0,-0.024,-0.003,0.003,-0.003,-0.005,0.001,1.5313
1785820552.691,0.000,WAIT,idle,-1,0,-0.024,-0.003,0.004,-0.002,-0.004,-0.002,1.5313
1785820552.791,0.000,WAIT,idle,-1,0,-0.024,-0.003,0.004,-0.003,-0.003,-0.001,1.5313
1785820552.891,0.000,WAIT,idle,-1,0,-0.024,-0.002,0.004,-0.001,-0.002,-0.002,1.5313
1785820552.991,0.000,WAIT,idle,-1,0,-0.023,-0.002,0.004,-0.002,-0.003,-0.004,1.5313
1785820553.091,0.000,WAIT,idle,-1,0,-0.023,-0.002,0.005,-0.001,-0.004,-0.003,1.5313
1785820553.191,0.000,WAIT,idle,-1,0,-0.023,-0.002,0.005,0.000,-0.004,-0.003,1.5315
1785820553.291,0.000,WAIT,idle,-1,0,-0.023,-0.002,0.005,0.003,-0.006,-0.001,1.5315
1785820553.391,0.000,WAIT,idle,-1,0,-0.022,-0.002,0.005,0.006,-0.009,-0.001,1.5317
1785820553.491,0.000,WAIT,idle,-1,0,-0.021,-0.003,0.006,0.004,-0.008,-0.000,1.5317
1785820553.591,0.000,WAIT,idle,-1,0,-0.021,-0.003,0.006,0.005,-0.007,0.000,1.5317
1785820553.691,0.000,WAIT,idle,-1,0,-0.021,-0.003,0.006,0.006,-0.007,0.000,1.5317
1785820553.791,0.000,WAIT,idle,-1,0,-0.020,-0.003,0.006,0.006,-0.006,0.002,1.5317
1785820553.891,0.000,WAIT,idle,-1,0,-0.020,-0.003,0.006,0.005,-0.007,0.003,1.5319
1785820553.991,0.000,WAIT,idle,-1,0,-0.020,-0.003,0.006,0.004,-0.007,0.002,1.5321
1785820554.091,0.000,WAIT,idle,-1,0,-0.021,-0.003,0.006,0.004,-0.006,0.001,1.5323
1785820554.191,0.000,WAIT,idle,-1,0,-0.021,-0.003,0.006,0.002,-0.008,-0.000,1.5324
1785820554.291,0.000,WAIT,idle,-1,0,-0.021,-0.004,0.006,0.003,-0.008,0.001,1.5324
1785820554.391,0.000,WAIT,idle,-1,0,-0.021,-0.004,0.006,0.004,-0.007,0.002,1.5322
1785820554.491,0.000,WAIT,idle,-1,0,-0.021,-0.004,0.007,0.001,-0.006,0.003,1.5321
1785820554.591,0.000,WAIT,idle,-1,0,-0.021,-0.004,0.007,0.003,-0.005,0.003,1.5320
1785820554.691,0.000,WAIT,idle,-1,0,-0.022,-0.004,0.007,0.004,-0.008,0.003,1.5319
1785820554.791,0.000,WAIT,idle,-1,0,-0.022,-0.005,0.007,0.001,-0.007,0.002,1.5320
1785820554.891,0.000,WAIT,idle,-1,0,-0.022,-0.005,0.007,0.001,-0.006,0.001,1.5321
1785820554.991,0.000,WAIT,idle,-1,0,-0.022,-0.005,0.006,0.001,-0.005,0.000,1.5322
1785820555.091,0.000,WAIT,idle,-1,0,-0.022,-0.005,0.006,0.001,-0.005,-0.000,1.5324
1785820555.191,0.000,WAIT,idle,-1,0,-0.022,-0.005,0.006,0.000,-0.004,-0.002,1.5323
1785820555.291,0.000,WAIT,idle,-1,0,-0.023,-0.004,0.006,-0.001,-0.004,-0.001,1.5323
1785820555.391,0.000,WAIT,idle,-1,0,-0.023,-0.004,0.006,-0.003,-0.003,-0.002,1.5322
1785820555.491,0.000,WAIT,idle,-1,0,-0.023,-0.004,0.006,-0.004,-0.002,-0.003,1.5323
1785820555.591,0.000,WAIT,idle,-1,0,-0.024,-0.003,0.006,-0.007,-0.002,-0.005,1.5323
1785820555.691,0.000,WAIT,idle,-1,0,-0.025,-0.003,0.005,-0.007,-0.003,-0.005,1.5322
1785820555.791,0.000,WAIT,idle,-1,0,-0.025,-0.004,0.005,-0.008,-0.004,-0.002,1.5321
1785820555.891,0.000,WAIT,idle,-1,0,-0.025,-0.004,0.006,-0.008,-0.001,-0.002,1.5318
1785820555.991,0.000,WAIT,idle,-1,0,-0.026,-0.004,0.006,-0.007,-0.001,-0.001,1.5315
1785820556.091,0.000,WAIT,idle,-1,0,-0.025,-0.004,0.006,-0.007,-0.003,-0.000,1.5316
1785820556.191,0.000,WAIT,idle,-1,0,-0.026,-0.004,0.006,-0.007,-0.004,0.002,1.5316
1785820556.291,0.000,WAIT,idle,-1,0,-0.026,-0.005,0.006,-0.008,-0.004,0.002,1.5317
1785820556.391,0.000,WAIT,idle,-1,0,-0.026,-0.005,0.005,-0.007,-0.005,-0.001,1.5317
1785820556.491,0.000,WAIT,idle,-1,0,-0.026,-0.006,0.005,-0.006,-0.006,0.000,1.5314
1785820556.591,0.000,WAIT,idle,-1,0,-0.026,-0.006,0.004,-0.007,-0.005,-0.002,1.5311
1785820556.691,0.000,WAIT,idle,-1,0,-0.025,-0.006,0.004,-0.004,-0.007,-0.003,1.5308
1785820556.791,0.000,WAIT,idle,-1,0,-0.025,-0.006,0.004,-0.004,-0.006,-0.002,1.5306
1785820556.891,0.000,WAIT,idle,-1,0,-0.025,-0.006,0.004,-0.005,-0.005,-0.001,1.5306
1785820556.991,0.000,WAIT,idle,-1,0,-0.025,-0.006,0.004,-0.004,-0.007,-0.002,1.5308
1785820557.091,0.000,WAIT,idle,-1,0,-0.025,-0.006,0.003,-0.003,-0.006,-0.002,1.5309
1785820557.191,0.000,WAIT,idle,-1,0,-0.024,-0.006,0.003,-0.001,-0.004,-0.002,1.5310
1785820557.291,0.000,WAIT,idle,-1,0,-0.024,-0.005,0.003,-0.003,-0.002,0.000,1.5312
1785820557.391,0.000,WAIT,idle,-1,0,-0.024,-0.004,0.003,-0.003,-0.002,0.001,1.5311
1785820557.491,0.000,WAIT,idle,-1,0,-0.024,-0.004,0.004,-0.003,-0.003,0.001,1.5309
1785820557.591,0.000,WAIT,idle,-1,0,-0.024,-0.004,0.004,-0.003,-0.000,0.003,1.5308
1785820557.691,0.000,WAIT,idle,-1,0,-0.024,-0.003,0.004,-0.001,-0.001,0.005,1.5308
1785820557.791,0.000,WAIT,idle,-1,0,-0.024,-0.003,0.005,-0.001,-0.001,0.005,1.5309
1785820557.891,0.000,WAIT,idle,-1,0,-0.023,-0.003,0.005,-0.001,-0.001,0.004,1.5307
1785820557.991,0.000,WAIT,idle,-1,0,-0.023,-0.002,0.005,0.000,-0.002,0.003,1.5307
1785820558.091,0.000,WAIT,idle,-1,0,-0.023,-0.002,0.004,0.003,-0.001,0.002,1.5308
1785820558.191,0.000,WAIT,idle,-1,0,-0.022,-0.002,0.004,0.002,-0.002,0.002,1.5308
1785820558.291,0.000,WAIT,idle,-1,0,-0.022,-0.002,0.003,0.004,-0.005,0.002,1.5307
1785820558.391,0.000,WAIT,idle,-1,0,-0.021,-0.002,0.003,0.006,-0.003,0.000,1.5308
1785820558.491,0.000,WAIT,idle,-1,0,-0.021,-0.002,0.002,0.008,-0.003,-0.001,1.5309
1785820558.591,0.000,WAIT,idle,-1,0,-0.020,-0.002,0.002,0.008,-0.004,-0.000,1.5310
1785820558.691,0.000,WAIT,idle,-1,0,-0.020,-0.002,0.001,0.007,-0.002,-0.000,1.5309
1785820558.791,0.000,WAIT,idle,-1,0,-0.019,-0.002,0.001,0.005,-0.003,0.000,1.5309
1785820558.891,0.000,WAIT,idle,-1,0,-0.020,-0.002,0.001,0.004,-0.001,0.001,1.5309
1785820558.991,0.000,WAIT,idle,-1,0,-0.020,-0.002,0.000,0.001,-0.002,0.001,1.5308
1785820559.091,0.000,WAIT,idle,-1,0,-0.021,-0.003,0.000,0.001,-0.004,0.002,1.5308
1785820559.191,0.000,WAIT,idle,-1,0,-0.022,-0.003,0.000,-0.002,-0.006,-0.000,1.5310
1785820559.291,0.000,WAIT,idle,-1,0,-0.023,-0.003,0.000,-0.002,-0.004,-0.001,1.5312
1785820559.391,0.000,WAIT,idle,-1,0,-0.023,-0.003,0.000,-0.003,-0.004,0.000,1.5310
1785820559.491,0.000,WAIT,idle,-1,0,-0.024,-0.003,0.000,-0.005,-0.001,0.002,1.5309
1785820559.591,0.000,WAIT,idle,-1,0,-0.024,-0.003,0.001,-0.004,-0.002,0.001,1.5308
1785820559.691,0.000,WAIT,idle,-1,0,-0.025,-0.002,0.001,-0.006,-0.001,0.001,1.5308
1785820559.791,0.000,WAIT,idle,-1,0,-0.025,-0.002,0.001,-0.006,-0.001,0.003,1.5308
1785820559.891,0.000,WAIT,idle,-1,0,-0.025,-0.002,0.001,-0.007,0.001,0.004,1.5308
1785820559.991,0.000,WAIT,idle,-1,0,-0.025,-0.002,0.002,-0.006,-0.002,0.003,1.5310
1785820560.091,0.000,WAIT,idle,-1,0,-0.026,-0.002,0.002,-0.007,-0.005,0.000,1.5309
1785820560.191,0.000,WAIT,idle,-1,0,-0.026,-0.003,0.001,-0.005,-0.002,0.002,1.5310
1785820560.291,0.000,WAIT,idle,-1,0,-0.025,-0.003,0.002,-0.004,-0.000,0.005,1.5312
1785820560.391,0.000,WAIT,idle,-1,0,-0.025,-0.003,0.002,-0.003,-0.000,0.005,1.5314
1785820560.491,0.000,WAIT,idle,-1,0,-0.024,-0.003,0.003,-0.001,-0.001,0.006,1.5314
1785820560.591,0.000,WAIT,idle,-1,0,-0.024,-0.003,0.003,-0.005,-0.001,0.007,1.5313
1785820560.691,0.000,WAIT,idle,-1,0,-0.024,-0.003,0.004,-0.004,-0.003,0.007,1.5314
1785820560.791,0.000,WAIT,idle,-1,0,-0.024,-0.003,0.004,-0.002,-0.002,0.007,1.5313
1785820560.891,0.000,WAIT,idle,-1,0,-0.024,-0.003,0.004,-0.002,-0.002,0.005,1.5313
1785820560.991,0.000,WAIT,idle,-1,0,-0.024,-0.003,0.004,-0.002,-0.003,0.006,1.5315
1785820561.091,0.000,WAIT,idle,-1,0,-0.024,-0.002,0.004,-0.001,-0.002,0.007,1.5315
1785820561.191,0.000,WAIT,idle,-1,0,-0.023,-0.002,0.005,-0.000,-0.001,0.007,1.5315
1785820561.291,0.000,WAIT,idle,-1,0,-0.023,-0.002,0.005,0.001,0.000,0.007,1.5314
1785820561.391,0.000,WAIT,idle,-1,0,-0.023,-0.002,0.006,0.003,-0.002,0.007,1.5313
1785820561.491,0.000,WAIT,idle,-1,0,-0.022,-0.002,0.006,0.003,-0.003,0.004,1.5312
1785820561.591,0.000,WAIT,idle,-1,0,-0.022,-0.002,0.006,-0.000,-0.000,0.004,1.5311
1785820561.691,0.000,WAIT,idle,-1,0,-0.022,-0.001,0.007,-0.001,-0.002,0.003,1.5311
1785820561.791,0.000,WAIT,idle,-1,0,-0.022,-0.001,0.007,-0.002,-0.001,0.004,1.5311
1785820561.891,0.000,WAIT,idle,-1,0,-0.022,-0.001,0.008,-0.000,-0.002,0.003,1.5311
1785820561.991,0.000,WAIT,idle,-1,0,-0.022,-0.001,0.008,0.001,-0.002,0.002,1.5313
1785820562.091,0.000,WAIT,idle,-1,0,-0.022,-0.001,0.008,0.001,-0.002,-0.001,1.5311
1785820562.191,0.000,WAIT,idle,-1,0,-0.022,-0.002,0.007,-0.001,-0.003,-0.001,1.5311
1785820562.291,0.000,WAIT,idle,-1,0,-0.022,-0.002,0.007,-0.002,-0.004,-0.001,1.5312
1785820562.391,0.000,WAIT,idle,-1,0,-0.023,-0.002,0.007,-0.003,-0.001,0.001,1.5313
1785820562.491,0.000,WAIT,idle,-1,0,-0.023,-0.002,0.007,-0.004,-0.001,0.002,1.5316
1785820562.591,0.000,WAIT,idle,-1,0,-0.023,-0.002,0.007,-0.004,-0.002,-0.000,1.5316
1785820562.691,0.000,WAIT,idle,-1,0,-0.024,-0.002,0.007,-0.005,-0.001,-0.002,1.5317
1785820562.791,0.000,WAIT,idle,-1,0,-0.024,-0.001,0.007,-0.008,-0.001,-0.002,1.5318
1785820562.891,0.000,WAIT,idle,-1,0,-0.025,-0.001,0.007,-0.008,0.002,-0.003,1.5320
1785820562.991,0.000,WAIT,idle,-1,0,-0.025,-0.001,0.007,-0.008,0.002,-0.002,1.5320
1785820563.091,0.000,WAIT,idle,-1,0,-0.025,-0.000,0.007,-0.010,0.005,-0.002,1.5320
1785820563.191,0.000,WAIT,idle,-1,0,-0.025,0.000,0.007,-0.008,0.004,-0.002,1.5319
1785820563.291,0.000,WAIT,idle,-1,0,-0.026,0.001,0.007,-0.007,0.003,-0.002,1.5319
1785820563.391,0.000,WAIT,idle,-1,0,-0.026,0.001,0.007,-0.008,0.003,-0.004,1.5318
1785820563.491,0.000,WAIT,idle,-1,0,-0.026,0.001,0.007,-0.009,0.002,-0.001,1.5316
1785820563.591,0.000,WAIT,idle,-1,0,-0.026,0.000,0.006,-0.008,0.000,-0.002,1.5317
1785820563.691,0.000,WAIT,idle,-1,0,-0.026,0.000,0.006,-0.011,0.002,-0.002,1.5320
1785820563.791,0.000,WAIT,idle,-1,0,-0.026,0.001,0.006,-0.011,0.003,-0.002,1.5320
1785820563.891,0.000,WAIT,idle,-1,0,-0.026,0.001,0.006,-0.011,0.005,-0.003,1.5320
1785820563.991,0.000,WAIT,idle,-1,0,-0.026,0.001,0.006,-0.011,0.005,-0.003,1.5321
1785820564.091,0.000,WAIT,idle,-1,0,-0.026,0.001,0.005,-0.011,0.004,-0.006,1.5320
1785820564.191,0.000,WAIT,idle,-1,0,-0.026,0.001,0.005,-0.013,0.005,-0.006,1.5319
1785820564.291,0.000,WAIT,idle,-1,0,-0.026,0.000,0.005,-0.014,0.005,-0.006,1.5318
1785820564.391,0.000,WAIT,idle,-1,0,-0.027,0.000,0.005,-0.013,0.004,-0.006,1.5318
1785820564.491,0.000,WAIT,idle,-1,0,-0.027,-0.000,0.005,-0.014,0.003,-0.006,1.5319
1785820564.591,0.000,WAIT,idle,-1,0,-0.027,-0.000,0.005,-0.013,0.003,-0.003,1.5320
1785820564.691,0.000,WAIT,idle,-1,0,-0.026,-0.000,0.005,-0.011,0.004,0.002,1.5321
1785820564.791,0.000,WAIT,idle,-1,0,-0.026,-0.000,0.005,-0.008,0.003,0.002,1.5322
1785820564.891,0.000,WAIT,idle,-1,0,-0.025,-0.000,0.006,-0.006,0.002,0.000,1.5323
1785820564.991,0.000,WAIT,idle,-1,0,-0.025,-0.001,0.005,-0.006,0.001,-0.003,1.5324
1785820565.091,0.000,WAIT,idle,-1,0,-0.024,-0.001,0.005,-0.003,0.001,-0.002,1.5322
1785820565.191,0.000,WAIT,idle,-1,0,-0.023,-0.001,0.005,-0.001,-0.000,-0.001,1.5323
1785820565.291,0.000,WAIT,idle,-1,0,-0.023,-0.001,0.005,-0.000,-0.001,-0.001,1.5323
1785820565.391,0.000,WAIT,idle,-1,0,-0.022,-0.002,0.005,0.001,-0.002,0.002,1.5325
1785820565.491,0.000,WAIT,idle,-1,0,-0.022,-0.002,0.004,-0.001,-0.004,0.002,1.5326
1785820565.591,0.000,WAIT,idle,-1,0,-0.022,-0.003,0.005,-0.002,-0.003,0.003,1.5327
1785820565.691,0.000,WAIT,idle,-1,0,-0.022,-0.003,0.005,-0.003,-0.005,0.001,1.5327
1785820565.791,0.000,WAIT,idle,-1,0,-0.022,-0.004,0.004,-0.002,-0.006,0.002,1.5326
1785820565.891,0.000,WAIT,idle,-1,0,-0.022,-0.005,0.004,-0.001,-0.007,0.000,1.5329
1785820565.991,0.000,WAIT,idle,-1,0,-0.022,-0.005,0.004,-0.001,-0.010,-0.002,1.5329
1785820566.091,0.000,WAIT,idle,-1,0,-0.022,-0.006,0.003,-0.000,-0.010,-0.002,1.5329
1785820566.191,0.000,WAIT,idle,-1,0,-0.022,-0.006,0.003,-0.001,-0.010,-0.002,1.5329
1785820566.291,0.000,WAIT,idle,-1,0,-0.022,-0.006,0.002,0.001,-0.009,-0.001,1.5327
1785820566.391,0.000,WAIT,idle,-1,0,-0.022,-0.006,0.002,0.004,-0.010,-0.002,1.5326
1785820566.491,0.000,WAIT,idle,-1,0,-0.021,-0.006,0.002,0.005,-0.008,-0.002,1.5326
1785820566.591,0.000,WAIT,idle,-1,0,-0.021,-0.006,0.001,0.003,-0.007,-0.000,1.5325
1785820566.691,0.000,WAIT,idle,-1,0,-0.021,-0.006,0.001,0.002,-0.006,-0.003,1.5325
1785820566.791,0.000,WAIT,idle,-1,0,-0.021,-0.005,0.001,0.001,-0.005,-0.004,1.5327
1785820566.891,0.000,WAIT,idle,-1,0,-0.021,-0.005,0.001,0.002,-0.004,-0.004,1.5329
1785820566.991,0.000,WAIT,idle,-1,0,-0.021,-0.004,0.001,0.005,-0.005,-0.004,1.5329
1785820567.091,0.000,WAIT,idle,-1,0,-0.021,-0.004,0.001,0.006,-0.005,-0.005,1.5329
1785820567.191,0.000,WAIT,idle,-1,0,-0.020,-0.004,0.002,0.005,-0.003,-0.004,1.5328
1785820567.291,0.000,WAIT,idle,-1,0,-0.020,-0.003,0.002,0.007,-0.002,-0.003,1.5329
1785820567.391,0.000,WAIT,idle,-1,0,-0.020,-0.003,0.002,0.007,-0.001,-0.002,1.5328
1785820567.491,0.000,WAIT,idle,-1,0,-0.020,-0.002,0.003,0.007,-0.002,0.000,1.5329
1785820567.591,0.000,WAIT,idle,-1,0,-0.020,-0.002,0.003,0.006,-0.002,0.002,1.5330
1785820567.691,0.000,WAIT,idle,-1,0,-0.019,-0.002,0.004,0.009,0.000,0.003,1.5331
1785820567.791,0.000,WAIT,idle,-1,0,-0.019,-0.001,0.005,0.010,0.002,0.004,1.5331
1785820567.891,0.000,WAIT,idle,-1,0,-0.019,-0.001,0.005,0.013,0.003,0.005,1.5332
1785820567.991,0.000,WAIT,idle,-1,0,-0.019,-0.000,0.006,0.012,-0.001,0.004,1.5335
1785820568.091,0.000,WAIT,idle,-1,0,-0.018,-0.000,0.006,0.013,0.002,0.006,1.5335
1785820568.191,0.000,WAIT,idle,-1,0,-0.018,0.000,0.007,0.013,0.003,0.007,1.5336
1785820568.291,0.000,WAIT,idle,-1,0,-0.018,0.000,0.007,0.012,0.003,0.006,1.5336
1785820568.391,0.000,WAIT,idle,-1,0,-0.018,0.001,0.007,0.011,0.004,0.003,1.5335
1785820568.491,0.000,WAIT,idle,-1,0,-0.018,0.001,0.006,0.010,0.004,0.004,1.5337
1785820568.591,0.000,WAIT,idle,-1,0,-0.018,0.002,0.006,0.009,0.008,0.003,1.5339
1785820568.691,0.000,WAIT,idle,-1,0,-0.019,0.002,0.005,0.007,0.012,0.005,1.5339
1785820568.791,0.000,WAIT,idle,-1,0,-0.019,0.003,0.005,0.005,0.012,0.003,1.5341
1785820568.891,0.000,WAIT,idle,-1,0,-0.020,0.004,0.004,0.005,0.013,0.000,1.5341
1785820568.991,0.000,WAIT,idle,-1,0,-0.020,0.004,0.004,0.003,0.011,0.000,1.5341
1785820569.091,0.000,WAIT,idle,-1,0,-0.021,0.004,0.003,0.005,0.007,-0.000,1.5338
1785820569.191,0.000,WAIT,idle,-1,0,-0.021,0.004,0.003,0.003,0.007,0.001,1.5336
1785820569.291,0.000,WAIT,idle,-1,0,-0.021,0.003,0.002,0.003,0.004,-0.001,1.5338
1785820569.391,0.000,WAIT,idle,-1,0,-0.021,0.003,0.002,0.003,0.003,0.001,1.5338
1785820569.491,0.000,WAIT,idle,-1,0,-0.022,0.002,0.001,0.004,0.001,0.001,1.5338
1785820569.591,0.000,WAIT,idle,-1,0,-0.021,0.001,0.001,0.006,0.000,0.001,1.5336
1785820569.691,0.000,WAIT,idle,-1,0,-0.021,0.001,0.000,0.006,-0.001,0.002,1.5336
1785820569.791,0.000,WAIT,idle,-1,0,-0.021,-0.000,0.000,0.006,-0.005,0.004,1.5336
1785820569.891,0.000,WAIT,idle,-1,0,-0.021,-0.001,0.000,0.005,-0.007,0.003,1.5335
1785820569.991,0.000,WAIT,idle,-1,0,-0.021,-0.002,0.000,0.007,-0.005,0.004,1.5335
1785820570.091,0.000,WAIT,idle,-1,0,-0.020,-0.002,0.001,0.007,-0.005,0.001,1.5332
1785820570.191,0.000,WAIT,idle,-1,0,-0.020,-0.003,0.001,0.006,-0.004,0.001,1.5332
1785820570.291,0.000,WAIT,idle,-1,0,-0.020,-0.003,0.001,0.005,-0.002,-0.000,1.5331
1785820570.391,0.000,WAIT,idle,-1,0,-0.020,-0.002,0.001,0.003,0.000,0.001,1.5331
1785820570.491,0.000,WAIT,idle,-1,0,-0.021,-0.002,0.001,0.003,0.001,-0.000,1.5333
1785820570.591,0.000,WAIT,idle,-1,0,-0.021,-0.002,0.001,0.001,0.004,-0.003,1.5336
1785820570.691,0.000,WAIT,idle,-1,0,-0.021,-0.002,0.000,0.001,0.007,-0.007,1.5371
1785820570.791,0.000,WAIT,idle,-1,0,-0.021,-0.002,-0.003,-0.006,-0.021,-0.065,1.5399
1785820570.891,0.000,WAIT,idle,-1,0,-0.022,-0.006,-0.021,-0.007,-0.023,-0.246,1.5351
1785820570.991,0.000,WAIT,idle,-1,0,-0.022,-0.008,-0.065,0.002,0.002,-0.492,1.5324
1785820571.091,0.000,WAIT,idle,-1,0,-0.021,-0.007,-0.139,0.011,0.033,-0.708,1.5337
1785820571.191,0.000,WAIT,idle,-1,0,-0.020,-0.003,-0.232,0.019,0.052,-0.819,1.5345
1785820571.291,0.000,WAIT,idle,-1,0,-0.018,0.003,-0.321,0.023,0.057,-0.879,1.5335
1785820571.391,0.000,WAIT,idle,-1,0,-0.017,0.009,-0.431,0.022,0.068,-0.930,1.5329
1785820571.491,0.000,WAIT,idle,-1,0,-0.015,0.017,-0.546,0.017,0.072,-0.972,1.5334
1785820571.591,0.000,WAIT,idle,-1,0,-0.014,0.023,-0.657,0.010,0.074,-1.005,1.5343
1785820571.691,0.000,WAIT,idle,-1,0,-0.013,0.029,-0.788,0.008,0.064,-1.040,1.5348
1785820571.791,0.000,WAIT,idle,-1,0,-0.013,0.034,-0.914,0.005,0.056,-1.069,1.5355
1785820571.891,0.000,WAIT,idle,-1,0,-0.013,0.038,-1.044,0.008,0.044,-1.096,1.5358
1785820571.991,0.000,WAIT,idle,-1,0,-0.012,0.040,-1.176,0.009,0.025,-1.121,1.5358
1785820572.091,0.000,WAIT,idle,-1,0,-0.011,0.040,-1.311,0.008,0.007,-1.144,1.5353
1785820572.191,0.000,WAIT,idle,-1,0,-0.011,0.039,-1.439,0.008,-0.008,-1.167,1.5344
1785820572.291,0.000,WAIT,idle,-1,0,-0.011,0.037,-1.579,0.005,-0.017,-1.187,1.5327
1785820572.391,0.000,WAIT,idle,-1,0,-0.011,0.034,-1.731,0.003,-0.025,-1.209,1.5318
1785820572.491,0.000,WAIT,idle,-1,0,-0.012,0.031,-1.867,-0.006,-0.021,-1.226,1.5323
1785820572.591,0.000,WAIT,idle,-1,0,-0.012,0.027,-2.015,-0.011,-0.020,-1.246,1.5331
1785820572.691,0.000,WAIT,idle,-1,0,-0.012,0.024,-2.154,-0.012,-0.021,-1.264,1.5337
1785820572.791,0.000,WAIT,idle,-1,0,-0.013,0.020,-2.306,-0.010,-0.026,-1.279,1.5341
1785820572.891,0.000,WAIT,idle,-1,0,-0.013,0.017,-2.460,-0.007,-0.029,-1.292,1.5343
1785820572.991,0.000,WAIT,idle,-1,0,-0.014,0.013,-2.616,-0.004,-0.031,-1.305,1.5345
1785820573.091,0.000,WAIT,idle,-1,0,-0.014,0.010,-2.762,-0.004,-0.034,-1.316,1.5343
1785820573.191,0.000,WAIT,idle,-1,0,-0.014,0.006,-2.920,-0.005,-0.031,-1.328,1.5338
1785820573.291,0.000,WAIT,idle,-1,0,-0.015,0.003,-3.079,-0.007,-0.027,-1.340,1.5340
1785820573.391,0.000,WAIT,idle,-1,0,-0.016,-0.001,-3.240,-0.010,-0.021,-1.351,1.5336
1785820573.491,0.000,WAIT,idle,-1,0,-0.017,-0.004,-3.402,-0.011,-0.015,-1.360,1.5333
1785820573.591,0.000,WAIT,idle,-1,0,-0.018,-0.006,-3.543,-0.003,-0.021,-1.366,1.5336
1785820573.691,0.000,WAIT,idle,-1,0,-0.020,-0.008,-3.703,-0.004,-0.022,-1.286,1.5334
1785820573.791,0.000,WAIT,idle,-1,0,-0.022,-0.010,-3.849,-0.005,-0.017,-1.127,1.5332
1785820573.891,0.000,WAIT,idle,-1,0,-0.024,-0.011,-3.960,-0.013,-0.009,-0.848,1.5331
1785820573.991,0.000,WAIT,idle,-1,0,-0.027,-0.012,-4.037,-0.017,0.000,-0.438,1.5333
1785820574.091,0.000,WAIT,idle,-1,0,-0.030,-0.012,-4.064,-0.022,0.008,-0.056,1.5339
1785820574.191,0.000,WAIT,idle,-1,0,-0.034,-0.012,-4.053,-0.021,0.014,0.157,1.5346
1785820574.291,0.000,WAIT,idle,-1,0,-0.036,-0.012,-4.029,-0.016,0.014,0.201,1.5353
1785820574.391,0.000,WAIT,idle,-1,0,-0.039,-0.011,-4.006,-0.012,0.020,0.097,1.5354
1785820574.491,0.000,WAIT,idle,-1,0,-0.041,-0.010,-3.998,-0.004,0.007,0.021,1.5354
1785820574.591,0.000,WAIT,idle,-1,0,-0.043,-0.010,-3.998,0.002,0.003,-0.014,1.5356
1785820574.691,0.000,WAIT,idle,-1,0,-0.043,-0.011,-4.001,0.006,-0.001,-0.027,1.5349
1785820574.791,0.000,WAIT,idle,-1,0,-0.044,-0.012,-4.005,0.014,-0.013,-0.030,1.5330
1785820574.891,0.000,WAIT,idle,-1,0,-0.044,-0.013,-4.009,0.015,-0.013,-0.027,1.5322
1785820574.991,0.000,WAIT,idle,-1,0,-0.044,-0.014,-4.013,0.014,-0.011,-0.020,1.5325
1785820575.091,0.000,WAIT,idle,-1,0,-0.045,-0.014,-4.015,0.005,-0.001,-0.018,1.5335
1785820575.191,0.000,WAIT,idle,-1,0,-0.046,-0.014,-4.017,0.004,0.006,-0.014,1.5342
1785820575.291,0.000,WAIT,idle,-1,0,-0.047,-0.013,-4.018,0.002,0.010,-0.013,1.5350
1785820575.391,0.000,WAIT,idle,-1,0,-0.048,-0.011,-4.020,0.005,0.012,-0.010,1.5352
1785820575.491,0.000,WAIT,idle,-1,0,-0.049,-0.010,-4.021,0.007,0.016,-0.008,1.5358
1785820575.591,0.000,WAIT,idle,-1,0,-0.050,-0.008,-4.022,0.014,0.009,-0.006,1.5361
1785820575.691,0.000,WAIT,idle,-1,0,-0.050,-0.005,-4.023,0.022,0.002,-0.006,1.5357
1785820575.791,0.000,WAIT,idle,-1,0,-0.051,-0.003,-4.024,0.023,0.001,-0.005,1.5349
1785820575.891,0.000,WAIT,idle,-1,0,-0.051,-0.001,-4.026,0.023,-0.000,-0.003,1.5347
1785820575.991,0.000,WAIT,idle,-1,0,-0.052,0.001,-4.027,0.019,0.001,0.001,1.5342
1785820576.091,0.000,WAIT,idle,-1,0,-0.052,0.003,-4.027,0.014,0.007,0.001,1.5346
1785820576.191,0.000,WAIT,idle,-1,0,-0.053,0.004,-4.028,0.016,0.005,0.000,1.5345
1785820576.291,0.000,WAIT,idle,-1,0,-0.053,0.006,-4.029,0.015,0.004,0.001,1.5332
1785820576.391,0.000,WAIT,idle,-1,0,-0.054,0.007,-4.030,0.021,-0.002,0.004,1.5335
1785820576.491,0.000,WAIT,idle,-1,0,-0.054,0.009,-4.030,0.022,-0.004,0.007,1.5336
1785820576.591,0.000,WAIT,idle,-1,0,-0.055,0.010,-4.030,0.023,-0.007,0.005,1.5335
1785820576.691,0.000,WAIT,idle,-1,0,-0.056,0.012,-4.030,0.023,-0.007,0.006,1.5333
1785820576.791,0.000,WAIT,idle,-1,0,-0.056,0.013,-4.030,0.024,-0.008,0.005,1.5335
1785820576.891,0.000,WAIT,idle,-1,0,-0.057,0.015,-4.030,0.021,-0.008,0.004,1.5335
1785820576.991,0.000,WAIT,idle,-1,0,-0.058,0.016,-4.030,0.018,-0.007,0.002,1.5337
1785820577.091,0.000,WAIT,idle,-1,0,-0.060,0.017,-4.030,0.015,-0.006,0.005,1.5342
1785820577.191,0.000,WAIT,idle,-1,0,-0.060,0.018,-4.030,0.022,-0.009,0.006,1.5342
1785820577.291,0.000,WAIT,idle,-1,0,-0.060,0.018,-4.030,0.028,-0.013,0.004,1.5339
1785820577.391,0.000,WAIT,idle,-1,0,-0.060,0.018,-4.030,0.026,-0.011,0.007,1.5334
1785820577.491,0.000,WAIT,idle,-1,0,-0.060,0.019,-4.030,0.024,-0.007,0.005,1.5333
1785820577.591,0.000,WAIT,idle,-1,0,-0.060,0.019,-4.030,0.023,-0.004,0.005,1.5333
1785820577.691,0.000,WAIT,idle,-1,0,-0.060,0.020,-4.030,0.025,-0.010,0.007,1.5332
1785820577.791,0.000,WAIT,idle,-1,0,-0.060,0.020,-4.030,0.032,-0.018,0.008,1.5325
1785820577.891,0.000,WAIT,idle,-1,0,-0.059,0.021,-4.029,0.033,-0.019,0.008,1.5321
1785820577.991,0.000,WAIT,idle,-1,0,-0.058,0.021,-4.029,0.031,-0.022,0.006,1.5320
1785820578.091,0.000,WAIT,idle,-1,0,-0.058,0.022,-4.029,0.028,-0.018,0.004,1.5323
1785820578.191,0.000,WAIT,idle,-1,0,-0.057,0.022,-4.029,0.023,-0.013,0.003,1.5326
1785820578.291,0.000,WAIT,idle,-1,0,-0.056,0.023,-4.029,0.025,-0.013,0.005,1.5328
1785820578.391,0.000,WAIT,idle,-1,0,-0.055,0.024,-4.029,0.019,-0.003,0.005,1.5334
1785820578.491,0.000,WAIT,idle,-1,0,-0.054,0.024,-4.029,0.022,-0.004,0.006,1.5339
1785820578.591,0.000,WAIT,idle,-1,0,-0.052,0.024,-4.029,0.027,-0.007,0.006,1.5340
1785820578.691,0.000,WAIT,idle,-1,0,-0.049,0.023,-4.029,0.031,-0.008,0.007,1.5338
1785820578.791,0.000,WAIT,idle,-1,0,-0.046,0.023,-4.029,0.037,-0.014,0.007,1.5336
1785820578.891,0.000,WAIT,idle,-1,0,-0.042,0.023,-4.029,0.039,-0.019,0.003,1.5327
1785820578.991,0.000,WAIT,idle,-1,0,-0.039,0.022,-4.029,0.036,-0.024,0.002,1.5320
1785820579.091,0.000,WAIT,idle,-1,0,-0.037,0.021,-4.029,0.027,-0.014,0.006,1.5322
1785820579.191,0.000,WAIT,idle,-1,0,-0.034,0.019,-4.029,0.021,-0.014,0.005,1.5324
1785820579.291,0.000,WAIT,idle,-1,0,-0.032,0.017,-4.028,0.019,-0.017,0.005,1.5329
1785820579.391,0.000,WAIT,idle,-1,0,-0.031,0.015,-4.027,0.018,-0.017,0.006,1.5329
1785820579.491,0.000,WAIT,idle,-1,0,-0.030,0.014,-4.026,0.019,-0.022,0.005,1.5328
1785820579.591,0.000,WAIT,idle,-1,0,-0.030,0.014,-4.024,0.017,-0.020,0.004,1.5328
1785820579.691,0.000,WAIT,idle,-1,0,-0.029,0.013,-4.023,0.016,-0.016,0.002,1.5330
1785820579.791,0.000,WAIT,idle,-1,0,-0.029,0.013,-4.023,0.006,-0.006,0.000,1.5329
1785820579.891,0.000,WAIT,idle,-1,0,-0.029,0.013,-4.022,0.005,-0.001,0.001,1.5335
1785820579.991,0.000,WAIT,idle,-1,0,-0.028,0.013,-4.022,0.001,0.001,0.000,1.5338
1785820580.091,0.000,WAIT,idle,-1,0,-0.028,0.012,-4.021,0.001,-0.000,-0.003,1.5344
1785820580.191,0.000,WAIT,idle,-1,0,-0.028,0.012,-4.021,0.007,-0.010,-0.005,1.5343
1785820580.291,0.000,WAIT,idle,-1,0,-0.028,0.011,-4.022,0.007,-0.016,-0.006,1.5342
1785820580.391,0.000,WAIT,idle,-1,0,-0.028,0.010,-4.022,0.010,-0.017,-0.005,1.5340
1785820580.491,0.000,WAIT,idle,-1,0,-0.027,0.009,-4.022,0.013,-0.019,-0.003,1.5338
1785820580.591,0.000,WAIT,idle,-1,0,-0.027,0.008,-4.022,0.012,-0.018,-0.002,1.5333
1785820580.691,0.000,WAIT,idle,-1,0,-0.026,0.008,-4.021,0.015,-0.018,0.000,1.5332
1785820580.791,0.000,WAIT,idle,-1,0,-0.025,0.007,-4.021,0.016,-0.018,0.001,1.5328
1785820580.891,0.000,WAIT,idle,-1,0,-0.024,0.007,-4.020,0.011,-0.012,-0.001,1.5325
1785820580.991,0.000,WAIT,idle,-1,0,-0.023,0.006,-4.020,0.010,-0.005,-0.003,1.5330
1785820581.091,0.000,WAIT,idle,-1,0,-0.022,0.006,-4.020,0.009,-0.009,-0.004,1.5333
1785820581.191,0.000,WAIT,idle,-1,0,-0.022,0.006,-4.019,0.005,-0.004,-0.004,1.5332
1785820581.291,0.000,WAIT,idle,-1,0,-0.022,0.006,-4.019,0.001,0.001,-0.004,1.5336
1785820581.391,0.000,WAIT,idle,-1,0,-0.022,0.006,-4.019,0.003,0.001,-0.005,1.5338
1785820581.491,0.000,WAIT,idle,-1,0,-0.022,0.007,-4.018,0.002,0.003,-0.005,1.5338
1785820581.591,0.000,WAIT,idle,-1,0,-0.023,0.007,-4.018,0.007,-0.005,-0.004,1.5336
1785820581.691,0.000,WAIT,idle,-1,0,-0.023,0.008,-4.018,0.008,-0.005,-0.004,1.5336
1785820581.791,0.000,WAIT,idle,-1,0,-0.024,0.008,-4.018,0.005,0.000,-0.005,1.5346
1785820581.891,0.000,WAIT,idle,-1,0,-0.025,0.008,-4.018,0.004,-0.005,-0.006,1.5344
1785820581.991,0.000,WAIT,idle,-1,0,-0.027,0.008,-4.018,0.005,-0.005,-0.005,1.5347
1785820582.091,0.000,WAIT,idle,-1,0,-0.028,0.008,-4.017,0.003,-0.005,-0.003,1.5350
1785820582.191,0.000,WAIT,idle,-1,0,-0.030,0.009,-4.017,0.000,-0.003,-0.006,1.5352
1785820582.291,0.000,WAIT,idle,-1,0,-0.032,0.008,-4.017,0.000,0.003,-0.006,1.5352
1785820582.391,0.000,WAIT,idle,-1,0,-0.033,0.008,-4.017,0.007,-0.001,-0.006,1.5350
1785820582.491,0.000,WAIT,idle,-1,0,-0.034,0.008,-4.017,0.010,-0.007,-0.005,1.5339
1785820582.591,0.000,WAIT,idle,-1,0,-0.036,0.008,-4.018,0.015,-0.013,-0.007,1.5331
1785820582.691,0.000,WAIT,idle,-1,0,-0.037,0.008,-4.018,0.016,-0.015,-0.006,1.5327
1785820582.791,0.000,WAIT,idle,-1,0,-0.039,0.009,-4.019,0.013,-0.013,-0.009,1.5327
1785820582.891,0.000,WAIT,idle,-1,0,-0.041,0.010,-4.020,0.010,-0.010,-0.004,1.5329
1785820582.991,0.000,WAIT,idle,-1,0,-0.043,0.011,-4.020,0.008,-0.010,-0.004,1.5331
1785820583.091,0.000,WAIT,idle,-1,0,-0.045,0.012,-4.021,0.005,-0.006,-0.002,1.5335
1785820583.191,0.000,WAIT,idle,-1,0,-0.048,0.014,-4.021,0.006,-0.005,-0.003,1.5338
1785820583.291,0.000,WAIT,idle,-1,0,-0.050,0.015,-4.021,0.002,0.003,-0.003,1.5341
1785820583.391,0.000,WAIT,idle,-1,0,-0.052,0.017,-4.022,0.006,0.003,-0.002,1.5341
1785820583.491,0.000,WAIT,idle,-1,0,-0.054,0.019,-4.023,0.007,0.007,-0.004,1.5347
1785820583.591,0.000,WAIT,idle,-1,0,-0.055,0.021,-4.023,0.010,0.007,-0.003,1.5347
1785820583.691,0.000,WAIT,idle,-1,0,-0.056,0.023,-4.024,0.015,0.005,-0.002,1.5350
1785820583.791,0.000,WAIT,idle,-1,0,-0.056,0.025,-4.024,0.015,0.002,-0.001,1.5348
1785820583.891,0.000,WAIT,idle,-1,0,-0.056,0.026,-4.025,0.026,-0.008,0.001,1.5353
1785820583.991,0.000,WAIT,idle,-1,0,-0.056,0.027,-4.025,0.030,-0.013,-0.002,1.5348
1785820584.091,0.000,WAIT,idle,-1,0,-0.055,0.028,-4.026,0.029,-0.011,-0.000,1.5337
1785820584.191,0.000,WAIT,idle,-1,0,-0.054,0.028,-4.026,0.028,-0.012,0.003,1.5331
1785820584.291,0.000,WAIT,idle,-1,0,-0.053,0.028,-4.026,0.029,-0.018,0.003,1.5328
1785820584.391,0.000,WAIT,idle,-1,0,-0.052,0.028,-4.026,0.030,-0.021,0.002,1.5327
1785820584.491,0.000,WAIT,idle,-1,0,-0.051,0.028,-4.026,0.032,-0.025,0.002,1.5328
1785820584.591,0.000,WAIT,idle,-1,0,-0.049,0.027,-4.026,0.031,-0.026,0.001,1.5327
1785820584.691,0.000,WAIT,idle,-1,0,-0.047,0.027,-4.025,0.030,-0.023,0.002,1.5329
1785820584.791,0.000,WAIT,idle,-1,0,-0.045,0.026,-4.025,0.027,-0.021,0.003,1.5331
1785820584.891,0.000,WAIT,idle,-1,0,-0.043,0.026,-4.025,0.027,-0.020,0.003,1.5331
1785820584.991,0.000,WAIT,idle,-1,0,-0.041,0.026,-4.024,0.021,-0.010,0.003,1.5337
1785820585.091,0.000,WAIT,idle,-1,0,-0.039,0.025,-4.024,0.021,-0.009,0.001,1.5340
1785820585.191,0.000,WAIT,idle,-1,0,-0.037,0.024,-4.023,0.022,-0.011,0.001,1.5342
1785820585.291,0.000,WAIT,idle,-1,0,-0.035,0.024,-4.023,0.018,-0.008,-0.000,1.5339
1785820585.391,0.000,WAIT,idle,-1,0,-0.034,0.023,-4.022,0.022,-0.018,0.001,1.5338
1785820585.491,0.000,WAIT,idle,-1,0,-0.032,0.022,-4.021,0.025,-0.024,-0.002,1.5334
1785820585.591,0.000,WAIT,idle,-1,0,-0.030,0.021,-4.021,0.024,-0.026,-0.001,1.5331
1785820585.691,0.000,WAIT,idle,-1,0,-0.029,0.020,-4.021,0.012,-0.015,-0.002,1.5331
1785820585.791,0.000,WAIT,idle,-1,0,-0.028,0.018,-4.021,0.011,-0.013,-0.002,1.5332
1785820585.891,0.000,WAIT,idle,-1,0,-0.027,0.017,-4.021,0.011,-0.012,-0.003,1.5334
1785820585.991,0.000,WAIT,idle,-1,0,-0.026,0.017,-4.021,0.011,-0.012,-0.003,1.5334
1785820586.091,0.000,WAIT,idle,-1,0,-0.025,0.016,-4.021,0.015,-0.017,-0.005,1.5332
1785820586.191,0.000,WAIT,idle,-1,0,-0.025,0.016,-4.021,0.014,-0.015,-0.003,1.5335
1785820586.291,0.000,WAIT,idle,-1,0,-0.024,0.016,-4.021,0.013,-0.018,-0.003,1.5337
1785820586.391,0.000,WAIT,idle,-1,0,-0.024,0.015,-4.021,0.012,-0.020,-0.001,1.5338
1785820586.491,0.000,WAIT,idle,-1,0,-0.023,0.014,-4.021,0.010,-0.018,-0.001,1.5341
1785820586.591,0.000,WAIT,idle,-1,0,-0.023,0.013,-4.021,0.006,-0.013,-0.002,1.5343
1785820586.691,0.000,WAIT,idle,-1,0,-0.023,0.012,-4.021,0.003,-0.010,-0.004,1.5344
1785820586.791,0.000,WAIT,idle,-1,0,-0.023,0.010,-4.021,0.004,-0.006,-0.003,1.5343
1785820586.891,0.000,WAIT,idle,-1,0,-0.022,0.009,-4.021,0.005,-0.009,-0.001,1.5339
1785820586.991,0.000,WAIT,idle,-1,0,-0.022,0.008,-4.021,0.006,-0.012,-0.001,1.5338
1785820587.091,0.000,WAIT,idle,-1,0,-0.022,0.007,-4.021,0.009,-0.015,-0.002,1.5337
1785820587.191,0.000,WAIT,idle,-1,0,-0.022,0.006,-4.021,0.009,-0.017,-0.001,1.5334
1785820587.291,0.000,WAIT,idle,-1,0,-0.022,0.005,-4.021,0.006,-0.014,0.000,1.5331
1785820587.391,0.000,WAIT,idle,-1,0,-0.022,0.004,-4.021,0.002,-0.008,-0.002,1.5331
1785820587.491,0.000,WAIT,idle,-1,0,-0.023,0.004,-4.021,0.003,-0.008,-0.003,1.5333
1785820587.591,0.000,WAIT,idle,-1,0,-0.023,0.003,-4.021,-0.005,0.000,-0.004,1.5338
1785820587.691,0.000,WAIT,idle,-1,0,-0.023,0.002,-4.022,-0.006,-0.001,-0.003,1.5338
1785820587.791,0.000,WAIT,idle,-1,0,-0.024,0.001,-4.022,-0.003,-0.001,-0.001,1.5336
1785820587.891,0.000,WAIT,idle,-1,0,-0.024,0.001,-4.023,-0.004,0.005,-0.003,1.5340
1785820587.991,0.000,WAIT,idle,-1,0,-0.023,0.000,-4.024,0.004,-0.003,-0.005,1.5340
1785820588.091,0.000,WAIT,idle,-1,0,-0.023,-0.001,-4.024,0.007,-0.007,-0.001,1.5336
1785820588.191,0.000,WAIT,idle,-1,0,-0.023,-0.001,-4.025,0.010,-0.010,0.002,1.5334
1785820588.291,0.000,WAIT,idle,-1,0,-0.022,-0.002,-4.025,0.010,-0.012,0.002,1.5333
1785820588.391,0.000,WAIT,idle,-1,0,-0.022,-0.003,-4.025,0.008,-0.011,0.001,1.5333
1785820588.491,0.000,WAIT,idle,-1,0,-0.022,-0.004,-4.025,0.005,-0.005,0.001,1.5331
1785820588.591,0.000,WAIT,idle,-1,0,-0.021,-0.005,-4.025,0.008,-0.007,-0.001,1.5328
1785820588.691,0.000,WAIT,idle,-1,0,-0.021,-0.006,-4.025,0.003,-0.001,-0.000,1.5329
1785820588.791,0.000,WAIT,idle,-1,0,-0.020,-0.007,-4.025,0.006,-0.006,0.002,1.5323
1785820588.891,0.000,WAIT,idle,-1,0,-0.020,-0.008,-4.024,0.005,0.001,0.003,1.5320
1785820588.991,0.000,WAIT,idle,-1,0,-0.020,-0.008,-4.024,0.007,-0.003,0.002,1.5322
1785820589.091,0.000,WAIT,idle,-1,0,-0.021,-0.008,-4.024,0.000,0.003,0.000,1.5324
1785820589.191,0.000,WAIT,idle,-1,0,-0.022,-0.007,-4.024,-0.003,0.010,0.000,1.5332
1785820589.291,0.000,WAIT,idle,-1,0,-0.024,-0.006,-4.024,-0.002,0.008,0.002,1.5338
1785820589.391,0.000,WAIT,idle,-1,0,-0.026,-0.005,-4.024,-0.007,0.017,0.001,1.5344
1785820589.491,0.000,WAIT,idle,-1,0,-0.028,-0.003,-4.023,0.004,0.005,-0.001,1.5346
1785820589.591,0.000,WAIT,idle,-1,0,-0.030,-0.001,-4.023,0.005,0.004,0.001,1.5345
1785820589.691,0.000,WAIT,idle,-1,0,-0.032,0.002,-4.023,0.004,0.005,-0.002,1.5346
1785820589.791,0.000,WAIT,idle,-1,0,-0.034,0.004,-4.022,0.004,0.002,-0.002,1.5346
1785820589.891,0.000,WAIT,idle,-1,0,-0.037,0.007,-4.022,0.008,-0.001,-0.003,1.5352
1785820589.991,0.000,WAIT,idle,-1,0,-0.039,0.009,-4.022,0.009,-0.002,-0.002,1.5349
1785820590.091,0.000,WAIT,idle,-1,0,-0.041,0.011,-4.021,0.008,-0.003,0.000,1.5348
1785820590.191,0.000,WAIT,idle,-1,0,-0.042,0.013,-4.020,0.012,-0.007,-0.001,1.5346
1785820590.291,0.000,WAIT,idle,-1,0,-0.044,0.014,-4.019,0.014,-0.009,-0.002,1.5337
1785820590.391,0.000,WAIT,idle,-1,0,-0.044,0.015,-4.018,0.013,-0.008,-0.003,1.5326
1785820590.491,0.000,WAIT,idle,-1,0,-0.045,0.015,-4.017,0.013,-0.006,-0.003,1.5328
1785820590.591,0.000,WAIT,idle,-1,0,-0.045,0.016,-4.016,0.017,-0.007,-0.004,1.5333
1785820590.691,0.000,WAIT,idle,-1,0,-0.045,0.016,-4.015,0.018,-0.007,-0.005,1.5332
1785820590.791,0.000,WAIT,idle,-1,0,-0.045,0.017,-4.015,0.026,-0.019,-0.008,1.5328
1785820590.891,0.000,WAIT,idle,-1,0,-0.045,0.018,-4.015,0.021,-0.015,-0.009,1.5325
1785820590.991,0.000,WAIT,idle,-1,0,-0.046,0.018,-4.014,0.013,-0.006,-0.009,1.5327
1785820591.091,0.000,WAIT,idle,-1,0,-0.046,0.019,-4.014,0.013,-0.004,-0.008,1.5334
1785820591.191,0.000,WAIT,idle,-1,0,-0.047,0.020,-4.013,0.015,-0.007,-0.009,1.5337
1785820591.291,0.000,WAIT,idle,-1,0,-0.047,0.020,-4.013,0.019,-0.015,-0.008,1.5336
1785820591.391,0.000,WAIT,idle,-1,0,-0.048,0.021,-4.013,0.019,-0.015,-0.011,1.5338
1785820591.491,0.000,WAIT,idle,-1,0,-0.048,0.021,-4.012,0.011,-0.006,-0.010,1.5338
1785820591.591,0.000,WAIT,idle,-1,0,-0.048,0.022,-4.012,0.011,-0.003,-0.011,1.5343
1785820591.691,0.000,WAIT,idle,-1,0,-0.047,0.022,-4.013,0.015,-0.004,-0.011,1.5345
1785820591.791,0.000,WAIT,idle,-1,0,-0.046,0.022,-4.013,0.020,-0.005,-0.010,1.5347
1785820591.891,0.000,WAIT,idle,-1,0,-0.043,0.023,-4.014,0.029,-0.015,-0.010,1.5346
1785820591.991,0.000,WAIT,idle,-1,0,-0.041,0.022,-4.014,0.031,-0.021,-0.009,1.5337
1785820592.091,0.000,WAIT,idle,-1,0,-0.038,0.022,-4.015,0.030,-0.021,-0.010,1.5326
1785820592.191,0.000,WAIT,idle,-1,0,-0.035,0.021,-4.016,0.029,-0.021,-0.009,1.5317
1785820592.291,0.000,WAIT,idle,-1,0,-0.032,0.019,-4.017,0.025,-0.018,-0.009,1.5314
1785820592.391,0.000,WAIT,idle,-1,0,-0.029,0.017,-4.018,0.018,-0.014,-0.008,1.5315
1785820592.491,0.000,WAIT,idle,-1,0,-0.026,0.015,-4.019,0.014,-0.009,-0.008,1.5322
1785820592.591,0.000,WAIT,idle,-1,0,-0.024,0.013,-4.019,0.015,-0.011,-0.006,1.5329
1785820592.691,0.000,WAIT,idle,-1,0,-0.022,0.011,-4.020,0.010,-0.008,-0.004,1.5333
1785820592.791,0.000,WAIT,idle,-1,0,-0.020,0.009,-4.020,0.017,-0.015,-0.003,1.5334
1785820592.891,0.000,WAIT,idle,-1,0,-0.018,0.006,-4.020,0.014,-0.015,-0.004,1.5334
1785820592.991,0.000,WAIT,idle,-1,0,-0.016,0.003,-4.020,0.012,-0.014,-0.004,1.5335
1785820593.091,0.000,WAIT,idle,-1,0,-0.014,0.000,-4.020,0.013,-0.015,-0.003,1.5341
1785820593.191,0.000,WAIT,idle,-1,0,-0.013,-0.002,-4.020,0.004,-0.007,-0.003,1.5342
1785820593.291,0.000,WAIT,idle,-1,0,-0.011,-0.005,-4.020,-0.000,-0.003,-0.003,1.5343
1785820593.391,0.000,WAIT,idle,-1,0,-0.010,-0.008,-4.021,0.001,-0.005,-0.003,1.5340
1785820593.491,0.000,WAIT,idle,-1,0,-0.009,-0.012,-4.021,-0.001,-0.003,-0.003,1.5338
1785820593.591,0.000,WAIT,idle,-1,0,-0.008,-0.015,-4.021,0.001,-0.003,-0.002,1.5330
1785820593.691,0.000,WAIT,idle,-1,0,-0.006,-0.018,-4.021,-0.002,0.001,-0.002,1.5326
1785820593.791,0.000,WAIT,idle,-1,0,-0.005,-0.020,-4.021,-0.000,0.001,-0.002,1.5332
1785820593.891,0.000,WAIT,idle,-1,0,-0.004,-0.022,-4.022,-0.001,-0.000,-0.003,1.5335
1785820593.991,0.000,WAIT,idle,-1,0,-0.003,-0.023,-4.022,-0.005,0.004,-0.002,1.5341
1785820594.091,0.000,WAIT,idle,-1,0,-0.003,-0.024,-4.022,-0.000,0.001,-0.003,1.5339
1785820594.191,0.000,WAIT,idle,-1,0,-0.003,-0.024,-4.022,-0.002,0.003,-0.002,1.5338
1785820594.291,0.000,WAIT,idle,-1,0,-0.004,-0.024,-4.023,-0.003,0.006,-0.001,1.5341
1785820594.391,0.000,WAIT,idle,-1,0,-0.004,-0.024,-4.023,-0.004,0.008,-0.001,1.5346
1785820594.491,0.000,WAIT,idle,-1,0,-0.006,-0.023,-4.023,-0.008,0.012,0.001,1.5344
1785820594.591,0.000,WAIT,idle,-1,0,-0.007,-0.023,-4.024,-0.006,0.010,0.001,1.5347
1785820594.691,0.000,WAIT,idle,-1,0,-0.008,-0.022,-4.024,-0.014,0.019,0.000,1.5352
1785820594.791,0.000,WAIT,idle,-1,0,-0.010,-0.022,-4.024,-0.015,0.020,0.004,1.5355
1785820594.891,0.000,WAIT,idle,-1,0,-0.012,-0.021,-4.024,-0.014,0.020,0.001,1.5349
1785820594.991,0.000,WAIT,idle,-1,0,-0.014,-0.020,-4.025,-0.010,0.016,0.001,1.5352
1785820595.091,0.000,WAIT,idle,-1,0,-0.016,-0.019,-4.025,-0.010,0.016,0.001,1.5345
1785820595.191,0.000,WAIT,idle,-1,0,-0.019,-0.018,-4.025,-0.005,0.011,0.001,1.5345
1785820595.291,0.000,WAIT,idle,-1,0,-0.022,-0.016,-4.026,-0.006,0.013,0.001,1.5347
1785820595.391,0.000,WAIT,idle,-1,0,-0.024,-0.014,-4.026,-0.003,0.007,0.003,1.5344
1785820595.491,0.000,WAIT,idle,-1,0,-0.028,-0.012,-4.026,-0.003,0.008,0.001,1.5346
1785820595.591,0.000,WAIT,idle,-1,0,-0.031,-0.009,-4.027,-0.005,0.014,0.002,1.5350
1785820595.691,0.000,WAIT,idle,-1,0,-0.034,-0.006,-4.027,-0.003,0.011,0.003,1.5348
1785820595.791,0.000,WAIT,idle,-1,0,-0.037,-0.003,-4.028,-0.000,0.011,0.004,1.5350
1785820595.891,0.000,WAIT,idle,-1,0,-0.040,-0.000,-4.028,0.005,0.008,0.005,1.5345
1785820595.991,0.000,WAIT,idle,-1,0,-0.043,0.003,-4.028,0.007,0.009,0.005,1.5345
1785820596.091,0.000,WAIT,idle,-1,0,-0.045,0.007,-4.028,0.012,0.011,0.004,1.5345
1785820596.191,0.000,WAIT,idle,-1,0,-0.046,0.010,-4.028,0.016,0.007,0.004,1.5340
1785820596.291,0.000,WAIT,idle,-1,0,-0.047,0.012,-4.028,0.018,0.004,0.003,1.5337
1785820596.391,0.000,WAIT,idle,-1,0,-0.048,0.015,-4.028,0.020,0.003,0.003,1.5339
1785820596.491,0.000,WAIT,idle,-1,0,-0.049,0.017,-4.027,0.021,-0.002,0.005,1.5335
1785820596.591,0.000,WAIT,idle,-1,0,-0.050,0.018,-4.027,0.013,0.006,0.006,1.5331
1785820596.691,0.000,WAIT,idle,-1,0,-0.051,0.019,-4.026,0.019,-0.010,0.003,1.5326
1785820596.791,0.000,WAIT,idle,-1,0,-0.052,0.019,-4.026,0.020,-0.016,0.002,1.5323
1785820596.891,0.000,WAIT,idle,-1,0,-0.053,0.018,-4.025,0.021,-0.020,0.004,1.5323
1785820596.991,0.000,WAIT,idle,-1,0,-0.054,0.017,-4.024,0.022,-0.020,0.003,1.5324
1785820597.091,0.000,WAIT,idle,-1,0,-0.055,0.017,-4.024,0.022,-0.015,-0.001,1.5328
1785820597.191,0.000,WAIT,idle,-1,0,-0.055,0.018,-4.024,0.023,-0.015,0.001,1.5328
1785820597.291,0.000,WAIT,idle,-1,0,-0.055,0.018,-4.024,0.024,-0.018,-0.000,1.5324
1785820597.391,0.000,WAIT,idle,-1,0,-0.055,0.018,-4.024,0.022,-0.015,-0.001,1.5323
1785820597.491,0.000,WAIT,idle,-1,0,-0.056,0.019,-4.024,0.022,-0.014,-0.001,1.5323
1785820597.591,0.000,WAIT,idle,-1,0,-0.056,0.019,-4.024,0.023,-0.009,-0.001,1.5324
1785820597.691,0.000,WAIT,idle,-1,0,-0.055,0.020,-4.023,0.026,-0.012,-0.000,1.5325
1785820597.791,0.000,WAIT,idle,-1,0,-0.054,0.021,-4.023,0.018,-0.001,0.002,1.5332
1785820597.891,0.000,WAIT,idle,-1,0,-0.054,0.021,-4.022,0.020,-0.004,0.000,1.5336
1785820597.991,0.000,WAIT,idle,-1,0,-0.053,0.022,-4.022,0.021,-0.006,-0.000,1.5337
1785820598.091,0.000,WAIT,idle,-1,0,-0.051,0.022,-4.021,0.021,-0.000,-0.001,1.5345
1785820598.191,0.000,WAIT,idle,-1,0,-0.049,0.022,-4.021,0.025,-0.006,-0.002,1.5346
1785820598.291,0.000,WAIT,idle,-1,0,-0.047,0.022,-4.020,0.028,-0.010,-0.003,1.5344
1785820598.391,0.000,WAIT,idle,-1,0,-0.044,0.022,-4.020,0.033,-0.015,-0.004,1.5340
1785820598.491,0.000,WAIT,idle,-1,0,-0.040,0.022,-4.020,0.033,-0.014,-0.003,1.5333
1785820598.591,0.000,WAIT,idle,-1,0,-0.036,0.021,-4.020,0.036,-0.018,-0.005,1.5326
1785820598.691,0.000,WAIT,idle,-1,0,-0.032,0.021,-4.020,0.036,-0.019,-0.003,1.5316
1785820598.791,0.000,WAIT,idle,-1,0,-0.028,0.021,-4.020,0.031,-0.019,-0.002,1.5318
1785820598.891,0.000,WAIT,idle,-1,0,-0.024,0.020,-4.019,0.026,-0.015,-0.002,1.5320
1785820598.991,0.000,WAIT,idle,-1,0,-0.020,0.020,-4.019,0.022,-0.011,-0.004,1.5324
1785820599.091,0.000,WAIT,idle,-1,0,-0.017,0.018,-4.019,0.017,-0.005,-0.005,1.5330
1785820599.191,0.000,WAIT,idle,-1,0,-0.014,0.017,-4.019,0.015,-0.004,-0.005,1.5333
1785820599.291,0.000,WAIT,idle,-1,0,-0.011,0.015,-4.019,0.013,-0.006,-0.005,1.5336
1785820599.391,0.000,WAIT,idle,-1,0,-0.010,0.014,-4.019,0.016,-0.015,-0.003,1.5334
1785820599.491,0.000,WAIT,idle,-1,0,-0.008,0.013,-4.018,0.013,-0.012,-0.002,1.5336
1785820599.591,0.000,WAIT,idle,-1,0,-0.007,0.012,-4.017,0.012,-0.014,-0.002,1.5333
1785820599.691,0.000,WAIT,idle,-1,0,-0.006,0.011,-4.017,0.003,-0.010,-0.003,1.5332
1785820599.791,0.000,WAIT,idle,-1,0,-0.006,0.009,-4.016,-0.003,-0.008,-0.006,1.5335
1785820599.891,0.000,WAIT,idle,-1,0,-0.006,0.007,-4.016,-0.005,-0.007,-0.007,1.5341
1785820599.991,0.000,WAIT,idle,-1,0,-0.006,0.005,-4.016,-0.006,-0.010,-0.007,1.5341
1785820600.091,0.000,WAIT,idle,-1,0,-0.006,0.003,-4.016,-0.007,-0.009,-0.007,1.5345
1785820600.191,0.000,WAIT,idle,-1,0,-0.006,0.002,-4.016,0.001,-0.021,-0.006,1.5341
1785820600.291,0.000,WAIT,idle,-1,0,-0.006,0.001,-4.017,0.001,-0.018,-0.007,1.5339
1785820600.391,0.000,WAIT,idle,-1,0,-0.007,0.000,-4.017,-0.008,-0.003,-0.007,1.5338
1785820600.491,0.000,WAIT,idle,-1,0,-0.007,0.000,-4.018,-0.009,0.000,-0.007,1.5339
1785820600.591,0.000,WAIT,idle,-1,0,-0.008,0.000,-4.018,-0.008,0.002,-0.009,1.5339
1785820600.691,0.000,WAIT,idle,-1,0,-0.008,0.001,-4.019,-0.007,0.002,-0.006,1.5339
1785820600.791,0.000,WAIT,idle,-1,0,-0.009,0.001,-4.020,-0.004,0.001,-0.005,1.5340
1785820600.891,0.000,WAIT,idle,-1,0,-0.010,0.002,-4.021,-0.004,-0.003,-0.006,1.5339
1785820600.991,0.000,WAIT,idle,-1,0,-0.011,0.003,-4.022,-0.002,-0.005,-0.004,1.5338
1785820601.091,0.000,WAIT,idle,-1,0,-0.012,0.003,-4.022,-0.001,-0.006,-0.001,1.5337
1785820601.191,0.000,WAIT,idle,-1,0,-0.012,0.004,-4.022,-0.000,-0.005,0.000,1.5337
1785820601.291,0.000,WAIT,idle,-1,0,-0.013,0.004,-4.021,-0.002,-0.001,-0.000,1.5337
1785820601.391,0.000,WAIT,idle,-1,0,-0.013,0.005,-4.021,-0.004,0.003,-0.003,1.5336
1785820601.491,0.000,WAIT,idle,-1,0,-0.013,0.006,-4.021,-0.008,0.003,-0.003,1.5338
1785820601.591,0.000,WAIT,idle,-1,0,-0.014,0.007,-4.021,-0.010,0.004,-0.002,1.5339
1785820601.691,0.000,WAIT,idle,-1,0,-0.016,0.007,-4.020,-0.011,0.005,-0.001,1.5341
1785820601.791,0.000,WAIT,idle,-1,0,-0.018,0.008,-4.020,-0.010,0.004,-0.002,1.5343
1785820601.891,0.000,WAIT,idle,-1,0,-0.020,0.009,-4.020,-0.013,0.004,-0.003,1.5348
1785820601.991,0.000,WAIT,idle,-1,0,-0.023,0.010,-4.021,-0.013,0.004,-0.003,1.5350
1785820602.091,0.000,WAIT,idle,-1,0,-0.025,0.011,-4.022,-0.008,0.001,-0.002,1.5354
1785820602.191,0.000,WAIT,idle,-1,0,-0.027,0.012,-4.023,-0.000,-0.006,-0.001,1.5351
1785820602.291,0.000,WAIT,idle,-1,0,-0.028,0.013,-4.025,0.005,-0.010,-0.000,1.5349
1785820602.391,0.000,WAIT,idle,-1,0,-0.028,0.014,-4.026,0.006,-0.009,-0.001,1.5344
1785820602.491,0.000,WAIT,idle,-1,0,-0.028,0.015,-4.028,0.001,-0.003,0.000,1.5339
1785820602.591,0.000,WAIT,idle,-1,0,-0.028,0.016,-4.029,0.002,0.001,0.004,1.5336
1785820602.691,0.000,WAIT,idle,-1,0,-0.028,0.017,-4.029,0.001,-0.001,0.006,1.5334
1785820602.791,0.000,WAIT,idle,-1,0,-0.028,0.017,-4.029,0.006,-0.007,0.006,1.5334
1785820602.891,0.000,WAIT,idle,-1,0,-0.028,0.017,-4.030,0.008,-0.015,0.005,1.5322
1785820602.991,0.000,WAIT,idle,-1,0,-0.028,0.016,-4.030,0.006,-0.011,0.007,1.5325
1785820603.091,0.000,WAIT,idle,-1,0,-0.028,0.016,-4.030,0.002,-0.009,0.007,1.5328
1785820603.191,0.000,WAIT,idle,-1,0,-0.028,0.016,-4.030,-0.002,-0.002,0.006,1.5331
1785820603.291,0.000,WAIT,idle,-1,0,-0.029,0.016,-4.030,-0.002,0.001,0.009,1.5337
1785820603.391,0.000,WAIT,idle,-1,0,-0.030,0.017,-4.030,0.002,-0.006,0.006,1.5342
1785820603.491,0.000,WAIT,idle,-1,0,-0.031,0.018,-4.030,0.004,-0.010,0.008,1.5344
1785820603.591,0.000,WAIT,idle,-1,0,-0.032,0.018,-4.030,0.006,-0.012,0.008,1.5344
1785820603.691,0.000,WAIT,idle,-1,0,-0.033,0.019,-4.030,-0.002,-0.002,0.006,1.5347
1785820603.791,0.000,WAIT,idle,-1,0,-0.033,0.019,-4.030,0.003,-0.002,0.005,1.5352
1785820603.891,0.000,WAIT,idle,-1,0,-0.033,0.019,-4.030,0.013,-0.012,0.005,1.5347
1785820603.991,0.000,WAIT,idle,-1,0,-0.033,0.019,-4.030,0.013,-0.014,0.004,1.5340
1785820604.091,0.000,WAIT,idle,-1,0,-0.033,0.019,-4.030,0.014,-0.018,0.006,1.5334
1785820604.191,0.000,WAIT,idle,-1,0,-0.033,0.019,-4.030,0.014,-0.020,0.007,1.5328
1785820604.291,0.000,WAIT,idle,-1,0,-0.033,0.018,-4.031,0.013,-0.017,0.005,1.5325
1785820604.391,0.000,WAIT,idle,-1,0,-0.033,0.018,-4.031,0.008,-0.007,0.006,1.5328
1785820604.491,0.000,WAIT,idle,-1,0,-0.033,0.017,-4.031,0.007,-0.006,0.007,1.5333
1785820604.591,0.000,WAIT,idle,-1,0,-0.033,0.017,-4.031,0.007,-0.007,0.009,1.5337
1785820604.691,0.000,WAIT,idle,-1,0,-0.033,0.017,-4.030,0.009,-0.006,0.008,1.5340
1785820604.791,0.000,WAIT,idle,-1,0,-0.033,0.017,-4.029,0.014,-0.015,0.007,1.5337
1785820604.891,0.000,WAIT,idle,-1,0,-0.032,0.017,-4.029,0.014,-0.014,0.006,1.5338
1785820604.991,0.000,WAIT,idle,-1,0,-0.031,0.017,-4.028,0.009,-0.008,0.007,1.5338
1785820605.091,0.000,WAIT,idle,-1,0,-0.031,0.016,-4.028,0.018,-0.018,0.008,1.5339
1785820605.191,0.000,WAIT,idle,-1,0,-0.029,0.015,-4.027,0.016,-0.015,0.006,1.5338
1785820605.291,0.000,WAIT,idle,-1,0,-0.028,0.014,-4.026,0.017,-0.021,0.005,1.5328
1785820605.391,0.000,WAIT,idle,-1,0,-0.027,0.014,-4.025,0.011,-0.012,0.003,1.5325
1785820605.491,0.000,WAIT,idle,-1,0,-0.027,0.014,-4.025,0.003,-0.008,0.002,1.5329
1785820605.591,0.000,WAIT,idle,-1,0,-0.027,0.014,-4.025,0.005,-0.012,0.001,1.5333
1785820605.691,0.000,WAIT,idle,-1,0,-0.027,0.013,-4.025,-0.003,-0.001,0.002,1.5340
1785820605.791,0.000,WAIT,idle,-1,0,-0.027,0.013,-4.024,-0.003,0.001,-0.000,1.5343
1785820605.891,0.000,WAIT,idle,-1,0,-0.026,0.012,-4.024,-0.001,0.003,0.001,1.5339
1785820605.991,0.000,WAIT,idle,-1,0,-0.025,0.012,-4.023,0.003,0.003,0.001,1.5339
1785820606.091,0.000,WAIT,idle,-1,0,-0.023,0.011,-4.022,0.007,0.002,-0.002,1.5336
1785820606.191,0.000,WAIT,idle,-1,0,-0.020,0.011,-4.022,0.010,0.001,-0.001,1.5337
1785820606.291,0.000,WAIT,idle,-1,0,-0.018,0.009,-4.022,0.012,-0.005,-0.002,1.5334
1785820606.391,0.000,WAIT,idle,-1,0,-0.015,0.007,-4.022,0.011,-0.008,-0.001,1.5324
1785820606.491,0.000,WAIT,idle,-1,0,-0.013,0.005,-4.022,0.015,-0.022,-0.000,1.5314
1785820606.591,0.000,WAIT,idle,-1,0,-0.012,0.003,-4.021,0.010,-0.022,-0.001,1.5313
1785820606.691,0.000,WAIT,idle,-1,0,-0.011,0.001,-4.021,0.005,-0.015,-0.002,1.5316
1785820606.791,0.000,WAIT,idle,-1,0,-0.010,-0.001,-4.021,-0.002,-0.007,-0.000,1.5322
1785820606.891,0.000,WAIT,idle,-1,0,-0.010,-0.002,-4.021,-0.007,0.003,-0.000,1.5335
1785820606.991,0.000,WAIT,idle,-1,0,-0.010,-0.003,-4.021,-0.011,0.008,-0.003,1.5338
1785820607.091,0.000,WAIT,idle,-1,0,-0.010,-0.003,-4.022,-0.005,0.006,-0.004,1.5346
1785820607.191,0.000,WAIT,idle,-1,0,-0.010,-0.003,-4.022,-0.004,0.004,-0.002,1.5347
1785820607.291,0.000,WAIT,idle,-1,0,-0.010,-0.003,-4.022,-0.003,0.003,-0.001,1.5347
1785820607.391,0.000,WAIT,idle,-1,0,-0.010,-0.003,-4.022,-0.010,0.010,-0.002,1.5346
1785820607.491,0.000,WAIT,idle,-1,0,-0.010,-0.003,-4.023,-0.011,0.013,0.001,1.5347
1785820607.591,0.000,WAIT,idle,-1,0,-0.009,-0.004,-4.023,-0.008,0.010,0.001,1.5345
1785820607.691,0.000,WAIT,idle,-1,0,-0.008,-0.005,-4.023,-0.006,0.011,0.001,1.5351
1785820607.791,0.000,WAIT,idle,-1,0,-0.007,-0.007,-4.023,-0.003,0.006,0.001,1.5344
1785820607.891,0.000,WAIT,idle,-1,0,-0.007,-0.009,-4.023,-0.001,-0.004,-0.001,1.5329
1785820607.991,0.000,WAIT,idle,-1,0,-0.006,-0.012,-4.023,0.002,-0.010,-0.000,1.5313
1785820608.091,0.000,WAIT,idle,-1,0,-0.006,-0.014,-4.023,-0.001,-0.008,0.000,1.5314
1785820608.191,0.000,WAIT,idle,-1,0,-0.007,-0.016,-4.023,-0.006,-0.004,-0.000,1.5314
1785820608.291,0.000,WAIT,idle,-1,0,-0.007,-0.018,-4.024,-0.017,0.010,-0.001,1.5323
1785820608.391,0.000,WAIT,idle,-1,0,-0.008,-0.019,-4.024,-0.016,0.011,0.000,1.5330
1785820608.491,0.000,WAIT,idle,-1,0,-0.008,-0.020,-4.025,-0.013,0.012,0.001,1.5335
1785820608.591,0.000,WAIT,idle,-1,0,-0.009,-0.021,-4.025,-0.011,0.011,-0.000,1.5339
1785820608.691,0.000,WAIT,idle,-1,0,-0.010,-0.021,-4.026,-0.007,0.008,0.002,1.5338
1785820608.791,0.000,WAIT,idle,-1,0,-0.012,-0.022,-4.026,-0.006,0.005,-0.000,1.5339
1785820608.891,0.000,WAIT,idle,-1,0,-0.013,-0.022,-4.027,-0.008,0.004,0.000,1.5340
1785820608.991,0.000,WAIT,idle,-1,0,-0.014,-0.023,-4.027,-0.010,0.006,0.002,1.5342
1785820609.091,0.000,WAIT,idle,-1,0,-0.015,-0.023,-4.027,-0.015,0.014,0.001,1.5344
1785820609.191,0.000,WAIT,idle,-1,0,-0.016,-0.023,-4.027,-0.010,0.014,0.004,1.5344
1785820609.291,0.000,WAIT,idle,-1,0,-0.016,-0.023,-4.028,-0.007,0.016,0.002,1.5343
1785820609.391,0.000,WAIT,idle,-1,0,-0.016,-0.023,-4.028,0.002,0.007,0.003,1.5328
1785820609.491,0.000,WAIT,idle,-1,0,-0.016,-0.023,-4.028,0.003,0.007,0.003,1.5315
1785820609.591,0.000,WAIT,idle,-1,0,-0.016,-0.023,-4.029,-0.002,0.020,0.004,1.5319
1785820609.691,0.000,WAIT,idle,-1,0,-0.016,-0.022,-4.029,-0.004,0.022,0.005,1.5325
1785820609.791,0.000,WAIT,idle,-1,0,-0.017,-0.020,-4.029,-0.007,0.023,0.006,1.5329
1785820609.891,0.000,WAIT,idle,-1,0,-0.018,-0.019,-4.029,-0.008,0.024,0.007,1.5334
1785820609.991,0.000,WAIT,idle,-1,0,-0.020,-0.017,-4.029,-0.009,0.022,0.004,1.5341
1785820610.091,0.000,WAIT,idle,-1,0,-0.022,-0.014,-4.029,-0.006,0.021,0.005,1.5345
1785820610.191,0.000,WAIT,idle,-1,0,-0.024,-0.012,-4.029,-0.006,0.022,0.006,1.5349
1785820610.291,0.000,WAIT,idle,-1,0,-0.026,-0.008,-4.029,-0.007,0.026,0.006,1.5353
1785820610.391,0.000,WAIT,idle,-1,0,-0.028,-0.006,-4.028,0.001,0.020,0.005,1.5354
1785820610.491,0.000,WAIT,idle,-1,0,-0.029,-0.003,-4.027,0.005,0.013,0.006,1.5351
1785820610.591,0.000,WAIT,idle,-1,0,-0.030,0.000,-4.026,0.006,0.012,0.004,1.5353
1785820610.691,0.000,WAIT,idle,-1,0,-0.031,0.003,-4.025,0.011,0.009,0.003,1.5347
1785820610.791,0.000,WAIT,idle,-1,0,-0.032,0.005,-4.025,0.011,0.008,0.000,1.5346
1785820610.891,0.000,WAIT,idle,-1,0,-0.033,0.007,-4.024,0.013,0.000,0.002,1.5331
1785820610.991,0.000,WAIT,idle,-1,0,-0.033,0.008,-4.023,0.011,-0.005,0.001,1.5322
1785820611.091,0.000,WAIT,idle,-1,0,-0.035,0.009,-4.023,0.009,-0.006,-0.002,1.5323
1785820611.191,0.000,WAIT,idle,-1,0,-0.035,0.009,-4.023,0.011,-0.004,0.000,1.5325
1785820611.291,0.000,WAIT,idle,-1,0,-0.036,0.010,-4.022,0.010,-0.005,-0.001,1.5325
1785820611.391,0.000,WAIT,idle,-1,0,-0.037,0.011,-4.021,0.006,0.001,-0.001,1.5332
1785820611.491,0.000,WAIT,idle,-1,0,-0.038,0.012,-4.021,0.008,-0.005,-0.002,1.5334
1785820611.591,0.000,WAIT,idle,-1,0,-0.038,0.013,-4.021,0.008,-0.004,-0.003,1.5334
1785820611.691,0.000,WAIT,idle,-1,0,-0.039,0.014,-4.021,0.010,-0.007,-0.004,1.5337
1785820611.791,0.000,WAIT,idle,-1,0,-0.039,0.016,-4.020,0.013,-0.005,-0.002,1.5340
1785820611.891,0.000,WAIT,idle,-1,0,-0.039,0.017,-4.019,0.014,-0.005,-0.003,1.5343
1785820611.991,0.000,WAIT,idle,-1,0,-0.039,0.018,-4.018,0.017,-0.008,-0.003,1.5342
1785820612.091,0.000,WAIT,idle,-1,0,-0.038,0.018,-4.017,0.013,-0.005,-0.004,1.5346
1785820612.191,0.000,WAIT,idle,-1,0,-0.038,0.019,-4.016,0.017,-0.005,-0.005,1.5343
1785820612.291,0.000,WAIT,idle,-1,0,-0.037,0.019,-4.016,0.023,-0.012,-0.006,1.5335
1785820612.391,0.000,WAIT,idle,-1,0,-0.036,0.018,-4.015,0.019,-0.013,-0.006,1.5324
1785820612.491,0.000,WAIT,idle,-1,0,-0.035,0.018,-4.015,0.019,-0.017,-0.009,1.5323
1785820612.591,0.000,WAIT,idle,-1,0,-0.034,0.017,-4.015,0.019,-0.017,-0.008,1.5326
1785820612.691,0.000,WAIT,idle,-1,0,-0.032,0.016,-4.015,0.020,-0.018,-0.008,1.5326
1785820612.791,0.000,WAIT,idle,-1,0,-0.031,0.016,-4.016,0.017,-0.017,-0.010,1.5327
1785820612.891,0.000,WAIT,idle,-1,0,-0.030,0.015,-4.016,0.013,-0.015,-0.009,1.5329
1785820612.991,0.000,WAIT,idle,-1,0,-0.029,0.014,-4.016,0.010,-0.013,-0.008,1.5333
1785820613.091,0.000,WAIT,idle,-1,0,-0.028,0.014,-4.016,0.004,-0.008,-0.006,1.5335
1785820613.191,0.000,WAIT,idle,-1,0,-0.028,0.013,-4.015,0.004,-0.004,-0.005,1.5337
1785820613.291,0.000,WAIT,idle,-1,0,-0.026,0.013,-4.014,0.005,-0.002,-0.007,1.5341
1785820613.391,0.000,WAIT,idle,-1,0,-0.025,0.012,-4.014,0.007,-0.000,-0.008,1.5342
1785820613.491,0.000,WAIT,idle,-1,0,-0.022,0.011,-4.014,0.007,-0.001,-0.008,1.5338
1785820613.591,0.000,WAIT,idle,-1,0,-0.020,0.011,-4.013,0.006,0.002,-0.011,1.5340
1785820613.691,0.000,WAIT,idle,-1,0,-0.019,0.010,-4.013,0.014,-0.008,-0.012,1.5340
1785820613.791,0.000,WAIT,idle,-1,0,-0.017,0.010,-4.013,0.013,-0.011,-0.010,1.5336
1785820613.891,0.000,WAIT,idle,-1,0,-0.015,0.009,-4.013,0.008,-0.007,-0.010,1.5336
1785820613.991,0.000,WAIT,idle,-1,0,-0.012,0.007,-4.013,0.008,-0.005,-0.011,1.5335
1785820614.091,0.000,WAIT,idle,-1,0,-0.010,0.006,-4.013,0.010,-0.008,-0.011,1.5330
1785820614.191,0.000,WAIT,idle,-1,0,-0.008,0.005,-4.013,0.010,-0.010,-0.010,1.5327
1785820614.291,0.000,WAIT,idle,-1,0,-0.006,0.004,-4.013,0.004,-0.010,-0.007,1.5323
1785820614.391,0.000,WAIT,idle,-1,0,-0.005,0.002,-4.013,-0.001,-0.008,-0.009,1.5325
1785820614.491,0.000,WAIT,idle,-1,0,-0.004,0.000,-4.014,-0.001,-0.009,-0.009,1.5327
1785820614.591,0.000,WAIT,idle,-1,0,-0.003,-0.001,-4.014,-0.006,-0.002,-0.010,1.5329
1785820614.691,0.000,WAIT,idle,-1,0,-0.003,-0.003,-4.015,-0.007,-0.002,-0.009,1.5332
1785820614.791,0.000,WAIT,idle,-1,0,-0.002,-0.004,-4.016,-0.014,0.004,-0.009,1.5336
1785820614.891,0.000,WAIT,idle,-1,0,-0.003,-0.005,-4.017,-0.015,0.007,-0.008,1.5339
1785820614.991,0.000,WAIT,idle,-1,0,-0.004,-0.006,-4.019,-0.016,0.010,-0.008,1.5341
1785820615.091,0.000,WAIT,idle,-1,0,-0.004,-0.006,-4.020,-0.015,0.012,-0.006,1.5341
1785820615.191,0.000,WAIT,idle,-1,0,-0.005,-0.006,-4.021,-0.013,0.016,-0.005,1.5345
1785820615.291,0.000,WAIT,idle,-1,0,-0.006,-0.006,-4.021,-0.016,0.013,-0.003,1.5344
1785820615.391,0.000,WAIT,idle,-1,0,-0.007,-0.006,-4.021,-0.016,0.015,-0.001,1.5342
1785820615.491,0.000,WAIT,idle,-1,0,-0.008,-0.007,-4.021,-0.015,0.012,-0.004,1.5345
1785820615.591,0.000,WAIT,idle,-1,0,-0.010,-0.007,-4.022,-0.013,0.009,-0.002,1.5343
1785820615.691,0.000,WAIT,idle,-1,0,-0.012,-0.007,-4.022,-0.007,-0.003,-0.002,1.5337
1785820615.791,0.000,WAIT,idle,-1,0,-0.014,-0.008,-4.022,-0.011,-0.003,-0.003,1.5337
1785820615.891,0.000,WAIT,idle,-1,0,-0.016,-0.008,-4.022,-0.013,0.001,-0.003,1.5335
1785820615.991,0.000,WAIT,idle,-1,0,-0.019,-0.007,-4.022,-0.014,0.006,-0.004,1.5339
1785820616.091,0.000,WAIT,idle,-1,0,-0.021,-0.006,-4.022,-0.014,0.010,-0.002,1.5342
1785820616.191,0.000,WAIT,idle,-1,0,-0.024,-0.005,-4.022,-0.009,0.005,-0.001,1.5340
1785820616.291,0.000,WAIT,idle,-1,0,-0.026,-0.003,-4.022,-0.010,0.009,0.001,1.5338
1785820616.391,0.000,WAIT,idle,-1,0,-0.028,-0.001,-4.022,-0.012,0.011,0.000,1.5341
1785820616.491,0.000,WAIT,idle,-1,0,-0.030,0.001,-4.022,-0.011,0.012,0.000,1.5344
1785820616.591,0.000,WAIT,idle,-1,0,-0.031,0.003,-4.022,-0.008,0.014,-0.000,1.5343
1785820616.691,0.000,WAIT,idle,-1,0,-0.032,0.006,-4.022,-0.005,0.014,-0.001,1.5348
1785820616.791,0.000,WAIT,idle,-1,0,-0.033,0.009,-4.022,-0.003,0.017,0.001,1.5351
1785820616.891,0.000,WAIT,idle,-1,0,-0.034,0.012,-4.022,0.007,0.006,-0.003,1.5351
1785820616.991,0.000,WAIT,idle,-1,0,-0.035,0.015,-4.022,0.010,0.003,-0.002,1.5347
1785820617.091,0.000,WAIT,idle,-1,0,-0.035,0.018,-4.022,0.010,0.001,-0.001,1.5344
1785820617.191,0.000,WAIT,idle,-1,0,-0.036,0.020,-4.022,0.010,-0.000,-0.000,1.5338
1785820617.291,0.000,WAIT,idle,-1,0,-0.036,0.022,-4.022,0.011,-0.005,0.000,1.5339
1785820617.391,0.000,WAIT,idle,-1,0,-0.036,0.023,-4.022,0.006,-0.000,-0.001,1.5333
1785820617.491,0.000,WAIT,idle,-1,0,-0.036,0.023,-4.022,0.013,-0.009,-0.000,1.5336
1785820617.591,0.000,WAIT,idle,-1,0,-0.036,0.023,-4.022,0.015,-0.015,0.001,1.5329
1785820617.691,0.000,WAIT,idle,-1,0,-0.036,0.023,-4.022,0.014,-0.021,-0.001,1.5315
1785820617.791,0.000,WAIT,idle,-1,0,-0.036,0.022,-4.022,0.013,-0.019,-0.002,1.5316
1785820617.891,0.000,WAIT,idle,-1,0,-0.036,0.022,-4.022,0.011,-0.012,0.000,1.5318
1785820617.991,0.000,WAIT,idle,-1,0,-0.035,0.023,-4.022,0.011,-0.006,0.001,1.5320
1785820618.091,0.000,WAIT,idle,-1,0,-0.035,0.023,-4.022,0.010,-0.001,0.000,1.5324
1785820618.191,0.000,WAIT,idle,-1,0,-0.034,0.024,-4.022,0.007,-0.004,0.001,1.5328
1785820618.291,0.000,WAIT,idle,-1,0,-0.033,0.025,-4.023,0.007,-0.007,-0.002,1.5336
1785820618.391,0.000,WAIT,idle,-1,0,-0.033,0.025,-4.023,0.009,-0.011,-0.002,1.5338
1785820618.491,0.000,WAIT,idle,-1,0,-0.033,0.026,-4.023,0.006,-0.009,0.001,1.5340
1785820618.591,0.000,WAIT,idle,-1,0,-0.033,0.026,-4.023,0.009,-0.017,-0.001,1.5342
1785820618.691,0.000,WAIT,idle,-1,0,-0.033,0.027,-4.023,0.010,-0.019,-0.000,1.5343
1785820618.791,0.000,WAIT,idle,-1,0,-0.033,0.028,-4.024,0.009,-0.013,0.000,1.5349
1785820618.891,0.000,WAIT,idle,-1,0,-0.032,0.030,-4.024,0.012,-0.018,0.000,1.5345
1785820618.991,0.000,WAIT,idle,-1,0,-0.031,0.030,-4.025,0.012,-0.020,-0.001,1.5344
1785820619.091,0.000,WAIT,idle,-1,0,-0.029,0.030,-4.025,0.015,-0.023,0.001,1.5340
1785820619.191,0.000,WAIT,idle,-1,0,-0.027,0.030,-4.026,0.015,-0.021,-0.000,1.5330
1785820619.291,0.000,WAIT,idle,-1,0,-0.024,0.030,-4.026,0.018,-0.027,0.001,1.5322
1785820619.391,0.000,WAIT,idle,-1,0,-0.022,0.030,-4.027,0.013,-0.027,0.003,1.5325
1785820619.491,0.000,WAIT,idle,-1,0,-0.021,0.029,-4.028,0.006,-0.023,0.004,1.5326
1785820619.591,0.000,WAIT,idle,-1,0,-0.019,0.028,-4.028,0.007,-0.022,0.004,1.5329
1785820619.691,0.000,WAIT,idle,-1,0,-0.017,0.027,-4.028,0.005,-0.014,0.005,1.5333
1785820619.791,0.000,WAIT,idle,-1,0,-0.015,0.026,-4.029,0.008,-0.014,0.004,1.5334
1785820619.891,0.000,WAIT,idle,-1,0,-0.013,0.025,-4.029,0.002,-0.007,0.005,1.5339
1785820619.991,0.000,WAIT,idle,-1,0,-0.011,0.023,-4.029,0.002,-0.009,0.007,1.5340
1785820620.091,0.000,WAIT,idle,-1,0,-0.010,0.021,-4.030,-0.000,-0.012,0.005,1.5341
1785820620.191,0.000,WAIT,idle,-1,0,-0.008,0.018,-4.030,0.002,-0.016,0.006,1.5338
1785820620.291,0.000,WAIT,idle,-1,0,-0.007,0.014,-4.030,0.001,-0.021,0.006,1.5328
1785820620.391,0.000,WAIT,idle,-1,0,-0.007,0.010,-4.030,-0.003,-0.020,0.004,1.5325
1785820620.491,0.000,WAIT,idle,-1,0,-0.007,0.007,-4.031,-0.004,-0.020,0.008,1.5328
1785820620.591,0.000,WAIT,idle,-1,0,-0.007,0.004,-4.030,-0.005,-0.023,0.007,1.5328
1785820620.691,0.000,WAIT,idle,-1,0,-0.008,0.001,-4.030,-0.006,-0.019,0.006,1.5334
1785820620.791,0.000,WAIT,idle,-1,0,-0.008,-0.000,-4.030,-0.011,-0.014,0.006,1.5331
1785820620.891,0.000,WAIT,idle,-1,0,-0.009,-0.002,-4.030,-0.013,-0.007,0.007,1.5333
1785820620.991,0.000,WAIT,idle,-1,0,-0.010,-0.003,-4.029,-0.017,0.000,0.007,1.5334
1785820621.091,0.000,WAIT,idle,-1,0,-0.010,-0.004,-4.029,-0.014,0.006,0.007,1.5340
1785820621.191,0.000,WAIT,idle,-1,0,-0.010,-0.005,-4.028,-0.013,0.006,0.007,1.5340
1785820621.291,0.000,WAIT,idle,-1,0,-0.010,-0.006,-4.028,-0.007,-0.000,0.007,1.5346
1785820621.391,0.000,WAIT,idle,-1,0,-0.011,-0.006,-4.027,-0.002,-0.005,0.006,1.5344
1785820621.491,0.000,WAIT,idle,-1,0,-0.012,-0.007,-4.026,0.000,-0.009,0.004,1.5341
1785820621.591,0.000,WAIT,idle,-1,0,-0.012,-0.008,-4.026,-0.000,-0.009,0.002,1.5336
1785820621.691,0.000,WAIT,idle,-1,0,-0.013,-0.009,-4.026,-0.003,-0.008,0.003,1.5332
1785820621.791,0.000,WAIT,idle,-1,0,-0.014,-0.009,-4.025,-0.007,-0.002,0.003,1.5332
1785820621.891,0.000,WAIT,idle,-1,0,-0.016,-0.009,-4.025,-0.013,0.008,0.003,1.5337
1785820621.991,0.000,WAIT,idle,-1,0,-0.017,-0.009,-4.024,-0.005,0.001,0.003,1.5339
1785820622.091,0.000,WAIT,idle,-1,0,-0.018,-0.009,-4.024,-0.001,0.001,0.000,1.5340
1785820622.191,0.000,WAIT,idle,-1,0,-0.019,-0.008,-4.024,0.000,0.002,0.002,1.5340
1785820622.291,0.000,WAIT,idle,-1,0,-0.020,-0.008,-4.024,-0.001,0.001,-0.000,1.5337
1785820622.391,0.000,WAIT,idle,-1,0,-0.021,-0.007,-4.024,-0.003,0.000,-0.001,1.5336
1785820622.491,0.000,WAIT,idle,-1,0,-0.022,-0.007,-4.024,-0.007,0.010,-0.001,1.5339
1785820622.591,0.000,WAIT,idle,-1,0,-0.023,-0.006,-4.024,-0.005,0.010,0.000,1.5336
1785820622.691,0.000,WAIT,idle,-1,0,-0.024,-0.006,-4.024,-0.006,0.013,0.000,1.5337
1785820622.791,0.000,WAIT,idle,-1,0,-0.024,-0.005,-4.023,-0.002,0.004,0.003,1.5334
1785820622.891,0.000,WAIT,idle,-1,0,-0.025,-0.004,-4.023,-0.000,0.003,-0.000,1.5332
1785820622.991,0.000,WAIT,idle,-1,0,-0.026,-0.003,-4.022,-0.001,0.010,0.002,1.5329
1785820623.091,0.000,WAIT,idle,-1,0,-0.026,-0.002,-4.022,0.003,0.008,0.000,1.5332
1785820623.191,0.000,WAIT,idle,-1,0,-0.026,-0.001,-4.022,0.004,0.007,-0.001,1.5332
1785820623.291,0.000,WAIT,idle,-1,0,-0.026,0.000,-4.022,0.002,0.009,-0.001,1.5331
1785820623.391,0.000,WAIT,idle,-1,0,-0.026,0.001,-4.021,0.007,0.001,-0.002,1.5329
1785820623.491,0.000,WAIT,idle,-1,0,-0.026,0.001,-4.021,-0.001,0.010,-0.002,1.5332
1785820623.591,0.000,WAIT,idle,-1,0,-0.026,0.002,-4.020,0.001,0.010,-0.003,1.5335
1785820623.691,0.000,WAIT,idle,-1,0,-0.027,0.002,-4.019,-0.000,0.008,-0.003,1.5332
1785820623.791,0.000,WAIT,idle,-1,0,-0.027,0.003,-4.019,-0.002,0.005,-0.006,1.5333
1785820623.891,0.000,WAIT,idle,-1,0,-0.028,0.003,-4.019,-0.003,0.007,-0.005,1.5336
1785820623.991,0.000,WAIT,idle,-1,0,-0.029,0.003,-4.019,-0.007,0.003,-0.003,1.5338
1785820624.091,0.000,WAIT,idle,-1,0,-0.029,0.004,-4.019,-0.006,0.002,-0.005,1.5338
1785820624.191,0.000,WAIT,idle,-1,0,-0.030,0.004,-4.019,-0.005,0.006,-0.004,1.5340
1785820624.291,0.000,WAIT,idle,-1,0,-0.030,0.005,-4.019,-0.003,0.005,-0.004,1.5344
1785820624.391,0.000,WAIT,idle,-1,0,-0.030,0.005,-4.019,0.000,0.003,-0.004,1.5345
1785820624.491,0.000,WAIT,idle,-1,0,-0.029,0.006,-4.020,0.006,-0.001,-0.005,1.5345
1785820624.591,0.000,WAIT,idle,-1,0,-0.029,0.007,-4.022,0.003,0.005,-0.002,1.5342
1785820624.691,0.000,WAIT,idle,-1,0,-0.028,0.007,-4.023,0.011,-0.010,-0.003,1.5338
1785820624.791,0.000,WAIT,idle,-1,0,-0.026,0.008,-4.024,0.007,-0.002,-0.002,1.5343
1785820624.891,0.000,WAIT,idle,-1,0,-0.025,0.009,-4.026,0.007,-0.000,0.000,1.5343
1785820624.991,0.000,WAIT,idle,-1,0,-0.024,0.010,-4.027,0.012,-0.008,0.003,1.5339
1785820625.091,0.000,WAIT,idle,-1,0,-0.022,0.011,-4.028,0.013,-0.008,0.003,1.5336
1785820625.191,0.000,WAIT,idle,-1,0,-0.020,0.012,-4.028,0.004,0.004,0.004,1.5335
1785820625.291,0.000,WAIT,idle,-1,0,-0.018,0.012,-4.029,0.005,0.002,0.006,1.5337
1785820625.391,0.000,WAIT,idle,-1,0,-0.016,0.012,-4.030,0.003,0.002,0.005,1.5333
1785820625.491,0.000,WAIT,idle,-1,0,-0.015,0.013,-4.030,0.003,-0.000,0.005,1.5333
1785820625.591,0.000,WAIT,idle,-1,0,-0.014,0.013,-4.030,0.002,-0.002,0.007,1.5333
1785820625.691,0.000,WAIT,idle,-1,0,-0.013,0.014,-4.031,0.001,-0.006,0.006,1.5332
1785820625.791,0.000,WAIT,idle,-1,0,-0.013,0.014,-4.031,-0.000,-0.007,0.005,1.5331
1785820625.891,0.000,WAIT,idle,-1,0,-0.014,0.015,-4.031,-0.005,-0.007,0.006,1.5328
1785820625.991,0.000,WAIT,idle,-1,0,-0.014,0.015,-4.031,-0.006,-0.002,0.009,1.5329
1785820626.091,0.000,WAIT,idle,-1,0,-0.014,0.015,-4.030,-0.008,0.001,0.007,1.5336
1785820626.191,0.000,WAIT,idle,-1,0,-0.014,0.014,-4.030,-0.009,0.004,0.006,1.5337
1785820626.291,0.000,WAIT,idle,-1,0,-0.014,0.014,-4.030,-0.009,0.007,0.006,1.5341
1785820626.391,0.000,WAIT,idle,-1,0,-0.014,0.014,-4.030,-0.009,0.004,0.007,1.5341
1785820626.491,0.000,WAIT,idle,-1,0,-0.014,0.013,-4.030,-0.010,0.002,0.005,1.5342
1785820626.591,0.000,WAIT,idle,-1,0,-0.014,0.012,-4.030,-0.004,-0.007,0.006,1.5346
1785820626.691,0.000,WAIT,idle,-1,0,-0.014,0.011,-4.030,-0.002,-0.015,0.006,1.5343
1785820626.791,0.000,WAIT,idle,-1,0,-0.014,0.009,-4.030,0.001,-0.018,0.006,1.5337
1785820626.891,0.000,WAIT,idle,-1,0,-0.013,0.008,-4.030,0.000,-0.017,0.007,1.5327
1785820626.991,0.000,WAIT,idle,-1,0,-0.013,0.006,-4.029,-0.001,-0.017,0.008,1.5317
1785820627.091,0.000,WAIT,idle,-1,0,-0.013,0.005,-4.028,-0.008,-0.006,0.007,1.5320
1785820627.191,0.000,WAIT,idle,-1,0,-0.013,0.003,-4.027,-0.011,-0.002,0.006,1.5325
1785820627.291,0.000,WAIT,idle,-1,0,-0.013,0.002,-4.026,-0.013,-0.001,0.004,1.5332
1785820627.391,0.000,WAIT,idle,-1,0,-0.012,0.001,-4.025,-0.009,-0.006,0.004,1.5335
1785820627.491,0.000,WAIT,idle,-1,0,-0.012,0.001,-4.025,-0.006,0.000,0.002,1.5341
1785820627.591,0.000,WAIT,idle,-1,0,-0.011,0.001,-4.024,-0.002,-0.006,0.003,1.5340
1785820627.691,0.000,WAIT,idle,-1,0,-0.011,0.001,-4.024,-0.008,0.001,0.004,1.5340
1785820627.791,0.000,WAIT,idle,-1,0,-0.011,0.001,-4.023,-0.011,0.006,0.001,1.5345
1785820627.891,0.000,WAIT,idle,-1,0,-0.010,0.001,-4.023,-0.011,0.008,0.001,1.5349
1785820627.991,0.000,WAIT,idle,-1,0,-0.009,0.001,-4.022,-0.007,0.008,-0.000,1.5349
1785820628.091,0.000,WAIT,idle,-1,0,-0.008,0.001,-4.022,-0.006,0.004,-0.004,1.5346
1785820628.191,0.000,WAIT,idle,-1,0,-0.007,0.001,-4.022,-0.003,-0.000,-0.002,1.5342
1785820628.291,0.000,WAIT,idle,-1,0,-0.006,0.000,-4.021,-0.009,0.006,-0.001,1.5335
1785820628.391,0.000,WAIT,idle,-1,0,-0.005,-0.000,-4.021,-0.009,0.001,-0.003,1.5332
1785820628.491,0.000,WAIT,idle,-1,0,-0.004,-0.001,-4.021,-0.011,0.002,-0.002,1.5333
1785820628.591,0.000,WAIT,idle,-1,0,-0.003,-0.002,-4.021,-0.006,-0.005,-0.002,1.5334
1785820628.691,0.000,WAIT,idle,-1,0,-0.002,-0.003,-4.021,-0.010,-0.003,-0.002,1.5335
1785820628.791,0.000,WAIT,idle,-1,0,-0.001,-0.003,-4.021,-0.008,-0.004,-0.001,1.5334
1785820628.891,0.000,WAIT,idle,-1,0,-0.000,-0.004,-4.020,-0.004,-0.005,-0.002,1.5333
1785820628.991,0.000,WAIT,idle,-1,0,0.001,-0.005,-4.020,-0.004,-0.004,-0.003,1.5328
1785820629.091,0.000,WAIT,idle,-1,0,0.003,-0.006,-4.020,-0.004,-0.003,-0.003,1.5328
1785820629.191,0.000,WAIT,idle,-1,0,0.004,-0.007,-4.021,-0.009,0.004,-0.003,1.5328
1785820629.291,0.000,WAIT,idle,-1,0,0.005,-0.008,-4.021,-0.011,0.007,-0.005,1.5332
1785820629.391,0.000,WAIT,idle,-1,0,0.007,-0.008,-4.021,-0.012,0.009,-0.002,1.5329
1785820629.491,0.000,WAIT,idle,-1,0,0.007,-0.009,-4.022,-0.005,-0.003,-0.000,1.5324
1785820629.591,0.000,WAIT,idle,-1,0,0.008,-0.010,-4.022,-0.006,-0.002,-0.000,1.5320
1785820629.691,0.000,WAIT,idle,-1,0,0.008,-0.011,-4.022,-0.012,0.005,0.000,1.5322
1785820629.791,0.000,WAIT,idle,-1,0,0.008,-0.011,-4.022,-0.015,0.003,-0.001,1.5327
1785820629.891,0.000,WAIT,idle,-1,0,0.007,-0.011,-4.023,-0.021,0.009,-0.001,1.5331
1785820629.991,0.000,WAIT,idle,-1,0,0.006,-0.012,-4.023,-0.025,0.014,-0.001,1.5338
1785820630.091,0.000,WAIT,idle,-1,0,0.004,-0.012,-4.024,-0.026,0.013,0.000,1.5342
1785820630.191,0.000,WAIT,idle,-1,0,0.001,-0.013,-4.025,-0.028,0.008,0.000,1.5342
1785820630.291,0.000,WAIT,idle,-1,0,-0.002,-0.013,-4.025,-0.025,0.007,0.002,1.5344
1785820630.391,0.000,WAIT,idle,-1,0,-0.006,-0.014,-4.026,-0.025,0.003,0.003,1.5347
1785820630.491,0.000,WAIT,idle,-1,0,-0.010,-0.013,-4.026,-0.026,0.008,0.002,1.5348
1785820630.591,0.000,WAIT,idle,-1,0,-0.014,-0.012,-4.027,-0.021,0.008,0.003,1.5344
1785820630.691,0.000,WAIT,idle,-1,0,-0.017,-0.009,-4.027,-0.017,0.012,0.004,1.5346
1785820630.791,0.000,WAIT,idle,-1,0,-0.021,-0.007,-4.028,-0.016,0.012,0.002,1.5346
1785820630.891,0.000,WAIT,idle,-1,0,-0.024,-0.004,-4.030,-0.018,0.013,0.003,1.5346
1785820630.991,0.000,WAIT,idle,-1,0,-0.027,-0.002,-4.031,-0.018,0.015,0.002,1.5345
1785820631.091,0.000,WAIT,idle,-1,0,-0.029,-0.000,-4.032,-0.017,0.017,0.003,1.5345
1785820631.191,0.000,WAIT,idle,-1,0,-0.032,0.002,-4.032,-0.009,0.007,0.008,1.5336
1785820631.291,0.000,WAIT,idle,-1,0,-0.033,0.004,-4.032,-0.005,0.007,0.008,1.5334
1785820631.391,0.000,WAIT,idle,-1,0,-0.034,0.005,-4.032,-0.010,0.012,0.011,1.5335
1785820631.491,0.000,WAIT,idle,-1,0,-0.035,0.007,-4.032,0.002,0.002,0.009,1.5337
1785820631.591,0.000,WAIT,idle,-1,0,-0.035,0.008,-4.032,0.006,0.001,0.009,1.5339
1785820631.691,0.000,WAIT,idle,-1,0,-0.034,0.009,-4.032,0.011,-0.005,0.008,1.5332
1785820631.791,0.000,WAIT,idle,-1,0,-0.034,0.010,-4.033,0.009,-0.004,0.008,1.5327
1785820631.891,0.000,WAIT,idle,-1,0,-0.033,0.010,-4.034,0.006,0.001,0.009,1.5323
1785820631.991,0.000,WAIT,idle,-1,0,-0.032,0.010,-4.034,0.011,-0.008,0.011,1.5326
1785820632.091,0.000,WAIT,idle,-1,0,-0.032,0.011,-4.033,0.006,0.001,0.011,1.5334
1785820632.191,0.000,WAIT,idle,-1,0,-0.031,0.012,-4.032,0.007,-0.001,0.010,1.5338
1785820632.291,0.000,WAIT,idle,-1,0,-0.031,0.014,-4.032,0.004,0.006,0.008,1.5340
1785820632.391,0.000,WAIT,idle,-1,0,-0.031,0.015,-4.031,0.008,0.004,0.008,1.5343
1785820632.491,0.000,WAIT,idle,-1,0,-0.030,0.018,-4.030,0.009,0.002,0.011,1.5345
1785820632.591,0.000,WAIT,idle,-1,0,-0.030,0.020,-4.029,0.011,-0.002,0.007,1.5346
1785820632.691,0.000,WAIT,idle,-1,0,-0.031,0.022,-4.028,0.012,-0.006,0.006,1.5344
1785820632.791,0.000,WAIT,idle,-1,0,-0.031,0.024,-4.027,0.004,-0.002,0.005,1.5341
1785820632.891,0.000,WAIT,idle,-1,0,-0.031,0.025,-4.027,0.001,0.001,0.003,1.5348
1785820632.991,0.000,WAIT,idle,-1,0,-0.031,0.027,-4.026,0.002,-0.002,0.003,1.5349
1785820633.091,0.000,WAIT,idle,-1,0,-0.031,0.027,-4.026,0.006,-0.007,0.004,1.5350
1785820633.191,0.000,WAIT,idle,-1,0,-0.031,0.028,-4.026,0.011,-0.017,0.003,1.5344
1785820633.291,0.000,WAIT,idle,-1,0,-0.030,0.029,-4.025,0.012,-0.016,0.003,1.5343
1785820633.391,0.000,WAIT,idle,-1,0,-0.029,0.029,-4.025,0.013,-0.019,0.002,1.5337
1785820633.491,0.000,WAIT,idle,-1,0,-0.028,0.030,-4.025,0.011,-0.020,0.001,1.5337
1785820633.591,0.000,WAIT,idle,-1,0,-0.026,0.029,-4.025,0.013,-0.022,0.002,1.5330
1785820633.691,0.000,WAIT,idle,-1,0,-0.025,0.029,-4.025,0.006,-0.015,0.002,1.5323
1785820633.791,0.000,WAIT,idle,-1,0,-0.023,0.028,-4.025,0.003,-0.012,0.002,1.5325
1785820633.891,0.000,WAIT,idle,-1,0,-0.021,0.027,-4.025,0.004,-0.016,0.004,1.5332
1785820633.991,0.000,WAIT,idle,-1,0,-0.020,0.026,-4.025,0.005,-0.020,0.003,1.5334
1785820634.091,0.000,WAIT,idle,-1,0,-0.019,0.025,-4.025,0.008,-0.026,0.001,1.5327
1785820634.191,0.000,WAIT,idle,-1,0,-0.017,0.024,-4.025,0.005,-0.024,0.002,1.5334
1785820634.291,0.000,WAIT,idle,-1,0,-0.017,0.023,-4.025,-0.002,-0.018,0.001,1.5329
1785820634.391,0.000,WAIT,idle,-1,0,-0.016,0.022,-4.025,-0.003,-0.013,0.001,1.5334
1785820634.491,0.000,WAIT,idle,-1,0,-0.014,0.020,-4.024,-0.005,-0.009,-0.000,1.5338
1785820634.591,0.000,WAIT,idle,-1,0,-0.014,0.019,-4.024,-0.004,-0.008,0.001,1.5342
1785820634.691,0.000,WAIT,idle,-1,0,-0.012,0.018,-4.022,-0.001,-0.007,0.003,1.5344
1785820634.791,0.000,WAIT,idle,-1,0,-0.011,0.017,-4.021,0.005,-0.015,0.001,1.5343
1785820634.891,0.000,WAIT,idle,-1,0,-0.010,0.016,-4.021,0.007,-0.019,0.002,1.5340
1785820634.991,0.000,WAIT,idle,-1,0,-0.010,0.014,-4.020,0.001,-0.008,-0.002,1.5344
1785820635.091,0.000,WAIT,idle,-1,0,-0.009,0.013,-4.020,-0.000,-0.014,-0.002,1.5334
1785820635.191,0.000,WAIT,idle,-1,0,-0.009,0.010,-4.019,-0.006,-0.009,-0.003,1.5333
1785820635.291,0.000,WAIT,idle,-1,0,-0.009,0.007,-4.019,-0.008,-0.010,-0.005,1.5333
1785820635.391,0.000,WAIT,idle,-1,0,-0.009,0.004,-4.019,-0.010,-0.011,-0.005,1.5335
1785820635.491,0.000,WAIT,idle,-1,0,-0.010,0.001,-4.019,-0.007,-0.015,-0.003,1.5336
1785820635.591,0.000,WAIT,idle,-1,0,-0.012,-0.002,-4.020,-0.004,-0.015,-0.004,1.5335
1785820635.691,0.000,WAIT,idle,-1,0,-0.013,-0.004,-4.021,-0.007,-0.016,-0.005,1.5333
1785820635.791,0.000,WAIT,idle,-1,0,-0.015,-0.006,-4.022,-0.007,-0.013,-0.002,1.5334
1785820635.891,0.000,WAIT,idle,-1,0,-0.017,-0.008,-4.023,-0.015,-0.004,-0.002,1.5335
1785820635.991,0.000,WAIT,idle,-1,0,-0.020,-0.009,-4.024,-0.017,0.007,-0.002,1.5338
1785820636.091,0.000,WAIT,idle,-1,0,-0.022,-0.009,-4.024,-0.018,0.012,0.000,1.5341
1785820636.191,0.000,WAIT,idle,-1,0,-0.024,-0.010,-4.025,-0.014,0.011,-0.000,1.5350
1785820636.291,0.000,WAIT,idle,-1,0,-0.026,-0.010,-4.026,-0.008,0.008,-0.001,1.5352
1785820636.391,0.000,WAIT,idle,-1,0,-0.028,-0.010,-4.026,-0.002,0.007,0.001,1.5348
1785820636.491,0.000,WAIT,idle,-1,0,-0.029,-0.010,-4.026,-0.003,0.007,0.001,1.5341
1785820636.591,0.000,WAIT,idle,-1,0,-0.031,-0.010,-4.026,-0.004,0.012,0.003,1.5339
1785820636.691,0.000,WAIT,idle,-1,0,-0.032,-0.010,-4.026,-0.006,0.016,0.005,1.5343
1785820636.791,0.000,WAIT,idle,-1,0,-0.033,-0.011,-4.026,-0.002,0.014,0.003,1.5344
1785820636.891,0.000,WAIT,idle,-1,0,-0.033,-0.011,-4.026,0.007,0.004,0.000,1.5338
1785820636.991,0.000,WAIT,idle,-1,0,-0.034,-0.012,-4.026,0.009,0.001,0.004,1.5332
1785820637.091,0.000,WAIT,idle,-1,0,-0.034,-0.012,-4.026,0.010,-0.000,0.003,1.5326
1785820637.191,0.000,WAIT,idle,-1,0,-0.034,-0.013,-4.026,0.013,-0.003,0.003,1.5325
1785820637.291,0.000,WAIT,idle,-1,0,-0.034,-0.013,-4.026,0.008,0.006,0.004,1.5323
1785820637.391,0.000,WAIT,idle,-1,0,-0.034,-0.013,-4.026,0.009,0.011,0.004,1.5330
1785820637.491,0.000,WAIT,idle,-1,0,-0.034,-0.014,-4.027,0.010,0.004,0.004,1.5332
1785820637.591,0.000,WAIT,idle,-1,0,-0.034,-0.014,-4.027,0.010,0.003,0.004,1.5329
1785820637.691,0.000,WAIT,idle,-1,0,-0.035,-0.014,-4.027,0.011,0.000,0.006,1.5332
1785820637.791,0.000,WAIT,idle,-1,0,-0.036,-0.013,-4.027,0.008,0.002,0.006,1.5331
1785820637.891,0.000,WAIT,idle,-1,0,-0.037,-0.012,-4.027,0.004,0.008,0.002,1.5333
1785820637.991,0.000,WAIT,idle,-1,0,-0.037,-0.011,-4.028,0.001,0.017,0.003,1.5342
1785820638.091,0.000,WAIT,idle,-1,0,-0.038,-0.010,-4.028,0.011,0.006,0.002,1.5341
1785820638.191,0.000,WAIT,idle,-1,0,-0.038,-0.008,-4.029,0.015,0.006,0.002,1.5339
1785820638.291,0.000,WAIT,idle,-1,0,-0.037,-0.006,-4.029,0.016,0.007,0.006,1.5338
1785820638.391,0.000,WAIT,idle,-1,0,-0.037,-0.003,-4.029,0.010,0.017,0.005,1.5337
1785820638.491,0.000,WAIT,idle,-1,0,-0.037,-0.001,-4.029,0.008,0.018,0.007,1.5339
1785820638.591,0.000,WAIT,idle,-1,0,-0.036,0.001,-4.029,0.008,0.016,0.006,1.5345
1785820638.691,0.000,WAIT,idle,-1,0,-0.036,0.004,-4.029,0.008,0.016,0.007,1.5346
1785820638.791,0.000,WAIT,idle,-1,0,-0.036,0.006,-4.029,0.015,0.008,0.005,1.5347
1785820638.891,0.000,WAIT,idle,-1,0,-0.035,0.009,-4.029,0.020,0.004,0.005,1.5345
1785820638.991,0.000,WAIT,idle,-1,0,-0.034,0.011,-4.029,0.020,-0.000,0.005,1.5341
1785820639.091,0.000,WAIT,idle,-1,0,-0.034,0.013,-4.029,0.015,0.002,0.005,1.5336
1785820639.191,0.000,WAIT,idle,-1,0,-0.034,0.015,-4.029,0.013,-0.002,0.004,1.5333
1785820639.291,0.000,WAIT,idle,-1,0,-0.033,0.016,-4.030,0.010,-0.002,0.005,1.5331
1785820639.391,0.000,WAIT,idle,-1,0,-0.033,0.017,-4.030,0.006,0.001,0.006,1.5334
1785820639.491,0.000,WAIT,idle,-1,0,-0.033,0.018,-4.030,0.004,0.001,0.008,1.5338
1785820639.591,0.000,WAIT,idle,-1,0,-0.033,0.018,-4.030,0.003,0.001,0.007,1.5339
1785820639.691,0.000,WAIT,idle,-1,0,-0.033,0.019,-4.029,0.009,-0.007,0.008,1.5342
1785820639.791,0.000,WAIT,idle,-1,0,-0.032,0.019,-4.029,0.014,-0.015,0.008,1.5336
1785820639.891,0.000,WAIT,idle,-1,0,-0.032,0.019,-4.028,0.015,-0.016,0.005,1.5331
1785820639.991,0.000,WAIT,idle,-1,0,-0.031,0.019,-4.028,0.009,-0.010,0.005,1.5330
1785820640.091,0.000,WAIT,idle,-1,0,-0.030,0.019,-4.027,0.008,-0.006,0.005,1.5331
1785820640.191,0.000,WAIT,idle,-1,0,-0.028,0.019,-4.027,0.010,-0.003,0.004,1.5333
1785820640.291,0.000,WAIT,idle,-1,0,-0.027,0.019,-4.026,0.007,-0.003,0.003,1.5329
1785820640.391,0.000,WAIT,idle,-1,0,-0.026,0.019,-4.026,0.008,-0.008,0.004,1.5325
1785820640.491,0.000,WAIT,idle,-1,0,-0.025,0.019,-4.025,0.016,-0.019,0.003,1.5324
1785820640.591,0.000,WAIT,idle,-1,0,-0.024,0.018,-4.025,0.013,-0.015,0.003,1.5326
1785820640.691,0.000,WAIT,idle,-1,0,-0.024,0.019,-4.025,0.008,-0.011,0.000,1.5324
1785820640.791,0.000,WAIT,idle,-1,0,-0.024,0.019,-4.025,0.002,-0.007,0.001,1.5330
1785820640.891,0.000,WAIT,idle,-1,0,-0.024,0.019,-4.024,-0.001,-0.000,0.001,1.5334
1785820640.991,0.000,WAIT,idle,-1,0,-0.025,0.020,-4.024,-0.002,-0.000,0.000,1.5338
1785820641.091,0.000,WAIT,idle,-1,0,-0.025,0.019,-4.023,-0.005,0.002,0.002,1.5343
1785820641.191,0.000,WAIT,idle,-1,0,-0.025,0.019,-4.023,-0.005,-0.000,0.001,1.5342
1785820641.291,0.000,WAIT,idle,-1,0,-0.025,0.017,-4.022,-0.004,-0.001,0.001,1.5344
1785820641.391,0.000,WAIT,idle,-1,0,-0.025,0.015,-4.022,0.001,-0.014,-0.001,1.5335
1785820641.491,0.000,WAIT,idle,-1,0,-0.024,0.012,-4.022,0.001,-0.010,-0.000,1.5325
1785820641.591,0.000,WAIT,idle,-1,0,-0.023,0.009,-4.022,0.002,-0.009,-0.001,1.5320
1785820641.691,0.000,WAIT,idle,-1,0,-0.023,0.006,-4.021,0.001,-0.012,-0.003,1.5324
1785820641.791,0.000,WAIT,idle,-1,0,-0.022,0.003,-4.021,-0.000,-0.011,-0.002,1.5327
1785820641.891,0.000,WAIT,idle,-1,0,-0.022,-0.000,-4.021,0.000,-0.006,-0.003,1.5331
1785820641.991,0.000,WAIT,idle,-1,0,-0.023,-0.003,-4.021,-0.000,-0.006,-0.005,1.5337
1785820642.091,0.000,WAIT,idle,-1,0,-0.023,-0.005,-4.021,-0.000,-0.009,-0.001,1.5340
1785820642.191,0.000,WAIT,idle,-1,0,-0.024,-0.008,-4.020,-0.004,-0.005,-0.003,1.5344
1785820642.291,0.000,WAIT,idle,-1,0,-0.025,-0.010,-4.020,-0.002,-0.010,-0.003,1.5341
1785820642.391,0.000,WAIT,idle,-1,0,-0.025,-0.012,-4.020,0.002,-0.011,-0.003,1.5340
1785820642.491,0.000,WAIT,idle,-1,0,-0.025,-0.014,-4.020,-0.003,-0.000,-0.004,1.5341
1785820642.591,0.000,WAIT,idle,-1,0,-0.024,-0.015,-4.020,-0.003,0.005,-0.002,1.5341
1785820642.691,0.000,WAIT,idle,-1,0,-0.023,-0.017,-4.020,-0.001,0.006,-0.002,1.5338
1785820642.791,0.000,WAIT,idle,-1,0,-0.022,-0.018,-4.020,-0.001,0.011,-0.002,1.5341
1785820642.891,0.000,WAIT,idle,-1,0,-0.021,-0.019,-4.020,0.010,-0.000,-0.002,1.5337
1785820642.991,0.000,WAIT,idle,-1,0,-0.020,-0.020,-4.020,0.011,-0.002,-0.003,1.5332
1785820643.091,0.000,WAIT,idle,-1,0,-0.018,-0.021,-4.019,0.009,0.003,-0.003,1.5334
1785820643.191,0.000,WAIT,idle,-1,0,-0.017,-0.021,-4.020,0.010,0.002,-0.005,1.5332
1785820643.291,0.000,WAIT,idle,-1,0,-0.016,-0.021,-4.020,0.003,0.010,-0.004,1.5331
1785820643.391,0.000,WAIT,idle,-1,0,-0.014,-0.022,-4.020,-0.002,0.017,-0.005,1.5335
1785820643.491,0.000,WAIT,idle,-1,0,-0.014,-0.022,-4.021,-0.002,0.019,-0.004,1.5335
1785820643.591,0.000,WAIT,idle,-1,0,-0.013,-0.022,-4.021,-0.000,0.019,-0.004,1.5341
1785820643.691,0.000,WAIT,idle,-1,0,-0.012,-0.021,-4.022,-0.000,0.025,-0.002,1.5345
1785820643.791,0.000,WAIT,idle,-1,0,-0.012,-0.021,-4.022,0.005,0.016,-0.004,1.5344
1785820643.891,0.000,WAIT,idle,-1,0,-0.012,-0.020,-4.023,0.005,0.011,-0.003,1.5342
1785820643.991,0.000,WAIT,idle,-1,0,-0.012,-0.020,-4.023,0.004,0.012,-0.002,1.5344
1785820644.091,0.000,WAIT,idle,-1,0,-0.012,-0.019,-4.023,0.001,0.013,-0.000,1.5340
1785820644.191,0.000,WAIT,idle,-1,0,-0.012,-0.018,-4.023,0.002,0.012,-0.001,1.5341
1785820644.291,0.000,WAIT,idle,-1,0,-0.013,-0.016,-4.023,0.000,0.016,-0.001,1.5340
1785820644.391,0.000,WAIT,idle,-1,0,-0.013,-0.014,-4.023,-0.004,0.021,0.001,1.5342
1785820644.491,0.000,WAIT,idle,-1,0,-0.013,-0.012,-4.023,-0.007,0.023,0.001,1.5341
1785820644.591,0.000,WAIT,idle,-1,0,-0.014,-0.010,-4.022,-0.006,0.013,-0.001,1.5339
1785820644.691,0.000,WAIT,idle,-1,0,-0.015,-0.008,-4.022,-0.009,0.022,-0.001,1.5345
1785820644.791,0.000,WAIT,idle,-1,0,-0.016,-0.006,-4.022,-0.008,0.017,-0.001,1.5344
1785820644.891,0.000,WAIT,idle,-1,0,-0.018,-0.005,-4.022,-0.008,0.015,0.000,1.5345
1785820644.991,0.000,WAIT,idle,-1,0,-0.020,-0.003,-4.021,-0.005,0.009,-0.001,1.5345
1785820645.091,0.000,WAIT,idle,-1,0,-0.022,-0.001,-4.021,-0.011,0.016,-0.002,1.5345
1785820645.191,0.000,WAIT,idle,-1,0,-0.024,0.001,-4.021,-0.005,0.009,-0.003,1.5345
1785820645.291,0.000,WAIT,idle,-1,0,-0.026,0.003,-4.022,-0.002,0.005,-0.001,1.5343
1785820645.391,0.000,WAIT,idle,-1,0,-0.028,0.005,-4.021,0.002,0.002,-0.002,1.5341
1785820645.491,0.000,WAIT,idle,-1,0,-0.030,0.007,-4.021,0.003,0.003,0.000,1.5339
1785820645.591,0.000,WAIT,idle,-1,0,-0.031,0.009,-4.020,0.000,0.004,-0.001,1.5337
1785820645.691,0.000,WAIT,idle,-1,0,-0.033,0.011,-4.020,-0.001,0.005,-0.002,1.5336
1785820645.791,0.000,WAIT,idle,-1,0,-0.035,0.013,-4.020,-0.003,0.008,-0.004,1.5337
1785820645.891,0.000,WAIT,idle,-1,0,-0.036,0.014,-4.020,-0.003,0.009,-0.002,1.5337
1785820645.991,0.000,WAIT,idle,-1,0,-0.037,0.015,-4.020,-0.001,0.011,-0.004,1.5340
1785820646.091,0.000,WAIT,idle,-1,0,-0.038,0.015,-4.020,0.009,-0.001,-0.004,1.5340
1785820646.191,0.000,WAIT,idle,-1,0,-0.038,0.015,-4.021,0.014,-0.007,-0.004,1.5335
1785820646.291,0.000,WAIT,idle,-1,0,-0.038,0.015,-4.021,0.009,-0.004,-0.005,1.5339
1785820646.391,0.000,WAIT,idle,-1,0,-0.039,0.014,-4.022,0.012,-0.009,-0.005,1.5337
1785820646.491,0.000,WAIT,idle,-1,0,-0.039,0.014,-4.022,0.012,-0.012,-0.003,1.5332
1785820646.591,0.000,WAIT,idle,-1,0,-0.039,0.014,-4.022,0.010,-0.005,-0.002,1.5328
1785820646.691,0.000,WAIT,idle,-1,0,-0.039,0.014,-4.023,0.006,-0.003,-0.001,1.5329
1785820646.791,0.000,WAIT,idle,-1,0,-0.039,0.014,-4.023,0.006,-0.001,0.001,1.5332
1785820646.891,0.000,WAIT,idle,-1,0,-0.038,0.014,-4.022,0.009,0.001,-0.001,1.5332
1785820646.991,0.000,WAIT,idle,-1,0,-0.037,0.014,-4.022,0.014,-0.000,-0.001,1.5330
1785820647.091,0.000,WAIT,idle,-1,0,-0.035,0.014,-4.022,0.018,-0.004,-0.002,1.5336
1785820647.191,0.000,WAIT,idle,-1,0,-0.033,0.013,-4.022,0.013,0.002,0.001,1.5334
1785820647.291,0.000,WAIT,idle,-1,0,-0.030,0.013,-4.022,0.011,0.002,0.001,1.5333
1785820647.391,0.000,WAIT,idle,-1,0,-0.029,0.013,-4.022,0.014,-0.006,0.001,1.5336
1785820647.491,0.000,WAIT,idle,-1,0,-0.027,0.012,-4.022,0.017,-0.009,-0.000,1.5336
1785820647.591,0.000,WAIT,idle,-1,0,-0.025,0.012,-4.022,0.018,-0.010,-0.001,1.5331
1785820647.691,0.000,WAIT,idle,-1,0,-0.023,0.012,-4.022,0.014,-0.006,-0.004,1.5330
1785820647.791,0.000,WAIT,idle,-1,0,-0.021,0.011,-4.023,0.007,-0.002,-0.003,1.5334
1785820647.891,0.000,WAIT,idle,-1,0,-0.020,0.010,-4.023,0.004,0.000,-0.001,1.5337
1785820647.991,0.000,WAIT,idle,-1,0,-0.019,0.009,-4.024,0.006,-0.007,-0.001,1.5334
1785820648.091,0.000,WAIT,idle,-1,0,-0.018,0.008,-4.024,0.005,-0.007,-0.000,1.5334
1785820648.191,0.000,WAIT,idle,-1,0,-0.017,0.008,-4.025,0.000,0.002,0.000,1.5339
1785820648.291,0.000,WAIT,idle,-1,0,-0.017,0.007,-4.025,-0.002,-0.001,0.002,1.5339
1785820648.391,0.000,WAIT,idle,-1,0,-0.016,0.006,-4.025,-0.001,-0.000,0.002,1.5337
1785820648.491,0.000,WAIT,idle,-1,0,-0.015,0.004,-4.026,-0.001,-0.000,0.001,1.5337
1785820648.591,0.000,WAIT,idle,-1,0,-0.015,0.003,-4.026,-0.001,-0.003,0.002,1.5337
1785820648.691,0.000,WAIT,idle,-1,0,-0.015,0.001,-4.027,0.001,-0.006,0.004,1.5338
1785820648.791,0.000,WAIT,idle,-1,0,-0.015,0.000,-4.027,0.003,-0.007,0.003,1.5338
1785820648.891,0.000,WAIT,idle,-1,0,-0.014,-0.000,-4.028,0.005,-0.009,0.004,1.5335
1785820648.991,0.000,WAIT,idle,-1,0,-0.014,-0.001,-4.028,0.005,-0.009,0.004,1.5330
1785820649.091,0.000,WAIT,idle,-1,0,-0.014,-0.002,-4.029,0.004,-0.006,0.003,1.5327
1785820649.191,0.000,WAIT,idle,-1,0,-0.013,-0.002,-4.029,0.002,-0.006,0.004,1.5327
1785820649.291,0.000,WAIT,idle,-1,0,-0.014,-0.003,-4.029,-0.004,-0.000,0.004,1.5327
1785820649.391,0.000,WAIT,idle,-1,0,-0.013,-0.003,-4.029,0.000,-0.004,0.006,1.5331
1785820649.491,0.000,WAIT,idle,-1,0,-0.013,-0.003,-4.029,-0.003,-0.002,0.007,1.5330
1785820649.591,0.000,WAIT,idle,-1,0,-0.013,-0.003,-4.029,-0.004,0.003,0.006,1.5331
1785820649.691,0.000,WAIT,idle,-1,0,-0.013,-0.003,-4.029,-0.007,0.013,0.006,1.5338
1785820649.791,0.000,WAIT,idle,-1,0,-0.012,-0.003,-4.028,0.002,0.008,0.006,1.5341
1785820649.891,0.000,WAIT,idle,-1,0,-0.011,-0.003,-4.029,0.004,0.003,0.005,1.5337
1785820649.991,0.000,WAIT,idle,-1,0,-0.010,-0.002,-4.029,0.004,0.003,0.005,1.5336
1785820650.091,0.000,WAIT,idle,-1,0,-0.009,-0.002,-4.029,0.003,-0.001,0.006,1.5333
1785820650.191,0.000,WAIT,idle,-1,0,-0.009,-0.002,-4.029,-0.003,-0.001,0.006,1.5332
1785820650.291,0.000,WAIT,idle,-1,0,-0.009,-0.003,-4.029,-0.011,0.006,0.004,1.5335
1785820650.391,0.000,WAIT,idle,-1,0,-0.010,-0.004,-4.029,-0.009,0.003,0.005,1.5334
1785820650.491,0.000,WAIT,idle,-1,0,-0.011,-0.004,-4.029,-0.010,0.009,0.007,1.5339
1785820650.591,0.000,WAIT,idle,-1,0,-0.011,-0.004,-4.029,-0.009,0.010,0.003,1.5339
1785820650.691,0.000,WAIT,idle,-1,0,-0.012,-0.003,-4.029,-0.010,0.010,0.005,1.5341
1785820650.791,0.000,WAIT,idle,-1,0,-0.013,-0.002,-4.029,-0.007,0.006,0.005,1.5341
1785820650.891,0.000,WAIT,idle,-1,0,-0.014,-0.001,-4.029,-0.005,0.004,0.006,1.5339
1785820650.991,0.000,WAIT,idle,-1,0,-0.015,-0.000,-4.028,-0.004,0.003,0.004,1.5339
1785820651.091,0.000,WAIT,idle,-1,0,-0.015,0.001,-4.028,-0.003,0.001,0.003,1.5340
1785820651.191,0.000,WAIT,idle,-1,0,-0.016,0.001,-4.028,-0.007,0.000,0.003,1.5337
1785820651.291,0.000,WAIT,idle,-1,0,-0.017,0.001,-4.027,-0.006,-0.004,0.001,1.5338
1785820651.391,0.000,WAIT,idle,-1,0,-0.017,0.001,-4.027,-0.004,-0.002,0.004,1.5335
1785820651.491,0.000,WAIT,idle,-1,0,-0.018,0.000,-4.026,-0.005,0.000,0.005,1.5332
1785820651.591,0.000,WAIT,idle,-1,0,-0.018,0.000,-4.024,-0.007,0.004,0.003,1.5332
1785820651.691,0.000,WAIT,idle,-1,0,-0.018,0.001,-4.023,-0.003,0.003,0.001,1.5335
1785820651.791,0.000,WAIT,idle,-1,0,-0.018,0.001,-4.022,-0.002,0.005,0.001,1.5336
1785820651.891,0.000,WAIT,idle,-1,0,-0.018,0.002,-4.021,0.004,-0.002,-0.003,1.5336
1785820651.991,0.000,WAIT,idle,-1,0,-0.019,0.003,-4.020,0.006,-0.004,-0.001,1.5336
1785820652.091,0.000,WAIT,idle,-1,0,-0.019,0.004,-4.020,0.008,-0.002,-0.003,1.5332
1785820652.191,0.000,WAIT,idle,-1,0,-0.020,0.005,-4.020,0.005,0.001,-0.006,1.5333
1785820652.291,0.000,WAIT,idle,-1,0,-0.021,0.007,-4.020,-0.002,0.006,-0.003,1.5336
1785820652.391,0.000,WAIT,idle,-1,0,-0.023,0.008,-4.019,-0.010,0.015,-0.001,1.5345
1785820652.491,0.000,WAIT,idle,-1,0,-0.026,0.009,-4.019,-0.011,0.013,-0.004,1.5348
1785820652.591,0.000,WAIT,idle,-1,0,-0.029,0.009,-4.019,-0.010,0.008,-0.004,1.5350
1785820652.691,0.000,WAIT,idle,-1,0,-0.032,0.009,-4.019,-0.008,0.003,-0.004,1.5350
1785820652.791,0.000,WAIT,idle,-1,0,-0.035,0.010,-4.018,-0.007,-0.002,-0.006,1.5349
1785820652.891,0.000,WAIT,idle,-1,0,-0.038,0.010,-4.018,-0.005,-0.004,-0.006,1.5342
1785820652.991,0.000,WAIT,idle,-1,0,-0.040,0.009,-4.018,-0.007,0.003,-0.007,1.5344
1785820653.091,0.000,WAIT,idle,-1,0,-0.040,0.009,-4.018,-0.004,0.006,-0.005,1.5345
1785820653.191,0.000,WAIT,idle,-1,0,-0.041,0.008,-4.017,0.003,0.001,-0.006,1.5340
1785820653.291,0.000,WAIT,idle,-1,0,-0.040,0.007,-4.017,0.010,-0.005,-0.003,1.5332
1785820653.391,0.000,WAIT,idle,-1,0,-0.040,0.006,-4.016,0.010,-0.004,-0.006,1.5319
1785820653.491,0.000,WAIT,idle,-1,0,-0.040,0.005,-4.015,0.017,-0.011,-0.007,1.5314
1785820653.591,0.000,WAIT,idle,-1,0,-0.040,0.004,-4.015,0.009,-0.003,-0.007,1.5314
1785820653.691,0.000,WAIT,idle,-1,0,-0.040,0.004,-4.015,0.008,0.004,-0.008,1.5320
1785820653.791,0.000,WAIT,idle,-1,0,-0.039,0.004,-4.015,0.009,0.006,-0.009,1.5333
1785820653.891,0.000,WAIT,idle,-1,0,-0.039,0.004,-4.015,0.010,0.004,-0.009,1.5337
1785820653.991,0.000,WAIT,idle,-1,0,-0.039,0.004,-4.015,0.014,0.001,-0.006,1.5341
1785820654.091,0.000,WAIT,idle,-1,0,-0.039,0.004,-4.015,0.013,-0.003,-0.007,1.5339
1785820654.191,0.000,WAIT,idle,-1,0,-0.038,0.004,-4.014,0.014,-0.003,-0.010,1.5341
1785820654.291,0.000,WAIT,idle,-1,0,-0.037,0.003,-4.014,0.014,-0.002,-0.008,1.5340
1785820654.391,0.000,WAIT,idle,-1,0,-0.036,0.002,-4.014,0.012,0.000,-0.007,1.5340
1785820654.491,0.000,WAIT,idle,-1,0,-0.034,0.001,-4.014,0.012,0.003,-0.009,1.5338
1785820654.591,0.000,WAIT,idle,-1,0,-0.031,-0.001,-4.014,0.013,0.001,-0.011,1.5335
1785820654.691,0.000,WAIT,idle,-1,0,-0.029,-0.003,-4.015,0.014,0.001,-0.012,1.5323
1785820654.791,0.000,WAIT,idle,-1,0,-0.026,-0.005,-4.016,0.018,-0.004,-0.009,1.5318
1785820654.891,0.000,WAIT,idle,-1,0,-0.024,-0.007,-4.017,0.014,-0.003,-0.008,1.5323
1785820654.991,0.000,WAIT,idle,-1,0,-0.021,-0.009,-4.018,0.013,-0.005,-0.007,1.5326
1785820655.091,0.000,WAIT,idle,-1,0,-0.020,-0.011,-4.018,0.014,-0.008,-0.007,1.5329
1785820655.191,0.000,WAIT,idle,-1,0,-0.018,-0.012,-4.019,0.013,-0.007,-0.004,1.5333
1785820655.291,0.000,WAIT,idle,-1,0,-0.016,-0.013,-4.019,0.011,-0.002,-0.005,1.5339
1785820655.391,0.000,WAIT,idle,-1,0,-0.014,-0.013,-4.020,0.011,0.004,-0.006,1.5346
1785820655.491,0.000,WAIT,idle,-1,0,-0.013,-0.012,-4.020,0.009,0.005,-0.003,1.5341
1785820655.591,0.000,WAIT,idle,-1,0,-0.011,-0.012,-4.020,0.004,0.011,-0.004,1.5341
1785820655.691,0.000,WAIT,idle,-1,0,-0.010,-0.011,-4.020,-0.002,0.019,-0.002,1.5344
1785820655.791,0.000,WAIT,idle,-1,0,-0.009,-0.011,-4.020,-0.004,0.021,-0.002,1.5346
1785820655.891,0.000,WAIT,idle,-1,0,-0.008,-0.011,-4.020,-0.002,0.018,-0.002,1.5350
1785820655.991,0.000,WAIT,idle,-1,0,-0.007,-0.011,-4.020,-0.002,0.014,-0.002,1.5350
1785820656.091,0.000,WAIT,idle,-1,0,-0.007,-0.011,-4.020,0.001,0.004,-0.003,1.5345
1785820656.191,0.000,WAIT,idle,-1,0,-0.006,-0.011,-4.021,-0.002,0.001,-0.003,1.5342
1785820656.291,0.000,WAIT,idle,-1,0,-0.006,-0.012,-4.021,-0.010,0.009,-0.004,1.5339
1785820656.391,0.000,WAIT,idle,-1,0,-0.006,-0.013,-4.022,-0.012,0.011,-0.003,1.5339
1785820656.491,0.000,WAIT,idle,-1,0,-0.005,-0.014,-4.023,-0.012,0.010,-0.001,1.5337
1785820656.591,0.000,WAIT,idle,-1,0,-0.004,-0.014,-4.023,-0.011,0.010,-0.002,1.5338
1785820656.691,0.000,WAIT,idle,-1,0,-0.003,-0.014,-4.023,-0.005,0.011,0.000,1.5339
1785820656.791,0.000,WAIT,idle,-1,0,-0.002,-0.014,-4.023,-0.007,0.017,0.000,1.5339
1785820656.891,0.000,WAIT,idle,-1,0,-0.000,-0.014,-4.024,0.000,0.007,0.003,1.5336
1785820656.991,0.000,WAIT,idle,-1,0,0.000,-0.013,-4.024,-0.000,0.006,0.000,1.5330
1785820657.091,0.000,WAIT,idle,-1,0,0.001,-0.012,-4.025,-0.007,0.012,0.002,1.5332
1785820657.191,0.000,WAIT,idle,-1,0,0.001,-0.011,-4.025,-0.015,0.015,0.002,1.5335
1785820657.291,0.000,WAIT,idle,-1,0,0.001,-0.011,-4.026,-0.021,0.019,0.002,1.5339
1785820657.391,0.000,WAIT,idle,-1,0,-0.000,-0.011,-4.026,-0.021,0.020,0.002,1.5343
1785820657.491,0.000,WAIT,idle,-1,0,-0.001,-0.011,-4.027,-0.016,0.013,-0.000,1.5347
1785820657.591,0.000,WAIT,idle,-1,0,-0.001,-0.011,-4.028,-0.016,0.007,0.001,1.5344
1785820657.691,0.000,WAIT,idle,-1,0,-0.001,-0.011,-4.029,-0.012,0.006,0.002,1.5342
1785820657.791,0.000,WAIT,idle,-1,0,-0.002,-0.010,-4.030,-0.012,0.007,0.007,1.5340
1785820657.891,0.000,WAIT,idle,-1,0,-0.002,-0.009,-4.030,-0.011,0.006,0.007,1.5338
1785820657.991,0.000,WAIT,idle,-1,0,-0.003,-0.008,-4.029,-0.016,0.013,0.007,1.5336
1785820658.091,0.000,WAIT,idle,-1,0,-0.003,-0.007,-4.029,-0.016,0.020,0.006,1.5340
1785820658.191,0.000,WAIT,idle,-1,0,-0.003,-0.005,-4.029,-0.012,0.017,0.004,1.5339
1785820658.291,0.000,WAIT,idle,-1,0,-0.003,-0.004,-4.030,-0.008,0.011,0.007,1.5338
1785820658.391,0.000,WAIT,idle,-1,0,-0.004,-0.003,-4.029,-0.005,0.001,0.007,1.5331
1785820658.491,0.000,WAIT,idle,-1,0,-0.004,-0.002,-4.030,-0.009,0.008,0.005,1.5328
1785820658.591,0.000,WAIT,idle,-1,0,-0.005,-0.000,-4.030,-0.015,0.014,0.005,1.5331
1785820658.691,0.000,WAIT,idle,-1,0,-0.006,0.001,-4.030,-0.011,0.006,0.004,1.5334
1785820658.791,0.000,WAIT,idle,-1,0,-0.008,0.002,-4.031,-0.011,0.002,0.008,1.5338
1785820658.891,0.000,WAIT,idle,-1,0,-0.010,0.004,-4.031,-0.012,0.002,0.007,1.5334
1785820658.991,0.000,WAIT,idle,-1,0,-0.012,0.006,-4.031,-0.016,0.006,0.008,1.5336
1785820659.091,0.000,WAIT,idle,-1,0,-0.014,0.008,-4.031,-0.019,0.015,0.007,1.5341
1785820659.191,0.000,WAIT,idle,-1,0,-0.016,0.010,-4.031,-0.019,0.017,0.007,1.5346
1785820659.291,0.000,WAIT,idle,-1,0,-0.018,0.012,-4.031,-0.015,0.012,0.007,1.5349
1785820659.391,0.000,WAIT,idle,-1,0,-0.021,0.015,-4.031,-0.010,0.002,0.010,1.5343
1785820659.491,0.000,WAIT,idle,-1,0,-0.023,0.017,-4.031,-0.010,0.003,0.010,1.5343
1785820659.591,0.000,WAIT,idle,-1,0,-0.025,0.019,-4.030,-0.014,0.012,0.007,1.5346
1785820659.691,0.000,WAIT,idle,-1,0,-0.027,0.020,-4.030,-0.012,0.011,0.007,1.5351
1785820659.791,0.000,WAIT,idle,-1,0,-0.028,0.021,-4.030,-0.006,0.004,0.007,1.5353
1785820659.891,0.000,WAIT,idle,-1,0,-0.030,0.021,-4.029,-0.001,-0.004,0.009,1.5347
1785820659.991,0.000,WAIT,idle,-1,0,-0.030,0.021,-4.029,0.004,-0.012,0.006,1.5338
1785820660.091,0.000,WAIT,idle,-1,0,-0.031,0.021,-4.029,0.006,-0.018,0.005,1.5324
1785820660.191,0.000,WAIT,idle,-1,0,-0.031,0.020,-4.029,0.006,-0.021,0.006,1.5318
1785820660.291,0.000,WAIT,idle,-1,0,-0.031,0.020,-4.029,0.007,-0.020,0.006,1.5323
1785820660.391,0.000,WAIT,idle,-1,0,-0.032,0.019,-4.028,0.003,-0.016,0.005,1.5326
1785820660.491,0.000,WAIT,idle,-1,0,-0.032,0.019,-4.027,0.003,-0.014,0.004,1.5329
1785820660.591,0.000,WAIT,idle,-1,0,-0.033,0.018,-4.026,0.000,-0.009,0.005,1.5331
1785820660.691,0.000,WAIT,idle,-1,0,-0.033,0.017,-4.025,-0.002,-0.002,0.004,1.5338
1785820660.791,0.000,WAIT,idle,-1,0,-0.034,0.017,-4.024,0.000,-0.001,0.005,1.5339
1785820660.891,0.000,WAIT,idle,-1,0,-0.034,0.016,-4.023,0.003,-0.005,0.004,1.5344
1785820660.991,0.000,WAIT,idle,-1,0,-0.035,0.015,-4.022,0.000,-0.000,0.003,1.5342
1785820661.091,0.000,WAIT,idle,-1,0,-0.035,0.014,-4.022,0.012,-0.011,0.000,1.5343
1785820661.191,0.000,WAIT,idle,-1,0,-0.034,0.013,-4.022,0.013,-0.014,-0.002,1.5341
1785820661.291,0.000,WAIT,idle,-1,0,-0.034,0.013,-4.022,0.014,-0.012,-0.004,1.5341
1785820661.391,0.000,WAIT,idle,-1,0,-0.033,0.012,-4.022,0.012,-0.011,-0.003,1.5336
1785820661.491,0.000,WAIT,idle,-1,0,-0.032,0.010,-4.021,0.014,-0.013,-0.000,1.5337
1785820661.591,0.000,WAIT,idle,-1,0,-0.031,0.009,-4.021,0.011,-0.012,-0.002,1.5335
1785820661.691,0.000,WAIT,idle,-1,0,-0.030,0.007,-4.020,0.008,-0.010,-0.002,1.5333
1785820661.791,0.000,WAIT,idle,-1,0,-0.029,0.004,-4.020,0.014,-0.019,-0.003,1.5324
1785820661.891,0.000,WAIT,idle,-1,0,-0.028,0.001,-4.021,0.007,-0.010,-0.004,1.5318
1785820661.991,0.000,WAIT,idle,-1,0,-0.026,-0.001,-4.021,0.002,-0.005,-0.004,1.5324
1785820662.091,0.000,WAIT,idle,-1,0,-0.025,-0.003,-4.021,0.004,-0.008,-0.003,1.5325
1785820662.191,0.000,WAIT,idle,-1,0,-0.024,-0.004,-4.022,0.001,-0.003,-0.001,1.5331
1785820662.291,0.000,WAIT,idle,-1,0,-0.023,-0.005,-4.023,-0.002,0.002,-0.003,1.5334
1785820662.391,0.000,WAIT,idle,-1,0,-0.022,-0.006,-4.024,-0.000,0.006,-0.002,1.5336
1785820662.491,0.000,WAIT,idle,-1,0,-0.021,-0.006,-4.025,0.002,0.008,-0.002,1.5344
1785820662.591,0.000,WAIT,idle,-1,0,-0.019,-0.006,-4.026,0.004,0.006,-0.000,1.5346
1785820662.691,0.000,WAIT,idle,-1,0,-0.018,-0.006,-4.027,0.004,0.011,0.001,1.5346
1785820662.791,0.000,WAIT,idle,-1,0,-0.018,-0.006,-4.027,0.009,0.003,0.002,1.5345
1785820662.891,0.000,WAIT,idle,-1,0,-0.017,-0.006,-4.027,0.004,0.006,0.001,1.5342
1785820662.991,0.000,WAIT,idle,-1,0,-0.016,-0.005,-4.027,0.008,0.001,0.004,1.5345
1785820663.091,0.000,WAIT,idle,-1,0,-0.015,-0.005,-4.027,0.004,0.003,0.006,1.5342
1785820663.191,0.000,WAIT,idle,-1,0,-0.015,-0.005,-4.027,0.001,0.007,0.005,1.5343
1785820663.291,0.000,WAIT,idle,-1,0,-0.015,-0.005,-4.026,-0.000,0.011,0.005,1.5345
1785820663.391,0.000,WAIT,idle,-1,0,-0.014,-0.005,-4.026,0.000,0.006,0.004,1.5342
1785820663.491,0.000,WAIT,idle,-1,0,-0.014,-0.006,-4.026,-0.003,0.011,0.002,1.5339
1785820663.591,0.000,WAIT,idle,-1,0,-0.014,-0.006,-4.026,-0.003,0.011,0.001,1.5329
1785820663.691,0.000,WAIT,idle,-1,0,-0.014,-0.006,-4.026,-0.004,0.010,0.001,1.5331
1785820663.791,0.000,WAIT,idle,-1,0,-0.014,-0.007,-4.026,-0.004,0.011,0.003,1.5334
1785820663.891,0.000,WAIT,idle,-1,0,-0.014,-0.006,-4.027,-0.001,0.009,0.004,1.5334
1785820663.991,0.000,WAIT,idle,-1,0,-0.015,-0.006,-4.027,-0.005,0.010,0.003,1.5337
1785820664.091,0.000,WAIT,idle,-1,0,-0.015,-0.006,-4.027,-0.003,0.002,0.003,1.5335
1785820664.191,0.000,WAIT,idle,-1,0,-0.016,-0.007,-4.028,-0.004,0.003,0.003,1.5335
1785820664.291,0.000,WAIT,idle,-1,0,-0.018,-0.007,-4.028,-0.008,0.004,0.006,1.5336
1785820664.391,0.000,WAIT,idle,-1,0,-0.019,-0.007,-4.029,-0.011,0.009,0.005,1.5337
1785820664.491,0.000,WAIT,idle,-1,0,-0.021,-0.006,-4.029,-0.014,0.014,0.003,1.5340
1785820664.591,0.000,WAIT,idle,-1,0,-0.022,-0.006,-4.029,-0.015,0.019,0.006,1.5345
1785820664.691,0.000,WAIT,idle,-1,0,-0.023,-0.005,-4.029,-0.009,0.018,0.007,1.5345
1785820664.791,0.000,WAIT,idle,-1,0,-0.023,-0.005,-4.029,-0.009,0.016,0.005,1.5345
1785820664.891,0.000,WAIT,idle,-1,0,-0.023,-0.005,-4.029,-0.003,0.012,0.005,1.5343
1785820664.991,0.000,WAIT,idle,-1,0,-0.023,-0.005,-4.029,0.003,0.006,0.005,1.5339
1785820665.091,0.000,WAIT,idle,-1,0,-0.023,-0.005,-4.028,0.008,-0.002,0.005,1.5334
1785820665.191,0.000,WAIT,idle,-1,0,-0.022,-0.006,-4.028,0.010,-0.005,0.006,1.5321
1785820665.291,0.000,WAIT,idle,-1,0,-0.022,-0.006,-4.027,0.009,-0.004,0.003,1.5316
1785820665.391,0.000,WAIT,idle,-1,0,-0.021,-0.005,-4.026,0.006,-0.004,0.004,1.5322
1785820665.491,0.000,WAIT,idle,-1,0,-0.022,-0.005,-4.026,-0.001,0.003,0.004,1.5326
1785820665.591,0.000,WAIT,idle,-1,0,-0.022,-0.004,-4.025,-0.007,0.006,0.002,1.5331
1785820665.691,0.000,WAIT,idle,-1,0,-0.023,-0.002,-4.024,-0.006,0.008,0.001,1.5336
1785820665.791,0.000,WAIT,idle,-1,0,-0.024,-0.001,-4.023,-0.010,0.018,0.001,1.5344
1785820665.891,0.000,WAIT,idle,-1,0,-0.024,0.002,-4.023,-0.006,0.013,0.001,1.5347
1785820665.991,0.000,WAIT,idle,-1,0,-0.024,0.004,-4.022,0.003,0.006,0.000,1.5343
1785820666.091,0.000,WAIT,idle,-1,0,-0.024,0.007,-4.022,0.002,0.012,0.001,1.5344
1785820666.191,0.000,WAIT,idle,-1,0,-0.024,0.010,-4.021,-0.003,0.019,-0.003,1.5346
1785820666.291,0.000,WAIT,idle,-1,0,-0.025,0.013,-4.021,-0.005,0.018,-0.004,1.5349
1785820666.391,0.000,WAIT,idle,-1,0,-0.025,0.015,-4.021,-0.003,0.015,-0.002,1.5350
1785820666.491,0.000,WAIT,idle,-1,0,-0.025,0.017,-4.021,-0.001,0.006,-0.001,1.5349
1785820666.591,0.000,WAIT,idle,-1,0,-0.025,0.017,-4.020,0.002,-0.002,-0.002,1.5342
1785820666.691,0.000,WAIT,idle,-1,0,-0.025,0.018,-4.020,0.006,-0.012,-0.005,1.5327
1785820666.791,0.000,WAIT,idle,-1,0,-0.025,0.018,-4.020,0.008,-0.014,-0.004,1.5322
1785820666.891,0.000,WAIT,idle,-1,0,-0.024,0.018,-4.021,0.010,-0.014,-0.004,1.5325
1785820666.991,0.000,WAIT,idle,-1,0,-0.023,0.019,-4.021,0.005,-0.006,-0.003,1.5328
1785820667.091,0.000,WAIT,idle,-1,0,-0.022,0.019,-4.020,0.001,-0.003,-0.001,1.5330
1785820667.191,0.000,WAIT,idle,-1,0,-0.021,0.019,-4.020,0.000,-0.000,-0.002,1.5336
1785820667.291,0.000,WAIT,idle,-1,0,-0.020,0.019,-4.019,-0.000,-0.003,-0.003,1.5338
1785820667.391,0.000,WAIT,idle,-1,0,-0.020,0.019,-4.019,-0.002,-0.002,-0.003,1.5346
1785820667.491,0.000,WAIT,idle,-1,0,-0.019,0.018,-4.019,-0.002,-0.005,-0.004,1.5350
1785820667.591,0.000,WAIT,idle,-1,0,-0.019,0.018,-4.018,-0.002,-0.008,-0.003,1.5347
1785820667.691,0.000,WAIT,idle,-1,0,-0.019,0.017,-4.018,0.000,-0.012,-0.005,1.5345
1785820667.791,0.000,WAIT,idle,-1,0,-0.019,0.016,-4.018,0.001,-0.012,-0.007,1.5345
1785820667.891,0.000,WAIT,idle,-1,0,-0.019,0.014,-4.018,0.002,-0.019,-0.007,1.5340
1785820667.991,0.000,WAIT,idle,-1,0,-0.018,0.012,-4.019,0.002,-0.019,-0.007,1.5333
1785820668.091,0.000,WAIT,idle,-1,0,-0.018,0.010,-4.019,-0.003,-0.014,-0.005,1.5323
1785820668.191,0.000,WAIT,idle,-1,0,-0.017,0.008,-4.019,-0.006,-0.012,-0.004,1.5324
1785820668.291,0.000,WAIT,idle,-1,0,-0.016,0.005,-4.019,-0.004,-0.014,-0.004,1.5325
1785820668.391,0.000,WAIT,idle,-1,0,-0.016,0.003,-4.019,-0.008,-0.007,-0.003,1.5326
1785820668.491,0.000,WAIT,idle,-1,0,-0.015,0.001,-4.018,-0.009,-0.001,-0.003,1.5330
1785820668.591,0.000,WAIT,idle,-1,0,-0.015,0.000,-4.018,-0.009,0.001,-0.004,1.5335
1785820668.691,0.000,WAIT,idle,-1,0,-0.014,-0.001,-4.018,-0.005,0.002,-0.005,1.5340
1785820668.791,0.000,WAIT,idle,-1,0,-0.014,-0.002,-4.018,-0.000,-0.007,-0.006,1.5342
1785820668.891,0.000,WAIT,idle,-1,0,-0.013,-0.003,-4.019,0.002,-0.009,-0.006,1.5342
1785820668.991,0.000,WAIT,idle,-1,0,-0.013,-0.004,-4.019,0.001,-0.007,-0.003,1.5346
1785820669.091,0.000,WAIT,idle,-1,0,-0.012,-0.004,-4.019,-0.000,-0.006,-0.004,1.5343
1785820669.191,0.000,WAIT,idle,-1,0,-0.012,-0.004,-4.020,-0.002,-0.002,-0.004,1.5342
1785820669.291,0.000,WAIT,idle,-1,0,-0.012,-0.004,-4.020,-0.007,0.003,-0.002,1.5341
1785820669.391,0.000,WAIT,idle,-1,0,-0.011,-0.004,-4.021,-0.009,0.008,-0.001,1.5340
1785820669.491,0.000,WAIT,idle,-1,0,-0.011,-0.004,-4.021,-0.010,0.010,-0.001,1.5341
1785820669.591,0.000,WAIT,idle,-1,0,-0.011,-0.004,-4.022,-0.010,0.009,-0.002,1.5341
1785820669.691,0.000,WAIT,idle,-1,0,-0.010,-0.004,-4.023,-0.008,0.007,-0.003,1.5340
1785820669.791,0.000,WAIT,idle,-1,0,-0.010,-0.004,-4.024,-0.005,0.005,-0.001,1.5337
1785820669.891,0.000,WAIT,idle,-1,0,-0.010,-0.003,-4.025,-0.003,0.001,-0.000,1.5336
1785820669.991,0.000,WAIT,idle,-1,0,-0.010,-0.003,-4.025,-0.003,-0.002,-0.001,1.5330
1785820670.091,0.000,WAIT,idle,-1,0,-0.011,-0.002,-4.026,-0.005,0.001,0.001,1.5329
1785820670.191,0.000,WAIT,idle,-1,0,-0.012,-0.001,-4.026,-0.006,0.003,0.002,1.5331
1785820670.291,0.000,WAIT,idle,-1,0,-0.013,0.000,-4.026,-0.010,0.009,0.004,1.5333
1785820670.391,0.000,WAIT,idle,-1,0,-0.015,0.002,-4.026,-0.015,0.010,0.004,1.5335
1785820670.491,0.000,WAIT,idle,-1,0,-0.017,0.003,-4.027,-0.018,0.014,0.004,1.5342
1785820670.591,0.000,WAIT,idle,-1,0,-0.019,0.005,-4.027,-0.017,0.015,0.001,1.5345
1785820670.691,0.000,WAIT,idle,-1,0,-0.022,0.006,-4.028,-0.013,0.013,0.002,1.5349
1785820670.791,0.000,WAIT,idle,-1,0,-0.024,0.007,-4.029,-0.014,0.011,0.002,1.5349
1785820670.891,0.000,WAIT,idle,-1,0,-0.027,0.008,-4.029,-0.010,0.007,0.005,1.5349
1785820670.991,0.000,WAIT,idle,-1,0,-0.029,0.008,-4.029,-0.007,0.006,0.006,1.5348
1785820671.091,0.000,WAIT,idle,-1,0,-0.030,0.008,-4.030,0.000,0.003,0.007,1.5344
1785820671.191,0.000,WAIT,idle,-1,0,-0.032,0.008,-4.030,-0.004,0.006,0.007,1.5338
1785820671.291,0.000,WAIT,idle,-1,0,-0.034,0.009,-4.030,-0.003,0.004,0.008,1.5338
1785820671.391,0.000,WAIT,idle,-1,0,-0.036,0.009,-4.030,-0.002,0.004,0.005,1.5337
1785820671.491,0.000,WAIT,idle,-1,0,-0.037,0.009,-4.030,0.001,0.003,0.007,1.5337
1785820671.591,0.000,WAIT,idle,-1,0,-0.039,0.010,-4.030,0.005,0.000,0.007,1.5338
1785820671.691,0.000,WAIT,idle,-1,0,-0.040,0.010,-4.030,0.008,-0.006,0.006,1.5335
1785820671.791,0.000,WAIT,idle,-1,0,-0.041,0.011,-4.030,0.012,-0.010,0.007,1.5331
1785820671.891,0.000,WAIT,idle,-1,0,-0.042,0.010,-4.030,0.012,-0.011,0.007,1.5328
1785820671.991,0.000,WAIT,idle,-1,0,-0.042,0.010,-4.030,0.008,0.001,0.008,1.5333
1785820672.091,0.000,WAIT,idle,-1,0,-0.042,0.009,-4.030,0.009,0.001,0.006,1.5333
1785820672.191,0.000,WAIT,idle,-1,0,-0.042,0.009,-4.030,0.009,-0.000,0.006,1.5335
1785820672.291,0.000,WAIT,idle,-1,0,-0.043,0.009,-4.030,0.015,-0.007,0.006,1.5334
1785820672.391,0.000,WAIT,idle,-1,0,-0.043,0.009,-4.030,0.016,-0.008,0.007,1.5335
1785820672.491,0.000,WAIT,idle,-1,0,-0.044,0.009,-4.029,0.015,-0.008,0.008,1.5335
1785820672.591,0.000,WAIT,idle,-1,0,-0.044,0.009,-4.029,0.008,-0.002,0.006,1.5336
1785820672.691,0.000,WAIT,idle,-1,0,-0.044,0.009,-4.029,0.009,-0.004,0.004,1.5334
1785820672.791,0.000,WAIT,idle,-1,0,-0.044,0.009,-4.029,0.009,0.003,0.005,1.5338
1785820672.891,0.000,WAIT,idle,-1,0,-0.043,0.008,-4.029,0.009,0.002,0.005,1.5334
1785820672.991,0.000,WAIT,idle,-1,0,-0.042,0.008,-4.029,0.015,0.001,0.004,1.5337
1785820673.091,0.000,WAIT,idle,-1,0,-0.041,0.008,-4.028,0.018,-0.002,0.004,1.5337
1785820673.191,0.000,WAIT,idle,-1,0,-0.039,0.008,-4.027,0.022,-0.009,0.005,1.5331
1785820673.291,0.000,WAIT,idle,-1,0,-0.037,0.007,-4.026,0.022,-0.011,0.005,1.5328
1785820673.391,0.000,WAIT,idle,-1,0,-0.035,0.007,-4.025,0.012,-0.001,0.005,1.5328
1785820673.491,0.000,WAIT,idle,-1,0,-0.033,0.006,-4.023,0.012,-0.002,0.002,1.5328
1785820673.591,0.000,WAIT,idle,-1,0,-0.029,0.005,-4.022,0.017,-0.000,0.001,1.5328
1785820673.691,0.000,WAIT,idle,-1,0,-0.026,0.004,-4.021,0.022,-0.008,0.001,1.5329
1785820673.791,0.000,WAIT,idle,-1,0,-0.023,0.003,-4.020,0.023,-0.012,-0.001,1.5327
1785820673.891,0.000,WAIT,idle,-1,0,-0.019,0.003,-4.019,0.022,-0.012,-0.001,1.5326
1785820673.991,0.000,WAIT,idle,-1,0,-0.017,0.003,-4.019,0.016,-0.008,-0.003,1.5329
1785820674.091,0.000,WAIT,idle,-1,0,-0.015,0.003,-4.019,0.009,-0.005,-0.005,1.5330
1785820674.191,0.000,WAIT,idle,-1,0,-0.013,0.003,-4.019,0.006,0.001,-0.005,1.5332
1785820674.291,0.000,WAIT,idle,-1,0,-0.011,0.004,-4.019,0.005,0.000,-0.007,1.5334
1785820674.391,0.000,WAIT,idle,-1,0,-0.010,0.004,-4.019,-0.001,0.009,-0.005,1.5341
1785820674.491,0.000,WAIT,idle,-1,0,-0.008,0.004,-4.019,0.001,0.009,-0.005,1.5340
1785820674.591,0.000,WAIT,idle,-1,0,-0.006,0.005,-4.019,-0.002,0.008,-0.005,1.5344
1785820674.691,0.000,WAIT,idle,-1,0,-0.004,0.005,-4.019,-0.002,0.008,-0.005,1.5345
1785820674.791,0.000,WAIT,idle,-1,0,-0.002,0.005,-4.019,0.003,-0.003,-0.004,1.5344
1785820674.891,0.000,WAIT,idle,-1,0,-0.001,0.006,-4.019,0.004,-0.005,-0.005,1.5337
1785820674.991,0.000,WAIT,idle,-1,0,0.000,0.006,-4.019,-0.002,-0.002,-0.005,1.5337
1785820675.091,0.000,WAIT,idle,-1,0,0.001,0.007,-4.019,-0.006,-0.004,-0.005,1.5334
1785820675.191,0.000,WAIT,idle,-1,0,0.001,0.008,-4.019,-0.009,-0.001,-0.006,1.5333
1785820675.291,0.000,WAIT,idle,-1,0,0.001,0.009,-4.019,-0.013,0.003,-0.006,1.5337
1785820675.391,0.000,WAIT,idle,-1,0,0.001,0.010,-4.019,-0.012,-0.002,-0.006,1.5338
1785820675.491,0.000,WAIT,idle,-1,0,0.001,0.010,-4.018,-0.016,-0.000,-0.005,1.5338
1785820675.591,0.000,WAIT,idle,-1,0,0.001,0.011,-4.018,-0.018,0.003,-0.004,1.5339
1785820675.691,0.000,WAIT,idle,-1,0,0.002,0.010,-4.018,-0.017,0.003,-0.006,1.5341
1785820675.791,0.000,WAIT,idle,-1,0,0.002,0.010,-4.018,-0.014,0.000,-0.006,1.5341
1785820675.891,0.000,WAIT,idle,-1,0,0.003,0.010,-4.018,-0.013,-0.004,-0.005,1.5332
1785820675.991,0.000,WAIT,idle,-1,0,0.003,0.010,-4.018,-0.011,-0.005,-0.005,1.5330
1785820676.091,0.000,WAIT,idle,-1,0,0.003,0.010,-4.018,-0.017,0.004,-0.005,1.5334
1785820676.191,0.000,WAIT,idle,-1,0,0.003,0.010,-4.018,-0.010,-0.009,-0.003,1.5330
1785820676.291,0.000,WAIT,idle,-1,0,0.002,0.010,-4.018,-0.014,-0.003,-0.006,1.5336
1785820676.391,0.000,WAIT,idle,-1,0,0.002,0.010,-4.018,-0.014,-0.007,-0.007,1.5330
1785820676.491,0.000,WAIT,idle,-1,0,0.001,0.009,-4.019,-0.018,-0.004,-0.007,1.5333
1785820676.591,0.000,WAIT,idle,-1,0,-0.001,0.009,-4.019,-0.021,-0.000,-0.006,1.5336
1785820676.691,0.000,WAIT,idle,-1,0,-0.002,0.008,-4.020,-0.025,0.003,-0.003,1.5342
1785820676.791,0.000,WAIT,idle,-1,0,-0.004,0.008,-4.020,-0.022,0.005,-0.002,1.5343
1785820676.891,0.000,WAIT,idle,-1,0,-0.006,0.008,-4.019,-0.020,0.000,-0.003,1.5340
1785820676.991,0.000,WAIT,idle,-1,0,-0.008,0.007,-4.020,-0.018,-0.002,-0.004,1.5339
1785820677.091,0.000,WAIT,idle,-1,0,-0.010,0.007,-4.020,-0.018,0.001,-0.003,1.5341
1785820677.191,0.000,WAIT,idle,-1,0,-0.012,0.006,-4.020,-0.018,-0.000,-0.002,1.5342
1785820677.292,0.000,WAIT,idle,-1,0,-0.014,0.004,-4.020,-0.015,-0.005,-0.005,1.5330
1785820677.391,0.000,WAIT,idle,-1,0,-0.016,0.003,-4.020,-0.019,-0.002,-0.004,1.5328
1785820677.491,0.000,WAIT,idle,-1,0,-0.018,0.002,-4.021,-0.012,-0.010,-0.005,1.5325
1785820677.591,0.000,WAIT,idle,-1,0,-0.019,0.001,-4.021,-0.008,-0.010,-0.004,1.5327
1785820677.691,0.000,WAIT,idle,-1,0,-0.021,-0.000,-4.021,-0.006,-0.009,-0.001,1.5329
1785820677.791,0.000,WAIT,idle,-1,0,-0.022,-0.001,-4.021,-0.014,0.002,0.001,1.5333
1785820677.891,0.000,WAIT,idle,-1,0,-0.024,-0.001,-4.021,-0.011,0.003,-0.002,1.5336
1785820677.991,0.000,WAIT,idle,-1,0,-0.025,-0.001,-4.021,-0.012,0.009,-0.003,1.5339
1785820678.091,0.000,WAIT,idle,-1,0,-0.026,-0.001,-4.022,-0.010,0.011,-0.003,1.5340
1785820678.191,0.000,WAIT,idle,-1,0,-0.028,-0.001,-4.022,-0.009,0.014,-0.003,1.5343
1785820678.291,0.000,WAIT,idle,-1,0,-0.028,-0.000,-4.022,-0.003,0.010,-0.001,1.5338
1785820678.391,0.000,WAIT,idle,-1,0,-0.029,-0.000,-4.022,-0.003,0.013,0.000,1.5337
1785820678.491,0.000,WAIT,idle,-1,0,-0.029,-0.000,-4.022,-0.001,0.011,-0.001,1.5340
1785820678.591,0.000,WAIT,idle,-1,0,-0.029,-0.001,-4.021,-0.002,0.009,-0.000,1.5337
1785820678.691,0.000,WAIT,idle,-1,0,-0.030,-0.001,-4.021,-0.004,0.009,-0.000,1.5336
1785820678.791,0.000,WAIT,idle,-1,0,-0.031,-0.002,-4.021,0.001,-0.000,-0.003,1.5337
1785820678.891,0.000,WAIT,idle,-1,0,-0.032,-0.002,-4.021,0.005,-0.001,-0.004,1.5336
1785820678.991,0.000,WAIT,idle,-1,0,-0.032,-0.001,-4.021,0.009,-0.002,-0.004,1.5334
1785820679.091,0.000,WAIT,idle,-1,0,-0.032,-0.001,-4.022,0.010,-0.002,-0.001,1.5335
1785820679.191,0.000,WAIT,idle,-1,0,-0.032,-0.001,-4.022,0.011,-0.004,-0.000,1.5334
1785820679.291,0.000,WAIT,idle,-1,0,-0.033,-0.002,-4.022,0.002,0.000,0.001,1.5331
1785820679.391,0.000,WAIT,idle,-1,0,-0.033,-0.002,-4.023,0.004,-0.005,0.001,1.5332
1785820679.491,0.000,WAIT,idle,-1,0,-0.033,-0.003,-4.023,0.008,-0.008,-0.001,1.5336
1785820679.591,0.000,WAIT,idle,-1,0,-0.033,-0.004,-4.023,0.001,0.003,-0.001,1.5340
1785820679.691,0.000,WAIT,idle,-1,0,-0.033,-0.004,-4.023,0.005,0.001,-0.001,1.5340
1785820679.791,0.000,WAIT,idle,-1,0,-0.033,-0.005,-4.023,0.009,-0.001,-0.002,1.5338
1785820679.891,0.000,WAIT,idle,-1,0,-0.033,-0.005,-4.023,0.012,-0.003,0.001,1.5337
1785820679.991,0.000,WAIT,idle,-1,0,-0.032,-0.005,-4.023,0.014,-0.004,0.003,1.5335
1785820680.091,0.000,WAIT,idle,-1,0,-0.031,-0.005,-4.022,0.010,0.002,0.000,1.5332
1785820680.191,0.000,WAIT,idle,-1,0,-0.029,-0.005,-4.022,0.008,0.010,-0.001,1.5338
1785820680.291,0.000,WAIT,idle,-1,0,-0.027,-0.005,-4.022,0.012,0.007,-0.002,1.5338
1785820680.391,0.000,WAIT,idle,-1,0,-0.025,-0.005,-4.023,0.017,0.005,-0.002,1.5336
1785820680.491,0.000,WAIT,idle,-1,0,-0.022,-0.004,-4.023,0.013,0.010,-0.001,1.5336
1785820680.591,0.000,WAIT,idle,-1,0,-0.020,-0.004,-4.024,0.020,-0.002,-0.001,1.5332
1785820680.691,0.000,WAIT,idle,-1,0,-0.019,-0.003,-4.024,0.016,-0.002,0.000,1.5330
1785820680.791,0.000,WAIT,idle,-1,0,-0.018,-0.002,-4.024,0.014,0.001,0.000,1.5336
1785820680.891,0.000,WAIT,idle,-1,0,-0.018,-0.001,-4.025,0.006,0.006,0.001,1.5329
1785820680.991,0.000,WAIT,idle,-1,0,-0.018,0.000,-4.025,0.006,0.002,0.002,1.5331
1785820681.091,0.000,WAIT,idle,-1,0,-0.019,0.002,-4.025,0.004,0.001,0.002,1.5336
1785820681.191,0.000,WAIT,idle,-1,0,-0.019,0.003,-4.025,-0.001,0.002,0.002,1.5338
1785820681.291,0.000,WAIT,idle,-1,0,-0.020,0.004,-4.026,-0.006,0.005,0.002,1.5339
1785820681.391,0.000,WAIT,idle,-1,0,-0.021,0.005,-4.026,-0.009,0.009,0.002,1.5342
1785820681.491,0.000,WAIT,idle,-1,0,-0.022,0.006,-4.027,-0.009,0.012,0.002,1.5345
1785820681.591,0.000,WAIT,idle,-1,0,-0.022,0.007,-4.027,-0.007,0.012,0.002,1.5344
1785820681.691,0.000,WAIT,idle,-1,0,-0.022,0.008,-4.028,0.002,-0.004,0.002,1.5343
1785820681.791,0.000,WAIT,idle,-1,0,-0.022,0.007,-4.028,0.003,-0.006,0.005,1.5338
1785820681.891,0.000,WAIT,idle,-1,0,-0.022,0.007,-4.028,0.005,-0.009,0.006,1.5331
1785820681.991,0.000,WAIT,idle,-1,0,-0.021,0.006,-4.029,0.004,-0.008,0.005,1.5320
1785820682.091,0.000,WAIT,idle,-1,0,-0.021,0.005,-4.029,-0.002,-0.005,0.006,1.5316
1785820682.191,0.000,WAIT,idle,-1,0,-0.021,0.004,-4.030,-0.001,-0.005,0.005,1.5321
1785820682.291,0.000,WAIT,idle,-1,0,-0.021,0.003,-4.031,-0.006,-0.001,0.005,1.5325
1785820682.391,0.000,WAIT,idle,-1,0,-0.022,0.003,-4.032,-0.009,-0.001,0.005,1.5328
1785820682.491,0.000,WAIT,idle,-1,0,-0.023,0.002,-4.032,-0.010,0.008,0.007,1.5335
1785820682.591,0.000,WAIT,idle,-1,0,-0.023,0.002,-4.033,-0.003,0.003,0.009,1.5337
1785820682.691,0.000,WAIT,idle,-1,0,-0.023,0.002,-4.033,-0.002,-0.001,0.010,1.5339
1785820682.791,0.000,WAIT,idle,-1,0,-0.023,0.001,-4.032,0.002,-0.004,0.009,1.5340
1785820682.891,0.000,WAIT,idle,-1,0,-0.023,0.000,-4.032,0.001,-0.005,0.010,1.5341
1785820682.991,0.000,WAIT,idle,-1,0,-0.023,-0.001,-4.032,0.000,-0.001,0.010,1.5340
1785820683.091,0.000,WAIT,idle,-1,0,-0.022,-0.001,-4.032,0.001,0.001,0.009,1.5341
1785820683.191,0.000,WAIT,idle,-1,0,-0.021,-0.002,-4.031,0.003,0.003,0.007,1.5342
1785820683.291,0.000,WAIT,idle,-1,0,-0.020,-0.003,-4.031,0.008,-0.001,0.006,1.5335
1785820683.391,0.000,WAIT,idle,-1,0,-0.019,-0.004,-4.031,0.009,-0.005,0.007,1.5329
1785820683.491,0.000,WAIT,idle,-1,0,-0.017,-0.005,-4.030,0.004,0.003,0.008,1.5331
1785820683.591,0.000,WAIT,idle,-1,0,-0.017,-0.005,-4.029,0.008,-0.006,0.008,1.5325
1785820683.691,0.000,WAIT,idle,-1,0,-0.015,-0.004,-4.028,0.003,0.008,0.007,1.5335
1785820683.791,0.000,WAIT,idle,-1,0,-0.015,-0.003,-4.027,0.004,0.007,0.006,1.5336
1785820683.891,0.000,WAIT,idle,-1,0,-0.014,-0.003,-4.026,0.005,0.005,0.005,1.5336
1785820683.991,0.000,WAIT,idle,-1,0,-0.014,-0.002,-4.026,-0.001,0.010,0.002,1.5344
1785820684.091,0.000,WAIT,idle,-1,0,-0.014,-0.002,-4.026,0.001,0.005,0.001,1.5345
1785820684.191,0.000,WAIT,idle,-1,0,-0.014,-0.002,-4.026,-0.002,0.010,0.003,1.5349
1785820684.291,0.000,WAIT,idle,-1,0,-0.013,-0.002,-4.026,-0.001,0.011,0.003,1.5347
1785820684.391,0.000,WAIT,idle,-1,0,-0.013,-0.002,-4.026,0.001,0.007,0.003,1.5346
1785820684.491,0.000,WAIT,idle,-1,0,-0.013,-0.003,-4.025,0.001,-0.001,0.002,1.5345
1785820684.591,0.000,WAIT,idle,-1,0,-0.013,-0.003,-4.025,0.001,-0.004,0.002,1.5341
1785820684.691,0.000,WAIT,idle,-1,0,-0.013,-0.004,-4.024,0.000,-0.003,0.003,1.5338
1785820684.791,0.000,WAIT,idle,-1,0,-0.014,-0.004,-4.023,-0.000,-0.002,-0.000,1.5339
1785820684.891,0.000,WAIT,idle,-1,0,-0.014,-0.003,-4.023,0.000,0.000,-0.001,1.5339
1785820684.991,0.000,WAIT,idle,-1,0,-0.014,-0.003,-4.023,-0.001,0.000,-0.002,1.5336
1785820685.091,0.000,WAIT,idle,-1,0,-0.014,-0.002,-4.023,-0.001,0.005,0.001,1.5340
1785820685.191,0.000,WAIT,idle,-1,0,-0.014,-0.001,-4.023,-0.004,0.005,-0.001,1.5336
1785820685.291,0.000,WAIT,idle,-1,0,-0.014,-0.001,-4.023,-0.006,0.008,-0.002,1.5335
1785820685.391,0.000,WAIT,idle,-1,0,-0.015,-0.001,-4.022,-0.011,0.009,-0.001,1.5338
1785820685.491,0.000,WAIT,idle,-1,0,-0.015,-0.002,-4.021,-0.012,0.009,0.002,1.5336
1785820685.591,0.000,WAIT,idle,-1,0,-0.016,-0.002,-4.020,-0.011,0.009,-0.002,1.5339
1785820685.691,0.000,WAIT,idle,-1,0,-0.017,-0.003,-4.019,-0.009,0.003,-0.003,1.5338
1785820685.791,0.000,WAIT,idle,-1,0,-0.017,-0.003,-4.018,-0.002,0.001,-0.003,1.5334
1785820685.891,0.000,WAIT,idle,-1,0,-0.018,-0.003,-4.017,-0.002,-0.004,-0.003,1.5329
1785820685.991,0.000,WAIT,idle,-1,0,-0.019,-0.002,-4.016,-0.005,-0.003,-0.009,1.5329
1785820686.091,0.000,WAIT,idle,-1,0,-0.020,-0.002,-4.016,-0.005,0.002,-0.008,1.5329
1785820686.191,0.000,WAIT,idle,-1,0,-0.021,-0.001,-4.016,-0.006,0.007,-0.009,1.5330
1785820686.291,0.000,WAIT,idle,-1,0,-0.022,0.001,-4.016,-0.004,0.005,-0.009,1.5330
1785820686.391,0.000,WAIT,idle,-1,0,-0.022,0.002,-4.016,-0.007,0.011,-0.007,1.5333
1785820686.491,0.000,WAIT,idle,-1,0,-0.023,0.003,-4.016,-0.008,0.015,-0.007,1.5339
1785820686.591,0.000,WAIT,idle,-1,0,-0.024,0.005,-4.016,-0.007,0.012,-0.008,1.5339
1785820686.691,0.000,WAIT,idle,-1,0,-0.025,0.007,-4.015,-0.005,0.016,-0.007,1.5346
1785820686.791,0.000,WAIT,idle,-1,0,-0.025,0.009,-4.015,-0.001,0.014,-0.007,1.5350
1785820686.891,0.000,WAIT,idle,-1,0,-0.026,0.011,-4.014,0.001,0.009,-0.009,1.5352
1785820686.991,0.000,WAIT,idle,-1,0,-0.028,0.014,-4.014,0.003,0.004,-0.008,1.5352
1785820687.091,0.000,WAIT,idle,-1,0,-0.029,0.015,-4.014,0.003,-0.001,-0.008,1.5353
1785820687.191,0.000,WAIT,idle,-1,0,-0.030,0.017,-4.014,0.001,0.001,-0.011,1.5354
1785820687.291,0.000,WAIT,idle,-1,0,-0.031,0.018,-4.014,0.002,-0.003,-0.009,1.5346
1785820687.391,0.000,WAIT,idle,-1,0,-0.032,0.019,-4.013,0.009,-0.014,-0.009,1.5333
1785820687.491,0.000,WAIT,idle,-1,0,-0.033,0.019,-4.013,0.008,-0.018,-0.009,1.5324
1785820687.591,0.000,WAIT,idle,-1,0,-0.033,0.019,-4.013,0.007,-0.020,-0.007,1.5324
1785820687.691,0.000,WAIT,idle,-1,0,-0.034,0.019,-4.012,0.003,-0.014,-0.011,1.5323
1785820687.791,0.000,WAIT,idle,-1,0,-0.035,0.020,-4.012,0.005,-0.014,-0.010,1.5327
1785820687.891,0.000,WAIT,idle,-1,0,-0.035,0.021,-4.013,0.003,-0.009,-0.011,1.5331
1785820687.991,0.000,WAIT,idle,-1,0,-0.036,0.022,-4.013,0.001,-0.004,-0.010,1.5337
1785820688.091,0.000,WAIT,idle,-1,0,-0.036,0.024,-4.013,-0.000,-0.003,-0.011,1.5341
1785820688.191,0.000,WAIT,idle,-1,0,-0.037,0.025,-4.014,0.002,-0.002,-0.009,1.5342
1785820688.291,0.000,WAIT,idle,-1,0,-0.037,0.026,-4.015,0.005,-0.001,-0.007,1.5348
1785820688.391,0.000,WAIT,idle,-1,0,-0.037,0.028,-4.015,0.010,-0.004,-0.009,1.5350
1785820688.491,0.000,WAIT,idle,-1,0,-0.037,0.030,-4.016,0.013,-0.003,-0.008,1.5354
1785820688.591,0.000,WAIT,idle,-1,0,-0.036,0.032,-4.017,0.011,-0.006,-0.008,1.5353
1785820688.691,0.000,WAIT,idle,-1,0,-0.036,0.032,-4.018,0.016,-0.013,-0.007,1.5349
1785820688.791,0.000,WAIT,idle,-1,0,-0.035,0.033,-4.020,0.019,-0.019,-0.005,1.5341
1785820688.891,0.000,WAIT,idle,-1,0,-0.034,0.033,-4.021,0.012,-0.013,-0.005,1.5331
1785820688.991,0.000,WAIT,idle,-1,0,-0.033,0.033,-4.022,0.016,-0.022,-0.003,1.5329
1785820689.091,0.000,WAIT,idle,-1,0,-0.032,0.033,-4.023,0.015,-0.020,-0.001,1.5334
1785820689.191,0.000,WAIT,idle,-1,0,-0.031,0.033,-4.024,0.016,-0.024,0.001,1.5335
1785820689.291,0.000,WAIT,idle,-1,0,-0.031,0.033,-4.025,0.008,-0.015,0.000,1.5341
1785820689.391,0.000,WAIT,idle,-1,0,-0.030,0.033,-4.026,0.011,-0.019,-0.001,1.5342
1785820689.491,0.000,WAIT,idle,-1,0,-0.029,0.033,-4.028,0.008,-0.012,0.000,1.5341
1785820689.591,0.000,WAIT,idle,-1,0,-0.028,0.033,-4.030,0.005,-0.013,0.004,1.5339
1785820689.691,0.000,WAIT,idle,-1,0,-0.027,0.033,-4.030,0.006,-0.015,0.007,1.5342
1785820689.791,0.000,WAIT,idle,-1,0,-0.026,0.032,-4.031,0.004,-0.016,0.006,1.5344
1785820689.891,0.000,WAIT,idle,-1,0,-0.025,0.032,-4.031,0.005,-0.015,0.007,1.5343
1785820689.991,0.000,WAIT,idle,-1,0,-0.024,0.031,-4.032,0.009,-0.023,0.008,1.5343
1785820690.091,0.000,WAIT,idle,-1,0,-0.023,0.031,-4.032,0.010,-0.025,0.007,1.5340
1785820690.191,0.000,WAIT,idle,-1,0,-0.023,0.031,-4.033,0.010,-0.025,0.007,1.5335
1785820690.291,0.000,WAIT,idle,-1,0,-0.022,0.030,-4.033,0.012,-0.027,0.008,1.5336
1785820690.391,0.000,WAIT,idle,-1,0,-0.020,0.030,-4.034,0.006,-0.023,0.007,1.5332
1785820690.491,0.000,WAIT,idle,-1,0,-0.019,0.028,-4.034,0.005,-0.024,0.007,1.5326
1785820690.591,0.000,WAIT,idle,-1,0,-0.018,0.027,-4.034,-0.001,-0.015,0.012,1.5331
1785820690.691,0.000,WAIT,idle,-1,0,-0.017,0.027,-4.034,-0.002,-0.015,0.012,1.5332
1785820690.791,0.000,WAIT,idle,-1,0,-0.016,0.025,-4.034,0.000,-0.016,0.011,1.5336
1785820690.891,0.000,WAIT,idle,-1,0,-0.014,0.024,-4.033,-0.001,-0.019,0.013,1.5338
1785820690.991,0.000,WAIT,idle,-1,0,-0.013,0.022,-4.033,-0.001,-0.017,0.010,1.5338
1785820691.091,0.000,WAIT,idle,-1,0,-0.012,0.021,-4.032,0.002,-0.020,0.010,1.5339
1785820691.191,0.000,WAIT,idle,-1,0,-0.011,0.019,-4.032,0.004,-0.023,0.008,1.5336
1785820691.291,0.000,WAIT,idle,-1,0,-0.010,0.018,-4.031,0.003,-0.022,0.010,1.5332
1785820691.391,0.000,WAIT,idle,-1,0,-0.009,0.017,-4.030,0.001,-0.022,0.009,1.5333
1785820691.491,0.000,WAIT,idle,-1,0,-0.009,0.016,-4.029,-0.004,-0.014,0.008,1.5333
1785820691.591,0.000,WAIT,idle,-1,0,-0.009,0.015,-4.028,-0.010,-0.006,0.005,1.5338
1785820691.691,0.000,WAIT,idle,-1,0,-0.008,0.014,-4.028,-0.000,-0.016,0.005,1.5338
1785820691.791,0.000,WAIT,idle,-1,0,-0.008,0.013,-4.027,-0.001,-0.020,0.004,1.5333
1785820691.891,0.000,WAIT,idle,-1,0,-0.008,0.012,-4.027,-0.005,-0.016,0.005,1.5331
1785820691.991,0.000,WAIT,idle,-1,0,-0.008,0.011,-4.027,-0.010,-0.012,0.003,1.5334
1785820692.091,0.000,WAIT,idle,-1,0,-0.008,0.010,-4.026,-0.007,-0.013,0.003,1.5334
1785820692.191,0.000,WAIT,idle,-1,0,-0.008,0.010,-4.026,-0.013,-0.002,0.004,1.5340
1785820692.291,0.000,WAIT,idle,-1,0,-0.009,0.009,-4.026,-0.015,0.000,0.005,1.5343
1785820692.391,0.000,WAIT,idle,-1,0,-0.009,0.009,-4.025,-0.013,-0.000,0.006,1.5342
1785820692.491,0.000,WAIT,idle,-1,0,-0.009,0.008,-4.025,-0.010,-0.004,0.003,1.5343
1785820692.591,0.000,WAIT,idle,-1,0,-0.010,0.008,-4.025,-0.009,-0.008,-0.000,1.5341
1785820692.691,0.000,WAIT,idle,-1,0,-0.011,0.007,-4.025,-0.007,-0.011,0.001,1.5341
1785820692.791,0.000,WAIT,idle,-1,0,-0.013,0.007,-4.025,-0.008,-0.016,-0.001,1.5336
1785820692.891,0.000,WAIT,idle,-1,0,-0.014,0.006,-4.025,-0.006,-0.018,0.002,1.5334
1785820692.991,0.000,WAIT,idle,-1,0,-0.015,0.005,-4.025,-0.009,-0.008,0.002,1.5333
1785820693.091,0.000,WAIT,idle,-1,0,-0.016,0.004,-4.025,-0.010,-0.001,0.002,1.5332
1785820693.191,0.000,WAIT,idle,-1,0,-0.017,0.004,-4.025,-0.013,0.000,0.002,1.5335
1785820693.291,0.000,WAIT,idle,-1,0,-0.018,0.003,-4.025,-0.010,-0.001,0.001,1.5339
1785820693.391,0.000,WAIT,idle,-1,0,-0.019,0.003,-4.025,-0.007,-0.004,0.003,1.5339
1785820693.491,0.000,WAIT,idle,-1,0,-0.021,0.003,-4.025,-0.003,-0.009,0.001,1.5338
1785820693.591,0.000,WAIT,idle,-1,0,-0.022,0.002,-4.025,-0.000,-0.010,0.001,1.5338
1785820693.691,0.000,WAIT,idle,-1,0,-0.023,0.002,-4.025,-0.000,-0.011,0.002,1.5335
1785820693.791,0.000,WAIT,idle,-1,0,-0.024,0.002,-4.025,-0.002,-0.008,0.003,1.5335
1785820693.891,0.000,WAIT,idle,-1,0,-0.025,0.002,-4.024,-0.005,-0.002,0.004,1.5336
1785820693.991,0.000,WAIT,idle,-1,0,-0.026,0.002,-4.024,-0.009,0.002,0.001,1.5340
1785820694.091,0.000,WAIT,idle,-1,0,-0.027,0.003,-4.024,-0.006,-0.004,-0.001,1.5341
1785820694.191,0.000,WAIT,idle,-1,0,-0.028,0.003,-4.024,-0.007,0.003,-0.002,1.5344
1785820694.291,0.000,WAIT,idle,-1,0,-0.028,0.004,-4.024,-0.003,0.003,0.001,1.5343
1785820694.391,0.000,WAIT,idle,-1,0,-0.028,0.005,-4.023,0.000,0.002,0.001,1.5339
1785820694.491,0.000,WAIT,idle,-1,0,-0.028,0.006,-4.022,0.004,0.002,0.001,1.5335
1785820694.591,0.000,WAIT,idle,-1,0,-0.028,0.007,-4.021,0.006,-0.001,-0.001,1.5335
1785820694.691,0.000,WAIT,idle,-1,0,-0.028,0.009,-4.020,0.008,-0.003,-0.003,1.5337
1785820694.791,0.000,WAIT,idle,-1,0,-0.028,0.011,-4.020,0.007,-0.006,-0.003,1.5332
1785820694.891,0.000,WAIT,idle,-1,0,-0.029,0.013,-4.019,0.003,-0.002,-0.003,1.5333
1785820694.991,0.000,WAIT,idle,-1,0,-0.029,0.016,-4.018,0.006,-0.008,-0.004,1.5337
1785820695.091,0.000,WAIT,idle,-1,0,-0.030,0.017,-4.017,0.004,-0.006,-0.004,1.5337
1785820695.191,0.000,WAIT,idle,-1,0,-0.030,0.019,-4.017,0.006,-0.008,-0.002,1.5339
1785820695.291,0.000,WAIT,idle,-1,0,-0.030,0.020,-4.016,0.008,-0.010,-0.005,1.5339
1785820695.391,0.000,WAIT,idle,-1,0,-0.030,0.022,-4.016,0.004,-0.002,-0.009,1.5343
1785820695.491,0.000,WAIT,idle,-1,0,-0.029,0.023,-4.016,0.003,-0.001,-0.011,1.5342
1785820695.591,0.000,WAIT,idle,-1,0,-0.029,0.024,-4.017,0.002,-0.004,-0.009,1.5346
1785820695.691,0.000,WAIT,idle,-1,0,-0.029,0.025,-4.017,0.003,-0.006,-0.007,1.5347
1785820695.791,0.000,WAIT,idle,-1,0,-0.029,0.025,-4.018,0.007,-0.009,-0.008,1.5345
1785820695.891,0.000,WAIT,idle,-1,0,-0.029,0.026,-4.018,0.007,-0.011,-0.007,1.5341
1785820695.991,0.000,WAIT,idle,-1,0,-0.029,0.026,-4.019,0.006,-0.009,-0.006,1.5330
1785820696.091,0.000,WAIT,idle,-1,0,-0.028,0.026,-4.019,0.007,-0.010,-0.004,1.5318
1785820696.191,0.000,WAIT,idle,-1,0,-0.028,0.025,-4.019,0.004,-0.012,-0.002,1.5325
1785820696.291,0.000,WAIT,idle,-1,0,-0.028,0.025,-4.019,0.002,-0.010,-0.003,1.5331
1785820696.391,0.000,WAIT,idle,-1,0,-0.029,0.025,-4.019,0.001,-0.011,-0.004,1.5335
1785820696.491,0.000,WAIT,idle,-1,0,-0.030,0.025,-4.020,0.004,-0.014,-0.004,1.5338
1785820696.591,0.000,WAIT,idle,-1,0,-0.030,0.025,-4.020,0.006,-0.017,-0.004,1.5340
1785820696.691,0.000,WAIT,idle,-1,0,-0.031,0.025,-4.021,-0.002,-0.005,-0.004,1.5340
1785820696.791,0.000,WAIT,idle,-1,0,-0.031,0.025,-4.022,0.002,-0.007,-0.002,1.5346
1785820696.891,0.000,WAIT,idle,-1,0,-0.030,0.024,-4.022,0.008,-0.010,0.000,1.5347
1785820696.991,0.000,WAIT,idle,-1,0,-0.030,0.022,-4.023,0.010,-0.011,-0.001,1.5342
1785820697.091,0.000,WAIT,idle,-1,0,-0.029,0.020,-4.023,0.015,-0.024,-0.003,1.5335
1785820697.191,0.000,WAIT,idle,-1,0,-0.028,0.017,-4.024,0.013,-0.026,-0.001,1.5333
1785820697.291,0.000,WAIT,idle,-1,0,-0.029,0.015,-4.026,0.013,-0.032,-0.001,1.5327
1785820697.391,0.000,WAIT,idle,-1,0,-0.029,0.011,-4.026,0.015,-0.035,0.002,1.5320
1785820697.491,0.000,WAIT,idle,-1,0,-0.029,0.008,-4.027,0.011,-0.033,0.002,1.5319
1785820697.591,0.000,WAIT,idle,-1,0,-0.029,0.004,-4.027,0.009,-0.031,0.003,1.5326
1785820697.691,0.000,WAIT,idle,-1,0,-0.030,0.002,-4.028,0.002,-0.020,0.002,1.5328
1785820697.791,0.000,WAIT,idle,-1,0,-0.031,0.000,-4.028,-0.002,-0.010,0.004,1.5331
1785820697.891,0.000,WAIT,idle,-1,0,-0.031,-0.001,-4.029,-0.001,-0.003,0.004,1.5337
1785820697.991,0.000,WAIT,idle,-1,0,-0.031,-0.001,-4.029,0.004,-0.003,0.004,1.5344
1785820698.091,0.000,WAIT,idle,-1,0,-0.031,-0.002,-4.029,0.004,0.004,0.007,1.5349
1785820698.191,0.000,WAIT,idle,-1,0,-0.030,-0.002,-4.029,0.010,0.001,0.008,1.5352
1785820698.291,0.000,WAIT,idle,-1,0,-0.030,-0.002,-4.029,0.003,0.008,0.005,1.5352
1785820698.391,0.000,WAIT,idle,-1,0,-0.030,-0.002,-4.029,0.013,-0.007,0.006,1.5350
1785820698.491,0.000,WAIT,idle,-1,0,-0.029,-0.003,-4.029,0.013,-0.008,0.003,1.5349
1785820698.591,0.000,WAIT,idle,-1,0,-0.029,-0.004,-4.029,0.013,-0.006,0.006,1.5340
1785820698.691,0.000,WAIT,idle,-1,0,-0.029,-0.005,-4.029,0.009,-0.002,0.005,1.5335
1785820698.791,0.000,WAIT,idle,-1,0,-0.029,-0.006,-4.029,0.016,-0.007,0.004,1.5337
1785820698.891,0.000,WAIT,idle,-1,0,-0.029,-0.008,-4.029,0.016,-0.008,0.006,1.5333
1785820698.991,0.000,WAIT,idle,-1,0,-0.029,-0.009,-4.028,0.010,-0.003,0.006,1.5330
1785820699.091,0.000,WAIT,idle,-1,0,-0.029,-0.011,-4.028,0.005,-0.003,0.005,1.5329
1785820699.191,0.000,WAIT,idle,-1,0,-0.030,-0.014,-4.028,0.006,-0.003,0.005,1.5322
1785820699.291,0.000,WAIT,idle,-1,0,-0.030,-0.016,-4.027,0.003,0.001,0.005,1.5326
1785820699.391,0.000,WAIT,idle,-1,0,-0.030,-0.018,-4.026,0.003,0.003,0.006,1.5326
1785820699.491,0.000,WAIT,idle,-1,0,-0.031,-0.020,-4.025,0.003,0.004,0.003,1.5328
1785820699.591,0.000,WAIT,idle,-1,0,-0.031,-0.021,-4.024,0.000,0.011,0.002,1.5333
1785820699.691,0.000,WAIT,idle,-1,0,-0.031,-0.022,-4.023,-0.000,0.015,0.003,1.5340
1785820699.791,0.000,WAIT,idle,-1,0,-0.032,-0.023,-4.022,0.002,0.017,-0.000,1.5344
1785820699.891,0.000,WAIT,idle,-1,0,-0.031,-0.023,-4.022,0.002,0.018,-0.001,1.5342
1785820699.991,0.000,WAIT,idle,-1,0,-0.031,-0.024,-4.021,0.002,0.020,-0.002,1.5343
1785820700.091,0.000,WAIT,idle,-1,0,-0.030,-0.024,-4.021,0.003,0.019,-0.003,1.5342
1785820700.191,0.000,WAIT,idle,-1,0,-0.030,-0.024,-4.021,0.003,0.019,-0.003,1.5344
1785820700.291,0.000,WAIT,idle,-1,0,-0.029,-0.024,-4.021,0.007,0.016,-0.002,1.5345
1785820700.391,0.000,WAIT,idle,-1,0,-0.028,-0.024,-4.021,0.006,0.014,-0.001,1.5342
1785820700.491,0.000,WAIT,idle,-1,0,-0.027,-0.024,-4.021,0.004,0.017,-0.002,1.5343
1785820700.591,0.000,WAIT,idle,-1,0,-0.026,-0.023,-4.021,0.008,0.015,-0.004,1.5340
1785820700.691,0.000,WAIT,idle,-1,0,-0.025,-0.022,-4.021,0.009,0.013,-0.003,1.5338
1785820700.791,0.000,WAIT,idle,-1,0,-0.024,-0.021,-4.021,0.012,0.013,-0.002,1.5338
1785820700.891,0.000,WAIT,idle,-1,0,-0.023,-0.020,-4.021,0.015,0.013,-0.001,1.5336
1785820700.991,0.000,WAIT,idle,-1,0,-0.021,-0.019,-4.021,0.012,0.014,-0.002,1.5334
1785820701.091,0.000,WAIT,idle,-1,0,-0.019,-0.018,-4.021,0.005,0.024,-0.004,1.5334
1785820701.191,0.000,WAIT,idle,-1,0,-0.018,-0.017,-4.020,0.005,0.018,-0.002,1.5335
1785820701.291,0.000,WAIT,idle,-1,0,-0.017,-0.016,-4.020,0.003,0.024,-0.003,1.5339
1785820701.391,0.000,WAIT,idle,-1,0,-0.016,-0.015,-4.021,0.001,0.023,-0.004,1.5339
1785820701.491,0.000,WAIT,idle,-1,0,-0.015,-0.014,-4.021,-0.000,0.022,-0.004,1.5340
1785820701.591,0.000,WAIT,idle,-1,0,-0.015,-0.013,-4.021,-0.003,0.023,-0.005,1.5340
1785820701.691,0.000,WAIT,idle,-1,0,-0.014,-0.011,-4.021,-0.000,0.022,-0.003,1.5341
1785820701.791,0.000,WAIT,idle,-1,0,-0.014,-0.009,-4.021,-0.003,0.023,-0.003,1.5341
1785820701.891,0.000,WAIT,idle,-1,0,-0.013,-0.008,-4.021,0.003,0.013,-0.004,1.5342
1785820701.991,0.000,WAIT,idle,-1,0,-0.013,-0.006,-4.021,-0.003,0.017,-0.001,1.5345
1785820702.091,0.000,WAIT,idle,-1,0,-0.014,-0.004,-4.021,-0.004,0.011,-0.004,1.5345
1785820702.191,0.000,WAIT,idle,-1,0,-0.014,-0.003,-4.021,0.001,0.006,-0.003,1.5343
1785820702.291,0.000,WAIT,idle,-1,0,-0.015,-0.001,-4.021,0.001,0.004,-0.003,1.5341
1785820702.391,0.000,WAIT,idle,-1,0,-0.016,0.001,-4.021,-0.001,0.005,-0.003,1.5344
1785820702.491,0.000,WAIT,idle,-1,0,-0.018,0.003,-4.021,-0.003,0.004,-0.003,1.5340
1785820702.591,0.000,WAIT,idle,-1,0,-0.020,0.005,-4.021,-0.005,0.001,-0.002,1.5338
1785820702.691,0.000,WAIT,idle,-1,0,-0.022,0.007,-4.021,-0.006,0.003,-0.001,1.5335
1785820702.791,0.000,WAIT,idle,-1,0,-0.023,0.008,-4.022,-0.008,0.005,-0.001,1.5334
1785820702.891,0.000,WAIT,idle,-1,0,-0.025,0.009,-4.022,-0.011,0.009,-0.003,1.5335
1785820702.991,0.000,WAIT,idle,-1,0,-0.026,0.010,-4.022,-0.007,0.011,-0.001,1.5341
1785820703.091,0.000,WAIT,idle,-1,0,-0.027,0.011,-4.022,-0.007,0.010,-0.001,1.5340
1785820703.191,0.000,WAIT,idle,-1,0,-0.028,0.012,-4.023,-0.004,0.008,-0.001,1.5338
1785820703.291,0.000,WAIT,idle,-1,0,-0.028,0.012,-4.023,0.002,0.003,-0.001,1.5337
1785820703.391,0.000,WAIT,idle,-1,0,-0.028,0.012,-4.023,0.007,-0.001,-0.000,1.5333
1785820703.491,0.000,WAIT,idle,-1,0,-0.028,0.013,-4.023,0.008,-0.006,0.000,1.5331
1785820703.591,0.000,WAIT,idle,-1,0,-0.028,0.013,-4.023,0.006,-0.008,-0.001,1.5327
1785820703.691,0.000,WAIT,idle,-1,0,-0.029,0.013,-4.023,-0.003,0.003,-0.000,1.5329
1785820703.791,0.000,WAIT,idle,-1,0,-0.029,0.012,-4.023,-0.002,0.003,-0.001,1.5333
1785820703.891,0.000,WAIT,idle,-1,0,-0.029,0.012,-4.024,-0.001,0.002,-0.003,1.5335
1785820703.991,0.000,WAIT,idle,-1,0,-0.030,0.012,-4.024,0.005,-0.007,-0.001,1.5336
1785820704.091,0.000,WAIT,idle,-1,0,-0.031,0.012,-4.024,0.006,-0.010,0.001,1.5335
1785820704.191,0.000,WAIT,idle,-1,0,-0.031,0.012,-4.023,0.007,-0.013,-0.001,1.5333
1785820704.291,0.000,WAIT,idle,-1,0,-0.031,0.011,-4.023,0.003,-0.006,-0.000,1.5329
1785820704.391,0.000,WAIT,idle,-1,0,-0.031,0.011,-4.022,0.000,-0.004,0.001,1.5331
1785820704.491,0.000,WAIT,idle,-1,0,-0.031,0.010,-4.020,0.001,-0.002,-0.001,1.5333
1785820704.591,0.000,WAIT,idle,-1,0,-0.030,0.009,-4.019,0.003,0.000,-0.002,1.5336
1785820704.691,0.000,WAIT,idle,-1,0,-0.029,0.009,-4.018,0.007,-0.002,-0.006,1.5340
1785820704.791,0.000,WAIT,idle,-1,0,-0.028,0.008,-4.018,0.011,-0.006,-0.005,1.5340
1785820704.891,0.000,WAIT,idle,-1,0,-0.027,0.008,-4.017,0.011,-0.004,-0.006,1.5340
1785820704.991,0.000,WAIT,idle,-1,0,-0.026,0.007,-4.017,0.008,0.001,-0.005,1.5338
1785820705.091,0.000,WAIT,idle,-1,0,-0.026,0.007,-4.016,0.010,-0.002,-0.006,1.5341
1785820705.191,0.000,WAIT,idle,-1,0,-0.025,0.008,-4.016,0.011,-0.003,-0.006,1.5343
1785820705.291,0.000,WAIT,idle,-1,0,-0.023,0.008,-4.015,0.006,0.004,-0.006,1.5345
1785820705.391,0.000,WAIT,idle,-1,0,-0.022,0.008,-4.014,0.012,-0.008,-0.007,1.5338
1785820705.491,0.000,WAIT,idle,-1,0,-0.021,0.008,-4.014,0.009,-0.004,-0.006,1.5342
1785820705.591,0.000,WAIT,idle,-1,0,-0.020,0.007,-4.013,0.008,-0.010,-0.007,1.5340
1785820705.691,0.000,WAIT,idle,-1,0,-0.019,0.007,-4.013,0.009,-0.010,-0.011,1.5332
1785820705.791,0.000,WAIT,idle,-1,0,-0.018,0.006,-4.012,0.001,0.002,-0.010,1.5328
1785820705.891,0.000,WAIT,idle,-1,0,-0.017,0.006,-4.012,-0.001,0.003,-0.010,1.5330
1785820705.991,0.000,WAIT,idle,-1,0,-0.016,0.005,-4.012,-0.000,0.002,-0.011,1.5334
1785820706.091,0.000,WAIT,idle,-1,0,-0.015,0.004,-4.012,0.000,-0.003,-0.014,1.5332
1785820706.191,0.000,WAIT,idle,-1,0,-0.015,0.004,-4.013,-0.002,-0.002,-0.011,1.5335
1785820706.291,0.000,WAIT,idle,-1,0,-0.015,0.003,-4.013,0.003,-0.007,-0.010,1.5333
1785820706.391,0.000,WAIT,idle,-1,0,-0.014,0.003,-4.013,0.003,-0.007,-0.010,1.5333
1785820706.491,0.000,WAIT,idle,-1,0,-0.014,0.003,-4.012,0.001,-0.007,-0.010,1.5336
1785820706.591,0.000,WAIT,idle,-1,0,-0.014,0.003,-4.013,-0.005,0.001,-0.009,1.5334
1785820706.691,0.000,WAIT,idle,-1,0,-0.014,0.003,-4.013,-0.009,0.006,-0.010,1.5336
1785820706.791,0.000,WAIT,idle,-1,0,-0.013,0.003,-4.013,-0.010,0.007,-0.011,1.5338
1785820706.891,0.000,WAIT,idle,-1,0,-0.013,0.003,-4.014,-0.009,0.006,-0.012,1.5339
1785820706.991,0.000,WAIT,idle,-1,0,-0.012,0.003,-4.015,-0.008,0.005,-0.009,1.5342
1785820707.091,0.000,WAIT,idle,-1,0,-0.012,0.002,-4.016,-0.003,-0.004,-0.009,1.5339
1785820707.191,0.000,WAIT,idle,-1,0,-0.012,0.002,-4.017,-0.000,-0.010,-0.008,1.5336
1785820707.291,0.000,WAIT,idle,-1,0,-0.012,0.002,-4.018,0.001,-0.011,-0.007,1.5331
1785820707.391,0.000,WAIT,idle,-1,0,-0.012,0.003,-4.018,-0.004,-0.004,-0.008,1.5327
1785820707.491,0.000,WAIT,idle,-1,0,-0.012,0.004,-4.019,-0.001,-0.005,-0.005,1.5330
1785820707.591,0.000,WAIT,idle,-1,0,-0.012,0.004,-4.020,-0.007,0.006,-0.005,1.5334
1785820707.691,0.000,WAIT,idle,-1,0,-0.011,0.006,-4.021,-0.006,0.006,-0.002,1.5337
1785820707.791,0.000,WAIT,idle,-1,0,-0.011,0.007,-4.021,-0.009,0.008,-0.001,1.5340
1785820707.891,0.000,WAIT,idle,-1,0,-0.012,0.008,-4.021,-0.008,0.011,-0.002,1.5342
1785820707.991,0.000,WAIT,idle,-1,0,-0.012,0.010,-4.022,-0.007,0.011,-0.002,1.5345
1785820708.091,0.000,WAIT,idle,-1,0,-0.012,0.012,-4.022,-0.005,0.007,-0.003,1.5347
1785820708.191,0.000,WAIT,idle,-1,0,-0.013,0.013,-4.023,-0.002,0.002,-0.003,1.5347
1785820708.291,0.000,WAIT,idle,-1,0,-0.013,0.015,-4.024,-0.001,0.001,-0.001,1.5347
1785820708.391,0.000,WAIT,idle,-1,0,-0.013,0.015,-4.025,0.001,-0.007,-0.001,1.5343
1785820708.491,0.000,WAIT,idle,-1,0,-0.014,0.016,-4.025,0.000,-0.014,0.001,1.5336
1785820708.591,0.000,WAIT,idle,-1,0,-0.014,0.015,-4.026,0.002,-0.014,0.000,1.5337
1785820708.691,0.000,WAIT,idle,-1,0,-0.014,0.015,-4.026,-0.000,-0.019,0.002,1.5333
1785820708.791,0.000,WAIT,idle,-1,0,-0.015,0.014,-4.026,-0.004,-0.019,0.005,1.5329
1785820708.891,0.000,WAIT,idle,-1,0,-0.016,0.014,-4.026,-0.008,-0.012,0.006,1.5329
1785820708.991,0.000,WAIT,idle,-1,0,-0.016,0.014,-4.026,-0.008,-0.006,0.004,1.5329
1785820709.091,0.000,WAIT,idle,-1,0,-0.017,0.014,-4.027,-0.007,-0.001,0.004,1.5334
1785820709.191,0.000,WAIT,idle,-1,0,-0.018,0.015,-4.028,-0.005,-0.006,0.004,1.5338
1785820709.291,0.000,WAIT,idle,-1,0,-0.019,0.015,-4.028,-0.003,-0.008,0.005,1.5337
1785820709.391,0.000,WAIT,idle,-1,0,-0.021,0.016,-4.029,-0.004,-0.010,0.003,1.5338
1785820709.491,0.000,WAIT,idle,-1,0,-0.023,0.017,-4.030,-0.004,-0.012,0.003,1.5338
1785820709.591,0.000,WAIT,idle,-1,0,-0.025,0.018,-4.031,-0.003,-0.013,0.006,1.5336
1785820709.691,0.000,WAIT,idle,-1,0,-0.027,0.018,-4.032,-0.008,-0.007,0.007,1.5336
1785820709.791,0.000,WAIT,idle,-1,0,-0.029,0.018,-4.032,-0.008,-0.004,0.008,1.5338
1785820709.891,0.000,WAIT,idle,-1,0,-0.030,0.018,-4.032,-0.001,-0.008,0.009,1.5343
1785820709.991,0.000,WAIT,idle,-1,0,-0.031,0.018,-4.033,-0.005,-0.005,0.008,1.5342
1785820710.091,0.000,WAIT,idle,-1,0,-0.032,0.018,-4.033,0.006,-0.018,0.010,1.5341
1785820710.191,0.000,WAIT,idle,-1,0,-0.033,0.018,-4.033,0.010,-0.019,0.008,1.5337
1785820710.291,0.000,WAIT,idle,-1,0,-0.034,0.018,-4.034,0.009,-0.019,0.008,1.5334
1785820710.391,0.000,WAIT,idle,-1,0,-0.035,0.017,-4.034,0.009,-0.015,0.011,1.5333
1785820710.491,0.000,WAIT,idle,-1,0,-0.035,0.017,-4.033,0.009,-0.010,0.010,1.5333
1785820710.591,0.000,WAIT,idle,-1,0,-0.035,0.017,-4.033,0.007,-0.003,0.012,1.5336
1785820710.691,0.000,WAIT,idle,-1,0,-0.035,0.017,-4.032,0.012,-0.007,0.013,1.5339
1785820710.791,0.000,WAIT,idle,-1,0,-0.035,0.017,-4.031,0.014,-0.011,0.011,1.5339
1785820710.891,0.000,WAIT,idle,-1,0,-0.035,0.016,-4.031,0.012,-0.015,0.007,1.5336
1785820710.991,0.000,WAIT,idle,-1,0,-0.036,0.015,-4.031,0.010,-0.013,0.006,1.5337
1785820711.091,0.000,WAIT,idle,-1,0,-0.037,0.015,-4.031,0.012,-0.016,0.007,1.5331
1785820711.191,0.000,WAIT,idle,-1,0,-0.038,0.013,-4.031,0.008,-0.014,0.007,1.5333
1785820711.291,0.000,WAIT,idle,-1,0,-0.039,0.012,-4.030,0.003,-0.011,0.006,1.5334
1785820711.391,0.000,WAIT,idle,-1,0,-0.040,0.011,-4.030,0.001,-0.005,0.006,1.5337
1785820711.491,0.000,WAIT,idle,-1,0,-0.040,0.010,-4.030,0.002,-0.007,0.005,1.5339
1785820711.591,0.000,WAIT,idle,-1,0,-0.040,0.009,-4.030,0.005,-0.008,0.008,1.5339
1785820711.691,0.000,WAIT,idle,-1,0,-0.040,0.008,-4.029,0.005,-0.000,0.006,1.5341
1785820711.791,0.000,WAIT,idle,-1,0,-0.038,0.007,-4.028,0.009,-0.001,0.003,1.5340
1785820711.891,0.000,WAIT,idle,-1,0,-0.036,0.005,-4.028,0.011,-0.001,0.004,1.5333
1785820711.991,0.000,WAIT,idle,-1,0,-0.033,0.004,-4.028,0.016,-0.004,0.004,1.5331
1785820712.091,0.000,WAIT,idle,-1,0,-0.030,0.003,-4.027,0.018,-0.006,0.006,1.5320
1785820712.191,0.000,WAIT,idle,-1,0,-0.027,0.002,-4.027,0.022,-0.014,0.004,1.5314
1785820712.291,0.000,WAIT,idle,-1,0,-0.024,0.001,-4.026,0.020,-0.009,0.003,1.5320
1785820712.391,0.000,WAIT,idle,-1,0,-0.021,0.000,-4.026,0.015,-0.007,0.002,1.5318
1785820712.491,0.000,WAIT,idle,-1,0,-0.019,-0.000,-4.025,0.006,0.002,0.002,1.5323
1785820712.591,0.000,WAIT,idle,-1,0,-0.016,-0.001,-4.025,0.000,0.007,0.002,1.5331
1785820712.691,0.000,WAIT,idle,-1,0,-0.014,-0.001,-4.024,-0.000,0.009,-0.001,1.5335
1785820712.791,0.000,WAIT,idle,-1,0,-0.011,-0.002,-4.024,0.004,0.009,-0.004,1.5344
1785820712.891,0.000,WAIT,idle,-1,0,-0.008,-0.002,-4.025,0.007,0.008,0.001,1.5344
1785820712.991,0.000,WAIT,idle,-1,0,-0.005,-0.002,-4.024,0.008,0.005,0.003,1.5343
1785820713.091,0.000,WAIT,idle,-1,0,-0.003,-0.002,-4.024,0.009,-0.003,0.002,1.5337
1785820713.191,0.000,WAIT,idle,-1,0,-0.001,-0.002,-4.024,0.005,-0.003,0.000,1.5337
1785820713.291,0.000,WAIT,idle,-1,0,0.001,-0.002,-4.024,0.003,-0.001,0.001,1.5333
1785820713.391,0.000,WAIT,idle,-1,0,0.003,-0.002,-4.024,0.004,-0.002,0.002,1.5328
1785820713.491,0.000,WAIT,idle,-1,0,0.005,-0.002,-4.024,-0.004,0.004,-0.000,1.5326
1785820713.591,0.000,WAIT,idle,-1,0,0.006,-0.003,-4.024,-0.009,0.001,0.001,1.5326
1785820713.691,0.000,WAIT,idle,-1,0,0.006,-0.003,-4.024,-0.013,0.005,0.001,1.5332
1785820713.791,0.000,WAIT,idle,-1,0,0.006,-0.004,-4.024,-0.013,0.002,-0.001,1.5335
1785820713.891,0.000,WAIT,idle,-1,0,0.006,-0.004,-4.023,-0.009,-0.008,-0.000,1.5331
1785820713.991,0.000,WAIT,idle,-1,0,0.006,-0.004,-4.022,-0.011,-0.000,-0.001,1.5338
1785820714.091,0.000,WAIT,idle,-1,0,0.006,-0.003,-4.022,-0.015,0.000,-0.000,1.5334
1785820714.191,0.000,WAIT,idle,-1,0,0.005,-0.003,-4.021,-0.020,0.004,-0.001,1.5338
1785820714.291,0.000,WAIT,idle,-1,0,0.004,-0.002,-4.021,-0.025,0.009,-0.002,1.5342
1785820714.391,0.000,WAIT,idle,-1,0,0.002,-0.000,-4.020,-0.019,0.005,-0.002,1.5343
1785820714.491,0.000,WAIT,idle,-1,0,0.000,0.001,-4.020,-0.026,0.016,-0.003,1.5346
1785820714.591,0.000,WAIT,idle,-1,0,-0.002,0.003,-4.019,-0.020,0.008,-0.005,1.5350
1785820714.691,0.000,WAIT,idle,-1,0,-0.004,0.004,-4.019,-0.019,0.009,-0.004,1.5350
1785820714.791,0.000,WAIT,idle,-1,0,-0.006,0.005,-4.019,-0.016,0.002,-0.007,1.5349
1785820714.891,0.000,WAIT,idle,-1,0,-0.008,0.007,-4.018,-0.017,-0.001,-0.005,1.5345
1785820714.991,0.000,WAIT,idle,-1,0,-0.011,0.007,-4.017,-0.016,-0.006,-0.005,1.5341
1785820715.091,0.000,WAIT,idle,-1,0,-0.014,0.008,-4.017,-0.018,-0.006,-0.006,1.5336
1785820715.191,0.000,WAIT,idle,-1,0,-0.016,0.007,-4.016,-0.020,-0.002,-0.007,1.5335
1785820715.291,0.000,WAIT,idle,-1,0,-0.019,0.008,-4.016,-0.019,0.002,-0.008,1.5335
1785820715.391,0.000,WAIT,idle,-1,0,-0.021,0.007,-4.016,-0.015,0.002,-0.007,1.5339
1785820715.491,0.000,WAIT,idle,-1,0,-0.022,0.008,-4.015,-0.009,-0.002,-0.005,1.5341
1785820715.591,0.000,WAIT,idle,-1,0,-0.023,0.007,-4.015,-0.003,-0.006,-0.008,1.5339
1785820715.691,0.000,WAIT,idle,-1,0,-0.024,0.008,-4.015,0.001,-0.013,-0.008,1.5336
1785820715.791,0.000,WAIT,idle,-1,0,-0.026,0.007,-4.015,0.002,-0.012,-0.008,1.5335
1785820715.891,0.000,WAIT,idle,-1,0,-0.027,0.007,-4.014,0.001,-0.012,-0.009,1.5333
1785820715.991,0.000,WAIT,idle,-1,0,-0.028,0.008,-4.014,-0.004,-0.002,-0.008,1.5332
1785820716.091,0.000,WAIT,idle,-1,0,-0.029,0.008,-4.013,-0.005,0.002,-0.009,1.5335
1785820716.191,0.000,WAIT,idle,-1,0,-0.030,0.008,-4.013,-0.000,-0.000,-0.010,1.5344
1785820716.291,0.000,WAIT,idle,-1,0,-0.031,0.008,-4.013,-0.006,0.001,-0.010,1.5344
1785820716.391,0.000,WAIT,idle,-1,0,-0.032,0.008,-4.013,0.004,-0.012,-0.010,1.5341
1785820716.491,0.000,WAIT,idle,-1,0,-0.032,0.008,-4.013,0.008,-0.013,-0.011,1.5338
1785820716.591,0.000,WAIT,idle,-1,0,-0.033,0.009,-4.013,0.010,-0.011,-0.010,1.5334
1785820716.691,0.000,WAIT,idle,-1,0,-0.033,0.010,-4.013,0.010,-0.008,-0.011,1.5334
1785820716.791,0.000,WAIT,idle,-1,0,-0.033,0.010,-4.013,0.007,-0.002,-0.010,1.5332
1785820716.891,0.000,WAIT,idle,-1,0,-0.033,0.011,-4.013,0.004,0.002,-0.011,1.5334
1785820716.991,0.000,WAIT,idle,-1,0,-0.033,0.012,-4.014,0.002,0.003,-0.012,1.5336
1785820717.091,0.000,WAIT,idle,-1,0,-0.033,0.012,-4.015,0.003,0.002,-0.012,1.5337
1785820717.191,0.000,WAIT,idle,-1,0,-0.033,0.011,-4.016,0.008,-0.004,-0.011,1.5337
1785820717.291,0.000,WAIT,idle,-1,0,-0.032,0.011,-4.016,0.013,-0.013,-0.010,1.5333
1785820717.391,0.000,WAIT,idle,-1,0,-0.032,0.010,-4.016,0.012,-0.015,-0.006,1.5331
1785820717.491,0.000,WAIT,idle,-1,0,-0.032,0.009,-4.016,0.011,-0.015,-0.004,1.5331
1785820717.591,0.000,WAIT,idle,-1,0,-0.032,0.009,-4.015,0.006,-0.005,-0.006,1.5334
1785820717.691,0.000,WAIT,idle,-1,0,-0.032,0.008,-4.015,0.008,-0.006,-0.007,1.5340
1785820717.791,0.000,WAIT,idle,-1,0,-0.032,0.007,-4.015,0.009,-0.008,-0.007,1.5340
1785820717.891,0.000,WAIT,idle,-1,0,-0.032,0.007,-4.015,0.013,-0.010,-0.007,1.5337
1785820717.991,0.000,WAIT,idle,-1,0,-0.032,0.007,-4.015,0.011,-0.011,-0.008,1.5337
1785820718.091,0.000,WAIT,idle,-1,0,-0.032,0.007,-4.015,0.007,-0.006,-0.008,1.5335
1785820718.191,0.000,WAIT,idle,-1,0,-0.032,0.007,-4.015,0.004,-0.002,-0.009,1.5337
1785820718.291,0.000,WAIT,idle,-1,0,-0.032,0.007,-4.015,0.003,0.001,-0.009,1.5339
1785820718.391,0.000,WAIT,idle,-1,0,-0.032,0.007,-4.015,0.002,0.004,-0.010,1.5342
1785820718.491,0.000,WAIT,idle,-1,0,-0.032,0.006,-4.015,0.003,0.004,-0.009,1.5340
1785820718.591,0.000,WAIT,idle,-1,0,-0.031,0.006,-4.015,0.006,-0.001,-0.008,1.5341
1785820718.691,0.000,WAIT,idle,-1,0,-0.031,0.005,-4.015,0.009,-0.001,-0.005,1.5338
1785820718.791,0.000,WAIT,idle,-1,0,-0.031,0.005,-4.015,0.012,-0.004,-0.006,1.5337
1785820718.891,0.000,WAIT,idle,-1,0,-0.030,0.004,-4.015,0.013,-0.009,-0.008,1.5331
1785820718.991,0.000,WAIT,idle,-1,0,-0.029,0.004,-4.015,0.013,-0.006,-0.008,1.5329
1785820719.091,0.000,WAIT,idle,-1,0,-0.028,0.003,-4.016,0.012,-0.004,-0.010,1.5328
1785820719.191,0.000,WAIT,idle,-1,0,-0.027,0.002,-4.017,0.007,0.003,-0.010,1.5333
1785820719.291,0.000,WAIT,idle,-1,0,-0.026,0.001,-4.018,0.009,0.000,-0.008,1.5334
1785820719.391,0.000,WAIT,idle,-1,0,-0.026,0.000,-4.019,0.004,0.003,-0.005,1.5337
1785820719.491,0.000,WAIT,idle,-1,0,-0.026,0.000,-4.020,0.009,-0.004,-0.004,1.5339
1785820719.591,0.000,WAIT,idle,-1,0,-0.026,0.000,-4.020,0.006,-0.003,-0.003,1.5332
1785820719.691,0.000,WAIT,idle,-1,0,-0.026,0.000,-4.020,0.001,0.002,-0.002,1.5334
1785820719.791,0.000,WAIT,idle,-1,0,-0.026,0.000,-4.021,-0.002,0.009,-0.005,1.5338
1785820719.891,0.000,WAIT,idle,-1,0,-0.026,0.001,-4.022,-0.002,0.011,-0.005,1.5345
1785820719.991,0.000,WAIT,idle,-1,0,-0.026,0.001,-4.022,-0.003,0.011,-0.002,1.5345
1785820720.091,0.000,WAIT,idle,-1,0,-0.026,0.001,-4.023,0.003,0.002,-0.001,1.5345
1785820720.191,0.000,WAIT,idle,-1,0,-0.026,0.002,-4.023,0.008,-0.004,-0.001,1.5341
1785820720.291,0.000,WAIT,idle,-1,0,-0.026,0.002,-4.024,0.005,-0.004,0.000,1.5343
1785820720.391,0.000,WAIT,idle,-1,0,-0.026,0.002,-4.024,-0.003,0.007,0.002,1.5345
1785820720.491,0.000,WAIT,idle,-1,0,-0.025,0.002,-4.025,0.001,0.007,0.001,1.5344
1785820720.591,0.000,WAIT,idle,-1,0,-0.025,0.002,-4.025,0.001,0.005,-0.001,1.5337
1785820720.691,0.000,WAIT,idle,-1,0,-0.025,0.002,-4.026,0.005,0.001,0.001,1.5330
1785820720.791,0.000,WAIT,idle,-1,0,-0.025,0.002,-4.026,0.006,-0.003,0.002,1.5332
1785820720.891,0.000,WAIT,idle,-1,0,-0.025,0.002,-4.026,0.005,-0.004,0.002,1.5332
1785820720.991,0.000,WAIT,idle,-1,0,-0.025,0.003,-4.027,0.003,-0.006,0.003,1.5328
1785820721.091,0.000,WAIT,idle,-1,0,-0.025,0.004,-4.027,0.002,-0.005,0.003,1.5333
1785820721.191,0.000,WAIT,idle,-1,0,-0.025,0.005,-4.027,0.001,0.000,0.003,1.5335
1785820721.291,0.000,WAIT,idle,-1,0,-0.024,0.007,-4.027,0.005,-0.005,0.004,1.5341
1785820721.391,0.000,WAIT,idle,-1,0,-0.023,0.009,-4.027,0.005,-0.004,0.006,1.5341
1785820721.491,0.000,WAIT,idle,-1,0,-0.022,0.010,-4.028,-0.003,0.010,0.005,1.5343
1785820721.591,0.000,WAIT,idle,-1,0,-0.021,0.012,-4.028,-0.003,0.010,0.005,1.5347
1785820721.691,0.000,WAIT,idle,-1,0,-0.020,0.014,-4.028,-0.001,0.008,0.004,1.5346
1785820721.791,0.000,WAIT,idle,-1,0,-0.018,0.015,-4.029,0.004,0.005,0.004,1.5345
1785820721.891,0.000,WAIT,idle,-1,0,-0.017,0.017,-4.029,0.008,-0.005,0.003,1.5339
1785820721.991,0.000,WAIT,idle,-1,0,-0.015,0.018,-4.029,0.008,-0.009,0.006,1.5336
1785820722.091,0.000,WAIT,idle,-1,0,-0.013,0.018,-4.028,0.007,-0.012,0.005,1.5328
1785820722.191,0.000,WAIT,idle,-1,0,-0.011,0.018,-4.027,0.005,-0.010,0.004,1.5324
1785820722.291,0.000,WAIT,idle,-1,0,-0.010,0.018,-4.026,0.001,-0.004,0.007,1.5324
1785820722.391,0.000,WAIT,idle,-1,0,-0.008,0.018,-4.025,-0.001,-0.004,0.006,1.5328
1785820722.491,0.000,WAIT,idle,-1,0,-0.007,0.018,-4.023,-0.003,-0.004,0.005,1.5330
1785820722.591,0.000,WAIT,idle,-1,0,-0.006,0.018,-4.022,-0.005,-0.004,0.003,1.5333
1785820722.691,0.000,WAIT,idle,-1,0,-0.006,0.017,-4.021,-0.002,-0.011,0.000,1.5335
1785820722.791,0.000,WAIT,idle,-1,0,-0.006,0.017,-4.021,-0.001,-0.017,-0.002,1.5336
1785820722.891,0.000,WAIT,idle,-1,0,-0.006,0.017,-4.020,0.001,-0.018,-0.003,1.5336
1785820722.991,0.000,WAIT,idle,-1,0,-0.006,0.017,-4.020,-0.003,-0.019,-0.003,1.5335
1785820723.091,0.000,WAIT,idle,-1,0,-0.007,0.016,-4.020,-0.007,-0.017,-0.005,1.5337
1785820723.191,0.000,WAIT,idle,-1,0,-0.008,0.016,-4.019,-0.012,-0.012,-0.003,1.5336
1785820723.291,0.000,WAIT,idle,-1,0,-0.009,0.016,-4.019,-0.012,-0.012,-0.004,1.5337
1785820723.391,0.000,WAIT,idle,-1,0,-0.010,0.016,-4.018,-0.016,-0.003,-0.006,1.5342
1785820723.491,0.000,WAIT,idle,-1,0,-0.011,0.015,-4.018,-0.017,-0.000,-0.007,1.5346
1785820723.591,0.000,WAIT,idle,-1,0,-0.013,0.015,-4.018,-0.018,-0.001,-0.006,1.5349
1785820723.691,0.000,WAIT,idle,-1,0,-0.014,0.015,-4.018,-0.013,-0.010,-0.003,1.5346
1785820723.791,0.000,WAIT,idle,-1,0,-0.016,0.015,-4.018,-0.011,-0.012,-0.005,1.5338
1785820723.891,0.000,WAIT,idle,-1,0,-0.018,0.014,-4.018,-0.010,-0.008,-0.005,1.5334
1785820723.991,0.000,WAIT,idle,-1,0,-0.019,0.013,-4.018,-0.015,-0.007,-0.005,1.5329
1785820724.091,0.000,WAIT,idle,-1,0,-0.021,0.012,-4.019,-0.015,-0.005,-0.005,1.5330
1785820724.191,0.000,WAIT,idle,-1,0,-0.023,0.011,-4.019,-0.009,-0.013,-0.004,1.5327
1785820724.291,0.000,WAIT,idle,-1,0,-0.023,0.010,-4.019,-0.007,-0.006,-0.005,1.5336
1785820724.391,0.000,WAIT,idle,-1,0,-0.024,0.008,-4.020,-0.003,-0.007,-0.006,1.5335
1785820724.491,0.000,WAIT,idle,-1,0,-0.026,0.007,-4.021,0.000,-0.009,-0.005,1.5336
1785820724.591,0.000,WAIT,idle,-1,0,-0.027,0.007,-4.021,0.003,-0.012,-0.002,1.5334
1785820724.691,0.000,WAIT,idle,-1,0,-0.028,0.007,-4.021,0.005,-0.009,-0.003,1.5336
1785820724.791,0.000,WAIT,idle,-1,0,-0.030,0.007,-4.021,0.001,-0.002,-0.005,1.5334
1785820724.891,0.000,WAIT,idle,-1,0,-0.032,0.007,-4.022,-0.003,0.001,-0.003,1.5338
1785820724.991,0.000,WAIT,idle,-1,0,-0.034,0.006,-4.022,-0.005,0.003,-0.002,1.5342
1785820725.091,0.000,WAIT,idle,-1,0,-0.036,0.005,-4.023,-0.004,0.002,-0.002,1.5344
1785820725.191,0.000,WAIT,idle,-1,0,-0.038,0.004,-4.023,-0.004,0.006,0.000,1.5349
1785820725.291,0.000,WAIT,idle,-1,0,-0.039,0.003,-4.022,0.002,-0.004,0.001,1.5349
1785820725.391,0.000,WAIT,idle,-1,0,-0.041,0.002,-4.022,0.008,-0.007,-0.001,1.5344
1785820725.491,0.000,WAIT,idle,-1,0,-0.041,0.001,-4.022,0.013,-0.010,-0.000,1.5339
1785820725.591,0.000,WAIT,idle,-1,0,-0.041,0.000,-4.021,0.014,-0.012,-0.001,1.5334
1785820725.691,0.000,WAIT,idle,-1,0,-0.041,-0.001,-4.021,0.012,-0.012,-0.001,1.5323
1785820725.791,0.000,WAIT,idle,-1,0,-0.041,-0.002,-4.022,0.010,-0.009,-0.000,1.5318
1785820725.891,0.000,WAIT,idle,-1,0,-0.041,-0.003,-4.022,0.009,-0.002,-0.002,1.5319
1785820725.991,0.000,WAIT,idle,-1,0,-0.040,-0.004,-4.022,0.010,0.005,-0.000,1.5322
1785820726.091,0.000,WAIT,idle,-1,0,-0.039,-0.004,-4.022,0.017,0.000,-0.002,1.5322
1785820726.191,0.000,WAIT,idle,-1,0,-0.038,-0.004,-4.022,0.012,0.008,-0.000,1.5329
1785820726.291,0.000,WAIT,idle,-1,0,-0.037,-0.003,-4.022,0.009,0.009,-0.000,1.5331
1785820726.391,0.000,WAIT,idle,-1,0,-0.036,-0.003,-4.022,0.010,0.012,-0.005,1.5337
1785820726.491,0.000,WAIT,idle,-1,0,-0.035,-0.003,-4.023,0.013,0.013,-0.004,1.5342
1785820726.591,0.000,WAIT,idle,-1,0,-0.033,-0.002,-4.023,0.013,0.011,-0.003,1.5343
1785820726.691,0.000,WAIT,idle,-1,0,-0.032,-0.001,-4.023,0.016,0.002,-0.001,1.5342
1785820726.791,0.000,WAIT,idle,-1,0,-0.031,0.000,-4.023,0.019,0.001,0.001,1.5341
1785820726.891,0.000,WAIT,idle,-1,0,-0.029,0.001,-4.023,0.017,0.004,-0.000,1.5339
1785820726.991,0.000,WAIT,idle,-1,0,-0.027,0.002,-4.023,0.015,0.009,-0.000,1.5337
1785820727.091,0.000,WAIT,idle,-1,0,-0.024,0.003,-4.023,0.012,0.010,-0.001,1.5336
1785820727.191,0.000,WAIT,idle,-1,0,-0.022,0.004,-4.024,0.016,0.008,-0.000,1.5337
1785820727.291,0.000,WAIT,idle,-1,0,-0.020,0.004,-4.024,0.024,-0.006,0.002,1.5329
1785820727.391,0.000,WAIT,idle,-1,0,-0.018,0.005,-4.024,0.020,-0.010,0.001,1.5327
1785820727.491,0.000,WAIT,idle,-1,0,-0.016,0.005,-4.024,0.016,-0.010,0.001,1.5328
1785820727.591,0.000,WAIT,idle,-1,0,-0.015,0.005,-4.025,0.008,-0.007,0.001,1.5326
1785820727.691,0.000,WAIT,idle,-1,0,-0.014,0.005,-4.025,0.008,-0.011,0.002,1.5327
1785820727.791,0.000,WAIT,idle,-1,0,-0.014,0.006,-4.024,0.004,-0.011,0.002,1.5331
1785820727.891,0.000,WAIT,idle,-1,0,-0.015,0.006,-4.024,-0.002,-0.002,0.002,1.5331
1785820727.991,0.000,WAIT,idle,-1,0,-0.015,0.007,-4.024,-0.006,0.002,0.000,1.5334
1785820728.091,0.000,WAIT,idle,-1,0,-0.015,0.008,-4.024,-0.003,0.003,0.000,1.5344
1785820728.191,0.000,WAIT,idle,-1,0,-0.014,0.009,-4.024,-0.002,0.002,0.002,1.5347
1785820728.291,0.000,WAIT,idle,-1,0,-0.014,0.011,-4.023,-0.002,-0.001,0.002,1.5347
1785820728.391,0.000,WAIT,idle,-1,0,-0.015,0.013,-4.023,-0.000,-0.003,-0.000,1.5347
1785820728.491,0.000,WAIT,idle,-1,0,-0.015,0.015,-4.023,-0.001,-0.006,0.001,1.5345
1785820728.591,0.000,WAIT,idle,-1,0,-0.015,0.016,-4.023,-0.003,-0.004,0.001,1.5344
1785820728.691,0.000,WAIT,idle,-1,0,-0.014,0.017,-4.024,-0.006,-0.001,0.002,1.5345
1785820728.791,0.000,WAIT,idle,-1,0,-0.014,0.018,-4.024,-0.006,0.000,-0.000,1.5344
1785820728.891,0.000,WAIT,idle,-1,0,-0.013,0.018,-4.024,-0.006,0.001,0.000,1.5341
1785820728.991,0.000,WAIT,idle,-1,0,-0.012,0.018,-4.024,-0.006,-0.001,0.000,1.5330
1785820729.091,0.000,WAIT,idle,-1,0,-0.011,0.018,-4.024,-0.006,-0.006,0.001,1.5328
1785820729.191,0.000,WAIT,idle,-1,0,-0.010,0.017,-4.024,-0.007,-0.013,0.001,1.5329
1785820729.291,0.000,WAIT,idle,-1,0,-0.009,0.015,-4.024,-0.010,-0.006,0.001,1.5333
1785820729.391,0.000,WAIT,idle,-1,0,-0.008,0.015,-4.024,-0.005,-0.010,0.002,1.5337
1785820729.491,0.000,WAIT,idle,-1,0,-0.007,0.014,-4.024,0.001,-0.017,0.001,1.5336
1785820729.591,0.000,WAIT,idle,-1,0,-0.006,0.014,-4.024,-0.001,-0.015,-0.001,1.5338
1785820729.691,0.000,WAIT,idle,-1,0,-0.005,0.013,-4.024,-0.004,-0.011,-0.001,1.5335
1785820729.791,0.000,WAIT,idle,-1,0,-0.004,0.013,-4.024,0.000,-0.013,0.000,1.5340
1785820729.891,0.000,WAIT,idle,-1,0,-0.003,0.012,-4.024,-0.009,-0.003,0.000,1.5341
1785820729.991,0.000,WAIT,idle,-1,0,-0.002,0.012,-4.024,-0.010,0.002,-0.000,1.5343
1785820730.091,0.000,WAIT,idle,-1,0,-0.001,0.011,-4.024,-0.008,0.001,0.000,1.5345
1785820730.191,0.000,WAIT,idle,-1,0,-0.001,0.010,-4.024,-0.007,-0.004,0.001,1.5343
1785820730.291,0.000,WAIT,idle,-1,0,-0.001,0.009,-4.024,-0.003,-0.015,0.001,1.5337
1785820730.391,0.000,WAIT,idle,-1,0,-0.001,0.007,-4.024,-0.003,-0.018,-0.001,1.5324
1785820730.491,0.000,WAIT,idle,-1,0,-0.001,0.005,-4.024,-0.006,-0.017,-0.001,1.5317
1785820730.591,0.000,WAIT,idle,-1,0,-0.001,0.004,-4.024,-0.013,-0.007,-0.000,1.5321
1785820730.691,0.000,WAIT,idle,-1,0,-0.002,0.002,-4.024,-0.017,-0.004,-0.001,1.5329
1785820730.791,0.000,WAIT,idle,-1,0,-0.003,0.001,-4.024,-0.018,0.000,-0.002,1.5332
1785820730.891,0.000,WAIT,idle,-1,0,-0.004,-0.000,-4.024,-0.010,-0.010,0.001,1.5335
1785820730.991,0.000,WAIT,idle,-1,0,-0.005,-0.001,-4.024,-0.011,-0.010,0.001,1.5337
1785820731.091,0.000,WAIT,idle,-1,0,-0.007,-0.001,-4.024,-0.014,-0.004,0.002,1.5337
1785820731.191,0.000,WAIT,idle,-1,0,-0.009,-0.001,-4.023,-0.013,-0.002,0.001,1.5342
1785820731.291,0.000,WAIT,idle,-1,0,-0.011,-0.001,-4.023,-0.017,0.003,0.001,1.5338
1785820731.391,0.000,WAIT,idle,-1,0,-0.013,-0.001,-4.023,-0.020,0.004,0.000,1.5341
1785820731.491,0.000,WAIT,idle,-1,0,-0.015,-0.001,-4.023,-0.021,0.009,0.000,1.5345
1785820731.591,0.000,WAIT,idle,-1,0,-0.017,-0.002,-4.024,-0.019,0.010,-0.001,1.5348
1785820731.691,0.000,WAIT,idle,-1,0,-0.019,-0.001,-4.024,-0.017,0.007,0.000,1.5351
1785820731.791,0.000,WAIT,idle,-1,0,-0.021,-0.001,-4.024,-0.010,-0.000,0.002,1.5350
1785820731.891,0.000,WAIT,idle,-1,0,-0.022,-0.001,-4.024,-0.006,-0.006,0.002,1.5344
1785820731.991,0.000,WAIT,idle,-1,0,-0.023,-0.000,-4.025,-0.004,-0.008,0.001,1.5341
1785820732.091,0.000,WAIT,idle,-1,0,-0.024,0.001,-4.025,-0.005,-0.001,0.003,1.5332
1785820732.191,0.000,WAIT,idle,-1,0,-0.024,0.001,-4.025,-0.007,0.007,0.004,1.5328
1785820732.291,0.000,WAIT,idle,-1,0,-0.024,0.002,-4.025,-0.006,0.008,0.004,1.5331
1785820732.391,0.000,WAIT,idle,-1,0,-0.024,0.003,-4.025,0.004,-0.003,0.000,1.5334
1785820732.491,0.000,WAIT,idle,-1,0,-0.024,0.005,-4.025,0.001,-0.003,0.000,1.5332
1785820732.591,0.000,WAIT,idle,-1,0,-0.025,0.007,-4.025,-0.003,0.002,0.002,1.5333
1785820732.691,0.000,WAIT,idle,-1,0,-0.025,0.010,-4.026,-0.000,0.002,0.003,1.5336
1785820732.791,0.000,WAIT,idle,-1,0,-0.025,0.012,-4.026,0.001,0.007,0.004,1.5340
1785820732.891,0.000,WAIT,idle,-1,0,-0.024,0.015,-4.026,0.002,0.011,0.001,1.5343
1785820732.991,0.000,WAIT,idle,-1,0,-0.023,0.017,-4.027,0.000,0.014,0.002,1.5348
1785820733.091,0.000,WAIT,idle,-1,0,-0.022,0.018,-4.027,0.004,0.005,0.005,1.5351
1785820733.191,0.000,WAIT,idle,-1,0,-0.022,0.020,-4.028,0.006,-0.002,0.004,1.5346
1785820733.291,0.000,WAIT,idle,-1,0,-0.021,0.020,-4.028,0.007,-0.010,0.005,1.5340
1785820733.391,0.000,WAIT,idle,-1,0,-0.020,0.020,-4.028,0.003,-0.012,0.006,1.5333
1785820733.491,0.000,WAIT,idle,-1,0,-0.019,0.020,-4.028,-0.002,-0.004,0.006,1.5336
1785820733.591,0.000,WAIT,idle,-1,0,-0.018,0.019,-4.028,-0.002,-0.007,0.004,1.5331
1785820733.691,0.000,WAIT,idle,-1,0,-0.017,0.017,-4.029,0.000,-0.013,0.005,1.5329
1785820733.791,0.000,WAIT,idle,-1,0,-0.016,0.016,-4.031,0.007,-0.021,0.005,1.5328
1785820733.891,0.000,WAIT,idle,-1,0,-0.015,0.014,-4.032,0.008,-0.023,0.007,1.5326
1785820733.991,0.000,WAIT,idle,-1,0,-0.014,0.013,-4.033,0.006,-0.021,0.008,1.5326
1785820734.091,0.000,WAIT,idle,-1,0,-0.013,0.011,-4.033,-0.002,-0.009,0.007,1.5328
1785820734.191,0.000,WAIT,idle,-1,0,-0.013,0.010,-4.034,-0.005,-0.008,0.007,1.5329
1785820734.291,0.000,WAIT,idle,-1,0,-0.013,0.009,-4.034,-0.008,-0.000,0.011,1.5337
1785820734.391,0.000,WAIT,idle,-1,0,-0.013,0.008,-4.034,-0.005,-0.002,0.011,1.5340
1785820734.491,0.000,WAIT,idle,-1,0,-0.013,0.006,-4.035,-0.004,-0.006,0.009,1.5343
1785820734.591,0.000,WAIT,idle,-1,0,-0.013,0.005,-4.035,-0.002,-0.010,0.011,1.5340
1785820734.691,0.000,WAIT,idle,-1,0,-0.013,0.003,-4.036,-0.007,-0.007,0.011,1.5337
1785820734.791,0.000,WAIT,idle,-1,0,-0.014,0.001,-4.036,-0.004,-0.011,0.011,1.5340
1785820734.891,0.000,WAIT,idle,-1,0,-0.015,-0.001,-4.037,-0.013,-0.001,0.012,1.5345
1785820734.991,0.000,WAIT,idle,-1,0,-0.016,-0.004,-4.037,-0.010,-0.003,0.011,1.5348
1785820735.091,0.000,WAIT,idle,-1,0,-0.016,-0.007,-4.038,-0.005,-0.007,0.012,1.5342
1785820735.191,0.000,WAIT,idle,-1,0,-0.017,-0.010,-4.038,-0.002,-0.013,0.013,1.5335
1785820735.291,0.000,WAIT,idle,-1,0,-0.018,-0.013,-4.037,-0.001,-0.015,0.015,1.5328
1785820735.391,0.000,WAIT,idle,-1,0,-0.019,-0.016,-4.036,-0.001,-0.012,0.014,1.5329
1785820735.491,0.000,WAIT,idle,-1,0,-0.020,-0.018,-4.035,-0.007,-0.004,0.013,1.5326
1785820735.591,0.000,WAIT,idle,-1,0,-0.022,-0.020,-4.034,-0.012,0.003,0.014,1.5331
1785820735.691,0.000,WAIT,idle,-1,0,-0.024,-0.022,-4.033,-0.014,0.009,0.012,1.5335
1785820735.791,0.000,WAIT,idle,-1,0,-0.026,-0.023,-4.033,-0.013,0.013,0.011,1.5341
1785820735.891,0.000,WAIT,idle,-1,0,-0.028,-0.024,-4.032,-0.013,0.015,0.010,1.5341
1785820735.991,0.000,WAIT,idle,-1,0,-0.030,-0.024,-4.031,-0.012,0.018,0.008,1.5344
1785820736.091,0.000,WAIT,idle,-1,0,-0.031,-0.024,-4.031,-0.009,0.019,0.008,1.5351
1785820736.191,0.000,WAIT,idle,-1,0,-0.033,-0.024,-4.030,-0.004,0.018,0.007,1.5353
1785820736.291,0.000,WAIT,idle,-1,0,-0.035,-0.024,-4.030,-0.004,0.018,0.007,1.5355
1785820736.391,0.000,WAIT,idle,-1,0,-0.036,-0.024,-4.029,0.005,0.009,0.007,1.5350
1785820736.491,0.000,WAIT,idle,-1,0,-0.037,-0.024,-4.028,0.008,0.008,0.008,1.5345
1785820736.591,0.000,WAIT,idle,-1,0,-0.038,-0.024,-4.027,0.006,0.010,0.006,1.5342
1785820736.691,0.000,WAIT,idle,-1,0,-0.038,-0.024,-4.027,0.005,0.015,0.005,1.5339
1785820736.791,0.000,WAIT,idle,-1,0,-0.038,-0.023,-4.026,0.007,0.013,0.006,1.5331
1785820736.891,0.000,WAIT,idle,-1,0,-0.038,-0.023,-4.026,0.006,0.022,0.002,1.5333
1785820736.991,0.000,WAIT,idle,-1,0,-0.037,-0.022,-4.026,0.008,0.022,0.002,1.5332
1785820737.091,0.000,WAIT,idle,-1,0,-0.037,-0.020,-4.026,0.008,0.024,0.002,1.5334
1785820737.191,0.000,WAIT,idle,-1,0,-0.036,-0.019,-4.025,0.011,0.019,0.001,1.5338
1785820737.291,0.000,WAIT,idle,-1,0,-0.036,-0.016,-4.025,0.014,0.018,0.002,1.5341
1785820737.391,0.000,WAIT,idle,-1,0,-0.036,-0.014,-4.025,0.017,0.015,0.001,1.5337
1785820737.491,0.000,WAIT,idle,-1,0,-0.035,-0.012,-4.025,0.013,0.016,0.002,1.5335
1785820737.591,0.000,WAIT,idle,-1,0,-0.035,-0.009,-4.024,0.012,0.016,0.001,1.5339
1785820737.691,0.000,WAIT,idle,-1,0,-0.034,-0.006,-4.023,0.007,0.020,0.001,1.5338
1785820737.791,0.000,WAIT,idle,-1,0,-0.033,-0.003,-4.023,0.006,0.022,0.001,1.5339
1785820737.891,0.000,WAIT,idle,-1,0,-0.032,0.000,-4.022,0.005,0.026,0.002,1.5343
1785820737.991,0.000,WAIT,idle,-1,0,-0.031,0.003,-4.021,0.006,0.022,-0.001,1.5341
1785820738.091,0.000,WAIT,idle,-1,0,-0.029,0.005,-4.021,0.005,0.021,-0.003,1.5348
1785820738.191,0.000,WAIT,idle,-1,0,-0.027,0.007,-4.021,0.008,0.019,-0.003,1.5348
1785820738.291,0.000,WAIT,idle,-1,0,-0.025,0.009,-4.022,0.012,0.015,-0.003,1.5344
1785820738.391,0.000,WAIT,idle,-1,0,-0.022,0.010,-4.022,0.018,0.002,-0.001,1.5336
1785820738.491,0.000,WAIT,idle,-1,0,-0.020,0.010,-4.022,0.012,-0.003,-0.002,1.5330
1785820738.591,0.000,WAIT,idle,-1,0,-0.018,0.010,-4.022,0.007,-0.002,0.001,1.5331
1785820738.691,0.000,WAIT,idle,-1,0,-0.017,0.010,-4.021,0.008,-0.010,0.002,1.5327
1785820738.791,0.000,WAIT,idle,-1,0,-0.016,0.010,-4.021,0.006,-0.009,-0.001,1.5327
1785820738.891,0.000,WAIT,idle,-1,0,-0.014,0.010,-4.021,0.002,-0.008,-0.003,1.5328
1785820738.991,0.000,WAIT,idle,-1,0,-0.013,0.010,-4.021,-0.004,0.002,-0.001,1.5333
1785820739.091,0.000,WAIT,idle,-1,0,-0.011,0.009,-4.022,-0.002,0.002,-0.004,1.5336
1785820739.191,0.000,WAIT,idle,-1,0,-0.010,0.009,-4.022,-0.004,0.001,-0.003,1.5340
1785820739.291,0.000,WAIT,idle,-1,0,-0.009,0.008,-4.022,-0.002,-0.004,-0.001,1.5341
1785820739.391,0.000,WAIT,idle,-1,0,-0.008,0.008,-4.021,-0.001,-0.006,-0.003,1.5340
1785820739.491,0.000,WAIT,idle,-1,0,-0.007,0.008,-4.021,0.004,-0.012,-0.003,1.5336
1785820739.591,0.000,WAIT,idle,-1,0,-0.006,0.008,-4.021,0.002,-0.010,-0.002,1.5334
1785820739.691,0.000,WAIT,idle,-1,0,-0.006,0.008,-4.021,-0.008,0.003,-0.004,1.5335
1785820739.791,0.000,WAIT,idle,-1,0,-0.006,0.008,-4.022,-0.008,0.006,-0.005,1.5337
1785820739.891,0.000,WAIT,idle,-1,0,-0.006,0.007,-4.022,-0.007,0.000,-0.003,1.5343
1785820739.991,0.000,WAIT,idle,-1,0,-0.006,0.007,-4.022,-0.012,0.002,-0.001,1.5345
1785820740.091,0.000,WAIT,idle,-1,0,-0.008,0.007,-4.022,-0.009,-0.006,0.001,1.5344
1785820740.191,0.000,WAIT,idle,-1,0,-0.009,0.006,-4.022,-0.008,-0.006,-0.001,1.5343
1785820740.291,0.000,WAIT,idle,-1,0,-0.011,0.006,-4.023,-0.014,-0.001,-0.000,1.5341
1785820740.391,0.000,WAIT,idle,-1,0,-0.013,0.006,-4.024,-0.011,-0.003,-0.002,1.5342
1785820740.491,0.000,WAIT,idle,-1,0,-0.014,0.005,-4.024,-0.017,0.004,-0.001,1.5344
1785820740.591,0.000,WAIT,idle,-1,0,-0.016,0.004,-4.025,-0.016,0.004,0.000,1.5344
1785820740.691,0.000,WAIT,idle,-1,0,-0.018,0.003,-4.026,-0.015,0.003,0.001,1.5343
1785820740.791,0.000,WAIT,idle,-1,0,-0.020,0.002,-4.027,-0.014,0.002,0.002,1.5342
1785820740.891,0.000,WAIT,idle,-1,0,-0.021,0.001,-4.028,-0.006,-0.005,0.001,1.5341
1785820740.991,0.000,WAIT,idle,-1,0,-0.022,-0.000,-4.028,-0.003,-0.009,0.003,1.5340
1785820741.091,0.000,WAIT,idle,-1,0,-0.023,-0.001,-4.028,0.003,-0.010,0.006,1.5339
1785820741.191,0.000,WAIT,idle,-1,0,-0.024,-0.002,-4.028,0.001,-0.008,0.006,1.5334
1785820741.291,0.000,WAIT,idle,-1,0,-0.024,-0.002,-4.028,0.004,-0.007,0.006,1.5335
1785820741.391,0.000,WAIT,idle,-1,0,-0.024,-0.003,-4.028,-0.001,0.003,0.004,1.5336
1785820741.491,0.000,WAIT,idle,-1,0,-0.024,-0.003,-4.028,-0.000,0.005,0.005,1.5342
1785820741.591,0.000,WAIT,idle,-1,0,-0.025,-0.003,-4.028,0.004,0.003,0.005,1.5342
1785820741.691,0.000,WAIT,idle,-1,0,-0.025,-0.003,-4.028,0.008,-0.002,0.006,1.5341
1785820741.791,0.000,WAIT,idle,-1,0,-0.026,-0.003,-4.028,0.007,-0.001,0.005,1.5338
1785820741.891,0.000,WAIT,idle,-1,0,-0.027,-0.003,-4.028,0.006,-0.002,0.003,1.5337
1785820741.991,0.000,WAIT,idle,-1,0,-0.027,-0.003,-4.028,0.002,0.006,0.003,1.5338
1785820742.091,0.000,WAIT,idle,-1,0,-0.028,-0.003,-4.028,-0.001,0.010,0.003,1.5340
1785820742.191,0.000,WAIT,idle,-1,0,-0.029,-0.003,-4.028,0.001,0.008,0.003,1.5338
1785820742.291,0.000,WAIT,idle,-1,0,-0.030,-0.003,-4.028,-0.000,0.013,0.003,1.5341
1785820742.391,0.000,WAIT,idle,-1,0,-0.031,-0.003,-4.028,0.005,0.007,0.003,1.5342
1785820742.491,0.000,WAIT,idle,-1,0,-0.032,-0.003,-4.027,0.007,0.004,0.006,1.5341
1785820742.591,0.000,WAIT,idle,-1,0,-0.033,-0.002,-4.027,0.009,0.002,0.006,1.5341
1785820742.691,0.000,WAIT,idle,-1,0,-0.033,-0.002,-4.027,0.009,0.005,0.004,1.5342
1785820742.791,0.000,WAIT,idle,-1,0,-0.033,-0.001,-4.027,0.008,0.005,0.003,1.5338
1785820742.891,0.000,WAIT,idle,-1,0,-0.033,-0.000,-4.027,0.006,0.005,0.003,1.5337
1785820742.991,0.000,WAIT,idle,-1,0,-0.033,0.000,-4.027,0.006,0.009,0.004,1.5337
1785820743.091,0.000,WAIT,idle,-1,0,-0.033,0.001,-4.026,0.004,0.015,0.002,1.5342
1785820743.191,0.000,WAIT,idle,-1,0,-0.034,0.002,-4.026,0.002,0.015,0.004,1.5342
1785820743.291,0.000,WAIT,idle,-1,0,-0.034,0.002,-4.025,0.008,0.010,0.004,1.5345
1785820743.391,0.000,WAIT,idle,-1,0,-0.034,0.003,-4.025,0.014,-0.002,0.004,1.5338
1785820743.491,0.000,WAIT,idle,-1,0,-0.035,0.003,-4.024,0.008,0.004,0.003,1.5337
1785820743.591,0.000,WAIT,idle,-1,0,-0.035,0.003,-4.023,0.006,0.007,0.001,1.5340
1785820743.691,0.000,WAIT,idle,-1,0,-0.035,0.002,-4.023,0.007,0.007,-0.001,1.5340
1785820743.791,0.000,WAIT,idle,-1,0,-0.034,0.001,-4.023,0.013,-0.002,-0.001,1.5336
1785820743.891,0.000,WAIT,idle,-1,0,-0.034,0.001,-4.023,0.017,-0.005,-0.001,1.5329
1785820743.991,0.000,WAIT,idle,-1,0,-0.034,0.001,-4.023,0.011,-0.003,-0.002,1.5327
1785820744.091,0.000,WAIT,idle,-1,0,-0.033,0.001,-4.022,0.006,0.005,-0.001,1.5335
1785820744.191,0.000,WAIT,idle,-1,0,-0.033,0.001,-4.022,0.015,-0.008,-0.000,1.5331
1785820744.291,0.000,WAIT,idle,-1,0,-0.033,0.000,-4.022,0.014,-0.008,-0.001,1.5331
1785820744.391,0.000,WAIT,idle,-1,0,-0.034,0.000,-4.021,0.012,-0.008,0.000,1.5331
1785820744.491,0.000,WAIT,idle,-1,0,-0.034,0.000,-4.021,0.007,-0.002,-0.001,1.5330
1785820744.591,0.000,WAIT,idle,-1,0,-0.034,0.001,-4.020,0.004,0.003,-0.000,1.5329
1785820744.691,0.000,WAIT,idle,-1,0,-0.034,0.001,-4.020,-0.001,0.008,-0.002,1.5335
1785820744.791,0.000,WAIT,idle,-1,0,-0.033,0.002,-4.019,0.011,-0.000,-0.002,1.5338
1785820744.891,0.000,WAIT,idle,-1,0,-0.033,0.003,-4.019,0.012,-0.001,-0.003,1.5338
1785820744.991,0.000,WAIT,idle,-1,0,-0.031,0.004,-4.019,0.013,0.001,-0.004,1.5342
1785820745.091,0.000,WAIT,idle,-1,0,-0.030,0.006,-4.019,0.005,0.012,-0.003,1.5341
1785820745.191,0.000,WAIT,idle,-1,0,-0.028,0.007,-4.019,0.005,0.010,-0.004,1.5340
1785820745.291,0.000,WAIT,idle,-1,0,-0.026,0.009,-4.019,0.009,0.013,-0.006,1.5343
1785820745.391,0.000,WAIT,idle,-1,0,-0.024,0.010,-4.020,0.013,0.006,-0.003,1.5343
1785820745.491,0.000,WAIT,idle,-1,0,-0.022,0.012,-4.020,0.014,-0.000,-0.004,1.5342
1785820745.591,0.000,WAIT,idle,-1,0,-0.019,0.013,-4.020,0.018,-0.005,-0.004,1.5341
1785820745.691,0.000,WAIT,idle,-1,0,-0.017,0.014,-4.021,0.018,-0.006,-0.004,1.5341
1785820745.791,0.000,WAIT,idle,-1,0,-0.014,0.015,-4.021,0.015,-0.008,-0.005,1.5334
1785820745.891,0.000,WAIT,idle,-1,0,-0.012,0.015,-4.022,0.010,-0.007,-0.004,1.5329
1785820745.991,0.000,WAIT,idle,-1,0,-0.011,0.015,-4.022,0.007,-0.009,-0.002,1.5325
1785820746.091,0.000,WAIT,idle,-1,0,-0.009,0.015,-4.023,-0.003,-0.001,-0.001,1.5331
1785820746.191,0.000,WAIT,idle,-1,0,-0.009,0.014,-4.023,0.001,-0.008,-0.002,1.5336
1785820746.291,0.000,WAIT,idle,-1,0,-0.008,0.014,-4.024,0.003,-0.011,-0.001,1.5336
1785820746.391,0.000,WAIT,idle,-1,0,-0.008,0.014,-4.024,0.000,-0.014,-0.001,1.5336
1785820746.491,0.000,WAIT,idle,-1,0,-0.007,0.014,-4.024,-0.004,-0.013,0.002,1.5337
1785820746.591,0.000,WAIT,idle,-1,0,-0.007,0.014,-4.024,-0.004,-0.012,0.001,1.5339
1785820746.691,0.000,WAIT,idle,-1,0,-0.007,0.014,-4.024,-0.005,-0.011,0.000,1.5339
1785820746.791,0.000,WAIT,idle,-1,0,-0.007,0.014,-4.025,-0.008,-0.007,0.001,1.5340
1785820746.891,0.000,WAIT,idle,-1,0,-0.006,0.013,-4.025,-0.010,-0.003,-0.000,1.5341
1785820746.991,0.000,WAIT,idle,-1,0,-0.006,0.013,-4.025,-0.014,-0.001,0.002,1.5342
1785820747.091,0.000,WAIT,idle,-1,0,-0.006,0.012,-4.026,-0.013,-0.002,0.001,1.5340
1785820747.191,0.000,WAIT,idle,-1,0,-0.007,0.012,-4.027,-0.014,-0.001,0.003,1.5337
1785820747.291,0.000,WAIT,idle,-1,0,-0.007,0.011,-4.027,-0.015,-0.001,0.002,1.5340
1785820747.391,0.000,WAIT,idle,-1,0,-0.007,0.011,-4.027,-0.016,0.000,0.004,1.5343
1785820747.491,0.000,WAIT,idle,-1,0,-0.007,0.010,-4.027,-0.010,-0.004,0.006,1.5346
1785820747.591,0.000,WAIT,idle,-1,0,-0.008,0.009,-4.027,-0.010,-0.003,0.005,1.5343
1785820747.691,0.000,WAIT,idle,-1,0,-0.008,0.009,-4.027,-0.004,-0.013,0.005,1.5340
1785820747.791,0.000,WAIT,idle,-1,0,-0.008,0.008,-4.027,-0.005,-0.012,0.005,1.5339
1785820747.891,0.000,WAIT,idle,-1,0,-0.009,0.007,-4.027,-0.003,-0.014,0.003,1.5337
1785820747.991,0.000,WAIT,idle,-1,0,-0.010,0.007,-4.027,-0.005,-0.011,0.004,1.5337
1785820748.091,0.000,WAIT,idle,-1,0,-0.012,0.007,-4.026,-0.006,-0.010,0.004,1.5337
1785820748.191,0.000,WAIT,idle,-1,0,-0.014,0.007,-4.026,-0.007,-0.009,0.002,1.5341
1785820748.291,0.000,WAIT,idle,-1,0,-0.016,0.007,-4.026,-0.009,-0.012,0.003,1.5341
1785820748.391,0.000,WAIT,idle,-1,0,-0.019,0.007,-4.026,-0.013,-0.002,0.002,1.5349
1785820748.491,0.000,WAIT,idle,-1,0,-0.022,0.008,-4.026,-0.014,0.003,0.002,1.5347
1785820748.591,0.000,WAIT,idle,-1,0,-0.024,0.009,-4.027,-0.013,0.006,0.001,1.5348
1785820748.691,0.000,WAIT,idle,-1,0,-0.026,0.010,-4.027,-0.008,0.002,0.003,1.5349
1785820748.791,0.000,WAIT,idle,-1,0,-0.027,0.011,-4.027,-0.003,-0.003,0.003,1.5346
1785820748.891,0.000,WAIT,idle,-1,0,-0.029,0.011,-4.026,-0.005,0.000,0.004,1.5349
1785820748.991,0.000,WAIT,idle,-1,0,-0.030,0.011,-4.026,0.001,-0.007,0.003,1.5347
1785820749.091,0.000,WAIT,idle,-1,0,-0.031,0.011,-4.026,0.005,-0.016,0.001,1.5336
1785820749.191,0.000,WAIT,idle,-1,0,-0.031,0.010,-4.027,0.007,-0.015,0.002,1.5328
1785820749.291,0.000,WAIT,idle,-1,0,-0.030,0.009,-4.027,0.005,-0.010,0.003,1.5318
1785820749.391,0.000,WAIT,idle,-1,0,-0.031,0.008,-4.026,0.006,-0.010,0.004,1.5316
1785820749.491,0.000,WAIT,idle,-1,0,-0.031,0.008,-4.026,0.008,-0.009,0.003,1.5320
1785820749.591,0.000,WAIT,idle,-1,0,-0.031,0.009,-4.026,0.003,-0.000,0.003,1.5326
1785820749.691,0.000,WAIT,idle,-1,0,-0.032,0.010,-4.025,0.002,0.007,0.002,1.5332
1785820749.791,0.000,WAIT,idle,-1,0,-0.032,0.011,-4.025,0.006,0.002,0.002,1.5342
1785820749.891,0.000,WAIT,idle,-1,0,-0.033,0.013,-4.024,0.008,-0.002,0.001,1.5342
1785820749.991,0.000,WAIT,idle,-1,0,-0.034,0.014,-4.024,0.009,-0.003,0.001,1.5342
1785820750.091,0.000,WAIT,idle,-1,0,-0.034,0.015,-4.023,0.007,-0.000,0.001,1.5343
1785820750.191,0.000,WAIT,idle,-1,0,-0.034,0.016,-4.023,0.007,0.002,-0.001,1.5344
1785820750.291,0.000,WAIT,idle,-1,0,-0.033,0.016,-4.022,0.007,0.001,-0.003,1.5346
1785820750.391,0.000,WAIT,idle,-1,0,-0.033,0.016,-4.022,0.006,0.002,-0.003,1.5346
1785820750.491,0.000,WAIT,idle,-1,0,-0.032,0.015,-4.021,0.010,-0.004,-0.003,1.5340
1785820750.591,0.000,WAIT,idle,-1,0,-0.031,0.014,-4.021,0.011,-0.012,-0.003,1.5332
1785820750.691,0.000,WAIT,idle,-1,0,-0.030,0.013,-4.021,0.016,-0.022,-0.002,1.5319
1785820750.791,0.000,WAIT,idle,-1,0,-0.029,0.011,-4.021,0.015,-0.020,0.000,1.5321
1785820750.891,0.000,WAIT,idle,-1,0,-0.028,0.010,-4.020,0.013,-0.017,-0.001,1.5324
1785820750.991,0.000,WAIT,idle,-1,0,-0.027,0.010,-4.019,0.010,-0.010,-0.003,1.5325
1785820751.091,0.000,WAIT,idle,-1,0,-0.025,0.009,-4.019,0.004,-0.002,-0.004,1.5333
1785820751.191,0.000,WAIT,idle,-1,0,-0.023,0.009,-4.019,0.004,0.001,-0.005,1.5338
1785820751.291,0.000,WAIT,idle,-1,0,-0.021,0.009,-4.018,0.004,-0.000,-0.005,1.5340
1785820751.391,0.000,WAIT,idle,-1,0,-0.020,0.009,-4.018,0.004,0.001,-0.006,1.5344
1785820751.491,0.000,WAIT,idle,-1,0,-0.018,0.008,-4.017,0.003,0.002,-0.006,1.5344
1785820751.591,0.000,WAIT,idle,-1,0,-0.017,0.008,-4.017,0.008,-0.002,-0.004,1.5347
1785820751.691,0.000,WAIT,idle,-1,0,-0.015,0.008,-4.017,0.012,-0.006,-0.005,1.5344
1785820751.791,0.000,WAIT,idle,-1,0,-0.013,0.007,-4.016,0.014,-0.011,-0.005,1.5340
1785820751.891,0.000,WAIT,idle,-1,0,-0.011,0.007,-4.016,0.012,-0.013,-0.006,1.5334
1785820751.991,0.000,WAIT,idle,-1,0,-0.009,0.005,-4.016,0.001,-0.003,-0.009,1.5332
1785820752.091,0.000,WAIT,idle,-1,0,-0.008,0.004,-4.016,-0.004,0.000,-0.008,1.5333
1785820752.191,0.000,WAIT,idle,-1,0,-0.006,0.003,-4.016,-0.004,0.001,-0.007,1.5336
1785820752.291,0.000,WAIT,idle,-1,0,-0.005,0.002,-4.016,0.002,-0.007,-0.007,1.5337
1785820752.391,0.000,WAIT,idle,-1,0,-0.005,0.001,-4.016,-0.001,-0.003,-0.005,1.5338
1785820752.491,0.000,WAIT,idle,-1,0,-0.004,0.001,-4.016,0.000,-0.009,-0.007,1.5335
1785820752.591,0.000,WAIT,idle,-1,0,-0.004,0.000,-4.016,-0.008,-0.004,-0.008,1.5334
1785820752.691,0.000,WAIT,idle,-1,0,-0.004,-0.001,-4.016,-0.007,-0.005,-0.008,1.5337
1785820752.791,0.000,WAIT,idle,-1,0,-0.004,-0.001,-4.015,-0.016,0.008,-0.006,1.5342
1785820752.891,0.000,WAIT,idle,-1,0,-0.004,-0.001,-4.015,-0.013,0.012,-0.008,1.5348
1785820752.991,0.000,WAIT,idle,-1,0,-0.004,-0.002,-4.015,-0.017,0.015,-0.009,1.5350
1785820753.091,0.000,WAIT,idle,-1,0,-0.004,-0.002,-4.015,-0.012,0.005,-0.008,1.5351
1785820753.191,0.000,WAIT,idle,-1,0,-0.004,-0.002,-4.015,-0.007,0.002,-0.008,1.5348
1785820753.291,0.000,WAIT,idle,-1,0,-0.004,-0.003,-4.015,-0.010,0.002,-0.006,1.5340
1785820753.391,0.000,WAIT,idle,-1,0,-0.003,-0.004,-4.014,-0.014,0.007,-0.007,1.5337
1785820753.491,0.000,WAIT,idle,-1,0,-0.003,-0.005,-4.014,-0.011,0.006,-0.009,1.5337
1785820753.591,0.000,WAIT,idle,-1,0,-0.003,-0.006,-4.014,-0.008,0.001,-0.010,1.5338
1785820753.691,0.000,WAIT,idle,-1,0,-0.002,-0.007,-4.015,-0.005,-0.003,-0.009,1.5331
1785820753.791,0.000,WAIT,idle,-1,0,-0.002,-0.008,-4.015,-0.006,-0.006,-0.010,1.5327
1785820753.891,0.000,WAIT,idle,-1,0,-0.002,-0.009,-4.016,-0.005,-0.006,-0.009,1.5324
1785820753.991,0.000,WAIT,idle,-1,0,-0.002,-0.010,-4.018,-0.007,-0.002,-0.010,1.5325
1785820754.091,0.000,WAIT,idle,-1,0,-0.001,-0.010,-4.019,-0.010,0.003,-0.007,1.5325
1785820754.191,0.000,WAIT,idle,-1,0,-0.001,-0.010,-4.020,-0.015,0.009,-0.007,1.5329
1785820754.291,0.000,WAIT,idle,-1,0,-0.002,-0.010,-4.021,-0.020,0.013,-0.004,1.5336
1785820754.391,0.000,WAIT,idle,-1,0,-0.003,-0.010,-4.021,-0.021,0.013,-0.001,1.5339
1785820754.491,0.000,WAIT,idle,-1,0,-0.004,-0.010,-4.022,-0.023,0.018,-0.003,1.5346
1785820754.591,0.000,WAIT,idle,-1,0,-0.005,-0.010,-4.022,-0.023,0.017,-0.002,1.5345
1785820754.691,0.000,WAIT,idle,-1,0,-0.006,-0.010,-4.022,-0.016,0.012,-0.002,1.5348
1785820754.791,0.000,WAIT,idle,-1,0,-0.008,-0.010,-4.021,-0.016,0.013,-0.002,1.5349
1785820754.891,0.000,WAIT,idle,-1,0,-0.009,-0.010,-4.021,-0.011,0.003,-0.001,1.5344
1785820754.991,0.000,WAIT,idle,-1,0,-0.010,-0.010,-4.022,-0.011,0.004,-0.002,1.5340
1785820755.091,0.000,WAIT,idle,-1,0,-0.012,-0.009,-4.022,-0.012,0.007,-0.001,1.5338
1785820755.191,0.000,WAIT,idle,-1,0,-0.013,-0.009,-4.023,-0.014,0.014,-0.000,1.5344
1785820755.291,0.000,WAIT,idle,-1,0,-0.014,-0.009,-4.023,-0.011,0.014,-0.002,1.5344
1785820755.391,0.000,WAIT,idle,-1,0,-0.015,-0.009,-4.023,-0.003,0.004,-0.001,1.5342
1785820755.491,0.000,WAIT,idle,-1,0,-0.017,-0.008,-4.024,-0.004,0.003,-0.002,1.5341
1785820755.591,0.000,WAIT,idle,-1,0,-0.018,-0.007,-4.024,-0.003,0.000,-0.001,1.5340
1785820755.691,0.000,WAIT,idle,-1,0,-0.019,-0.006,-4.024,-0.010,0.007,0.000,1.5338
1785820755.791,0.000,WAIT,idle,-1,0,-0.021,-0.005,-4.024,-0.009,0.011,0.002,1.5341
1785820755.892,0.000,WAIT,idle,-1,0,-0.022,-0.004,-4.023,-0.009,0.014,0.002,1.5346
1785820755.991,0.000,WAIT,idle,-1,0,-0.024,-0.003,-4.023,-0.001,0.001,0.000,1.5342
1785820756.091,0.000,WAIT,idle,-1,0,-0.026,-0.001,-4.024,-0.002,0.000,0.001,1.5342
1785820756.191,0.000,WAIT,idle,-1,0,-0.027,0.000,-4.024,-0.003,0.003,-0.001,1.5342
1785820756.291,0.000,WAIT,idle,-1,0,-0.029,0.002,-4.024,-0.005,0.005,-0.001,1.5342
1785820756.391,0.000,WAIT,idle,-1,0,-0.030,0.004,-4.025,-0.007,0.005,0.001,1.5346
1785820756.491,0.000,WAIT,idle,-1,0,-0.031,0.005,-4.025,-0.006,0.007,0.000,1.5345
1785820756.591,0.000,WAIT,idle,-1,0,-0.031,0.006,-4.025,-0.002,0.009,0.001,1.5349
1785820756.691,0.000,WAIT,idle,-1,0,-0.030,0.007,-4.025,-0.001,0.008,0.003,1.5346
1785820756.791,0.000,WAIT,idle,-1,0,-0.030,0.008,-4.024,0.007,-0.002,0.001,1.5342
1785820756.891,0.000,WAIT,idle,-1,0,-0.030,0.009,-4.024,0.009,-0.006,0.001,1.5335
1785820756.991,0.000,WAIT,idle,-1,0,-0.029,0.011,-4.024,0.011,-0.010,0.002,1.5331
1785820757.091,0.000,WAIT,idle,-1,0,-0.029,0.012,-4.023,0.008,-0.008,0.002,1.5328
1785820757.191,0.000,WAIT,idle,-1,0,-0.028,0.013,-4.023,0.003,-0.002,0.002,1.5329
1785820757.291,0.000,WAIT,idle,-1,0,-0.028,0.014,-4.022,0.002,0.002,0.001,1.5331
1785820757.391,0.000,WAIT,idle,-1,0,-0.027,0.016,-4.022,0.002,0.006,0.000,1.5335
1785820757.491,0.000,WAIT,idle,-1,0,-0.026,0.018,-4.022,0.004,0.006,0.001,1.5343
1785820757.591,0.000,WAIT,idle,-1,0,-0.024,0.020,-4.022,0.008,0.002,-0.000,1.5344
1785820757.691,0.000,WAIT,idle,-1,0,-0.023,0.021,-4.021,0.008,0.003,-0.003,1.5345
1785820757.791,0.000,WAIT,idle,-1,0,-0.022,0.023,-4.021,0.011,-0.009,-0.003,1.5341
1785820757.891,0.000,WAIT,idle,-1,0,-0.021,0.024,-4.022,0.008,-0.013,-0.003,1.5340
1785820757.991,0.000,WAIT,idle,-1,0,-0.020,0.024,-4.022,0.002,-0.002,-0.002,1.5341
1785820758.091,0.000,WAIT,idle,-1,0,-0.018,0.025,-4.021,0.005,-0.012,-0.002,1.5337
1785820758.191,0.000,WAIT,idle,-1,0,-0.017,0.025,-4.021,0.001,-0.006,-0.003,1.5340
1785820758.291,0.000,WAIT,idle,-1,0,-0.015,0.025,-4.020,0.001,-0.010,-0.004,1.5336
1785820758.391,0.000,WAIT,idle,-1,0,-0.014,0.025,-4.020,0.005,-0.014,-0.004,1.5334
1785820758.491,0.000,WAIT,idle,-1,0,-0.013,0.026,-4.020,0.010,-0.020,-0.004,1.5331
1785820758.591,0.000,WAIT,idle,-1,0,-0.011,0.026,-4.019,0.004,-0.019,-0.005,1.5328
1785820758.691,0.000,WAIT,idle,-1,0,-0.010,0.026,-4.019,0.004,-0.020,-0.003,1.5328
1785820758.791,0.000,WAIT,idle,-1,0,-0.008,0.026,-4.018,-0.001,-0.016,-0.004,1.5328
1785820758.891,0.000,WAIT,idle,-1,0,-0.008,0.026,-4.018,-0.005,-0.011,-0.006,1.5332
1785820758.991,0.000,WAIT,idle,-1,0,-0.007,0.025,-4.018,-0.006,-0.008,-0.006,1.5338
1785820759.091,0.000,WAIT,idle,-1,0,-0.006,0.025,-4.018,-0.011,-0.009,-0.004,1.5340
1785820759.191,0.000,WAIT,idle,-1,0,-0.006,0.024,-4.018,-0.007,-0.013,-0.005,1.5345
1785820759.291,0.000,WAIT,idle,-1,0,-0.006,0.024,-4.018,-0.007,-0.016,-0.005,1.5346
1785820759.391,0.000,WAIT,idle,-1,0,-0.007,0.023,-4.018,-0.003,-0.021,-0.006,1.5343
1785820759.491,0.000,WAIT,idle,-1,0,-0.006,0.022,-4.018,-0.003,-0.025,-0.006,1.5340
1785820759.591,0.000,WAIT,idle,-1,0,-0.006,0.021,-4.018,-0.005,-0.023,-0.006,1.5339
1785820759.691,0.000,WAIT,idle,-1,0,-0.006,0.021,-4.017,-0.009,-0.019,-0.005,1.5338
1785820759.791,0.000,WAIT,idle,-1,0,-0.006,0.020,-4.017,-0.010,-0.020,-0.007,1.5336
1785820759.891,0.000,WAIT,idle,-1,0,-0.006,0.020,-4.016,-0.013,-0.011,-0.007,1.5335
1785820759.991,0.000,WAIT,idle,-1,0,-0.006,0.019,-4.016,-0.014,-0.009,-0.005,1.5335
1785820760.091,0.000,WAIT,idle,-1,0,-0.006,0.018,-4.016,-0.013,-0.009,-0.007,1.5330
1785820760.191,0.000,WAIT,idle,-1,0,-0.005,0.017,-4.016,-0.012,-0.012,-0.007,1.5336
1785820760.291,0.000,WAIT,idle,-1,0,-0.006,0.016,-4.015,-0.015,-0.008,-0.008,1.5336
1785820760.391,0.000,WAIT,idle,-1,0,-0.006,0.015,-4.015,-0.018,-0.007,-0.009,1.5337
1785820760.491,0.000,WAIT,idle,-1,0,-0.007,0.015,-4.014,-0.019,-0.005,-0.008,1.5335
1785820760.591,0.000,WAIT,idle,-1,0,-0.008,0.015,-4.014,-0.020,-0.001,-0.009,1.5339
1785820760.691,0.000,WAIT,idle,-1,0,-0.009,0.015,-4.013,-0.019,-0.001,-0.009,1.5342
1785820760.791,0.000,WAIT,idle,-1,0,-0.010,0.014,-4.013,-0.012,-0.011,-0.008,1.5341
1785820760.891,0.000,WAIT,idle,-1,0,-0.012,0.014,-4.012,-0.010,-0.012,-0.009,1.5341
1785820760.991,0.000,WAIT,idle,-1,0,-0.012,0.014,-4.012,-0.011,-0.010,-0.012,1.5340
1785820761.091,0.000,WAIT,idle,-1,0,-0.013,0.013,-4.013,-0.007,-0.009,-0.011,1.5344
1785820761.191,0.000,WAIT,idle,-1,0,-0.014,0.013,-4.013,-0.012,-0.003,-0.010,1.5339
1785820761.291,0.000,WAIT,idle,-1,0,-0.014,0.012,-4.014,-0.014,0.000,-0.008,1.5343
1785820761.391,0.000,WAIT,idle,-1,0,-0.014,0.010,-4.014,-0.013,-0.001,-0.008,1.5334
1785820761.491,0.000,WAIT,idle,-1,0,-0.014,0.009,-4.014,-0.008,-0.007,-0.010,1.5331
1785820761.591,0.000,WAIT,idle,-1,0,-0.015,0.007,-4.015,-0.002,-0.016,-0.011,1.5329
1785820761.691,0.000,WAIT,idle,-1,0,-0.015,0.004,-4.015,-0.003,-0.017,-0.010,1.5327
1785820761.791,0.000,WAIT,idle,-1,0,-0.016,0.002,-4.015,-0.003,-0.017,-0.010,1.5327
1785820761.891,0.000,WAIT,idle,-1,0,-0.016,0.000,-4.016,-0.007,-0.008,-0.009,1.5324
1785820761.991,0.000,WAIT,idle,-1,0,-0.017,-0.002,-4.016,-0.006,-0.005,-0.008,1.5325
1785820762.091,0.000,WAIT,idle,-1,0,-0.017,-0.004,-4.016,-0.010,0.003,-0.010,1.5331
1785820762.191,0.000,WAIT,idle,-1,0,-0.018,-0.005,-4.016,-0.005,-0.006,-0.009,1.5333
1785820762.291,0.000,WAIT,idle,-1,0,-0.020,-0.006,-4.017,-0.004,-0.004,-0.008,1.5335
1785820762.391,0.000,WAIT,idle,-1,0,-0.021,-0.007,-4.017,-0.005,-0.003,-0.006,1.5335
1785820762.491,0.000,WAIT,idle,-1,0,-0.023,-0.008,-4.018,-0.010,0.005,-0.007,1.5337
1785820762.591,0.000,WAIT,idle,-1,0,-0.024,-0.009,-4.018,-0.009,0.011,-0.005,1.5339
1785820762.691,0.000,WAIT,idle,-1,0,-0.025,-0.009,-4.018,-0.009,0.014,-0.005,1.5342
1785820762.791,0.000,WAIT,idle,-1,0,-0.026,-0.010,-4.018,-0.003,0.013,-0.004,1.5347
1785820762.891,0.000,WAIT,idle,-1,0,-0.027,-0.011,-4.018,0.002,0.010,-0.004,1.5347
1785820762.991,0.000,WAIT,idle,-1,0,-0.027,-0.012,-4.018,0.005,0.004,-0.004,1.5344
1785820763.091,0.000,WAIT,idle,-1,0,-0.028,-0.013,-4.018,0.007,-0.000,-0.005,1.5338
1785820763.191,0.000,WAIT,idle,-1,0,-0.028,-0.015,-4.019,0.011,-0.005,-0.003,1.5335
1785820763.291,0.000,WAIT,idle,-1,0,-0.029,-0.017,-4.019,0.006,-0.001,-0.006,1.5322
1785820763.391,0.000,WAIT,idle,-1,0,-0.029,-0.018,-4.019,-0.000,0.003,-0.005,1.5318
1785820763.491,0.000,WAIT,idle,-1,0,-0.030,-0.020,-4.019,-0.004,0.007,-0.007,1.5325
1785820763.591,0.000,WAIT,idle,-1,0,-0.031,-0.021,-4.020,-0.002,0.008,-0.004,1.5329
1785820763.691,0.000,WAIT,idle,-1,0,-0.032,-0.022,-4.020,-0.004,0.014,-0.003,1.5335
1785820763.791,0.000,WAIT,idle,-1,0,-0.033,-0.023,-4.020,-0.005,0.017,-0.003,1.5337
1785820763.891,0.000,WAIT,idle,-1,0,-0.034,-0.022,-4.020,-0.002,0.021,-0.003,1.5342
1785820763.991,0.000,WAIT,idle,-1,0,-0.035,-0.022,-4.021,0.003,0.017,-0.002,1.5342
1785820764.091,0.000,WAIT,idle,-1,0,-0.035,-0.021,-4.021,0.004,0.015,-0.001,1.5344
1785820764.191,0.000,WAIT,idle,-1,0,-0.036,-0.020,-4.022,0.001,0.021,-0.001,1.5344
1785820764.291,0.000,WAIT,idle,-1,0,-0.036,-0.019,-4.022,0.005,0.018,-0.001,1.5343
1785820764.391,0.000,WAIT,idle,-1,0,-0.036,-0.018,-4.022,0.002,0.025,-0.000,1.5346
1785820764.491,0.000,WAIT,idle,-1,0,-0.036,-0.018,-4.022,0.004,0.024,-0.000,1.5341
1785820764.591,0.000,WAIT,idle,-1,0,-0.035,-0.017,-4.023,0.007,0.020,0.000,1.5341
1785820764.691,0.000,WAIT,idle,-1,0,-0.034,-0.016,-4.023,0.008,0.020,0.000,1.5340
1785820764.791,0.000,WAIT,idle,-1,0,-0.032,-0.015,-4.024,0.013,0.016,-0.001,1.5334
1785820764.891,0.000,WAIT,idle,-1,0,-0.030,-0.014,-4.025,0.015,0.014,-0.002,1.5328
1785820764.991,0.000,WAIT,idle,-1,0,-0.027,-0.013,-4.026,0.014,0.009,-0.001,1.5329
1785820765.091,0.000,WAIT,idle,-1,0,-0.025,-0.012,-4.026,0.015,0.006,0.001,1.5329
1785820765.191,0.000,WAIT,idle,-1,0,-0.023,-0.011,-4.027,0.013,0.005,0.002,1.5330
1785820765.291,0.000,WAIT,idle,-1,0,-0.020,-0.010,-4.027,0.011,0.010,0.002,1.5330
1785820765.391,0.000,WAIT,idle,-1,0,-0.017,-0.008,-4.027,0.009,0.015,0.003,1.5333
1785820765.491,0.000,WAIT,idle,-1,0,-0.014,-0.006,-4.027,0.004,0.022,0.004,1.5337
1785820765.591,0.000,WAIT,idle,-1,0,-0.012,-0.004,-4.028,0.002,0.024,0.006,1.5342
1785820765.691,0.000,WAIT,idle,-1,0,-0.009,-0.002,-4.028,0.001,0.022,0.006,1.5346
1785820765.791,0.000,WAIT,idle,-1,0,-0.007,-0.000,-4.028,0.001,0.017,0.005,1.5346
1785820765.891,0.000,WAIT,idle,-1,0,-0.006,0.002,-4.028,0.003,0.009,0.006,1.5346
1785820765.991,0.000,WAIT,idle,-1,0,-0.004,0.003,-4.028,0.004,0.001,0.006,1.5343
1785820766.091,0.000,WAIT,idle,-1,0,-0.003,0.005,-4.029,-0.007,0.011,0.005,1.5344
1785820766.191,0.000,WAIT,idle,-1,0,-0.002,0.006,-4.029,-0.009,0.010,0.006,1.5343
1785820766.291,0.000,WAIT,idle,-1,0,-0.001,0.006,-4.029,-0.010,0.007,0.005,1.5340
1785820766.391,0.000,WAIT,idle,-1,0,0.000,0.007,-4.029,-0.010,0.003,0.005,1.5339
1785820766.491,0.000,WAIT,idle,-1,0,0.001,0.007,-4.029,-0.008,0.000,0.005,1.5339
1785820766.591,0.000,WAIT,idle,-1,0,0.001,0.008,-4.029,-0.005,-0.009,0.004,1.5335
1785820766.691,0.000,WAIT,idle,-1,0,0.001,0.008,-4.030,-0.008,-0.011,0.005,1.5333
1785820766.791,0.000,WAIT,idle,-1,0,0.001,0.008,-4.030,-0.012,-0.002,0.005,1.5335
1785820766.891,0.000,WAIT,idle,-1,0,0.001,0.008,-4.031,-0.015,0.003,0.005,1.5337
1785820766.991,0.000,WAIT,idle,-1,0,0.001,0.008,-4.031,-0.018,0.007,0.007,1.5343
1785820767.091,0.000,WAIT,idle,-1,0,0.001,0.008,-4.032,-0.020,0.008,0.007,1.5347
1785820767.191,0.000,WAIT,idle,-1,0,0.001,0.008,-4.032,-0.018,0.006,0.007,1.5349
1785820767.291,0.000,WAIT,idle,-1,0,-0.001,0.008,-4.032,-0.019,0.006,0.008,1.5348
1785820767.391,0.000,WAIT,idle,-1,0,-0.002,0.008,-4.032,-0.016,-0.006,0.007,1.5347
1785820767.491,0.000,WAIT,idle,-1,0,-0.004,0.007,-4.032,-0.014,-0.011,0.009,1.5345
1785820767.591,0.000,WAIT,idle,-1,0,-0.006,0.006,-4.031,-0.014,-0.013,0.010,1.5339
1785820767.691,0.000,WAIT,idle,-1,0,-0.007,0.005,-4.031,-0.014,-0.014,0.009,1.5335
1785820767.791,0.000,WAIT,idle,-1,0,-0.009,0.005,-4.030,-0.016,-0.011,0.008,1.5331
1785820767.891,0.000,WAIT,idle,-1,0,-0.011,0.004,-4.030,-0.019,-0.006,0.006,1.5329
1785820767.991,0.000,WAIT,idle,-1,0,-0.014,0.004,-4.029,-0.018,-0.005,0.007,1.5329
1785820768.091,0.000,WAIT,idle,-1,0,-0.016,0.003,-4.029,-0.023,0.006,0.007,1.5334
1785820768.191,0.000,WAIT,idle,-1,0,-0.019,0.003,-4.028,-0.021,0.008,0.005,1.5339
1785820768.291,0.000,WAIT,idle,-1,0,-0.021,0.003,-4.028,-0.019,0.008,0.004,1.5342
1785820768.391,0.000,WAIT,idle,-1,0,-0.024,0.003,-4.028,-0.014,0.004,0.003,1.5345
1785820768.491,0.000,WAIT,idle,-1,0,-0.027,0.003,-4.028,-0.015,0.006,0.004,1.5346
1785820768.591,0.000,WAIT,idle,-1,0,-0.030,0.003,-4.028,-0.014,0.005,0.004,1.5351
1785820768.691,0.000,WAIT,idle,-1,0,-0.033,0.002,-4.028,-0.006,-0.003,0.005,1.5349
1785820768.791,0.000,WAIT,idle,-1,0,-0.035,0.002,-4.027,-0.001,-0.005,0.005,1.5348
1785820768.891,0.000,WAIT,idle,-1,0,-0.036,0.002,-4.027,0.003,-0.002,0.004,1.5345
1785820768.991,0.000,WAIT,idle,-1,0,-0.038,0.002,-4.027,-0.000,0.006,0.003,1.5345
1785820769.091,0.000,WAIT,idle,-1,0,-0.038,0.001,-4.026,0.005,0.001,0.002,1.5340
1785820769.191,0.000,WAIT,idle,-1,0,-0.038,0.000,-4.025,0.005,0.000,0.003,1.5335
1785820769.291,0.000,WAIT,idle,-1,0,-0.038,-0.001,-4.025,0.005,0.002,0.002,1.5323
1785820769.391,0.000,WAIT,idle,-1,0,-0.038,-0.002,-4.025,0.006,0.003,0.001,1.5323
1785820769.491,0.000,WAIT,idle,-1,0,-0.038,-0.003,-4.024,0.006,-0.001,0.002,1.5324
1785820769.591,0.000,WAIT,idle,-1,0,-0.038,-0.004,-4.024,0.013,-0.007,0.001,1.5325
1785820769.691,0.000,WAIT,idle,-1,0,-0.038,-0.005,-4.023,0.005,0.004,-0.000,1.5329
1785820769.791,0.000,WAIT,idle,-1,0,-0.038,-0.005,-4.023,0.002,0.010,0.000,1.5334
1785820769.891,0.000,WAIT,idle,-1,0,-0.039,-0.005,-4.023,0.005,0.010,0.000,1.5340
1785820769.991,0.000,WAIT,idle,-1,0,-0.039,-0.005,-4.022,0.004,0.015,0.000,1.5340
1785820770.091,0.000,WAIT,idle,-1,0,-0.039,-0.005,-4.022,0.010,0.006,-0.002,1.5339
1785820770.191,0.000,WAIT,idle,-1,0,-0.039,-0.005,-4.022,0.010,0.007,-0.002,1.5343
1785820770.291,0.000,WAIT,idle,-1,0,-0.039,-0.005,-4.022,0.015,0.004,0.001,1.5341
1785820770.391,0.000,WAIT,idle,-1,0,-0.038,-0.006,-4.022,0.017,0.001,-0.000,1.5340
1785820770.491,0.000,WAIT,idle,-1,0,-0.037,-0.006,-4.022,0.017,0.000,-0.001,1.5336
1785820770.591,0.000,WAIT,idle,-1,0,-0.035,-0.008,-4.022,0.018,-0.002,-0.002,1.5334
1785820770.691,0.000,WAIT,idle,-1,0,-0.033,-0.009,-4.022,0.014,0.006,-0.002,1.5329
1785820770.791,0.000,WAIT,idle,-1,0,-0.030,-0.010,-4.021,0.012,0.012,-0.002,1.5329
1785820770.891,0.000,WAIT,idle,-1,0,-0.028,-0.011,-4.021,0.011,0.010,-0.001,1.5329
1785820770.991,0.000,WAIT,idle,-1,0,-0.025,-0.012,-4.021,0.013,0.009,-0.003,1.5330
1785820771.091,0.000,WAIT,idle,-1,0,-0.023,-0.013,-4.021,0.017,0.001,-0.001,1.5327
1785820771.191,0.000,WAIT,idle,-1,0,-0.021,-0.013,-4.020,0.013,0.001,-0.002,1.5329
1785820771.291,0.000,WAIT,idle,-1,0,-0.019,-0.013,-4.020,0.010,0.002,-0.002,1.5329
1785820771.391,0.000,WAIT,idle,-1,0,-0.018,-0.013,-4.020,0.005,0.006,-0.003,1.5331
1785820771.491,0.000,WAIT,idle,-1,0,-0.016,-0.014,-4.021,0.000,0.013,-0.004,1.5334
1785820771.591,0.000,WAIT,idle,-1,0,-0.014,-0.014,-4.021,-0.001,0.017,-0.003,1.5338
1785820771.691,0.000,WAIT,idle,-1,0,-0.013,-0.014,-4.021,0.001,0.015,-0.003,1.5338
1785820771.791,0.000,WAIT,idle,-1,0,-0.011,-0.015,-4.022,-0.002,0.018,-0.005,1.5343
1785820771.891,0.000,WAIT,idle,-1,0,-0.009,-0.015,-4.022,-0.001,0.018,-0.002,1.5341
1785820771.991,0.000,WAIT,idle,-1,0,-0.008,-0.016,-4.022,0.003,0.014,-0.001,1.5345
1785820772.091,0.000,WAIT,idle,-1,0,-0.007,-0.016,-4.022,0.006,0.002,-0.001,1.5339
1785820772.191,0.000,WAIT,idle,-1,0,-0.006,-0.017,-4.022,0.004,0.002,-0.001,1.5338
1785820772.291,0.000,WAIT,idle,-1,0,-0.005,-0.017,-4.022,0.003,-0.000,-0.003,1.5332
1785820772.391,0.000,WAIT,idle,-1,0,-0.005,-0.017,-4.022,-0.003,0.002,-0.002,1.5331
1785820772.491,0.000,WAIT,idle,-1,0,-0.006,-0.017,-4.022,-0.008,0.009,-0.000,1.5331
1785820772.591,0.000,WAIT,idle,-1,0,-0.006,-0.015,-4.022,-0.012,0.015,0.002,1.5334
1785820772.691,0.000,WAIT,idle,-1,0,-0.007,-0.014,-4.022,-0.015,0.021,0.001,1.5338
1785820772.791,0.000,WAIT,idle,-1,0,-0.007,-0.012,-4.022,-0.014,0.027,-0.001,1.5344
1785820772.891,0.000,WAIT,idle,-1,0,-0.007,-0.010,-4.023,-0.013,0.027,-0.002,1.5349
1785820772.991,0.000,WAIT,idle,-1,0,-0.007,-0.008,-4.024,-0.014,0.026,-0.002,1.5350
1785820773.091,0.000,WAIT,idle,-1,0,-0.007,-0.006,-4.025,-0.012,0.022,-0.001,1.5352
1785820773.191,0.000,WAIT,idle,-1,0,-0.008,-0.004,-4.026,-0.009,0.015,0.001,1.5350
1785820773.291,0.000,WAIT,idle,-1,0,-0.010,-0.003,-4.026,-0.007,0.006,0.003,1.5346
1785820773.391,0.000,WAIT,idle,-1,0,-0.011,-0.001,-4.026,-0.007,0.008,0.004,1.5346
1785820773.491,0.000,WAIT,idle,-1,0,-0.013,0.001,-4.027,-0.008,0.007,0.004,1.5345
1785820773.591,0.000,WAIT,idle,-1,0,-0.015,0.003,-4.027,-0.009,0.009,0.003,1.5345
1785820773.691,0.000,WAIT,idle,-1,0,-0.017,0.005,-4.028,-0.011,0.012,0.001,1.5343
1785820773.791,0.000,WAIT,idle,-1,0,-0.018,0.007,-4.028,-0.012,0.013,0.003,1.5341
1785820773.891,0.000,WAIT,idle,-1,0,-0.020,0.008,-4.028,-0.010,0.013,0.004,1.5340
1785820773.991,0.000,WAIT,idle,-1,0,-0.021,0.008,-4.028,-0.011,0.008,0.004,1.5335
1785820774.091,0.000,WAIT,idle,-1,0,-0.022,0.008,-4.028,-0.008,0.003,0.003,1.5330
1785820774.191,0.000,WAIT,idle,-1,0,-0.024,0.007,-4.028,-0.001,-0.007,0.003,1.5328
1785820774.291,0.000,WAIT,idle,-1,0,-0.025,0.008,-4.029,-0.003,-0.007,0.003,1.5324
1785820774.391,0.000,WAIT,idle,-1,0,-0.026,0.008,-4.029,-0.005,0.000,0.004,1.5327
1785820774.491,0.000,WAIT,idle,-1,0,-0.028,0.009,-4.030,-0.008,0.009,0.003,1.5335
1785820774.591,0.000,WAIT,idle,-1,0,-0.029,0.010,-4.030,-0.006,0.005,0.006,1.5340
1785820774.691,0.000,WAIT,idle,-1,0,-0.031,0.011,-4.030,-0.003,-0.002,0.006,1.5338
1785820774.791,0.000,WAIT,idle,-1,0,-0.034,0.013,-4.031,-0.004,0.001,0.006,1.5344
1785820774.891,0.000,WAIT,idle,-1,0,-0.036,0.014,-4.031,0.000,0.001,0.007,1.5343
1785820774.991,0.000,WAIT,idle,-1,0,-0.037,0.016,-4.031,0.004,-0.001,0.006,1.5346
1785820775.091,0.000,WAIT,idle,-1,0,-0.038,0.017,-4.030,0.002,0.000,0.009,1.5343
1785820775.191,0.000,WAIT,idle,-1,0,-0.039,0.017,-4.029,0.007,-0.004,0.008,1.5344
1785820775.291,0.000,WAIT,idle,-1,0,-0.039,0.018,-4.029,0.004,0.002,0.007,1.5341
1785820775.391,0.000,WAIT,idle,-1,0,-0.039,0.017,-4.028,0.006,0.003,0.005,1.5342
1785820775.491,0.000,WAIT,idle,-1,0,-0.039,0.016,-4.027,0.017,-0.011,0.008,1.5331
1785820775.591,0.000,WAIT,idle,-1,0,-0.038,0.016,-4.025,0.017,-0.015,0.006,1.5322
1785820775.691,0.000,WAIT,idle,-1,0,-0.038,0.015,-4.025,0.012,-0.011,0.003,1.5318
1785820775.791,0.000,WAIT,idle,-1,0,-0.038,0.013,-4.025,0.006,-0.002,-0.000,1.5321
1785820775.891,0.000,WAIT,idle,-1,0,-0.038,0.012,-4.025,0.006,-0.000,0.001,1.5327
1785820775.991,0.000,WAIT,idle,-1,0,-0.037,0.010,-4.025,0.006,-0.000,0.003,1.5327
1785820776.091,0.000,WAIT,idle,-1,0,-0.037,0.008,-4.025,0.006,-0.001,0.001,1.5329
1785820776.191,0.000,WAIT,idle,-1,0,-0.036,0.007,-4.025,0.009,-0.002,0.002,1.5336
1785820776.291,0.000,WAIT,idle,-1,0,-0.036,0.005,-4.025,0.009,0.001,0.002,1.5338
1785820776.391,0.000,WAIT,idle,-1,0,-0.035,0.004,-4.024,0.012,0.000,0.001,1.5341
1785820776.491,0.000,WAIT,idle,-1,0,-0.034,0.003,-4.024,0.009,0.004,0.001,1.5341
1785820776.591,0.000,WAIT,idle,-1,0,-0.033,0.002,-4.024,0.019,-0.008,-0.002,1.5338
1785820776.691,0.000,WAIT,idle,-1,0,-0.032,0.000,-4.023,0.021,-0.010,0.002,1.5335
1785820776.791,0.000,WAIT,idle,-1,0,-0.030,-0.001,-4.023,0.016,-0.002,0.001,1.5341
1785820776.891,0.000,WAIT,idle,-1,0,-0.029,-0.001,-4.022,0.014,0.001,-0.000,1.5343
1785820776.991,0.000,WAIT,idle,-1,0,-0.029,-0.002,-4.022,0.015,-0.002,-0.002,1.5339
1785820777.091,0.000,WAIT,idle,-1,0,-0.028,-0.003,-4.022,0.014,-0.003,-0.001,1.5340
1785820777.191,0.000,WAIT,idle,-1,0,-0.027,-0.003,-4.022,0.012,-0.004,-0.002,1.5341
1785820777.291,0.000,WAIT,idle,-1,0,-0.026,-0.004,-4.022,0.005,0.002,-0.002,1.5342
1785820777.391,0.000,WAIT,idle,-1,0,-0.026,-0.006,-4.022,0.002,0.005,-0.000,1.5343
1785820777.491,0.000,WAIT,idle,-1,0,-0.025,-0.008,-4.021,0.004,0.006,-0.002,1.5347
1785820777.591,0.000,WAIT,idle,-1,0,-0.024,-0.009,-4.021,0.015,-0.003,-0.002,1.5344
1785820777.691,0.000,WAIT,idle,-1,0,-0.022,-0.011,-4.021,0.007,0.004,-0.002,1.5332
1785820777.791,0.000,WAIT,idle,-1,0,-0.021,-0.013,-4.020,0.007,0.007,-0.002,1.5334
1785820777.891,0.000,WAIT,idle,-1,0,-0.020,-0.015,-4.020,0.008,0.005,-0.002,1.5336
1785820777.991,0.000,WAIT,idle,-1,0,-0.019,-0.016,-4.019,0.008,0.006,-0.003,1.5339
1785820778.091,0.000,WAIT,idle,-1,0,-0.019,-0.017,-4.019,0.007,0.006,-0.006,1.5339
1785820778.191,0.000,WAIT,idle,-1,0,-0.018,-0.017,-4.019,0.004,0.004,-0.005,1.5337
1785820778.291,0.000,WAIT,idle,-1,0,-0.018,-0.017,-4.019,-0.006,0.019,-0.005,1.5343
1785820778.391,0.000,WAIT,idle,-1,0,-0.018,-0.018,-4.019,-0.004,0.018,-0.004,1.5348
1785820778.491,0.000,WAIT,idle,-1,0,-0.017,-0.018,-4.019,0.000,0.009,-0.003,1.5350
1785820778.591,0.000,WAIT,idle,-1,0,-0.017,-0.019,-4.018,0.004,0.002,-0.000,1.5342
1785820778.691,0.000,WAIT,idle,-1,0,-0.016,-0.020,-4.017,0.004,0.003,-0.004,1.5336
1785820778.791,0.000,WAIT,idle,-1,0,-0.015,-0.020,-4.017,0.001,0.002,-0.006,1.5334
1785820778.891,0.000,WAIT,idle,-1,0,-0.014,-0.021,-4.017,-0.003,0.007,-0.007,1.5328
1785820778.991,0.000,WAIT,idle,-1,0,-0.014,-0.021,-4.016,-0.006,0.013,-0.007,1.5328
1785820779.091,0.000,WAIT,idle,-1,0,-0.013,-0.021,-4.016,-0.003,0.014,-0.007,1.5332
1785820779.191,0.000,WAIT,idle,-1,0,-0.012,-0.020,-4.016,-0.007,0.019,-0.007,1.5336
1785820779.291,0.000,WAIT,idle,-1,0,-0.011,-0.020,-4.015,-0.008,0.022,-0.008,1.5339
1785820779.391,0.000,WAIT,idle,-1,0,-0.011,-0.019,-4.015,-0.003,0.018,-0.007,1.5342
1785820779.491,0.000,WAIT,idle,-1,0,-0.011,-0.018,-4.014,-0.005,0.022,-0.009,1.5343
1785820779.591,0.000,WAIT,idle,-1,0,-0.010,-0.016,-4.014,-0.000,0.014,-0.011,1.5342
1785820779.691,0.000,WAIT,idle,-1,0,-0.010,-0.015,-4.014,-0.003,0.013,-0.011,1.5338
1785820779.791,0.000,WAIT,idle,-1,0,-0.010,-0.013,-4.015,-0.007,0.016,-0.013,1.5339
1785820779.891,0.000,WAIT,idle,-1,0,-0.010,-0.011,-4.016,-0.011,0.026,-0.011,1.5343
1785820779.991,0.000,WAIT,idle,-1,0,-0.009,-0.009,-4.016,-0.010,0.025,-0.009,1.5351
1785820780.091,0.000,WAIT,idle,-1,0,-0.009,-0.006,-4.017,-0.011,0.024,-0.008,1.5352
1785820780.191,0.000,WAIT,idle,-1,0,-0.008,-0.004,-4.018,-0.003,0.016,-0.007,1.5352
1785820780.291,0.000,WAIT,idle,-1,0,-0.007,-0.002,-4.018,0.002,0.011,-0.007,1.5350
1785820780.391,0.000,WAIT,idle,-1,0,-0.006,-0.001,-4.018,0.002,0.004,-0.004,1.5340
1785820780.491,0.000,WAIT,idle,-1,0,-0.006,0.000,-4.018,-0.003,0.007,-0.005,1.5328
1785820780.591,0.000,WAIT,idle,-1,0,-0.005,0.001,-4.019,-0.010,0.015,-0.004,1.5328
1785820780.691,0.000,WAIT,idle,-1,0,-0.005,0.002,-4.019,-0.011,0.014,-0.004,1.5332
1785820780.791,0.000,WAIT,idle,-1,0,-0.006,0.003,-4.020,-0.007,0.004,-0.005,1.5332
1785820780.891,0.000,WAIT,idle,-1,0,-0.006,0.004,-4.020,-0.009,0.006,-0.004,1.5339
1785820780.991,0.000,WAIT,idle,-1,0,-0.007,0.005,-4.020,-0.008,0.003,-0.004,1.5342
1785820781.091,0.000,WAIT,idle,-1,0,-0.009,0.006,-4.021,-0.010,0.001,-0.005,1.5342
1785820781.191,0.000,WAIT,idle,-1,0,-0.010,0.007,-4.021,-0.011,0.003,-0.004,1.5340
1785820781.291,0.000,WAIT,idle,-1,0,-0.012,0.008,-4.021,-0.016,0.011,-0.002,1.5343
1785820781.391,0.000,WAIT,idle,-1,0,-0.014,0.009,-4.021,-0.015,0.006,-0.002,1.5341
1785820781.491,0.000,WAIT,idle,-1,0,-0.016,0.009,-4.021,-0.016,0.012,-0.001,1.5346
1785820781.591,0.000,WAIT,idle,-1,0,-0.017,0.008,-4.021,-0.013,0.005,-0.001,1.5346
1785820781.691,0.000,WAIT,idle,-1,0,-0.020,0.008,-4.020,-0.012,0.002,-0.001,1.5342
1785820781.791,0.000,WAIT,idle,-1,0,-0.021,0.007,-4.020,-0.006,-0.003,-0.003,1.5333
1785820781.891,0.000,WAIT,idle,-1,0,-0.023,0.006,-4.021,-0.004,0.000,-0.002,1.5330
1785820781.991,0.000,WAIT,idle,-1,0,-0.024,0.006,-4.021,-0.002,-0.003,-0.002,1.5329
1785820782.091,0.000,WAIT,idle,-1,0,-0.025,0.006,-4.020,-0.003,-0.008,-0.003,1.5328
1785820782.191,0.000,WAIT,idle,-1,0,-0.027,0.005,-4.020,-0.003,-0.002,-0.004,1.5332
1785820782.291,0.000,WAIT,idle,-1,0,-0.028,0.005,-4.020,0.000,-0.004,-0.002,1.5335
1785820782.391,0.000,WAIT,idle,-1,0,-0.029,0.005,-4.020,0.002,-0.000,-0.002,1.5337
1785820782.491,0.000,WAIT,idle,-1,0,-0.030,0.005,-4.019,0.003,-0.005,-0.004,1.5337
1785820782.591,0.000,WAIT,idle,-1,0,-0.031,0.005,-4.019,0.005,-0.002,-0.004,1.5339
1785820782.691,0.000,WAIT,idle,-1,0,-0.031,0.005,-4.019,0.005,-0.006,-0.002,1.5338
1785820782.791,0.000,WAIT,idle,-1,0,-0.032,0.005,-4.019,0.005,-0.003,-0.004,1.5337
1785820782.891,0.000,WAIT,idle,-1,0,-0.033,0.005,-4.019,0.006,-0.004,-0.005,1.5336
1785820782.991,0.000,WAIT,idle,-1,0,-0.034,0.005,-4.019,0.006,-0.004,-0.002,1.5335
1785820783.091,0.000,WAIT,idle,-1,0,-0.035,0.006,-4.019,0.010,-0.001,-0.004,1.5340
1785820783.191,0.000,WAIT,idle,-1,0,-0.035,0.006,-4.019,0.012,-0.001,-0.004,1.5340
1785820783.291,0.000,WAIT,idle,-1,0,-0.035,0.007,-4.020,0.015,-0.003,-0.006,1.5338
1785820783.391,0.000,WAIT,idle,-1,0,-0.035,0.008,-4.020,0.014,-0.005,-0.003,1.5334
1785820783.491,0.000,WAIT,idle,-1,0,-0.035,0.008,-4.020,0.013,-0.009,-0.002,1.5332
1785820783.591,0.000,WAIT,idle,-1,0,-0.035,0.008,-4.020,0.010,-0.007,-0.004,1.5330
1785820783.691,0.000,WAIT,idle,-1,0,-0.036,0.008,-4.021,0.013,-0.009,-0.006,1.5330
1785820783.791,0.000,WAIT,idle,-1,0,-0.036,0.008,-4.022,0.014,-0.008,-0.004,1.5329
1785820783.891,0.000,WAIT,idle,-1,0,-0.035,0.008,-4.023,0.015,-0.007,-0.001,1.5334
1785820783.991,0.000,WAIT,idle,-1,0,-0.035,0.009,-4.023,0.019,-0.007,0.000,1.5335
1785820784.091,0.000,WAIT,idle,-1,0,-0.033,0.010,-4.023,0.019,-0.006,-0.000,1.5334
1785820784.191,0.000,WAIT,idle,-1,0,-0.032,0.011,-4.023,0.020,-0.001,-0.001,1.5335
1785820784.291,0.000,WAIT,idle,-1,0,-0.030,0.012,-4.023,0.018,0.005,-0.002,1.5337
1785820784.391,0.000,WAIT,idle,-1,0,-0.029,0.013,-4.023,0.016,0.002,-0.001,1.5337
1785820784.491,0.000,WAIT,idle,-1,0,-0.028,0.014,-4.024,0.013,0.004,-0.001,1.5339
1785820784.591,0.000,WAIT,idle,-1,0,-0.028,0.014,-4.024,0.013,-0.001,-0.001,1.5337
1785820784.691,0.000,WAIT,idle,-1,0,-0.027,0.014,-4.023,0.009,0.002,0.002,1.5335
1785820784.791,0.000,WAIT,idle,-1,0,-0.027,0.014,-4.022,0.006,0.003,0.004,1.5336
1785820784.891,0.000,WAIT,idle,-1,0,-0.027,0.014,-4.021,0.001,-0.000,0.001,1.5337
1785820784.991,0.000,WAIT,idle,-1,0,-0.027,0.013,-4.020,0.001,-0.003,-0.003,1.5336
1785820785.091,0.000,WAIT,idle,-1,0,-0.028,0.013,-4.019,-0.002,-0.003,-0.003,1.5330
1785820785.191,0.000,WAIT,idle,-1,0,-0.028,0.013,-4.019,-0.003,0.001,-0.003,1.5336
1785820785.291,0.000,WAIT,idle,-1,0,-0.028,0.013,-4.018,-0.000,-0.001,-0.002,1.5337
1785820785.391,0.000,WAIT,idle,-1,0,-0.028,0.013,-4.018,0.006,-0.012,-0.001,1.5333
1785820785.491,0.000,WAIT,idle,-1,0,-0.028,0.014,-4.017,0.006,-0.010,-0.004,1.5333
1785820785.591,0.000,WAIT,idle,-1,0,-0.027,0.014,-4.017,0.003,-0.007,-0.006,1.5332
1785820785.691,0.000,WAIT,idle,-1,0,-0.026,0.015,-4.017,0.010,-0.008,-0.005,1.5334
1785820785.791,0.000,WAIT,idle,-1,0,-0.024,0.015,-4.016,0.012,-0.008,-0.006,1.5338
1785820785.891,0.000,WAIT,idle,-1,0,-0.023,0.015,-4.016,0.009,-0.005,-0.006,1.5334
1785820785.991,0.000,WAIT,idle,-1,0,-0.022,0.016,-4.015,0.008,-0.000,-0.008,1.5333
1785820786.091,0.000,WAIT,idle,-1,0,-0.020,0.016,-4.016,0.005,0.003,-0.008,1.5338
1785820786.191,0.000,WAIT,idle,-1,0,-0.018,0.015,-4.016,0.001,0.000,-0.007,1.5335
1785820786.291,0.000,WAIT,idle,-1,0,-0.017,0.014,-4.017,0.007,-0.010,-0.008,1.5338
1785820786.391,0.000,WAIT,idle,-1,0,-0.016,0.014,-4.018,0.011,-0.014,-0.007,1.5334
1785820786.491,0.000,WAIT,idle,-1,0,-0.015,0.013,-4.019,0.012,-0.014,-0.006,1.5331
1785820786.591,0.000,WAIT,idle,-1,0,-0.014,0.012,-4.020,0.008,-0.008,-0.004,1.5328
1785820786.691,0.000,WAIT,idle,-1,0,-0.013,0.012,-4.020,0.004,-0.008,-0.004,1.5327
1785820786.791,0.000,WAIT,idle,-1,0,-0.013,0.011,-4.021,-0.002,-0.005,-0.004,1.5330
1785820786.891,0.000,WAIT,idle,-1,0,-0.013,0.010,-4.022,-0.005,-0.001,-0.003,1.5332
1785820786.991,0.000,WAIT,idle,-1,0,-0.013,0.009,-4.023,-0.007,0.002,-0.003,1.5334
1785820787.091,0.000,WAIT,idle,-1,0,-0.013,0.008,-4.024,-0.008,0.002,-0.001,1.5338
1785820787.191,0.000,WAIT,idle,-1,0,-0.013,0.007,-4.025,-0.003,-0.005,0.001,1.5339
1785820787.291,0.000,WAIT,idle,-1,0,-0.013,0.006,-4.026,-0.007,-0.002,0.002,1.5341
1785820787.391,0.000,WAIT,idle,-1,0,-0.013,0.005,-4.026,-0.003,-0.004,0.004,1.5343
1785820787.491,0.000,WAIT,idle,-1,0,-0.014,0.004,-4.026,-0.002,-0.007,0.004,1.5342
1785820787.591,0.000,WAIT,idle,-1,0,-0.014,0.004,-4.026,-0.005,0.001,0.002,1.5347
1785820787.691,0.000,WAIT,idle,-1,0,-0.015,0.003,-4.026,-0.007,0.004,0.001,1.5349
1785820787.791,0.000,WAIT,idle,-1,0,-0.015,0.003,-4.027,-0.007,0.006,0.001,1.5346
1785820787.891,0.000,WAIT,idle,-1,0,-0.015,0.002,-4.026,-0.004,0.000,0.003,1.5346
1785820787.991,0.000,WAIT,idle,-1,0,-0.016,0.001,-4.026,-0.005,0.000,0.002,1.5338
1785820788.091,0.000,WAIT,idle,-1,0,-0.016,-0.000,-4.026,-0.003,-0.006,0.002,1.5329
1785820788.191,0.000,WAIT,idle,-1,0,-0.016,-0.002,-4.026,-0.009,-0.000,0.003,1.5330
1785820788.291,0.000,WAIT,idle,-1,0,-0.017,-0.004,-4.027,-0.001,-0.013,0.002,1.5325
1785820788.391,0.000,WAIT,idle,-1,0,-0.018,-0.005,-4.027,-0.003,-0.010,0.003,1.5324
1785820788.491,0.000,WAIT,idle,-1,0,-0.019,-0.006,-4.027,-0.005,-0.007,0.004,1.5332
1785820788.591,0.000,WAIT,idle,-1,0,-0.020,-0.007,-4.027,-0.004,-0.005,0.004,1.5336
1785820788.691,0.000,WAIT,idle,-1,0,-0.021,-0.008,-4.027,-0.004,-0.005,0.004,1.5334
1785820788.791,0.000,WAIT,idle,-1,0,-0.021,-0.008,-4.027,-0.002,-0.003,0.004,1.5335
1785820788.891,0.000,WAIT,idle,-1,0,-0.021,-0.009,-4.027,0.002,-0.000,0.003,1.5341
1785820788.991,0.000,WAIT,idle,-1,0,-0.021,-0.009,-4.027,0.007,-0.001,0.004,1.5338
1785820789.091,0.000,WAIT,idle,-1,0,-0.021,-0.009,-4.027,0.007,-0.000,0.005,1.5336
1785820789.191,0.000,WAIT,idle,-1,0,-0.020,-0.009,-4.027,0.007,-0.001,0.004,1.5337
1785820789.291,0.000,WAIT,idle,-1,0,-0.020,-0.008,-4.028,0.005,0.001,0.004,1.5335
1785820789.391,0.000,WAIT,idle,-1,0,-0.021,-0.008,-4.029,0.004,-0.001,0.003,1.5335
1785820789.491,0.000,WAIT,idle,-1,0,-0.022,-0.007,-4.030,0.006,0.001,0.004,1.5335
1785820789.591,0.000,WAIT,idle,-1,0,-0.023,-0.007,-4.030,0.002,0.001,0.004,1.5334
1785820789.691,0.000,WAIT,idle,-1,0,-0.024,-0.006,-4.031,-0.001,-0.002,0.005,1.5333
1785820789.791,0.000,WAIT,idle,-1,0,-0.026,-0.006,-4.031,-0.001,-0.002,0.009,1.5335
1785820789.891,0.000,WAIT,idle,-1,0,-0.028,-0.005,-4.031,-0.007,0.009,0.006,1.5334
1785820789.991,0.000,WAIT,idle,-1,0,-0.030,-0.003,-4.030,-0.009,0.013,0.006,1.5337
1785820790.091,0.000,WAIT,idle,-1,0,-0.032,-0.002,-4.030,-0.009,0.015,0.009,1.5341
1785820790.191,0.000,WAIT,idle,-1,0,-0.034,0.001,-4.029,-0.007,0.011,0.008,1.5342
1785820790.291,0.000,WAIT,idle,-1,0,-0.036,0.003,-4.028,-0.005,0.012,0.006,1.5346
1785820790.391,0.000,WAIT,idle,-1,0,-0.038,0.006,-4.027,-0.002,0.016,0.005,1.5352
1785820790.491,0.000,WAIT,idle,-1,0,-0.038,0.008,-4.026,-0.000,0.017,0.005,1.5355
1785820790.591,0.000,WAIT,idle,-1,0,-0.039,0.010,-4.025,0.009,0.008,0.005,1.5356
1785820790.691,0.000,WAIT,idle,-1,0,-0.039,0.012,-4.025,0.007,0.014,0.001,1.5355
1785820790.791,0.000,WAIT,idle,-1,0,-0.038,0.013,-4.025,0.018,-0.000,0.002,1.5343
1785820790.891,0.000,WAIT,idle,-1,0,-0.038,0.014,-4.025,0.019,-0.006,0.004,1.5327
1785820790.991,0.000,WAIT,idle,-1,0,-0.038,0.015,-4.025,0.015,-0.005,0.002,1.5317
1785820791.091,0.000,WAIT,idle,-1,0,-0.039,0.015,-4.026,0.006,0.002,0.002,1.5320
1785820791.191,0.000,WAIT,idle,-1,0,-0.039,0.015,-4.026,0.005,-0.002,0.004,1.5322
1785820791.291,0.000,WAIT,idle,-1,0,-0.040,0.015,-4.026,0.004,0.002,0.003,1.5329
1785820791.391,0.000,WAIT,idle,-1,0,-0.041,0.015,-4.026,0.006,-0.001,0.003,1.5333
1785820791.491,0.000,WAIT,idle,-1,0,-0.042,0.015,-4.026,0.006,0.002,0.002,1.5335
1785820791.591,0.000,WAIT,idle,-1,0,-0.042,0.015,-4.026,0.012,-0.003,0.003,1.5340
1785820791.691,0.000,WAIT,idle,-1,0,-0.042,0.015,-4.026,0.016,-0.008,0.003,1.5340
1785820791.791,0.000,WAIT,idle,-1,0,-0.042,0.014,-4.025,0.019,-0.011,0.003,1.5340
1785820791.891,0.000,WAIT,idle,-1,0,-0.041,0.014,-4.025,0.021,-0.012,0.000,1.5339
1785820791.991,0.000,WAIT,idle,-1,0,-0.041,0.014,-4.025,0.022,-0.013,0.001,1.5337
1785820792.091,0.000,WAIT,idle,-1,0,-0.040,0.014,-4.025,0.016,-0.004,0.001,1.5339
1785820792.191,0.000,WAIT,idle,-1,0,-0.039,0.014,-4.025,0.015,-0.008,0.001,1.5336
1785820792.291,0.000,WAIT,idle,-1,0,-0.038,0.013,-4.024,0.009,-0.001,0.002,1.5336
1785820792.391,0.000,WAIT,idle,-1,0,-0.038,0.012,-4.024,0.007,-0.004,-0.000,1.5338
1785820792.491,0.000,WAIT,idle,-1,0,-0.037,0.010,-4.024,0.015,-0.011,0.001,1.5336
1785820792.591,0.000,WAIT,idle,-1,0,-0.036,0.009,-4.025,0.017,-0.015,0.001,1.5331
1785820792.691,0.000,WAIT,idle,-1,0,-0.035,0.008,-4.025,0.018,-0.018,0.002,1.5325
1785820792.791,0.000,WAIT,idle,-1,0,-0.033,0.006,-4.025,0.011,-0.005,0.001,1.5326
1785820792.891,0.000,WAIT,idle,-1,0,-0.031,0.004,-4.024,0.014,-0.009,0.001,1.5324
1785820792.991,0.000,WAIT,idle,-1,0,-0.029,0.002,-4.024,0.014,-0.003,0.001,1.5331
1785820793.091,0.000,WAIT,idle,-1,0,-0.026,0.000,-4.024,0.019,-0.005,0.000,1.5328
1785820793.191,0.000,WAIT,idle,-1,0,-0.024,-0.001,-4.024,0.020,-0.007,0.001,1.5329
1785820793.291,0.000,WAIT,idle,-1,0,-0.022,-0.002,-4.023,0.020,-0.012,0.000,1.5325
1785820793.391,0.000,WAIT,idle,-1,0,-0.021,-0.003,-4.023,0.012,-0.002,-0.000,1.5326
1785820793.491,0.000,WAIT,idle,-1,0,-0.021,-0.004,-4.024,0.008,-0.003,-0.002,1.5330
1785820793.591,0.000,WAIT,idle,-1,0,-0.021,-0.004,-4.024,0.001,0.005,0.000,1.5337
1785820793.691,0.000,WAIT,idle,-1,0,-0.021,-0.005,-4.024,-0.000,0.007,0.001,1.5343
1785820793.791,0.000,WAIT,idle,-1,0,-0.021,-0.006,-4.024,-0.002,0.006,-0.001,1.5349
1785820793.891,0.000,WAIT,idle,-1,0,-0.022,-0.006,-4.024,0.002,-0.001,-0.002,1.5346
1785820793.991,0.000,WAIT,idle,-1,0,-0.023,-0.006,-4.025,0.001,0.004,-0.001,1.5347
1785820794.091,0.000,WAIT,idle,-1,0,-0.023,-0.006,-4.025,0.007,0.000,0.001,1.5343
1785820794.191,0.000,WAIT,idle,-1,0,-0.023,-0.005,-4.026,-0.000,0.010,0.002,1.5340
1785820794.291,0.000,WAIT,idle,-1,0,-0.023,-0.004,-4.026,-0.002,0.013,-0.001,1.5341
1785820794.392,0.000,WAIT,idle,-1,0,-0.022,-0.003,-4.026,-0.000,0.012,0.002,1.5346
1785820794.491,0.000,WAIT,idle,-1,0,-0.022,-0.003,-4.026,0.005,0.004,0.004,1.5346
1785820794.591,0.000,WAIT,idle,-1,0,-0.022,-0.002,-4.026,0.011,-0.006,0.004,1.5338
1785820794.691,0.000,WAIT,idle,-1,0,-0.022,-0.002,-4.026,0.011,-0.007,0.004,1.5335
1785820794.791,0.000,WAIT,idle,-1,0,-0.021,-0.002,-4.026,0.007,-0.006,0.004,1.5335
1785820794.891,0.000,WAIT,idle,-1,0,-0.021,-0.001,-4.027,0.007,-0.001,0.004,1.5334
1785820794.991,0.000,WAIT,idle,-1,0,-0.021,-0.000,-4.027,0.002,0.005,0.004,1.5335
1785820795.091,0.000,WAIT,idle,-1,0,-0.021,0.001,-4.028,0.002,0.003,0.005,1.5334
1785820795.191,0.000,WAIT,idle,-1,0,-0.020,0.003,-4.028,-0.000,0.010,0.003,1.5338
1785820795.291,0.000,WAIT,idle,-1,0,-0.020,0.005,-4.029,-0.003,0.011,0.002,1.5338
1785820795.391,0.000,WAIT,idle,-1,0,-0.020,0.007,-4.029,-0.004,0.013,0.003,1.5344
1785820795.491,0.000,WAIT,idle,-1,0,-0.020,0.009,-4.029,-0.004,0.014,0.005,1.5345
1785820795.591,0.000,WAIT,idle,-1,0,-0.019,0.010,-4.029,0.004,0.005,0.008,1.5346
1785820795.691,0.000,WAIT,idle,-1,0,-0.019,0.011,-4.028,0.008,-0.002,0.007,1.5342
1785820795.791,0.000,WAIT,idle,-1,0,-0.018,0.013,-4.028,0.008,-0.005,0.006,1.5342
1785820795.891,0.000,WAIT,idle,-1,0,-0.017,0.014,-4.028,0.007,-0.004,0.005,1.5340
1785820795.991,0.000,WAIT,idle,-1,0,-0.016,0.015,-4.027,-0.001,0.000,0.004,1.5340
1785820796.091,0.000,WAIT,idle,-1,0,-0.016,0.015,-4.027,-0.001,-0.001,0.003,1.5342
1785820796.191,0.000,WAIT,idle,-1,0,-0.016,0.016,-4.027,0.003,-0.005,0.002,1.5343
1785820796.291,0.000,WAIT,idle,-1,0,-0.016,0.016,-4.027,0.004,-0.009,0.001,1.5338
1785820796.391,0.000,WAIT,idle,-1,0,-0.016,0.017,-4.027,0.002,-0.009,0.002,1.5334
1785820796.491,0.000,WAIT,idle,-1,0,-0.016,0.018,-4.027,0.001,-0.006,0.003,1.5334
1785820796.591,0.000,WAIT,idle,-1,0,-0.016,0.019,-4.026,0.000,-0.004,0.005,1.5335
1785820796.691,0.000,WAIT,idle,-1,0,-0.016,0.019,-4.026,-0.002,0.001,0.005,1.5338
1785820796.791,0.000,WAIT,idle,-1,0,-0.015,0.020,-4.025,-0.002,-0.002,0.002,1.5335
1785820796.891,0.000,WAIT,idle,-1,0,-0.015,0.020,-4.024,0.002,-0.010,0.000,1.5335
1785820796.991,0.000,WAIT,idle,-1,0,-0.015,0.020,-4.024,-0.001,-0.012,0.002,1.5328
1785820797.091,0.000,WAIT,idle,-1,0,-0.016,0.020,-4.024,-0.005,-0.009,0.002,1.5332
1785820797.191,0.000,WAIT,idle,-1,0,-0.017,0.020,-4.024,-0.009,-0.003,0.001,1.5335
1785820797.291,0.000,WAIT,idle,-1,0,-0.018,0.020,-4.023,-0.009,0.000,-0.001,1.5340
1785820797.391,0.000,WAIT,idle,-1,0,-0.019,0.020,-4.023,-0.009,-0.000,-0.001,1.5343
1785820797.491,0.000,WAIT,idle,-1,0,-0.020,0.020,-4.023,-0.009,-0.003,-0.002,1.5346
1785820797.591,0.000,WAIT,idle,-1,0,-0.021,0.019,-4.022,-0.003,-0.011,-0.001,1.5346
1785820797.691,0.000,WAIT,idle,-1,0,-0.022,0.019,-4.022,-0.002,-0.015,0.000,1.5341
1785820797.791,0.000,WAIT,idle,-1,0,-0.023,0.018,-4.021,0.001,-0.020,0.001,1.5342
1785820797.891,0.000,WAIT,idle,-1,0,-0.024,0.016,-4.020,-0.002,-0.019,-0.001,1.5336
1785820797.991,0.000,WAIT,idle,-1,0,-0.025,0.015,-4.019,-0.002,-0.018,-0.002,1.5334
1785820798.091,0.000,WAIT,idle,-1,0,-0.026,0.013,-4.018,-0.003,-0.012,-0.004,1.5332
1785820798.191,0.000,WAIT,idle,-1,0,-0.027,0.011,-4.018,-0.005,-0.009,-0.004,1.5331
1785820798.291,0.000,WAIT,idle,-1,0,-0.027,0.009,-4.017,-0.003,-0.008,-0.005,1.5334
1785820798.391,0.000,WAIT,idle,-1,0,-0.027,0.007,-4.017,0.003,-0.009,-0.005,1.5334
1785820798.491,0.000,WAIT,idle,-1,0,-0.027,0.005,-4.018,0.007,-0.012,-0.005,1.5331
1785820798.591,0.000,WAIT,idle,-1,0,-0.027,0.003,-4.018,0.011,-0.019,-0.005,1.5327
1785820798.691,0.000,WAIT,idle,-1,0,-0.027,0.001,-4.018,0.010,-0.015,-0.007,1.5326
1785820798.791,0.000,WAIT,idle,-1,0,-0.028,-0.000,-4.019,0.004,-0.011,-0.008,1.5325
1785820798.891,0.000,WAIT,idle,-1,0,-0.028,-0.002,-4.020,-0.001,-0.004,-0.006,1.5327
1785820798.991,0.000,WAIT,idle,-1,0,-0.029,-0.003,-4.021,-0.006,0.003,-0.006,1.5336
1785820799.091,0.000,WAIT,idle,-1,0,-0.031,-0.004,-4.022,-0.006,0.006,-0.005,1.5336
1785820799.191,0.000,WAIT,idle,-1,0,-0.032,-0.004,-4.023,0.000,0.006,-0.002,1.5341
1785820799.291,0.000,WAIT,idle,-1,0,-0.032,-0.004,-4.023,0.007,0.004,-0.001,1.5342
1785820799.391,0.000,WAIT,idle,-1,0,-0.032,-0.004,-4.023,0.009,-0.003,-0.001,1.5337
1785820799.491,0.000,WAIT,idle,-1,0,-0.031,-0.004,-4.023,0.008,0.004,0.001,1.5336
1785820799.591,0.000,WAIT,idle,-1,0,-0.031,-0.004,-4.023,0.005,0.013,-0.000,1.5340
1785820799.691,0.000,WAIT,idle,-1,0,-0.030,-0.004,-4.023,0.010,0.013,-0.001,1.5343
1785820799.791,0.000,WAIT,idle,-1,0,-0.029,-0.004,-4.023,0.014,0.007,-0.001,1.5344
1785820799.891,0.000,WAIT,idle,-1,0,-0.027,-0.005,-4.023,0.011,0.009,-0.001,1.5342
1785820799.991,0.000,WAIT,idle,-1,0,-0.027,-0.005,-4.023,0.015,-0.001,0.000,1.5339
1785820800.091,0.000,WAIT,idle,-1,0,-0.026,-0.005,-4.024,0.014,-0.003,0.002,1.5337
1785820800.191,0.000,WAIT,idle,-1,0,-0.025,-0.005,-4.024,0.006,0.008,0.001,1.5335
1785820800.291,0.000,WAIT,idle,-1,0,-0.024,-0.005,-4.024,0.012,0.000,-0.000,1.5332
1785820800.391,0.000,WAIT,idle,-1,0,-0.023,-0.005,-4.024,0.009,0.004,0.001,1.5334
1785820800.491,0.000,WAIT,idle,-1,0,-0.022,-0.005,-4.025,0.010,-0.001,0.001,1.5332
1785820800.591,0.000,WAIT,idle,-1,0,-0.021,-0.005,-4.022,0.003,0.009,0.053,1.5333
1785820800.691,0.000,WAIT,idle,-1,0,-0.021,-0.004,-4.009,-0.004,0.023,0.187,1.5330
1785820800.791,0.000,WAIT,idle,-1,0,-0.022,-0.002,-3.975,-0.008,0.028,0.382,1.5339
1785820800.891,0.000,WAIT,idle,-1,0,-0.023,0.000,-3.915,-0.007,0.030,0.605,1.5343
1785820800.991,0.000,WAIT,idle,-1,0,-0.023,0.003,-3.833,-0.006,0.026,0.721,1.5345
1785820801.091,0.000,WAIT,idle,-1,0,-0.024,0.005,-3.744,0.001,0.018,0.739,1.5347
1785820801.191,0.000,WAIT,idle,-1,0,-0.024,0.007,-3.662,0.005,0.004,0.696,1.5346
1785820801.291,0.000,WAIT,idle,-1,0,-0.024,0.007,-3.581,0.007,-0.005,0.647,1.5343
1785820801.391,0.000,WAIT,idle,-1,0,-0.023,0.007,-3.505,0.005,-0.010,0.630,1.5333
1785820801.491,0.000,WAIT,idle,-1,0,-0.023,0.006,-3.440,0.001,-0.003,0.628,1.5328
1785820801.591,0.000,WAIT,idle,-1,0,-0.023,0.005,-3.375,0.010,-0.017,0.636,1.5320
1785820801.691,0.000,WAIT,idle,-1,0,-0.022,0.004,-3.298,0.013,-0.021,0.644,1.5322
1785820801.791,0.000,WAIT,idle,-1,0,-0.021,0.003,-3.221,0.013,-0.023,0.656,1.5320
1785820801.891,0.000,WAIT,idle,-1,0,-0.021,0.002,-3.147,0.005,-0.014,0.664,1.5324
1785820801.991,0.000,WAIT,idle,-1,0,-0.021,0.002,-3.072,-0.001,-0.006,0.670,1.5332
1785820802.091,0.000,WAIT,idle,-1,0,-0.021,0.001,-2.997,0.001,-0.007,0.676,1.5337
1785820802.191,0.000,WAIT,idle,-1,0,-0.022,0.001,-2.921,0.006,-0.013,0.677,1.5340
1785820802.291,0.000,WAIT,idle,-1,0,-0.022,0.001,-2.840,0.008,-0.011,0.684,1.5342
1785820802.391,0.000,WAIT,idle,-1,0,-0.022,0.002,-2.757,0.008,-0.010,0.688,1.5344
1785820802.491,0.000,WAIT,idle,-1,0,-0.022,0.002,-2.675,0.009,-0.006,0.691,1.5345
1785820802.591,0.000,WAIT,idle,-1,0,-0.021,0.001,-2.592,0.007,-0.003,0.691,1.5344
1785820802.691,0.000,WAIT,idle,-1,0,-0.019,-0.000,-2.514,0.009,-0.000,0.695,1.5347
1785820802.791,0.000,WAIT,idle,-1,0,-0.018,-0.002,-2.431,0.010,-0.003,0.697,1.5343
1785820802.891,0.000,WAIT,idle,-1,0,-0.016,-0.005,-2.347,0.010,-0.008,0.699,1.5329
1785820802.991,0.000,WAIT,idle,-1,0,-0.015,-0.008,-2.263,0.010,-0.014,0.699,1.5321
1785820803.091,0.000,WAIT,idle,-1,0,-0.013,-0.010,-2.185,0.013,-0.021,0.697,1.5319
1785820803.191,0.000,WAIT,idle,-1,0,-0.012,-0.013,-2.102,0.011,-0.018,0.698,1.5321
1785820803.291,0.000,WAIT,idle,-1,0,-0.010,-0.016,-2.018,0.008,-0.014,0.697,1.5325
1785820803.391,0.000,WAIT,idle,-1,0,-0.009,-0.019,-1.934,0.005,-0.008,0.700,1.5331
1785820803.491,0.000,WAIT,idle,-1,0,-0.007,-0.021,-1.844,0.002,-0.007,0.700,1.5334
1785820803.591,0.000,WAIT,idle,-1,0,-0.006,-0.023,-1.765,-0.005,0.005,0.701,1.5340
1785820803.691,0.000,WAIT,idle,-1,0,-0.005,-0.024,-1.675,-0.004,0.008,0.702,1.5342
1785820803.791,0.000,WAIT,idle,-1,0,-0.005,-0.025,-1.595,-0.002,0.011,0.704,1.5350
1785820803.891,0.000,WAIT,idle,-1,0,-0.004,-0.026,-1.527,0.003,0.001,0.702,1.5345
1785820803.991,0.000,WAIT,idle,-1,0,-0.003,-0.026,-1.442,0.000,0.006,0.702,1.5347
1785820804.091,0.000,WAIT,idle,-1,0,-0.003,-0.027,-1.362,-0.005,0.015,0.702,1.5350
1785820804.191,0.000,WAIT,idle,-1,0,-0.002,-0.027,-1.277,-0.005,0.017,0.699,1.5351
1785820804.291,0.000,WAIT,idle,-1,0,-0.001,-0.028,-1.198,0.000,0.015,0.696,1.5351
1785820804.391,0.000,WAIT,idle,-1,0,0.001,-0.028,-1.113,0.002,0.011,0.696,1.5342
1785820804.491,0.000,WAIT,idle,-1,0,0.001,-0.029,-1.040,0.000,0.007,0.697,1.5335
1785820804.591,0.000,WAIT,idle,-1,0,0.002,-0.029,-0.955,-0.005,0.012,0.697,1.5335
1785820804.691,0.000,WAIT,idle,-1,0,0.003,-0.030,-0.871,-0.008,0.013,0.695,1.5334
1785820804.791,0.000,WAIT,idle,-1,0,0.003,-0.032,-0.786,-0.010,0.015,0.694,1.5333
1785820804.891,0.000,WAIT,idle,-1,0,0.004,-0.033,-0.702,-0.011,0.018,0.695,1.5326
1785820804.991,0.000,WAIT,idle,-1,0,0.004,-0.034,-0.622,-0.008,0.011,0.697,1.5332
1785820805.091,0.000,WAIT,idle,-1,0,0.004,-0.035,-0.538,-0.008,0.007,0.694,1.5333
1785820805.191,0.000,WAIT,idle,-1,0,0.003,-0.036,-0.453,-0.007,0.006,0.693,1.5336
1785820805.291,0.000,WAIT,idle,-1,0,0.003,-0.037,-0.375,-0.010,0.010,0.693,1.5333
1785820805.391,0.000,WAIT,idle,-1,0,0.003,-0.037,-0.285,-0.006,0.011,0.694,1.5335
1785820805.491,0.000,WAIT,idle,-1,0,0.003,-0.037,-0.200,-0.011,0.016,0.696,1.5335
1785820805.591,0.000,WAIT,idle,-1,0,0.003,-0.036,-0.121,-0.017,0.027,0.695,1.5341
1785820805.691,0.000,WAIT,idle,-1,0,0.002,-0.036,-0.037,-0.017,0.029,0.692,1.5343
1785820805.791,0.000,WAIT,idle,-1,0,0.004,-0.042,0.003,0.047,-0.052,0.014,1.5423
1785820805.891,0.000,WAIT,idle,-1,0,0.006,-0.047,0.005,0.007,-0.003,-0.005,1.5516
1785820805.991,0.000,WAIT,idle,-1,0,0.008,-0.048,0.003,0.013,-0.001,-0.007,1.5516
1785820806.091,0.000,WAIT,idle,-1,0,0.009,-0.049,0.002,0.017,0.002,-0.008,1.5520
1785820806.191,0.000,WAIT,idle,-1,0,0.011,-0.049,0.001,0.020,0.006,-0.008,1.5523
1785820806.291,0.000,WAIT,idle,-1,0,0.012,-0.048,0.000,0.020,0.010,-0.006,1.5526
1785820806.391,0.000,WAIT,idle,-1,0,0.013,-0.047,0.000,0.024,0.014,-0.005,1.5524
1785820806.491,0.000,WAIT,idle,-1,0,0.014,-0.046,-0.000,0.026,0.016,-0.006,1.5523
1785820806.591,0.000,WAIT,idle,-1,0,0.015,-0.045,-0.000,0.027,0.018,-0.006,1.5522
1785820806.691,0.000,WAIT,idle,-1,0,0.016,-0.044,-0.000,0.026,0.021,-0.008,1.5521
1785820806.791,0.000,WAIT,idle,-1,0,0.017,-0.043,-0.001,0.026,0.022,-0.006,1.5521
1785820806.891,0.000,WAIT,idle,-1,0,0.017,-0.043,-0.001,0.024,0.024,-0.004,1.5520
1785820806.991,0.000,WAIT,idle,-1,0,0.017,-0.042,-0.001,0.022,0.027,-0.002,1.5517
1785820807.091,0.000,WAIT,idle,-1,0,0.016,-0.041,-0.000,0.021,0.025,-0.000,1.5514
1785820807.191,0.000,WAIT,idle,-1,0,0.016,-0.041,0.000,0.020,0.025,-0.000,1.5512
1785820807.291,0.000,WAIT,idle,-1,0,0.015,-0.041,0.000,0.018,0.024,0.002,1.5513
1785820807.391,0.000,WAIT,idle,-1,0,0.015,-0.041,0.001,0.018,0.022,0.003,1.5515
1785820807.491,0.000,WAIT,idle,-1,0,0.014,-0.041,0.002,0.015,0.021,0.001,1.5514
1785820807.591,0.000,WAIT,idle,-1,0,0.013,-0.042,0.002,0.015,0.019,0.002,1.5514
1785820807.691,0.000,WAIT,idle,-1,0,0.012,-0.042,0.002,0.013,0.022,0.002,1.5515
1785820807.791,0.000,WAIT,idle,-1,0,0.011,-0.042,0.002,0.011,0.024,0.003,1.5513
1785820807.891,0.000,WAIT,idle,-1,0,0.010,-0.041,0.003,0.010,0.024,0.003,1.5512
1785820807.991,0.000,WAIT,idle,-1,0,0.009,-0.041,0.003,0.009,0.027,0.002,1.5511
1785820808.091,0.000,WAIT,idle,-1,0,0.009,-0.040,0.003,0.008,0.028,0.003,1.5511
1785820808.191,0.000,WAIT,idle,-1,0,0.008,-0.040,0.003,0.006,0.025,0.003,1.5511
1785820808.291,0.000,WAIT,idle,-1,0,0.007,-0.040,0.003,0.006,0.024,0.002,1.5513
1785820808.391,0.000,WAIT,idle,-1,0,0.006,-0.040,0.003,0.003,0.023,0.000,1.5512
1785820808.491,0.000,WAIT,idle,-1,0,0.005,-0.041,0.003,0.003,0.024,-0.001,1.5513
1785820808.591,0.000,WAIT,idle,-1,0,0.004,-0.041,0.003,0.003,0.022,-0.002,1.5512
1785820808.691,0.000,WAIT,idle,-1,0,0.004,-0.041,0.003,0.001,0.023,-0.002,1.5513
1785820808.791,0.000,WAIT,idle,-1,0,0.003,-0.041,0.003,0.000,0.022,0.001,1.5515
1785820808.891,0.000,WAIT,idle,-1,0,0.003,-0.042,0.004,-0.002,0.023,-0.000,1.5516
1785820808.991,0.000,WAIT,idle,-1,0,0.002,-0.042,0.004,-0.004,0.022,-0.001,1.5517
1785820809.091,0.000,WAIT,idle,-1,0,0.001,-0.042,0.004,-0.005,0.022,-0.001,1.5516
1785820809.191,0.000,WAIT,idle,-1,0,0.001,-0.042,0.004,-0.008,0.022,-0.001,1.5519
1785820809.291,0.000,WAIT,idle,-1,0,0.000,-0.042,0.004,-0.009,0.021,-0.003,1.5521
1785820809.391,0.000,WAIT,idle,-1,0,-0.001,-0.043,0.004,-0.009,0.020,-0.004,1.5522
1785820809.491,0.000,WAIT,idle,-1,0,-0.001,-0.043,0.004,-0.009,0.019,-0.004,1.5522
1785820809.591,0.000,WAIT,idle,-1,0,-0.001,-0.043,0.004,-0.008,0.018,-0.003,1.5523
1785820809.691,0.000,WAIT,idle,-1,0,-0.000,-0.044,0.004,-0.007,0.018,-0.002,1.5524
1785820809.791,0.000,WAIT,idle,-1,0,0.000,-0.044,0.004,-0.007,0.016,-0.001,1.5524
1785820809.891,0.000,WAIT,idle,-1,0,0.001,-0.045,0.004,-0.010,0.015,-0.003,1.5526
1785820809.991,0.000,WAIT,idle,-1,0,0.001,-0.045,0.003,-0.013,0.013,-0.002,1.5529
1785820810.091,0.000,WAIT,idle,-1,0,0.000,-0.046,0.003,-0.016,0.014,-0.005,1.5529
1785820810.191,0.000,WAIT,idle,-1,0,-0.000,-0.046,0.002,-0.019,0.013,-0.004,1.5529
1785820810.291,0.000,WAIT,idle,-1,0,-0.001,-0.046,0.002,-0.022,0.012,-0.005,1.5530
1785820810.391,0.000,WAIT,idle,-1,0,-0.001,-0.046,0.002,-0.020,0.012,-0.004,1.5532
1785820810.491,0.000,WAIT,idle,-1,0,-0.001,-0.046,0.002,-0.019,0.012,-0.004,1.5533
1785820810.591,0.000,WAIT,idle,-1,0,-0.002,-0.047,0.002,-0.019,0.013,-0.002,1.5532
1785820810.691,0.000,WAIT,idle,-1,0,-0.002,-0.047,0.002,-0.018,0.011,-0.000,1.5534
1785820810.791,0.000,WAIT,idle,-1,0,-0.002,-0.047,0.002,-0.016,0.009,-0.004,1.5534
1785820810.891,0.000,WAIT,idle,-1,0,-0.002,-0.048,0.002,-0.015,0.006,-0.003,1.5538
1785820810.991,0.000,WAIT,idle,-1,0,-0.001,-0.048,0.002,-0.016,0.005,-0.002,1.5540
1785820811.091,0.000,WAIT,idle,-1,0,-0.002,-0.049,0.002,-0.017,0.002,0.000,1.5541
1785820811.191,0.000,WAIT,idle,-1,0,-0.002,-0.050,0.002,-0.016,0.002,-0.001,1.5540
1785820811.291,0.000,WAIT,idle,-1,0,-0.002,-0.050,0.002,-0.018,0.005,-0.000,1.5537
1785820811.391,0.000,WAIT,idle,-1,0,-0.002,-0.050,0.002,-0.018,0.005,-0.000,1.5535
1785820811.491,0.000,WAIT,idle,-1,0,-0.003,-0.050,0.003,-0.019,0.005,-0.002,1.5533
1785820811.591,0.000,WAIT,idle,-1,0,-0.003,-0.050,0.002,-0.017,0.005,-0.002,1.5534
1785820811.691,0.000,WAIT,idle,-1,0,-0.003,-0.050,0.002,-0.018,0.008,-0.001,1.5536
1785820811.791,0.000,WAIT,idle,-1,0,-0.003,-0.050,0.002,-0.019,0.008,-0.000,1.5536
1785820811.891,0.000,WAIT,idle,-1,0,-0.004,-0.049,0.002,-0.019,0.008,-0.001,1.5536
1785820811.991,0.000,WAIT,idle,-1,0,-0.004,-0.049,0.002,-0.020,0.008,-0.003,1.5535
1785820812.091,0.000,WAIT,idle,-1,0,-0.005,-0.049,0.002,-0.021,0.011,-0.002,1.5539
1785820812.191,0.000,WAIT,idle,-1,0,-0.005,-0.048,0.002,-0.020,0.010,-0.004,1.5541
1785820812.291,0.000,WAIT,idle,-1,0,-0.005,-0.048,0.002,-0.023,0.011,-0.005,1.5542
1785820812.391,0.000,WAIT,idle,-1,0,-0.006,-0.048,0.001,-0.020,0.009,-0.006,1.5544
1785820812.491,0.000,WAIT,idle,-1,0,-0.005,-0.048,0.001,-0.018,0.009,-0.005,1.5544
1785820812.591,0.000,WAIT,idle,-1,0,-0.004,-0.048,0.000,-0.017,0.009,-0.004,1.5543
1785820812.691,0.000,WAIT,idle,-1,0,-0.004,-0.047,-0.000,-0.016,0.010,-0.004,1.5543
1785820812.791,0.000,WAIT,idle,-1,0,-0.003,-0.047,-0.001,-0.015,0.011,-0.004,1.5543
1785820812.891,0.000,WAIT,idle,-1,0,-0.003,-0.046,-0.001,-0.013,0.014,-0.006,1.5546
1785820812.991,0.000,WAIT,idle,-1,0,-0.002,-0.045,-0.001,-0.011,0.015,-0.004,1.5548
1785820813.091,0.000,WAIT,idle,-1,0,-0.001,-0.045,-0.001,-0.007,0.015,-0.002,1.5551
1785820813.191,0.000,WAIT,idle,-1,0,-0.001,-0.044,-0.001,-0.008,0.016,-0.001,1.5552
1785820813.291,0.000,WAIT,idle,-1,0,-0.001,-0.044,-0.001,-0.008,0.016,-0.002,1.5553
1785820813.391,0.000,WAIT,idle,-1,0,-0.000,-0.044,-0.001,-0.007,0.017,-0.002,1.5550
1785820813.491,0.000,WAIT,idle,-1,0,-0.000,-0.043,-0.001,-0.008,0.016,-0.001,1.5549
1785820813.591,0.000,WAIT,idle,-1,0,-0.001,-0.043,-0.001,-0.010,0.017,-0.001,1.5549
1785820813.691,0.000,WAIT,idle,-1,0,-0.001,-0.044,-0.001,-0.012,0.015,-0.001,1.5550
1785820813.791,0.000,WAIT,idle,-1,0,-0.001,-0.044,-0.001,-0.009,0.015,-0.001,1.5548
1785820813.891,0.000,WAIT,idle,-1,0,-0.001,-0.044,-0.000,-0.008,0.013,0.001,1.5548
1785820813.991,0.000,WAIT,idle,-1,0,-0.001,-0.045,0.000,-0.006,0.011,0.004,1.5547
1785820814.091,0.000,WAIT,idle,-1,0,-0.001,-0.045,0.001,-0.005,0.010,0.005,1.5544
1785820814.191,0.000,WAIT,idle,-1,0,-0.001,-0.046,0.002,-0.006,0.010,0.007,1.5543
1785820814.291,0.000,WAIT,idle,-1,0,-0.000,-0.046,0.003,-0.009,0.011,0.007,1.5542
1785820814.391,0.000,WAIT,idle,-1,0,-0.000,-0.047,0.004,-0.010,0.010,0.007,1.5542
1785820814.491,0.000,WAIT,idle,-1,0,-0.000,-0.047,0.005,-0.011,0.011,0.009,1.5542
1785820814.591,0.000,WAIT,idle,-1,0,-0.000,-0.047,0.006,-0.014,0.011,0.010,1.5540
1785820814.691,0.000,WAIT,idle,-1,0,-0.001,-0.047,0.007,-0.013,0.011,0.010,1.5539
1785820814.791,0.000,WAIT,idle,-1,0,-0.001,-0.047,0.008,-0.016,0.011,0.011,1.5539
1785820814.891,0.000,WAIT,idle,-1,0,-0.001,-0.047,0.009,-0.013,0.011,0.007,1.5541
1785820814.991,0.000,WAIT,idle,-1,0,-0.000,-0.047,0.009,-0.012,0.011,0.008,1.5543
1785820815.091,0.000,WAIT,idle,-1,0,0.000,-0.048,0.009,-0.009,0.009,0.008,1.5542
1785820815.191,0.000,WAIT,idle,-1,0,0.001,-0.048,0.009,-0.007,0.008,0.009,1.5542
1785820815.291,0.000,WAIT,idle,-1,0,0.002,-0.048,0.009,-0.007,0.006,0.009,1.5542
1785820815.391,0.000,WAIT,idle,-1,0,0.002,-0.049,0.009,-0.009,0.005,0.008,1.5541
1785820815.491,0.000,WAIT,idle,-1,0,0.002,-0.049,0.009,-0.009,0.008,0.006,1.5541
1785820815.591,0.000,WAIT,idle,-1,0,0.002,-0.049,0.008,-0.010,0.009,0.007,1.5540
1785820815.691,0.000,WAIT,idle,-1,0,0.002,-0.048,0.008,-0.011,0.012,0.007,1.5540
1785820815.791,0.000,WAIT,idle,-1,0,0.001,-0.048,0.008,-0.012,0.014,0.005,1.5538
1785820815.891,0.000,WAIT,idle,-1,0,0.001,-0.047,0.007,-0.011,0.015,0.006,1.5537
1785820815.991,0.000,WAIT,idle,-1,0,0.000,-0.046,0.007,-0.012,0.015,0.004,1.5538
1785820816.091,0.000,WAIT,idle,-1,0,0.000,-0.046,0.007,-0.012,0.016,0.006,1.5535
1785820816.191,0.000,WAIT,idle,-1,0,0.000,-0.045,0.007,-0.013,0.017,0.006,1.5537
1785820816.291,0.000,WAIT,idle,-1,0,-0.000,-0.045,0.006,-0.015,0.017,0.007,1.5536
1785820816.391,0.000,WAIT,idle,-1,0,-0.001,-0.045,0.006,-0.015,0.016,0.007,1.5535
1785820816.491,0.000,WAIT,idle,-1,0,-0.002,-0.045,0.006,-0.015,0.014,0.005,1.5537
1785820816.591,0.000,WAIT,idle,-1,0,-0.002,-0.045,0.006,-0.015,0.013,0.003,1.5537
1785820816.691,0.000,WAIT,idle,-1,0,-0.003,-0.045,0.006,-0.016,0.011,0.003,1.5535
1785820816.791,0.000,WAIT,idle,-1,0,-0.003,-0.046,0.006,-0.017,0.009,0.003,1.5533
1785820816.891,0.000,WAIT,idle,-1,0,-0.004,-0.047,0.005,-0.019,0.008,0.004,1.5531
1785820816.991,0.000,WAIT,idle,-1,0,-0.004,-0.047,0.006,-0.017,0.007,0.004,1.5528
1785820817.091,0.000,WAIT,idle,-1,0,-0.004,-0.048,0.006,-0.015,0.009,0.001,1.5528
1785820817.191,0.000,WAIT,idle,-1,0,-0.004,-0.048,0.006,-0.012,0.008,0.004,1.5530
1785820817.291,0.000,WAIT,idle,-1,0,-0.004,-0.048,0.006,-0.012,0.011,0.001,1.5531
1785820817.391,0.000,WAIT,idle,-1,0,-0.003,-0.048,0.006,-0.009,0.011,0.001,1.5529
1785820817.491,0.000,WAIT,idle,-1,0,-0.003,-0.048,0.006,-0.010,0.010,-0.000,1.5527
1785820817.591,0.000,WAIT,idle,-1,0,-0.002,-0.048,0.006,-0.010,0.008,-0.001,1.5528
1785820817.691,0.000,WAIT,idle,-1,0,-0.001,-0.048,0.005,-0.010,0.006,-0.003,1.5528
1785820817.791,0.000,WAIT,idle,-1,0,-0.001,-0.049,0.005,-0.009,0.008,-0.003,1.5527
1785820817.891,0.000,WAIT,idle,-1,0,-0.001,-0.049,0.004,-0.009,0.007,-0.003,1.5528
1785820817.991,0.000,WAIT,idle,-1,0,-0.001,-0.049,0.004,-0.008,0.007,-0.002,1.5529
1785820818.091,0.000,WAIT,idle,-1,0,-0.000,-0.049,0.003,-0.007,0.006,-0.004,1.5529
1785820818.191,0.000,WAIT,idle,-1,0,-0.000,-0.049,0.003,-0.006,0.007,-0.003,1.5530
1785820818.291,0.000,WAIT,idle,-1,0,-0.000,-0.049,0.003,-0.005,0.007,-0.002,1.5530
1785820818.391,0.000,WAIT,idle,-1,0,0.000,-0.049,0.003,-0.004,0.009,-0.004,1.5530
1785820818.491,0.000,WAIT,idle,-1,0,0.000,-0.049,0.003,-0.004,0.009,-0.003,1.5532
1785820818.591,0.000,WAIT,idle,-1,0,0.001,-0.049,0.003,-0.002,0.008,-0.002,1.5535
1785820818.691,0.000,WAIT,idle,-1,0,0.001,-0.049,0.003,-0.001,0.009,-0.001,1.5535
1785820818.791,0.000,WAIT,idle,-1,0,0.002,-0.049,0.004,0.000,0.008,-0.002,1.5537
1785820818.891,0.000,WAIT,idle,-1,0,0.002,-0.049,0.004,-0.000,0.009,-0.002,1.5538
1785820818.991,0.000,WAIT,idle,-1,0,0.002,-0.049,0.005,-0.002,0.009,-0.001,1.5541
1785820819.091,0.000,WAIT,idle,-1,0,0.002,-0.048,0.006,-0.003,0.011,0.001,1.5539
1785820819.191,0.000,WAIT,idle,-1,0,0.002,-0.048,0.007,-0.005,0.011,0.001,1.5538
1785820819.291,0.000,WAIT,idle,-1,0,0.001,-0.047,0.007,-0.004,0.012,0.002,1.5538
1785820819.391,0.000,WAIT,idle,-1,0,0.001,-0.047,0.008,-0.006,0.013,0.003,1.5539
1785820819.491,0.000,WAIT,idle,-1,0,0.001,-0.047,0.008,-0.005,0.008,0.003,1.5539
1785820819.591,0.000,WAIT,idle,-1,0,0.001,-0.048,0.009,-0.005,0.004,0.004,1.5540
1785820819.691,0.000,WAIT,idle,-1,0,0.000,-0.049,0.009,-0.008,0.003,0.005,1.5542
1785820819.791,0.000,WAIT,idle,-1,0,-0.000,-0.050,0.009,-0.010,0.000,0.001,1.5542
1785820819.891,0.000,WAIT,idle,-1,0,-0.001,-0.051,0.009,-0.013,-0.000,0.001,1.5541
1785820819.991,0.000,WAIT,idle,-1,0,-0.001,-0.052,0.008,-0.014,0.002,0.003,1.5539
1785820820.091,0.000,WAIT,idle,-1,0,-0.002,-0.052,0.008,-0.013,0.004,0.002,1.5540
1785820820.191,0.000,WAIT,idle,-1,0,-0.002,-0.052,0.008,-0.012,0.006,0.004,1.5539
1785820820.291,0.000,WAIT,idle,-1,0,-0.002,-0.051,0.008,-0.010,0.006,0.003,1.5538
1785820820.391,0.000,WAIT,idle,-1,0,-0.002,-0.051,0.008,-0.012,0.008,0.003,1.5539
1785820820.491,0.000,WAIT,idle,-1,0,-0.003,-0.051,0.008,-0.013,0.008,0.001,1.5541
1785820820.591,0.000,WAIT,idle,-1,0,-0.003,-0.050,0.007,-0.012,0.008,0.001,1.5542
1785820820.691,0.000,WAIT,idle,-1,0,-0.003,-0.050,0.007,-0.011,0.009,0.003,1.5543
1785820820.791,0.000,WAIT,idle,-1,0,-0.003,-0.050,0.007,-0.012,0.009,0.002,1.5545
1785820820.891,0.000,WAIT,idle,-1,0,-0.003,-0.049,0.007,-0.012,0.010,0.002,1.5546
1785820820.991,0.000,WAIT,idle,-1,0,-0.003,-0.049,0.007,-0.014,0.010,0.002,1.5545
1785820821.091,0.000,WAIT,idle,-1,0,-0.004,-0.049,0.007,-0.016,0.008,0.001,1.5543
1785820821.191,0.000,WAIT,idle,-1,0,-0.004,-0.049,0.007,-0.014,0.008,0.001,1.5542
1785820821.291,0.000,WAIT,idle,-1,0,-0.004,-0.049,0.006,-0.014,0.005,0.000,1.5541
1785820821.391,0.000,WAIT,idle,-1,0,-0.004,-0.049,0.006,-0.013,0.007,-0.002,1.5540
1785820821.491,0.000,WAIT,idle,-1,0,-0.004,-0.049,0.005,-0.012,0.006,-0.003,1.5539
1785820821.591,0.000,WAIT,idle,-1,0,-0.004,-0.049,0.004,-0.010,0.006,-0.003,1.5535
1785820821.691,0.000,WAIT,idle,-1,0,-0.003,-0.050,0.003,-0.009,0.005,-0.003,1.5534
1785820821.791,0.000,WAIT,idle,-1,0,-0.003,-0.050,0.002,-0.011,0.003,-0.000,1.5531
1785820821.891,0.000,WAIT,idle,-1,0,-0.003,-0.050,0.002,-0.011,0.004,-0.000,1.5530
1785820821.991,0.000,WAIT,idle,-1,0,-0.003,-0.050,0.002,-0.010,0.005,-0.002,1.5528
1785820822.091,0.000,WAIT,idle,-1,0,-0.003,-0.050,0.002,-0.011,0.006,-0.001,1.5527
1785820822.191,0.000,WAIT,idle,-1,0,-0.002,-0.050,0.002,-0.010,0.005,0.001,1.5525
1785820822.291,0.000,WAIT,idle,-1,0,-0.002,-0.050,0.002,-0.010,0.005,-0.001,1.5526
1785820822.391,0.000,WAIT,idle,-1,0,-0.002,-0.050,0.002,-0.010,0.004,-0.001,1.5527
1785820822.491,0.000,WAIT,idle,-1,0,-0.002,-0.050,0.002,-0.010,0.004,-0.001,1.5527
1785820822.591,0.000,WAIT,idle,-1,0,-0.002,-0.050,0.002,-0.012,0.008,0.001,1.5526
1785820822.691,0.000,WAIT,idle,-1,0,-0.003,-0.050,0.002,-0.012,0.007,0.001,1.5526
1785820822.791,0.000,WAIT,idle,-1,0,-0.003,-0.049,0.003,-0.011,0.008,0.001,1.5526
1785820822.891,0.000,WAIT,idle,-1,0,-0.003,-0.049,0.004,-0.010,0.008,0.000,1.5526
1785820822.991,0.000,WAIT,idle,-1,0,-0.003,-0.049,0.004,-0.010,0.009,0.001,1.5527
1785820823.091,0.000,WAIT,idle,-1,0,-0.003,-0.049,0.005,-0.010,0.009,0.001,1.5527
1785820823.191,0.000,WAIT,idle,-1,0,-0.003,-0.049,0.005,-0.010,0.007,0.001,1.5525
1785820823.291,0.000,WAIT,idle,-1,0,-0.002,-0.049,0.006,-0.009,0.006,0.000,1.5524
1785820823.391,0.000,WAIT,idle,-1,0,-0.002,-0.049,0.006,-0.011,0.009,-0.001,1.5523
1785820823.491,0.000,WAIT,idle,-1,0,-0.002,-0.049,0.006,-0.013,0.007,0.001,1.5521
1785820823.591,0.000,WAIT,idle,-1,0,-0.002,-0.049,0.007,-0.015,0.008,0.003,1.5521
1785820823.691,0.000,WAIT,idle,-1,0,-0.002,-0.050,0.007,-0.014,0.006,0.004,1.5522
1785820823.791,0.000,WAIT,idle,-1,0,-0.001,-0.050,0.008,-0.013,0.006,0.003,1.5525
1785820823.891,0.000,WAIT,idle,-1,0,-0.001,-0.050,0.008,-0.012,0.004,0.002,1.5526
1785820823.991,0.000,WAIT,idle,-1,0,-0.001,-0.050,0.008,-0.013,0.006,0.004,1.5526
1785820824.091,0.000,WAIT,idle,-1,0,-0.001,-0.050,0.008,-0.012,0.003,0.005,1.5526
1785820824.191,0.000,WAIT,idle,-1,0,-0.001,-0.051,0.008,-0.011,0.003,0.005,1.5526
1785820824.291,0.000,WAIT,idle,-1,0,-0.001,-0.051,0.008,-0.010,0.003,0.006,1.5526
1785820824.391,0.000,WAIT,idle,-1,0,-0.001,-0.051,0.008,-0.011,0.005,0.007,1.5526
1785820824.491,0.000,WAIT,idle,-1,0,-0.000,-0.051,0.008,-0.012,0.006,0.007,1.5525
1785820824.591,0.000,WAIT,idle,-1,0,-0.000,-0.051,0.008,-0.013,0.005,0.006,1.5524
1785820824.691,0.000,WAIT,idle,-1,0,-0.000,-0.052,0.007,-0.011,0.002,0.002,1.5524
1785820824.791,0.000,WAIT,idle,-1,0,-0.000,-0.052,0.007,-0.011,-0.001,0.002,1.5522
1785820824.891,0.000,WAIT,idle,-1,0,-0.000,-0.053,0.007,-0.011,-0.003,0.004,1.5523
1785820824.991,0.000,WAIT,idle,-1,0,-0.000,-0.053,0.007,-0.009,-0.004,0.004,1.5522
1785820825.091,0.000,WAIT,idle,-1,0,0.000,-0.054,0.007,-0.010,-0.007,0.003,1.5521
1785820825.191,0.000,WAIT,idle,-1,0,0.000,-0.055,0.007,-0.011,-0.006,0.003,1.5523
1785820825.291,0.000,WAIT,idle,-1,0,0.000,-0.055,0.007,-0.011,-0.003,0.003,1.5522
1785820825.391,0.000,WAIT,idle,-1,0,-0.000,-0.055,0.007,-0.011,-0.004,0.002,1.5524
1785820825.491,0.000,WAIT,idle,-1,0,-0.000,-0.055,0.007,-0.012,-0.002,0.003,1.5524
1785820825.591,0.000,WAIT,idle,-1,0,-0.000,-0.055,0.008,-0.012,-0.003,0.004,1.5523
1785820825.691,0.000,WAIT,idle,-1,0,-0.000,-0.055,0.008,-0.013,-0.002,0.006,1.5523
1785820825.791,0.000,WAIT,idle,-1,0,-0.001,-0.054,0.009,-0.014,-0.002,0.008,1.5521
1785820825.891,0.000,WAIT,idle,-1,0,-0.001,-0.054,0.009,-0.014,-0.001,0.008,1.5522
1785820825.991,0.000,WAIT,idle,-1,0,-0.001,-0.054,0.010,-0.016,-0.001,0.007,1.5524
1785820826.091,0.000,WAIT,idle,-1,0,-0.002,-0.054,0.010,-0.016,-0.002,0.007,1.5526
1785820826.191,0.000,WAIT,idle,-1,0,-0.003,-0.054,0.010,-0.018,-0.002,0.005,1.5526
1785820826.291,0.000,WAIT,idle,-1,0,-0.003,-0.054,0.009,-0.017,-0.003,0.006,1.5525
1785820826.391,0.000,WAIT,idle,-1,0,-0.003,-0.054,0.010,-0.017,-0.003,0.008,1.5527
1785820826.491,0.000,WAIT,idle,-1,0,-0.003,-0.054,0.010,-0.016,-0.004,0.006,1.5528
1785820826.591,0.000,WAIT,idle,-1,0,-0.003,-0.054,0.010,-0.014,-0.003,0.007,1.5528
1785820826.691,0.000,WAIT,idle,-1,0,-0.002,-0.054,0.010,-0.014,-0.003,0.004,1.5528
1785820826.791,0.000,WAIT,idle,-1,0,-0.001,-0.054,0.009,-0.013,-0.004,0.003,1.5526
1785820826.891,0.000,WAIT,idle,-1,0,-0.001,-0.054,0.009,-0.015,-0.006,-0.001,1.5526
1785820826.991,0.000,WAIT,idle,-1,0,-0.001,-0.054,0.008,-0.017,-0.004,-0.001,1.5525
1785820827.091,0.000,WAIT,idle,-1,0,-0.002,-0.055,0.007,-0.019,-0.004,0.000,1.5525
1785820827.191,0.000,WAIT,idle,-1,0,-0.002,-0.055,0.006,-0.021,-0.001,-0.002,1.5526
1785820827.291,0.000,WAIT,idle,-1,0,-0.003,-0.054,0.006,-0.020,-0.000,-0.001,1.5526
1785820827.391,0.000,WAIT,idle,-1,0,-0.003,-0.054,0.006,-0.018,-0.002,-0.003,1.5525
1785820827.491,0.000,WAIT,idle,-1,0,-0.003,-0.054,0.005,-0.018,-0.002,-0.004,1.5524
1785820827.591,0.000,WAIT,idle,-1,0,-0.003,-0.053,0.005,-0.016,-0.000,-0.004,1.5523
1785820827.691,0.000,WAIT,idle,-1,0,-0.002,-0.053,0.005,-0.014,-0.001,-0.002,1.5523
1785820827.791,0.000,WAIT,idle,-1,0,-0.001,-0.053,0.004,-0.017,-0.003,-0.003,1.5523
1785820827.891,0.000,WAIT,idle,-1,0,-0.001,-0.053,0.004,-0.017,-0.001,-0.001,1.5522
1785820827.991,0.000,WAIT,idle,-1,0,-0.000,-0.053,0.004,-0.018,0.000,0.000,1.5522
1785820828.091,0.000,WAIT,idle,-1,0,-0.000,-0.053,0.004,-0.017,-0.001,0.001,1.5522
1785820828.191,0.000,WAIT,idle,-1,0,-0.000,-0.053,0.004,-0.019,-0.002,0.000,1.5522
1785820828.291,0.000,WAIT,idle,-1,0,-0.000,-0.053,0.005,-0.018,-0.002,-0.001,1.5524
1785820828.391,0.000,WAIT,idle,-1,0,-0.000,-0.053,0.004,-0.018,-0.001,-0.002,1.5525
1785820828.491,0.000,WAIT,idle,-1,0,-0.000,-0.053,0.004,-0.017,-0.002,-0.002,1.5526
1785820828.591,0.000,WAIT,idle,-1,0,-0.000,-0.053,0.004,-0.017,-0.001,0.000,1.5528
1785820828.691,0.000,WAIT,idle,-1,0,-0.001,-0.053,0.005,-0.017,0.001,-0.000,1.5527
1785820828.791,0.000,WAIT,idle,-1,0,-0.001,-0.053,0.005,-0.016,0.000,0.000,1.5527
1785820828.891,0.000,WAIT,idle,-1,0,-0.001,-0.052,0.005,-0.016,0.001,0.000,1.5527
1785820828.991,0.000,WAIT,idle,-1,0,-0.001,-0.052,0.005,-0.014,0.001,-0.002,1.5528
1785820829.091,0.000,WAIT,idle,-1,0,-0.001,-0.052,0.004,-0.015,0.000,0.000,1.5526
1785820829.191,0.000,WAIT,idle,-1,0,-0.001,-0.052,0.004,-0.015,-0.001,-0.002,1.5529
1785820829.291,0.000,WAIT,idle,-1,0,-0.002,-0.052,0.003,-0.016,-0.001,-0.004,1.5529
1785820829.391,0.000,WAIT,idle,-1,0,-0.002,-0.052,0.003,-0.016,-0.001,-0.002,1.5529
1785820829.491,0.000,WAIT,idle,-1,0,-0.002,-0.052,0.002,-0.013,0.001,-0.001,1.5528
1785820829.591,0.000,WAIT,idle,-1,0,-0.002,-0.052,0.002,-0.014,0.002,-0.001,1.5527
1785820829.691,0.000,WAIT,idle,-1,0,-0.002,-0.052,0.002,-0.014,0.001,-0.003,1.5527
1785820829.791,0.000,WAIT,idle,-1,0,-0.003,-0.052,0.002,-0.014,0.000,-0.003,1.5526
1785820829.891,0.000,WAIT,idle,-1,0,-0.003,-0.052,0.001,-0.013,0.001,-0.004,1.5526
1785820829.991,0.000,WAIT,idle,-1,0,-0.002,-0.052,0.001,-0.013,0.002,-0.003,1.5524
1785820830.091,0.000,WAIT,idle,-1,0,-0.002,-0.052,0.001,-0.013,0.002,-0.002,1.5525
1785820830.191,0.000,WAIT,idle,-1,0,-0.002,-0.052,0.001,-0.013,0.004,-0.002,1.5526
1785820830.291,0.000,WAIT,idle,-1,0,-0.001,-0.051,0.001,-0.013,0.005,-0.003,1.5528
1785820830.391,0.000,WAIT,idle,-1,0,-0.001,-0.051,0.001,-0.014,0.005,-0.001,1.5529
1785820830.491,0.000,WAIT,idle,-1,0,-0.001,-0.051,0.001,-0.014,0.006,0.001,1.5530
1785820830.591,0.000,WAIT,idle,-1,0,-0.001,-0.051,0.002,-0.014,0.006,0.003,1.5531
1785820830.691,0.000,WAIT,idle,-1,0,-0.001,-0.051,0.003,-0.012,0.004,0.003,1.5531
1785820830.791,0.000,WAIT,idle,-1,0,-0.001,-0.051,0.004,-0.012,0.003,0.005,1.5532
1785820830.891,0.000,WAIT,idle,-1,0,-0.000,-0.052,0.005,-0.012,0.003,0.006,1.5532
1785820830.991,0.000,WAIT,idle,-1,0,-0.000,-0.052,0.006,-0.012,0.002,0.006,1.5533
1785820831.091,0.000,WAIT,idle,-1,0,-0.000,-0.052,0.007,-0.010,-0.000,0.007,1.5534
1785820831.191,0.000,WAIT,idle,-1,0,-0.000,-0.053,0.007,-0.010,0.000,0.006,1.5533
1785820831.291,0.000,WAIT,idle,-1,0,-0.000,-0.053,0.007,-0.010,0.002,0.005,1.5532
1785820831.391,0.000,WAIT,idle,-1,0,-0.000,-0.053,0.007,-0.007,0.004,0.005,1.5528
1785820831.491,0.000,WAIT,idle,-1,0,-0.000,-0.052,0.007,-0.008,0.004,0.003,1.5527
1785820831.591,0.000,WAIT,idle,-1,0,-0.000,-0.052,0.007,-0.010,0.005,0.004,1.5526
1785820831.691,0.000,WAIT,idle,-1,0,-0.000,-0.051,0.006,-0.012,0.004,0.002,1.5527
1785820831.791,0.000,WAIT,idle,-1,0,-0.000,-0.051,0.005,-0.014,0.004,0.001,1.5526
1785820831.891,0.000,WAIT,idle,-1,0,-0.001,-0.052,0.004,-0.014,0.004,-0.002,1.5523
1785820831.991,0.000,WAIT,idle,-1,0,-0.001,-0.051,0.003,-0.013,0.006,-0.001,1.5523
1785820832.091,0.000,WAIT,idle,-1,0,-0.002,-0.051,0.002,-0.014,0.007,-0.001,1.5521
1785820832.191,0.000,WAIT,idle,-1,0,-0.002,-0.051,0.002,-0.012,0.008,-0.002,1.5520
1785820832.291,0.000,WAIT,idle,-1,0,-0.002,-0.050,0.002,-0.011,0.009,-0.001,1.5519
1785820832.391,0.000,WAIT,idle,-1,0,-0.002,-0.050,0.001,-0.010,0.008,-0.000,1.5519
1785820832.491,0.000,WAIT,idle,-1,0,-0.002,-0.050,0.001,-0.008,0.009,0.001,1.5521
1785820832.591,0.000,WAIT,idle,-1,0,-0.002,-0.050,0.001,-0.006,0.011,0.001,1.5522
1785820832.691,0.000,WAIT,idle,-1,0,-0.001,-0.049,0.001,-0.007,0.010,-0.000,1.5522
1785820832.791,0.000,WAIT,idle,-1,0,-0.000,-0.049,0.001,-0.007,0.009,0.000,1.5521
1785820832.891,0.000,WAIT,idle,-1,0,0.000,-0.049,0.001,-0.006,0.008,-0.001,1.5520
1785820832.991,0.000,WAIT,idle,-1,0,0.001,-0.049,0.002,-0.006,0.009,0.001,1.5519
1785820833.091,0.000,WAIT,idle,-1,0,0.001,-0.050,0.001,-0.004,0.011,0.001,1.5519
1785820833.191,0.000,WAIT,idle,-1,0,0.002,-0.049,0.001,-0.006,0.010,-0.000,1.5519
1785820833.291,0.000,WAIT,idle,-1,0,0.002,-0.049,0.001,-0.004,0.008,-0.001,1.5521
1785820833.391,0.000,WAIT,idle,-1,0,0.002,-0.049,0.001,-0.004,0.009,-0.001,1.5521
1785820833.491,0.000,WAIT,idle,-1,0,0.002,-0.050,0.000,-0.003,0.007,-0.001,1.5519
1785820833.591,0.000,WAIT,idle,-1,0,0.003,-0.050,0.000,-0.002,0.008,0.001,1.5517
1785820833.691,0.000,WAIT,idle,-1,0,0.003,-0.050,0.000,-0.001,0.008,0.001,1.5518
1785820833.791,0.000,WAIT,idle,-1,0,0.004,-0.050,0.001,-0.000,0.006,0.003,1.5517
1785820833.891,0.000,WAIT,idle,-1,0,0.004,-0.050,0.001,-0.001,0.005,0.002,1.5517
1785820833.991,0.000,WAIT,idle,-1,0,0.005,-0.050,0.002,-0.000,0.005,0.003,1.5517
1785820834.091,0.000,WAIT,idle,-1,0,0.005,-0.050,0.002,0.001,0.007,0.003,1.5515
1785820834.191,0.000,WAIT,idle,-1,0,0.006,-0.050,0.003,0.002,0.008,0.001,1.5518
1785820834.291,0.000,WAIT,idle,-1,0,0.006,-0.050,0.003,0.001,0.007,0.002,1.5518
1785820834.391,0.000,WAIT,idle,-1,0,0.006,-0.050,0.003,0.000,0.007,0.003,1.5516
1785820834.491,0.000,WAIT,idle,-1,0,0.006,-0.050,0.004,0.002,0.006,0.004,1.5515
1785820834.591,0.000,WAIT,idle,-1,0,0.006,-0.050,0.004,0.003,0.005,0.003,1.5514
1785820834.691,0.000,WAIT,idle,-1,0,0.006,-0.050,0.004,0.002,0.004,0.002,1.5514
1785820834.791,0.000,WAIT,idle,-1,0,0.006,-0.050,0.004,0.003,0.006,0.003,1.5515
1785820834.891,0.000,WAIT,idle,-1,0,0.006,-0.050,0.005,-0.000,0.007,0.004,1.5516
1785820834.991,0.000,WAIT,idle,-1,0,0.005,-0.050,0.005,0.001,0.008,0.004,1.5516
1785820835.091,0.000,WAIT,idle,-1,0,0.005,-0.050,0.005,-0.003,0.006,0.005,1.5517
1785820835.191,0.000,WAIT,idle,-1,0,0.005,-0.050,0.005,-0.005,0.004,0.004,1.5516
1785820835.291,0.000,WAIT,idle,-1,0,0.005,-0.051,0.006,-0.008,0.003,0.004,1.5516
1785820835.391,0.000,WAIT,idle,-1,0,0.004,-0.051,0.006,-0.012,0.002,0.005,1.5518
1785820835.491,0.000,WAIT,idle,-1,0,0.003,-0.051,0.007,-0.012,0.003,0.006,1.5520
1785820835.591,0.000,WAIT,idle,-1,0,0.003,-0.051,0.008,-0.014,0.003,0.006,1.5521
1785820835.691,0.000,WAIT,idle,-1,0,0.002,-0.051,0.008,-0.014,0.001,0.005,1.5520
1785820835.791,0.000,WAIT,idle,-1,0,0.002,-0.052,0.008,-0.012,0.000,0.004,1.5520
1785820835.891,0.000,WAIT,idle,-1,0,0.002,-0.052,0.008,-0.013,0.001,0.003,1.5518
1785820835.991,0.000,WAIT,idle,-1,0,0.001,-0.052,0.008,-0.011,0.001,0.002,1.5518
1785820836.091,0.000,WAIT,idle,-1,0,0.001,-0.052,0.008,-0.008,0.003,0.001,1.5516
1785820836.191,0.000,WAIT,idle,-1,0,0.002,-0.052,0.007,-0.006,0.003,0.000,1.5518
1785820836.291,0.000,WAIT,idle,-1,0,0.002,-0.052,0.007,-0.003,0.002,0.001,1.5517
1785820836.391,0.000,WAIT,idle,-1,0,0.002,-0.052,0.006,-0.002,0.003,0.001,1.5517
1785820836.491,0.000,WAIT,idle,-1,0,0.003,-0.052,0.006,-0.003,0.003,0.001,1.5519
1785820836.591,0.000,WAIT,idle,-1,0,0.003,-0.053,0.005,-0.002,0.002,0.003,1.5519
1785820836.691,0.000,WAIT,idle,-1,0,0.003,-0.053,0.005,-0.001,0.002,0.001,1.5519
1785820836.791,0.000,WAIT,idle,-1,0,0.003,-0.053,0.005,-0.000,0.004,0.001,1.5520
1785820836.891,0.000,WAIT,idle,-1,0,0.003,-0.053,0.005,-0.001,0.003,0.002,1.5519
1785820836.991,0.000,WAIT,idle,-1,0,0.003,-0.054,0.005,-0.001,0.001,0.002,1.5519
1785820837.091,0.000,WAIT,idle,-1,0,0.003,-0.054,0.005,-0.002,-0.001,0.000,1.5522
1785820837.191,0.000,WAIT,idle,-1,0,0.003,-0.054,0.004,0.000,-0.001,-0.001,1.5521
1785820837.291,0.000,WAIT,idle,-1,0,0.003,-0.054,0.004,0.001,-0.001,0.000,1.5522
1785820837.391,0.000,WAIT,idle,-1,0,0.004,-0.054,0.004,0.003,-0.002,-0.000,1.5521
1785820837.491,0.000,WAIT,idle,-1,0,0.004,-0.054,0.004,0.004,-0.001,-0.000,1.5521
1785820837.591,0.000,WAIT,idle,-1,0,0.004,-0.054,0.003,0.003,-0.000,-0.002,1.5521
1785820837.691,0.000,WAIT,idle,-1,0,0.004,-0.053,0.003,0.002,-0.000,-0.006,1.5522
1785820837.791,0.000,WAIT,idle,-1,0,0.004,-0.053,0.002,0.003,-0.002,-0.006,1.5524
1785820837.891,0.000,WAIT,idle,-1,0,0.004,-0.053,0.001,0.003,0.001,-0.005,1.5524
1785820837.991,0.000,WAIT,idle,-1,0,0.004,-0.052,0.001,0.002,0.004,-0.008,1.5525
1785820838.091,0.000,WAIT,idle,-1,0,0.003,-0.052,0.000,0.001,0.007,-0.008,1.5525
1785820838.191,0.000,WAIT,idle,-1,0,0.003,-0.051,0.000,-0.002,0.003,-0.006,1.5525
1785820838.291,0.000,WAIT,idle,-1,0,0.002,-0.051,0.000,-0.004,0.005,-0.003,1.5523
1785820838.391,0.000,WAIT,idle,-1,0,0.001,-0.050,0.001,-0.004,0.007,-0.001,1.5523
1785820838.491,0.000,WAIT,idle,-1,0,0.000,-0.050,0.001,-0.008,0.005,0.002,1.5520
1785820838.591,0.000,WAIT,idle,-1,0,-0.000,-0.050,0.002,-0.010,0.004,0.002,1.5518
1785820838.691,0.000,WAIT,idle,-1,0,-0.001,-0.050,0.002,-0.010,0.006,0.002,1.5519
1785820838.791,0.000,WAIT,idle,-1,0,-0.001,-0.050,0.003,-0.010,0.007,0.004,1.5520
1785820838.891,0.000,WAIT,idle,-1,0,-0.002,-0.050,0.003,-0.014,0.009,0.005,1.5521
1785820838.991,0.000,WAIT,idle,-1,0,-0.003,-0.049,0.004,-0.016,0.009,0.006,1.5522
1785820839.091,0.000,WAIT,idle,-1,0,-0.004,-0.049,0.004,-0.016,0.009,0.005,1.5522
1785820839.191,0.000,WAIT,idle,-1,0,-0.004,-0.049,0.004,-0.014,0.007,0.002,1.5524
1785820839.291,0.000,WAIT,idle,-1,0,-0.004,-0.049,0.004,-0.013,0.006,0.001,1.5523
1785820839.391,0.000,WAIT,idle,-1,0,-0.004,-0.049,0.004,-0.013,0.006,-0.000,1.5523
1785820839.491,0.000,WAIT,idle,-1,0,-0.004,-0.049,0.004,-0.013,0.008,0.000,1.5522
1785820839.591,0.000,WAIT,idle,-1,0,-0.004,-0.049,0.004,-0.011,0.009,-0.002,1.5524
1785820839.691,0.000,WAIT,idle,-1,0,-0.004,-0.049,0.003,-0.011,0.005,-0.002,1.5525
1785820839.791,0.000,WAIT,idle,-1,0,-0.004,-0.049,0.003,-0.012,0.003,-0.002,1.5525
1785820839.891,0.000,WAIT,idle,-1,0,-0.004,-0.050,0.004,-0.013,-0.002,-0.001,1.5525
1785820839.991,0.000,WAIT,idle,-1,0,-0.004,-0.051,0.004,-0.013,-0.006,-0.003,1.5525
1785820840.091,0.000,WAIT,idle,-1,0,-0.004,-0.052,0.004,-0.012,-0.005,-0.003,1.5525
1785820840.191,0.000,WAIT,idle,-1,0,-0.004,-0.053,0.004,-0.011,-0.006,-0.002,1.5524
1785820840.291,0.000,WAIT,idle,-1,0,-0.003,-0.053,0.004,-0.012,-0.002,-0.001,1.5525
1785820840.391,0.000,WAIT,idle,-1,0,-0.003,-0.053,0.005,-0.010,-0.000,-0.002,1.5526
1785820840.491,0.000,WAIT,idle,-1,0,-0.003,-0.053,0.005,-0.010,0.001,-0.002,1.5527
1785820840.591,0.000,WAIT,idle,-1,0,-0.002,-0.052,0.005,-0.011,0.002,-0.001,1.5528
1785820840.691,0.000,WAIT,idle,-1,0,-0.002,-0.052,0.005,-0.011,0.001,-0.000,1.5525
1785820840.791,0.000,WAIT,idle,-1,0,-0.002,-0.052,0.005,-0.013,0.001,-0.002,1.5524
1785820840.891,0.000,WAIT,idle,-1,0,-0.002,-0.052,0.005,-0.014,0.001,-0.003,1.5521
1785820840.991,0.000,WAIT,idle,-1,0,-0.002,-0.052,0.004,-0.014,0.001,-0.004,1.5521
1785820841.091,0.000,WAIT,idle,-1,0,-0.001,-0.052,0.004,-0.015,-0.000,-0.004,1.5524
1785820841.191,0.000,WAIT,idle,-1,0,-0.001,-0.052,0.003,-0.014,0.002,-0.004,1.5523
1785820841.291,0.000,WAIT,idle,-1,0,-0.001,-0.051,0.002,-0.011,0.003,-0.006,1.5521
1785820841.391,0.000,WAIT,idle,-1,0,-0.001,-0.051,0.002,-0.010,0.003,-0.006,1.5521
1785820841.491,0.000,WAIT,idle,-1,0,-0.001,-0.051,0.002,-0.009,0.002,-0.006,1.5520
1785820841.591,0.000,WAIT,idle,-1,0,-0.000,-0.051,0.001,-0.008,0.001,-0.005,1.5520
1785820841.691,0.000,WAIT,idle,-1,0,-0.000,-0.050,0.001,-0.006,0.001,-0.005,1.5518
1785820841.791,0.000,WAIT,idle,-1,0,0.000,-0.050,0.001,-0.004,0.001,-0.006,1.5520
1785820841.891,0.000,WAIT,idle,-1,0,0.001,-0.050,0.001,-0.001,-0.002,-0.003,1.5521
1785820841.991,0.000,WAIT,idle,-1,0,0.001,-0.051,0.002,-0.000,-0.003,-0.003,1.5522
1785820842.091,0.000,WAIT,idle,-1,0,0.002,-0.051,0.002,-0.001,-0.001,-0.005,1.5522
1785820842.191,0.000,WAIT,idle,-1,0,0.002,-0.051,0.002,-0.000,-0.001,-0.004,1.5520
1785820842.291,0.000,WAIT,idle,-1,0,0.002,-0.051,0.002,-0.000,-0.001,-0.004,1.5519
1785820842.391,0.000,WAIT,idle,-1,0,0.002,-0.051,0.002,0.001,-0.002,-0.006,1.5519
1785820842.491,0.000,WAIT,idle,-1,0,0.003,-0.051,0.001,0.001,-0.002,-0.004,1.5519
1785820842.591,0.000,WAIT,idle,-1,0,0.003,-0.052,0.001,-0.001,-0.002,-0.004,1.5519
1785820842.691,0.000,WAIT,idle,-1,0,0.003,-0.051,0.001,-0.001,0.001,-0.002,1.5519
1785820842.791,0.000,WAIT,idle,-1,0,0.002,-0.051,0.000,0.000,0.004,-0.002,1.5518
1785820842.891,0.000,WAIT,idle,-1,0,0.002,-0.050,0.000,-0.001,0.005,-0.002,1.5518
1785820842.991,0.000,WAIT,idle,-1,0,0.002,-0.050,0.000,-0.001,0.004,-0.001,1.5519
1785820843.091,0.000,WAIT,idle,-1,0,0.002,-0.050,0.000,-0.001,0.003,0.000,1.5521
1785820843.191,0.000,WAIT,idle,-1,0,0.002,-0.050,0.001,-0.002,0.005,0.000,1.5520
1785820843.291,0.000,WAIT,idle,-1,0,0.001,-0.050,0.001,-0.003,0.004,0.001,1.5516
1785820843.391,0.000,WAIT,idle,-1,0,0.001,-0.050,0.001,-0.002,0.006,0.000,1.5513
1785820843.491,0.000,WAIT,idle,-1,0,0.001,-0.050,0.001,-0.003,0.004,-0.000,1.5513
1785820843.591,0.000,WAIT,idle,-1,0,0.001,-0.050,0.001,-0.001,0.003,0.001,1.5513
1785820843.691,0.000,WAIT,idle,-1,0,0.001,-0.050,0.001,-0.001,0.005,0.001,1.5511
1785820843.791,0.000,WAIT,idle,-1,0,0.001,-0.050,0.001,-0.002,0.002,0.001,1.5512
1785820843.891,0.000,WAIT,idle,-1,0,0.001,-0.050,0.001,-0.002,0.003,0.000,1.5513
1785820843.991,0.000,WAIT,idle,-1,0,0.001,-0.050,0.001,-0.001,0.004,0.001,1.5513
1785820844.091,0.000,WAIT,idle,-1,0,0.002,-0.050,0.001,-0.000,0.003,0.000,1.5515
1785820844.191,0.000,WAIT,idle,-1,0,0.002,-0.050,0.001,0.001,0.002,0.001,1.5515
1785820844.291,0.000,WAIT,idle,-1,0,0.003,-0.051,0.001,0.002,0.001,-0.001,1.5512
1785820844.391,0.000,WAIT,idle,-1,0,0.003,-0.051,0.000,0.002,0.001,-0.002,1.5512
1785820844.491,0.000,WAIT,idle,-1,0,0.003,-0.051,0.000,0.003,0.001,-0.002,1.5511
1785820844.591,0.000,WAIT,idle,-1,0,0.003,-0.051,-0.000,0.001,0.002,-0.005,1.5511
1785820844.691,0.000,WAIT,idle,-1,0,0.003,-0.051,-0.001,0.002,0.005,-0.006,1.5513
1785820844.791,0.000,WAIT,idle,-1,0,0.003,-0.051,-0.001,0.000,0.005,-0.006,1.5515
1785820844.891,0.000,WAIT,idle,-1,0,0.002,-0.050,-0.002,-0.001,0.006,-0.007,1.5517
1785820844.991,0.000,WAIT,idle,-1,0,0.002,-0.050,-0.002,-0.001,0.007,-0.006,1.5518
1785820845.091,0.000,WAIT,idle,-1,0,0.002,-0.050,-0.002,-0.003,0.007,-0.005,1.5519
1785820845.191,0.000,WAIT,idle,-1,0,0.001,-0.050,-0.002,-0.006,0.005,-0.007,1.5521
1785820845.291,0.000,WAIT,idle,-1,0,0.000,-0.051,-0.002,-0.005,0.005,-0.008,1.5519
1785820845.391,0.000,WAIT,idle,-1,0,-0.000,-0.051,-0.002,-0.007,0.006,-0.007,1.5518
1785820845.491,0.000,WAIT,idle,-1,0,-0.001,-0.051,-0.002,-0.007,0.006,-0.006,1.5516
1785820845.591,0.000,WAIT,idle,-1,0,-0.001,-0.051,-0.001,-0.007,0.009,-0.006,1.5516
1785820845.691,0.000,WAIT,idle,-1,0,-0.002,-0.051,-0.001,-0.008,0.005,-0.006,1.5517
1785820845.791,0.000,WAIT,idle,-1,0,-0.002,-0.051,-0.001,-0.009,0.004,-0.006,1.5517
1785820845.891,0.000,WAIT,idle,-1,0,-0.002,-0.051,-0.001,-0.008,0.003,-0.006,1.5518
1785820845.991,0.000,WAIT,idle,-1,0,-0.002,-0.051,-0.001,-0.009,0.005,-0.005,1.5517
1785820846.091,0.000,WAIT,idle,-1,0,-0.003,-0.051,-0.001,-0.009,0.006,-0.003,1.5516
1785820846.191,0.000,WAIT,idle,-1,0,-0.003,-0.051,-0.000,-0.011,0.006,-0.004,1.5517
1785820846.291,0.000,WAIT,idle,-1,0,-0.003,-0.051,0.000,-0.012,0.009,-0.002,1.5517
1785820846.391,0.000,WAIT,idle,-1,0,-0.004,-0.050,0.001,-0.010,0.012,-0.002,1.5517
1785820846.491,0.000,WAIT,idle,-1,0,-0.004,-0.049,0.001,-0.011,0.013,-0.002,1.5521
1785820846.591,0.000,WAIT,idle,-1,0,-0.004,-0.049,0.001,-0.009,0.012,-0.002,1.5522
1785820846.691,0.000,WAIT,idle,-1,0,-0.003,-0.048,0.001,-0.008,0.013,-0.001,1.5521
1785820846.791,0.000,WAIT,idle,-1,0,-0.003,-0.048,0.001,-0.009,0.016,-0.000,1.5523
1785820846.891,0.000,WAIT,idle,-1,0,-0.003,-0.047,0.002,-0.008,0.015,-0.000,1.5523
1785820846.991,0.000,WAIT,idle,-1,0,-0.003,-0.047,0.002,-0.007,0.011,0.001,1.5522
1785820847.091,0.000,WAIT,idle,-1,0,-0.002,-0.048,0.002,-0.006,0.007,-0.000,1.5522
1785820847.191,0.000,WAIT,idle,-1,0,-0.002,-0.049,0.002,-0.007,0.003,0.002,1.5521
1785820847.291,0.000,WAIT,idle,-1,0,-0.002,-0.050,0.002,-0.005,-0.001,0.004,1.5520
1785820847.391,0.000,WAIT,idle,-1,0,-0.001,-0.051,0.003,-0.004,-0.003,0.006,1.5521
1785820847.491,0.000,WAIT,idle,-1,0,-0.001,-0.052,0.003,-0.004,-0.004,0.006,1.5520
1785820847.591,0.000,WAIT,idle,-1,0,-0.000,-0.052,0.004,-0.004,-0.004,0.004,1.5522
1785820847.691,0.000,WAIT,idle,-1,0,-0.000,-0.053,0.004,-0.004,-0.005,0.004,1.5524
1785820847.791,0.000,WAIT,idle,-1,0,-0.000,-0.053,0.005,-0.003,-0.005,0.003,1.5523
1785820847.891,0.000,WAIT,idle,-1,0,-0.000,-0.053,0.005,-0.003,-0.004,0.005,1.5525
1785820847.991,0.000,WAIT,idle,-1,0,0.000,-0.053,0.006,-0.004,-0.006,0.006,1.5524
1785820848.091,0.000,WAIT,idle,-1,0,-0.000,-0.054,0.006,-0.004,-0.006,0.006,1.5523
1785820848.191,0.000,WAIT,idle,-1,0,-0.000,-0.054,0.006,-0.006,-0.005,0.006,1.5522
1785820848.291,0.000,WAIT,idle,-1,0,-0.001,-0.054,0.006,-0.004,-0.006,0.003,1.5522
1785820848.391,0.000,WAIT,idle,-1,0,-0.001,-0.054,0.006,-0.003,-0.005,0.001,1.5525
1785820848.491,0.000,WAIT,idle,-1,0,-0.000,-0.054,0.005,-0.002,-0.006,0.004,1.5526
1785820848.591,0.000,WAIT,idle,-1,0,-0.000,-0.054,0.005,-0.004,-0.003,0.003,1.5525
1785820848.691,0.000,WAIT,idle,-1,0,-0.001,-0.054,0.005,-0.006,-0.004,0.002,1.5523
1785820848.791,0.000,WAIT,idle,-1,0,-0.001,-0.053,0.005,-0.006,-0.002,0.002,1.5524
1785820848.891,0.000,WAIT,idle,-1,0,-0.001,-0.053,0.005,-0.006,-0.003,0.002,1.5525
1785820848.991,0.000,WAIT,idle,-1,0,-0.001,-0.053,0.005,-0.007,-0.005,0.003,1.5527
1785820849.091,0.000,WAIT,idle,-1,0,-0.002,-0.053,0.006,-0.006,-0.006,0.004,1.5528
1785820849.191,0.000,WAIT,idle,-1,0,-0.002,-0.054,0.006,-0.005,-0.006,0.004,1.5530
1785820849.291,0.000,WAIT,idle,-1,0,-0.001,-0.053,0.006,-0.007,-0.005,0.005,1.5530
1785820849.391,0.000,WAIT,idle,-1,0,-0.002,-0.053,0.006,-0.007,-0.004,0.003,1.5531
1785820849.491,0.000,WAIT,idle,-1,0,-0.002,-0.053,0.005,-0.008,-0.004,0.003,1.5531
1785820849.591,0.000,WAIT,idle,-1,0,-0.002,-0.053,0.005,-0.010,-0.006,0.003,1.5530
1785820849.691,0.000,WAIT,idle,-1,0,-0.002,-0.053,0.004,-0.008,-0.004,0.002,1.5527
1785820849.791,0.000,WAIT,idle,-1,0,-0.001,-0.053,0.003,-0.008,-0.002,0.001,1.5529
1785820849.891,0.000,WAIT,idle,-1,0,-0.001,-0.053,0.003,-0.008,-0.002,0.001,1.5528
1785820849.991,0.000,WAIT,idle,-1,0,-0.000,-0.052,0.002,-0.007,0.000,-0.000,1.5528
1785820850.091,0.000,WAIT,idle,-1,0,-0.000,-0.052,0.001,-0.009,0.000,-0.001,1.5526
1785820850.191,0.000,WAIT,idle,-1,0,-0.000,-0.052,0.001,-0.010,0.001,-0.002,1.5525
1785820850.291,0.000,WAIT,idle,-1,0,-0.001,-0.051,0.001,-0.012,0.002,-0.002,1.5523
1785820850.391,0.000,WAIT,idle,-1,0,-0.001,-0.051,0.001,-0.009,0.005,-0.003,1.5523
1785820850.491,0.000,WAIT,idle,-1,0,-0.000,-0.050,0.001,-0.008,0.005,-0.003,1.5523
1785820850.591,0.000,WAIT,idle,-1,0,0.000,-0.050,0.001,-0.006,0.006,-0.004,1.5521
1785820850.691,0.000,WAIT,idle,-1,0,0.001,-0.050,0.000,-0.005,0.003,-0.005,1.5522
1785820850.791,0.000,WAIT,idle,-1,0,0.002,-0.050,0.000,-0.005,0.004,-0.006,1.5523
1785820850.891,0.000,WAIT,idle,-1,0,0.002,-0.050,-0.000,-0.003,0.002,-0.005,1.5523
1785820850.991,0.000,WAIT,idle,-1,0,0.003,-0.050,-0.000,-0.004,0.002,-0.004,1.5521
1785820851.091,0.000,WAIT,idle,-1,0,0.003,-0.051,0.000,-0.004,0.000,-0.003,1.5520
1785820851.191,0.000,WAIT,idle,-1,0,0.003,-0.051,0.000,-0.003,0.001,-0.004,1.5521
1785820851.291,0.000,WAIT,idle,-1,0,0.003,-0.052,0.000,-0.004,-0.000,-0.005,1.5521
1785820851.391,0.000,WAIT,idle,-1,0,0.003,-0.052,-0.000,-0.006,0.000,-0.003,1.5522
1785820851.491,0.000,WAIT,idle,-1,0,0.003,-0.053,-0.001,-0.005,0.002,-0.004,1.5523
1785820851.591,0.000,WAIT,idle,-1,0,0.003,-0.053,-0.001,-0.006,0.002,-0.002,1.5521
1785820851.691,0.000,WAIT,idle,-1,0,0.003,-0.053,-0.001,-0.007,0.001,-0.001,1.5522
1785820851.791,0.000,WAIT,idle,-1,0,0.002,-0.053,-0.001,-0.006,0.001,-0.000,1.5522
1785820851.891,0.000,WAIT,idle,-1,0,0.002,-0.053,-0.001,-0.005,0.002,-0.003,1.5520
1785820851.991,0.000,WAIT,idle,-1,0,0.002,-0.053,-0.001,-0.004,0.003,-0.004,1.5517
1785820852.091,0.000,WAIT,idle,-1,0,0.002,-0.052,-0.001,-0.004,0.004,-0.004,1.5515
1785820852.191,0.000,WAIT,idle,-1,0,0.002,-0.052,-0.001,-0.001,0.004,-0.003,1.5513
1785820852.291,0.000,WAIT,idle,-1,0,0.002,-0.052,-0.001,-0.002,0.006,-0.004,1.5513
1785820852.391,0.000,WAIT,idle,-1,0,0.003,-0.051,-0.001,-0.002,0.006,-0.003,1.5512
1785820852.491,0.000,WAIT,idle,-1,0,0.003,-0.051,-0.001,-0.001,0.006,-0.004,1.5513
1785820852.591,0.000,WAIT,idle,-1,0,0.003,-0.051,-0.001,-0.003,0.007,-0.004,1.5513
1785820852.691,0.000,WAIT,idle,-1,0,0.003,-0.050,-0.001,-0.002,0.007,-0.004,1.5512
1785820852.791,0.000,WAIT,idle,-1,0,0.004,-0.050,-0.001,-0.003,0.006,-0.005,1.5510
1785820852.891,0.000,WAIT,idle,-1,0,0.004,-0.050,-0.001,-0.003,0.008,-0.007,1.5508
1785820852.991,0.000,WAIT,idle,-1,0,0.004,-0.050,-0.001,-0.002,0.008,-0.006,1.5506
1785820853.091,0.000,WAIT,idle,-1,0,0.004,-0.049,-0.001,-0.003,0.009,-0.004,1.5506
1785820853.191,0.000,WAIT,idle,-1,0,0.004,-0.049,-0.001,-0.002,0.009,-0.004,1.5505
1785820853.291,0.000,WAIT,idle,-1,0,0.005,-0.049,-0.000,-0.003,0.008,-0.002,1.5507
1785820853.391,0.000,WAIT,idle,-1,0,0.005,-0.049,-0.000,-0.001,0.010,-0.002,1.5504
1785820853.491,0.000,WAIT,idle,-1,0,0.005,-0.049,-0.000,-0.002,0.009,-0.000,1.5503
1785820853.591,0.000,WAIT,idle,-1,0,0.005,-0.049,0.000,-0.005,0.006,0.000,1.5503
1785820853.691,0.000,WAIT,idle,-1,0,0.004,-0.049,0.001,-0.007,0.007,-0.000,1.5504
1785820853.791,0.000,WAIT,idle,-1,0,0.004,-0.050,0.001,-0.006,0.004,-0.001,1.5504
1785820853.891,0.000,WAIT,idle,-1,0,0.003,-0.050,0.002,-0.007,0.003,-0.001,1.5505
1785820853.991,0.000,WAIT,idle,-1,0,0.003,-0.051,0.002,-0.008,0.003,-0.000,1.5506
1785820854.091,0.000,WAIT,idle,-1,0,0.002,-0.051,0.002,-0.006,0.004,0.001,1.5506
1785820854.191,0.000,WAIT,idle,-1,0,0.002,-0.051,0.003,-0.005,0.003,-0.000,1.5507
1785820854.291,0.000,WAIT,idle,-1,0,0.002,-0.051,0.003,-0.003,0.002,-0.003,1.5507
1785820854.391,0.000,WAIT,idle,-1,0,0.002,-0.052,0.003,-0.002,-0.000,-0.005,1.5508
1785820854.491,0.000,WAIT,idle,-1,0,0.002,-0.052,0.002,-0.002,-0.003,-0.007,1.5508
1785820854.591,0.000,WAIT,idle,-1,0,0.003,-0.053,0.002,0.000,-0.003,-0.008,1.5509
1785820854.691,0.000,WAIT,idle,-1,0,0.003,-0.053,0.002,0.002,-0.003,-0.007,1.5509
1785820854.791,0.000,WAIT,idle,-1,0,0.004,-0.053,0.002,0.005,0.001,-0.006,1.5507
1785820854.891,0.000,WAIT,idle,-1,0,0.005,-0.053,0.002,0.008,0.004,-0.006,1.5506
1785820854.991,0.000,WAIT,idle,-1,0,0.005,-0.052,0.002,0.009,0.006,-0.006,1.5507
1785820855.091,0.000,WAIT,idle,-1,0,0.006,-0.051,0.001,0.008,0.009,-0.006,1.5507
1785820855.191,0.000,WAIT,idle,-1,0,0.006,-0.051,0.001,0.008,0.010,-0.005,1.5509
1785820855.291,0.000,WAIT,idle,-1,0,0.006,-0.050,0.000,0.007,0.011,-0.005,1.5510
1785820855.391,0.000,WAIT,idle,-1,0,0.006,-0.049,0.000,0.008,0.011,-0.006,1.5510
1785820855.491,0.000,WAIT,idle,-1,0,0.006,-0.049,-0.000,0.007,0.009,-0.007,1.5509
1785820855.591,0.000,WAIT,idle,-1,0,0.006,-0.049,-0.001,0.009,0.011,-0.006,1.5509
1785820855.691,0.000,WAIT,idle,-1,0,0.006,-0.049,-0.001,0.008,0.009,-0.006,1.5511
1785820855.791,0.000,WAIT,idle,-1,0,0.006,-0.049,-0.001,0.006,0.009,-0.005,1.5514
1785820855.891,0.000,WAIT,idle,-1,0,0.006,-0.049,-0.001,0.006,0.009,-0.002,1.5514
1785820855.991,0.000,WAIT,idle,-1,0,0.006,-0.048,-0.000,0.003,0.009,-0.000,1.5516
1785820856.091,0.000,WAIT,idle,-1,0,0.006,-0.048,0.000,0.001,0.009,-0.001,1.5516
1785820856.191,0.000,WAIT,idle,-1,0,0.005,-0.048,0.000,0.002,0.010,0.000,1.5515
1785820856.291,0.000,WAIT,idle,-1,0,0.005,-0.048,0.001,0.002,0.010,-0.001,1.5515
1785820856.391,0.000,WAIT,idle,-1,0,0.005,-0.048,0.001,0.003,0.009,0.000,1.5514
1785820856.491,0.000,WAIT,idle,-1,0,0.005,-0.048,0.001,0.003,0.008,0.001,1.5515
1785820856.591,0.000,WAIT,idle,-1,0,0.005,-0.048,0.001,0.006,0.006,0.002,1.5515
1785820856.691,0.000,WAIT,idle,-1,0,0.005,-0.049,0.001,0.004,0.006,0.002,1.5516
1785820856.791,0.000,WAIT,idle,-1,0,0.005,-0.049,0.002,0.004,0.008,0.002,1.5515
1785820856.891,0.000,WAIT,idle,-1,0,0.004,-0.048,0.002,0.002,0.010,0.002,1.5514
1785820856.991,0.000,WAIT,idle,-1,0,0.004,-0.048,0.002,0.000,0.012,0.002,1.5514
1785820857.091,0.000,WAIT,idle,-1,0,0.003,-0.048,0.002,-0.003,0.010,0.000,1.5514
1785820857.191,0.000,WAIT,idle,-1,0,0.002,-0.048,0.002,-0.004,0.009,0.000,1.5513
1785820857.291,0.000,WAIT,idle,-1,0,0.001,-0.048,0.002,-0.004,0.006,0.001,1.5514
1785820857.391,0.000,WAIT,idle,-1,0,0.001,-0.049,0.002,-0.003,0.002,0.001,1.5511
1785820857.491,0.000,WAIT,idle,-1,0,0.001,-0.049,0.003,-0.001,0.001,0.001,1.5511
1785820857.591,0.000,WAIT,idle,-1,0,0.001,-0.050,0.002,-0.001,-0.000,-0.000,1.5512
1785820857.691,0.000,WAIT,idle,-1,0,0.001,-0.051,0.002,-0.003,0.001,-0.002,1.5511
1785820857.791,0.000,WAIT,idle,-1,0,0.000,-0.051,0.002,-0.003,-0.001,-0.004,1.5512
1785820857.891,0.000,WAIT,idle,-1,0,0.000,-0.052,0.001,-0.003,-0.004,-0.004,1.5512
1785820857.991,0.000,WAIT,idle,-1,0,-0.000,-0.052,0.001,-0.002,-0.005,-0.005,1.5511
1785820858.091,0.000,WAIT,idle,-1,0,-0.000,-0.053,0.001,-0.004,-0.006,-0.006,1.5513
1785820858.191,0.000,WAIT,idle,-1,0,-0.000,-0.053,0.000,-0.004,-0.005,-0.007,1.5515
1785820858.291,0.000,WAIT,idle,-1,0,-0.000,-0.054,-0.000,-0.002,-0.004,-0.008,1.5515
1785820858.391,0.000,WAIT,idle,-1,0,0.000,-0.054,-0.000,0.001,-0.005,-0.005,1.5516
1785820858.491,0.000,WAIT,idle,-1,0,0.001,-0.054,-0.000,0.001,-0.006,-0.004,1.5518
1785820858.591,0.000,WAIT,idle,-1,0,0.001,-0.054,-0.000,0.001,-0.006,-0.004,1.5518
1785820858.691,0.000,WAIT,idle,-1,0,0.002,-0.054,-0.000,0.003,-0.006,-0.004,1.5520
1785820858.791,0.000,WAIT,idle,-1,0,0.002,-0.054,-0.000,0.003,-0.005,-0.004,1.5521
1785820858.891,0.000,WAIT,idle,-1,0,0.002,-0.054,-0.001,0.003,-0.003,-0.004,1.5522
1785820858.991,0.000,WAIT,idle,-1,0,0.003,-0.054,-0.001,0.002,-0.003,-0.006,1.5521
1785820859.091,0.000,WAIT,idle,-1,0,0.003,-0.054,-0.001,0.001,-0.005,-0.006,1.5519
1785820859.191,0.000,WAIT,idle,-1,0,0.003,-0.053,-0.001,-0.002,-0.002,-0.005,1.5519
1785820859.291,0.000,WAIT,idle,-1,0,0.002,-0.053,-0.001,-0.004,0.002,-0.004,1.5519
1785820859.391,0.000,WAIT,idle,-1,0,0.001,-0.052,-0.001,-0.004,0.003,-0.005,1.5518
1785820859.491,0.000,WAIT,idle,-1,0,0.001,-0.052,-0.001,-0.004,0.004,-0.003,1.5520
1785820859.591,0.000,WAIT,idle,-1,0,0.001,-0.051,-0.001,-0.003,0.005,-0.004,1.5521
1785820859.691,0.000,WAIT,idle,-1,0,0.002,-0.051,-0.001,-0.002,0.004,-0.005,1.5520
1785820859.791,0.000,WAIT,idle,-1,0,0.002,-0.050,-0.001,0.000,0.005,-0.004,1.5519
1785820859.891,0.000,WAIT,idle,-1,0,0.002,-0.050,-0.002,0.001,0.006,-0.005,1.5518
1785820859.991,0.000,WAIT,idle,-1,0,0.003,-0.050,-0.002,0.003,0.005,-0.005,1.5519
1785820860.091,0.000,WAIT,idle,-1,0,0.003,-0.050,-0.003,0.003,0.004,-0.006,1.5519
1785820860.191,0.000,WAIT,idle,-1,0,0.003,-0.050,-0.003,0.005,0.004,-0.007,1.5521
1785820860.291,0.000,WAIT,idle,-1,0,0.004,-0.050,-0.004,0.005,0.001,-0.006,1.5520
1785820860.391,0.000,WAIT,idle,-1,0,0.004,-0.051,-0.004,0.001,0.000,-0.006,1.5518
1785820860.491,0.000,WAIT,idle,-1,0,0.004,-0.051,-0.004,0.002,0.001,-0.006,1.5517
1785820860.591,0.000,WAIT,idle,-1,0,0.003,-0.051,-0.004,0.001,0.001,-0.005,1.5513
1785820860.691,0.000,WAIT,idle,-1,0,0.003,-0.052,-0.004,0.001,-0.000,-0.004,1.5513
1785820860.791,0.000,WAIT,idle,-1,0,0.003,-0.052,-0.004,0.000,-0.001,-0.004,1.5512
1785820860.891,0.000,WAIT,idle,-1,0,0.003,-0.052,-0.004,-0.002,-0.002,-0.004,1.5511
1785820860.991,0.000,WAIT,idle,-1,0,0.002,-0.052,-0.004,-0.001,-0.003,-0.004,1.5509
1785820861.091,0.000,WAIT,idle,-1,0,0.002,-0.053,-0.003,-0.003,-0.002,-0.003,1.5508
1785820861.191,0.000,WAIT,idle,-1,0,0.001,-0.053,-0.003,-0.003,0.000,-0.004,1.5506
1785820861.291,0.000,WAIT,idle,-1,0,0.001,-0.052,-0.003,-0.002,0.002,-0.004,1.5506
1785820861.391,0.000,WAIT,idle,-1,0,0.001,-0.052,-0.002,-0.001,0.002,-0.004,1.5504
1785820861.491,0.000,WAIT,idle,-1,0,0.001,-0.052,-0.002,0.001,0.003,-0.004,1.5502
1785820861.591,0.000,WAIT,idle,-1,0,0.002,-0.052,-0.002,0.000,0.001,-0.003,1.5502
1785820861.691,0.000,WAIT,idle,-1,0,0.002,-0.052,-0.001,0.000,0.002,-0.003,1.5504
1785820861.791,0.000,WAIT,idle,-1,0,0.003,-0.051,-0.001,0.001,0.002,-0.002,1.5505
1785820861.891,0.000,WAIT,idle,-1,0,0.003,-0.051,-0.001,0.001,0.001,-0.001,1.5505
1785820861.991,0.000,WAIT,idle,-1,0,0.004,-0.052,-0.000,0.004,-0.000,-0.001,1.5505
1785820862.091,0.000,WAIT,idle,-1,0,0.005,-0.052,0.000,0.005,-0.003,-0.001,1.5504
1785820862.191,0.000,WAIT,idle,-1,0,0.006,-0.053,0.000,0.006,-0.005,-0.001,1.5502
1785820862.291,0.000,WAIT,idle,-1,0,0.007,-0.054,0.001,0.005,-0.007,0.001,1.5500
1785820862.391,0.000,WAIT,idle,-1,0,0.007,-0.054,0.001,0.006,-0.008,0.003,1.5499
1785820862.491,0.000,WAIT,idle,-1,0,0.008,-0.055,0.002,0.004,-0.007,0.004,1.5499
1785820862.591,0.000,WAIT,idle,-1,0,0.008,-0.055,0.002,0.004,-0.003,0.003,1.5499
1785820862.691,0.000,WAIT,idle,-1,0,0.008,-0.054,0.002,0.003,-0.001,0.002,1.5497
1785820862.791,0.000,WAIT,idle,-1,0,0.007,-0.054,0.002,0.001,-0.001,0.000,1.5496
1785820862.891,0.000,WAIT,idle,-1,0,0.007,-0.053,0.002,-0.001,-0.000,-0.001,1.5494
1785820862.991,0.000,WAIT,idle,-1,0,0.006,-0.053,0.002,-0.001,-0.001,0.001,1.5495
1785820863.092,0.000,WAIT,idle,-1,0,0.005,-0.052,0.002,0.002,0.002,0.001,1.5495
1785820863.191,0.000,WAIT,idle,-1,0,0.005,-0.052,0.002,0.001,0.002,0.002,1.5494
1785820863.291,0.000,WAIT,idle,-1,0,0.004,-0.051,0.002,-0.001,0.001,0.003,1.5492
1785820863.391,0.000,WAIT,idle,-1,0,0.004,-0.051,0.003,0.000,0.001,0.005,1.5492
1785820863.491,0.000,WAIT,idle,-1,0,0.004,-0.051,0.004,-0.000,-0.000,0.006,1.5492
1785820863.591,0.000,WAIT,idle,-1,0,0.003,-0.051,0.005,-0.001,-0.003,0.008,1.5493
1785820863.691,0.000,WAIT,idle,-1,0,0.003,-0.052,0.005,-0.001,-0.004,0.007,1.5494
1785820863.791,0.000,WAIT,idle,-1,0,0.003,-0.052,0.006,-0.002,-0.004,0.006,1.5492
1785820863.891,0.000,WAIT,idle,-1,0,0.003,-0.052,0.006,-0.003,-0.005,0.006,1.5491
1785820863.991,0.000,WAIT,idle,-1,0,0.003,-0.053,0.007,-0.005,-0.005,0.006,1.5489
1785820864.091,0.000,WAIT,idle,-1,0,0.003,-0.053,0.007,-0.005,-0.006,0.005,1.5487
1785820864.191,0.000,WAIT,idle,-1,0,0.003,-0.054,0.007,-0.006,-0.003,0.004,1.5485
1785820864.291,0.000,WAIT,idle,-1,0,0.003,-0.054,0.007,-0.006,-0.002,0.003,1.5483
1785820864.391,0.000,WAIT,idle,-1,0,0.003,-0.054,0.006,-0.003,-0.001,0.003,1.5483
1785820864.491,0.000,WAIT,idle,-1,0,0.004,-0.054,0.006,-0.001,-0.001,0.003,1.5483
1785820864.591,0.000,WAIT,idle,-1,0,0.005,-0.053,0.006,0.001,-0.000,0.003,1.5485
1785820864.691,0.000,WAIT,idle,-1,0,0.006,-0.053,0.006,0.004,-0.003,0.002,1.5483
1785820864.791,0.000,WAIT,idle,-1,0,0.006,-0.053,0.005,0.004,-0.002,-0.000,1.5483
1785820864.891,0.000,WAIT,idle,-1,0,0.007,-0.053,0.005,0.004,-0.004,0.000,1.5482
1785820864.991,0.000,WAIT,idle,-1,0,0.007,-0.053,0.004,0.005,-0.004,-0.000,1.5482
1785820865.091,0.000,WAIT,idle,-1,0,0.007,-0.054,0.004,0.004,-0.003,-0.002,1.5483
1785820865.191,0.000,WAIT,idle,-1,0,0.008,-0.054,0.004,0.003,-0.003,-0.002,1.5485
1785820865.291,0.000,WAIT,idle,-1,0,0.008,-0.054,0.004,0.004,-0.002,-0.003,1.5485
1785820865.391,0.000,WAIT,idle,-1,0,0.007,-0.053,0.003,0.003,-0.000,-0.003,1.5484
1785820865.491,0.000,WAIT,idle,-1,0,0.007,-0.053,0.003,0.002,0.001,-0.002,1.5483
1785820865.591,0.000,WAIT,idle,-1,0,0.007,-0.053,0.002,-0.000,0.001,-0.002,1.5483
1785820865.691,0.000,WAIT,idle,-1,0,0.006,-0.052,0.002,-0.003,0.004,0.001,1.5482
1785820865.791,0.000,WAIT,idle,-1,0,0.005,-0.052,0.002,-0.005,0.003,0.001,1.5481
1785820865.891,0.000,WAIT,idle,-1,0,0.004,-0.051,0.002,-0.007,0.001,-0.001,1.5484
1785820865.991,0.000,WAIT,idle,-1,0,0.003,-0.052,0.001,-0.011,0.001,-0.001,1.5486
1785820866.091,0.000,WAIT,idle,-1,0,0.002,-0.052,0.001,-0.012,0.001,-0.003,1.5486
1785820866.191,0.000,WAIT,idle,-1,0,0.001,-0.052,0.001,-0.013,0.000,-0.001,1.5485
1785820866.291,0.000,WAIT,idle,-1,0,0.000,-0.052,0.001,-0.010,0.003,-0.001,1.5483
1785820866.391,0.000,WAIT,idle,-1,0,0.000,-0.051,0.001,-0.010,0.004,-0.000,1.5484
1785820866.491,0.000,WAIT,idle,-1,0,0.000,-0.051,0.002,-0.009,0.007,0.001,1.5484
1785820866.591,0.000,WAIT,idle,-1,0,0.000,-0.050,0.002,-0.009,0.009,0.001,1.5485
1785820866.691,0.000,WAIT,idle,-1,0,-0.000,-0.049,0.002,-0.010,0.010,-0.001,1.5484
1785820866.791,0.000,WAIT,idle,-1,0,-0.000,-0.049,0.003,-0.010,0.009,0.002,1.5485
1785820866.891,0.000,WAIT,idle,-1,0,-0.001,-0.049,0.003,-0.007,0.009,0.001,1.5487
1785820866.991,0.000,WAIT,idle,-1,0,-0.001,-0.049,0.004,-0.007,0.006,0.002,1.5487
1785820867.091,0.000,WAIT,idle,-1,0,-0.000,-0.049,0.004,-0.004,0.005,-0.000,1.5487
1785820867.191,0.000,WAIT,idle,-1,0,0.000,-0.049,0.005,0.000,0.005,0.001,1.5487
1785820867.291,0.000,WAIT,idle,-1,0,0.001,-0.049,0.005,0.001,0.003,0.003,1.5487
1785820867.391,0.000,WAIT,idle,-1,0,0.002,-0.050,0.006,0.002,0.002,0.003,1.5486
1785820867.491,0.000,WAIT,idle,-1,0,0.002,-0.050,0.006,0.003,0.002,0.003,1.5487
1785820867.591,0.000,WAIT,idle,-1,0,0.003,-0.050,0.007,0.004,0.002,0.003,1.5488
1785820867.691,0.000,WAIT,idle,-1,0,0.003,-0.050,0.007,0.002,0.002,0.003,1.5488
1785820867.791,0.000,WAIT,idle,-1,0,0.003,-0.050,0.008,0.002,0.002,0.001,1.5490
1785820867.891,0.000,WAIT,idle,-1,0,0.003,-0.051,0.008,0.003,-0.001,-0.001,1.5490
1785820867.991,0.000,WAIT,idle,-1,0,0.004,-0.051,0.007,0.002,-0.002,-0.001,1.5489
1785820868.091,0.000,WAIT,idle,-1,0,0.004,-0.052,0.008,0.002,-0.002,-0.001,1.5485
1785820868.191,0.000,WAIT,idle,-1,0,0.005,-0.052,0.008,0.001,-0.003,-0.002,1.5483
1785820868.291,0.000,WAIT,idle,-1,0,0.005,-0.052,0.008,0.001,-0.003,-0.001,1.5483
1785820868.391,0.000,WAIT,idle,-1,0,0.005,-0.052,0.008,0.002,-0.001,-0.003,1.5483
1785820868.491,0.000,WAIT,idle,-1,0,0.006,-0.052,0.008,0.002,-0.002,-0.001,1.5483
1785820868.591,0.000,WAIT,idle,-1,0,0.006,-0.052,0.008,0.003,-0.002,0.002,1.5483
1785820868.691,0.000,WAIT,idle,-1,0,0.006,-0.053,0.008,0.004,-0.003,-0.000,1.5485
1785820868.791,0.000,WAIT,idle,-1,0,0.006,-0.053,0.007,0.005,-0.001,-0.000,1.5484
1785820868.891,0.000,WAIT,idle,-1,0,0.006,-0.052,0.007,0.006,-0.001,0.001,1.5483
1785820868.991,0.000,WAIT,idle,-1,0,0.006,-0.052,0.007,0.007,-0.003,0.002,1.5484
1785820869.091,0.000,WAIT,idle,-1,0,0.006,-0.052,0.007,0.008,-0.003,0.003,1.5486
1785820869.191,0.000,WAIT,idle,-1,0,0.007,-0.052,0.007,0.008,-0.003,0.003,1.5488
1785820869.291,0.000,WAIT,idle,-1,0,0.007,-0.052,0.007,0.008,-0.005,0.005,1.5488
1785820869.391,0.000,WAIT,idle,-1,0,0.007,-0.052,0.007,0.009,-0.006,0.006,1.5489
1785820869.491,0.000,WAIT,idle,-1,0,0.007,-0.052,0.007,0.008,-0.006,0.006,1.5490
1785820869.591,0.000,WAIT,idle,-1,0,0.007,-0.053,0.006,0.006,-0.006,0.007,1.5489
1785820869.691,0.000,WAIT,idle,-1,0,0.007,-0.053,0.007,0.008,-0.003,0.008,1.5490
1785820869.791,0.000,WAIT,idle,-1,0,0.007,-0.052,0.007,0.007,-0.001,0.007,1.5491
1785820869.891,0.000,WAIT,idle,-1,0,0.007,-0.052,0.007,0.009,0.001,0.007,1.5490
1785820869.991,0.000,WAIT,idle,-1,0,0.006,-0.051,0.007,0.007,0.001,0.008,1.5489
1785820870.091,0.000,WAIT,idle,-1,0,0.006,-0.051,0.008,0.006,0.001,0.008,1.5490
1785820870.191,0.000,WAIT,idle,-1,0,0.005,-0.051,0.008,0.004,0.002,0.008,1.5492
1785820870.291,0.000,WAIT,idle,-1,0,0.005,-0.051,0.009,0.005,0.004,0.006,1.5492
1785820870.391,0.000,WAIT,idle,-1,0,0.005,-0.050,0.009,0.005,0.004,0.003,1.5492
1785820870.491,0.000,WAIT,idle,-1,0,0.005,-0.050,0.008,0.005,0.004,0.005,1.5491
1785820870.591,0.000,WAIT,idle,-1,0,0.004,-0.050,0.008,0.006,0.002,0.004,1.5491
1785820870.691,0.000,WAIT,idle,-1,0,0.004,-0.050,0.008,0.003,0.003,0.003,1.5490
1785820870.791,0.000,WAIT,idle,-1,0,0.004,-0.050,0.008,0.004,0.002,0.004,1.5493
1785820870.891,0.000,WAIT,idle,-1,0,0.004,-0.050,0.007,0.002,0.003,0.003,1.5495
1785820870.991,0.000,WAIT,idle,-1,0,0.003,-0.050,0.007,-0.000,0.004,0.002,1.5495
1785820871.091,0.000,WAIT,idle,-1,0,0.003,-0.050,0.007,0.002,0.005,0.001,1.5495
1785820871.191,0.000,WAIT,idle,-1,0,0.003,-0.049,0.007,0.002,0.008,0.000,1.5495
1785820871.291,0.000,WAIT,idle,-1,0,0.003,-0.049,0.006,0.002,0.008,-0.001,1.5497
1785820871.391,0.000,WAIT,idle,-1,0,0.003,-0.049,0.006,0.001,0.008,-0.001,1.5497
1785820871.491,0.000,WAIT,idle,-1,0,0.003,-0.049,0.006,0.000,0.007,-0.001,1.5495
1785820871.591,0.000,WAIT,idle,-1,0,0.003,-0.049,0.006,-0.000,0.006,-0.001,1.5495
1785820871.691,0.000,WAIT,idle,-1,0,0.003,-0.049,0.005,-0.000,0.006,-0.000,1.5493
1785820871.791,0.000,WAIT,idle,-1,0,0.003,-0.049,0.005,-0.001,0.005,0.002,1.5493
1785820871.891,0.000,WAIT,idle,-1,0,0.002,-0.049,0.005,-0.003,0.007,0.004,1.5494
1785820871.991,0.000,WAIT,idle,-1,0,0.002,-0.049,0.005,-0.004,0.008,0.003,1.5495
1785820872.091,0.000,WAIT,idle,-1,0,0.001,-0.049,0.005,-0.005,0.008,0.006,1.5496
1785820872.191,0.000,WAIT,idle,-1,0,0.001,-0.049,0.006,-0.006,0.009,0.008,1.5497
1785820872.291,0.000,WAIT,idle,-1,0,0.000,-0.048,0.006,-0.007,0.009,0.008,1.5500
1785820872.391,0.000,WAIT,idle,-1,0,-0.000,-0.048,0.005,-0.005,0.007,0.005,1.5503
1785820872.491,0.000,WAIT,idle,-1,0,-0.000,-0.048,0.005,-0.005,0.008,0.006,1.5503
1785820872.591,0.000,WAIT,idle,-1,0,-0.000,-0.048,0.005,-0.006,0.009,0.004,1.5504
1785820872.691,0.000,WAIT,idle,-1,0,-0.000,-0.048,0.005,-0.005,0.011,0.004,1.5503
1785820872.791,0.000,WAIT,idle,-1,0,-0.000,-0.048,0.005,-0.006,0.012,0.003,1.5501
1785820872.891,0.000,WAIT,idle,-1,0,-0.000,-0.047,0.005,-0.006,0.012,0.004,1.5500
1785820872.991,0.000,WAIT,idle,-1,0,-0.000,-0.047,0.005,-0.006,0.012,0.003,1.5498
1785820873.091,0.000,WAIT,idle,-1,0,-0.000,-0.047,0.005,-0.006,0.011,0.004,1.5500
1785820873.191,0.000,WAIT,idle,-1,0,-0.001,-0.047,0.005,-0.004,0.011,0.006,1.5504
1785820873.291,0.000,WAIT,idle,-1,0,-0.000,-0.048,0.005,-0.003,0.010,0.005,1.5507
1785820873.391,0.000,WAIT,idle,-1,0,-0.000,-0.048,0.006,-0.002,0.007,0.004,1.5506
1785820873.491,0.000,WAIT,idle,-1,0,0.000,-0.049,0.006,0.002,0.006,0.001,1.5507
1785820873.591,0.000,WAIT,idle,-1,0,0.001,-0.049,0.006,0.005,0.003,0.004,1.5505
1785820873.691,0.000,WAIT,idle,-1,0,0.002,-0.050,0.006,0.006,0.001,0.002,1.5507
1785820873.791,0.000,WAIT,idle,-1,0,0.003,-0.051,0.006,0.006,0.000,0.003,1.5506
1785820873.891,0.000,WAIT,idle,-1,0,0.003,-0.051,0.005,0.006,0.002,0.001,1.5506
1785820873.991,0.000,WAIT,idle,-1,0,0.004,-0.052,0.005,0.007,0.002,0.000,1.5505
1785820874.091,0.000,WAIT,idle,-1,0,0.004,-0.052,0.005,0.007,0.001,-0.000,1.5502
1785820874.191,0.000,WAIT,idle,-1,0,0.005,-0.051,0.004,0.007,0.002,-0.004,1.5501
1785820874.291,0.000,WAIT,idle,-1,0,0.005,-0.051,0.003,0.007,0.003,-0.005,1.5499
1785820874.391,0.000,WAIT,idle,-1,0,0.006,-0.051,0.003,0.004,0.001,-0.005,1.5499
1785820874.491,0.000,WAIT,idle,-1,0,0.006,-0.051,0.002,0.001,0.002,-0.009,1.5498
1785820874.591,0.000,WAIT,idle,-1,0,0.005,-0.051,0.001,0.001,0.000,-0.008,1.5498
1785820874.691,0.000,WAIT,idle,-1,0,0.005,-0.051,0.000,-0.001,-0.000,-0.009,1.5499
1785820874.791,0.000,WAIT,idle,-1,0,0.005,-0.052,-0.000,0.000,-0.001,-0.008,1.5499
1785820874.891,0.000,WAIT,idle,-1,0,0.005,-0.052,-0.000,0.002,-0.003,-0.008,1.5497
1785820874.991,0.000,WAIT,idle,-1,0,0.005,-0.052,-0.001,0.002,-0.005,-0.008,1.5496
1785820875.091,0.000,WAIT,idle,-1,0,0.005,-0.053,-0.001,0.001,-0.005,-0.006,1.5495
1785820875.191,0.000,WAIT,idle,-1,0,0.005,-0.053,-0.001,0.002,-0.006,-0.006,1.5495
1785820875.291,0.000,WAIT,idle,-1,0,0.005,-0.054,-0.001,-0.000,-0.006,-0.005,1.5494
1785820875.391,0.000,WAIT,idle,-1,0,0.005,-0.054,-0.002,0.000,-0.006,-0.006,1.5493
1785820875.491,0.000,WAIT,idle,-1,0,0.004,-0.054,-0.002,-0.002,-0.007,-0.007,1.5491
1785820875.591,0.000,WAIT,idle,-1,0,0.004,-0.054,-0.002,0.001,-0.006,-0.005,1.5491
1785820875.691,0.000,WAIT,idle,-1,0,0.003,-0.054,-0.002,-0.000,-0.004,-0.003,1.5492
1785820875.791,0.000,WAIT,idle,-1,0,0.003,-0.054,-0.001,0.001,-0.003,-0.003,1.5495
1785820875.891,0.000,WAIT,idle,-1,0,0.003,-0.054,-0.001,0.002,-0.000,0.002,1.5494
1785820875.991,0.000,WAIT,idle,-1,0,0.003,-0.053,0.001,0.004,-0.001,0.002,1.5494
1785820876.091,0.000,WAIT,idle,-1,0,0.003,-0.053,0.002,0.003,0.001,0.003,1.5493
1785820876.191,0.000,WAIT,idle,-1,0,0.003,-0.052,0.003,0.004,-0.000,0.004,1.5490
1785820876.291,0.000,WAIT,idle,-1,0,0.003,-0.052,0.004,0.004,0.001,0.006,1.5489
1785820876.391,0.000,WAIT,idle,-1,0,0.003,-0.052,0.004,0.007,0.001,0.005,1.5489
1785820876.491,0.000,WAIT,idle,-1,0,0.004,-0.052,0.005,0.009,0.002,0.004,1.5486
1785820876.591,0.000,WAIT,idle,-1,0,0.004,-0.052,0.005,0.012,0.003,0.003,1.5487
1785820876.691,0.000,WAIT,idle,-1,0,0.005,-0.051,0.005,0.014,0.004,0.003,1.5485
1785820876.791,0.000,WAIT,idle,-1,0,0.006,-0.051,0.005,0.014,0.002,0.001,1.5486
1785820876.891,0.000,WAIT,idle,-1,0,0.006,-0.051,0.006,0.013,0.001,0.001,1.5485
1785820876.991,0.000,WAIT,idle,-1,0,0.006,-0.051,0.006,0.013,0.000,0.004,1.5482
1785820877.091,0.000,WAIT,idle,-1,0,0.007,-0.051,0.006,0.012,0.001,0.006,1.5481
1785820877.191,0.000,WAIT,idle,-1,0,0.007,-0.052,0.006,0.012,-0.000,0.006,1.5481
1785820877.291,0.000,WAIT,idle,-1,0,0.007,-0.052,0.007,0.012,0.000,0.008,1.5481
1785820877.391,0.000,WAIT,idle,-1,0,0.008,-0.052,0.007,0.013,0.001,0.008,1.5479
1785820877.491,0.000,WAIT,idle,-1,0,0.008,-0.052,0.008,0.011,0.000,0.008,1.5477
1785820877.591,0.000,WAIT,idle,-1,0,0.009,-0.052,0.008,0.010,0.001,0.009,1.5475
1785820877.691,0.000,WAIT,idle,-1,0,0.009,-0.052,0.009,0.009,-0.001,0.009,1.5475
1785820877.791,0.000,WAIT,idle,-1,0,0.008,-0.052,0.009,0.006,-0.003,0.009,1.5475
1785820877.891,0.000,WAIT,idle,-1,0,0.008,-0.052,0.009,0.005,-0.002,0.010,1.5477
1785820877.991,0.000,WAIT,idle,-1,0,0.007,-0.052,0.009,0.004,0.000,0.010,1.5478
1785820878.091,0.000,WAIT,idle,-1,0,0.007,-0.052,0.010,0.001,0.001,0.008,1.5478
1785820878.191,0.000,WAIT,idle,-1,0,0.006,-0.052,0.010,-0.002,0.002,0.005,1.5477
1785820878.291,0.000,WAIT,idle,-1,0,0.005,-0.051,0.010,-0.002,0.004,0.004,1.5475
1785820878.391,0.000,WAIT,idle,-1,0,0.005,-0.051,0.010,-0.001,0.004,0.003,1.5473
1785820878.491,0.000,WAIT,idle,-1,0,0.005,-0.050,0.010,-0.002,0.004,0.003,1.5474
1785820878.591,0.000,WAIT,idle,-1,0,0.004,-0.050,0.010,-0.005,0.001,0.003,1.5472
1785820878.691,0.000,WAIT,idle,-1,0,0.004,-0.050,0.010,-0.005,0.001,0.002,1.5472
1785820878.791,0.000,WAIT,idle,-1,0,0.003,-0.050,0.010,-0.007,0.004,0.001,1.5473
1785820878.891,0.000,WAIT,idle,-1,0,0.002,-0.049,0.009,-0.007,0.005,-0.001,1.5473
1785820878.991,0.000,WAIT,idle,-1,0,0.002,-0.049,0.009,-0.008,0.005,-0.002,1.5472
1785820879.091,0.000,WAIT,idle,-1,0,0.001,-0.049,0.008,-0.008,0.003,-0.004,1.5471
1785820879.191,0.000,WAIT,idle,-1,0,0.001,-0.049,0.008,-0.005,0.001,-0.005,1.5470
1785820879.291,0.000,WAIT,idle,-1,0,0.002,-0.049,0.007,-0.005,0.001,-0.007,1.5469
1785820879.391,0.000,WAIT,idle,-1,0,0.002,-0.050,0.006,-0.003,0.000,-0.007,1.5468
1785820879.491,0.000,WAIT,idle,-1,0,0.002,-0.050,0.006,-0.000,0.000,-0.005,1.5472
1785820879.591,0.000,WAIT,idle,-1,0,0.003,-0.050,0.005,0.003,0.001,-0.004,1.5475
1785820879.691,0.000,WAIT,idle,-1,0,0.004,-0.051,0.004,0.005,-0.001,-0.004,1.5476
1785820879.791,0.000,WAIT,idle,-1,0,0.005,-0.051,0.004,0.006,-0.001,-0.004,1.5476
1785820879.891,0.000,WAIT,idle,-1,0,0.006,-0.051,0.004,0.005,-0.001,-0.005,1.5474
1785820879.991,0.000,WAIT,idle,-1,0,0.006,-0.051,0.003,0.005,0.000,-0.004,1.5472
1785820880.091,0.000,WAIT,idle,-1,0,0.006,-0.052,0.003,0.003,-0.001,-0.004,1.5472
1785820880.191,0.000,WAIT,idle,-1,0,0.005,-0.052,0.003,0.001,-0.002,-0.004,1.5470
1785820880.291,0.000,WAIT,idle,-1,0,0.005,-0.052,0.003,0.000,-0.004,-0.003,1.5469
1785820880.391,0.000,WAIT,idle,-1,0,0.004,-0.053,0.004,-0.001,-0.003,-0.001,1.5470
1785820880.491,0.000,WAIT,idle,-1,0,0.004,-0.053,0.005,-0.001,-0.002,-0.003,1.5471
1785820880.591,0.000,WAIT,idle,-1,0,0.003,-0.054,0.005,-0.002,-0.003,-0.003,1.5472
1785820880.691,0.000,WAIT,idle,-1,0,0.003,-0.054,0.005,-0.003,-0.001,-0.005,1.5473
1785820880.791,0.000,WAIT,idle,-1,0,0.002,-0.054,0.005,-0.004,-0.002,-0.005,1.5471
1785820880.891,0.000,WAIT,idle,-1,0,0.002,-0.054,0.004,-0.003,-0.001,-0.006,1.5470
1785820880.991,0.000,WAIT,idle,-1,0,0.002,-0.054,0.003,-0.004,-0.001,-0.008,1.5470
1785820881.091,0.000,WAIT,idle,-1,0,0.002,-0.054,0.002,-0.002,-0.001,-0.009,1.5470
1785820881.191,0.000,WAIT,idle,-1,0,0.002,-0.054,0.001,-0.001,0.001,-0.009,1.5470
1785820881.291,0.000,WAIT,idle,-1,0,0.002,-0.053,0.000,-0.001,0.002,-0.008,1.5469
1785820881.391,0.000,WAIT,idle,-1,0,0.001,-0.053,-0.000,-0.001,0.000,-0.008,1.5468
1785820881.491,0.000,WAIT,idle,-1,0,0.002,-0.053,-0.000,-0.001,-0.002,-0.009,1.5469
1785820881.591,0.000,WAIT,idle,-1,0,0.002,-0.053,-0.001,-0.001,-0.001,-0.009,1.5471
1785820881.691,0.000,WAIT,idle,-1,0,0.001,-0.053,-0.001,-0.002,0.000,-0.011,1.5472
1785820881.791,0.000,WAIT,idle,-1,0,0.001,-0.053,-0.002,-0.001,-0.001,-0.009,1.5473
1785820881.891,0.000,WAIT,idle,-1,0,0.001,-0.053,-0.002,0.000,-0.003,-0.009,1.5471
1785820881.991,0.000,WAIT,idle,-1,0,0.002,-0.053,-0.001,0.001,-0.001,-0.009,1.5470
1785820882.091,0.000,WAIT,idle,-1,0,0.002,-0.054,-0.001,0.000,-0.003,-0.007,1.5470
1785820882.191,0.000,WAIT,idle,-1,0,0.002,-0.054,-0.001,0.002,-0.002,-0.007,1.5471
1785820882.291,0.000,WAIT,idle,-1,0,0.003,-0.054,-0.001,0.003,-0.003,-0.008,1.5471
1785820882.391,0.000,WAIT,idle,-1,0,0.003,-0.054,-0.001,0.004,-0.002,-0.008,1.5471
1785820882.491,0.000,WAIT,idle,-1,0,0.004,-0.054,-0.001,0.003,0.000,-0.008,1.5470
1785820882.591,0.000,WAIT,idle,-1,0,0.004,-0.053,-0.001,0.004,0.002,-0.005,1.5472
1785820882.691,0.000,WAIT,idle,-1,0,0.004,-0.053,-0.000,0.003,0.001,-0.003,1.5472
1785820882.791,0.000,WAIT,idle,-1,0,0.004,-0.053,0.000,0.002,0.003,-0.004,1.5472
1785820882.891,0.000,WAIT,idle,-1,0,0.004,-0.052,0.000,0.002,0.002,-0.006,1.5471
1785820882.991,0.000,WAIT,idle,-1,0,0.004,-0.052,-0.000,0.003,0.002,-0.005,1.5471
1785820883.091,0.000,WAIT,idle,-1,0,0.004,-0.052,-0.000,0.003,0.002,-0.004,1.5472
1785820883.191,0.000,WAIT,idle,-1,0,0.004,-0.052,-0.000,0.003,0.003,-0.003,1.5470
1785820883.291,0.000,WAIT,idle,-1,0,0.004,-0.052,-0.001,0.004,0.002,-0.004,1.5471
1785820883.391,0.000,WAIT,idle,-1,0,0.004,-0.051,-0.001,0.003,0.003,-0.004,1.5470
1785820883.491,0.000,WAIT,idle,-1,0,0.004,-0.051,-0.000,0.002,0.003,-0.003,1.5471
1785820883.591,0.000,WAIT,idle,-1,0,0.004,-0.051,0.000,0.003,0.004,-0.004,1.5470
1785820883.691,0.000,WAIT,idle,-1,0,0.003,-0.051,0.000,0.001,0.005,-0.006,1.5469
1785820883.791,0.000,WAIT,idle,-1,0,0.003,-0.050,0.000,-0.001,0.009,-0.008,1.5469
1785820883.891,0.000,WAIT,idle,-1,0,0.002,-0.049,0.000,-0.004,0.008,-0.010,1.5468
1785820883.991,0.000,WAIT,idle,-1,0,0.002,-0.049,-0.000,-0.005,0.006,-0.011,1.5467
1785820884.091,0.000,WAIT,idle,-1,0,0.001,-0.049,-0.000,-0.005,0.006,-0.010,1.5467
1785820884.191,0.000,WAIT,idle,-1,0,0.000,-0.049,-0.000,-0.007,0.006,-0.010,1.5467
1785820884.291,0.000,WAIT,idle,-1,0,-0.000,-0.049,-0.000,-0.008,0.005,-0.008,1.5466
1785820884.391,0.000,WAIT,idle,-1,0,-0.001,-0.049,-0.000,-0.009,0.004,-0.009,1.5466
1785820884.491,0.000,WAIT,idle,-1,0,-0.001,-0.049,-0.001,-0.007,0.006,-0.008,1.5465
1785820884.591,0.000,WAIT,idle,-1,0,-0.001,-0.049,-0.001,-0.006,0.003,-0.007,1.5464
1785820884.691,0.000,WAIT,idle,-1,0,-0.001,-0.049,-0.001,-0.006,0.002,-0.007,1.5466
1785820884.791,0.000,WAIT,idle,-1,0,-0.001,-0.049,-0.001,-0.006,0.001,-0.006,1.5468
1785820884.891,0.000,WAIT,idle,-1,0,-0.001,-0.050,-0.001,-0.005,-0.001,-0.004,1.5467
1785820884.991,0.000,WAIT,idle,-1,0,-0.001,-0.051,-0.001,-0.005,-0.003,-0.002,1.5467
1785820885.091,0.000,WAIT,idle,-1,0,-0.001,-0.051,-0.001,-0.005,-0.004,-0.002,1.5468
1785820885.191,0.000,WAIT,idle,-1,0,-0.001,-0.052,-0.000,-0.003,-0.007,-0.001,1.5468
1785820885.291,0.000,WAIT,idle,-1,0,-0.000,-0.053,0.000,-0.002,-0.007,-0.002,1.5467
1785820885.391,0.000,WAIT,idle,-1,0,0.000,-0.053,0.001,0.000,-0.006,-0.001,1.5465
1785820885.491,0.000,WAIT,idle,-1,0,0.001,-0.054,0.001,0.000,-0.006,0.000,1.5467
1785820885.591,0.000,WAIT,idle,-1,0,0.002,-0.054,0.002,0.001,-0.008,0.002,1.5467
1785820885.691,0.000,WAIT,idle,-1,0,0.002,-0.054,0.002,0.001,-0.009,0.002,1.5467
1785820885.791,0.000,WAIT,idle,-1,0,0.003,-0.055,0.003,0.003,-0.007,0.000,1.5466
1785820885.891,0.000,WAIT,idle,-1,0,0.004,-0.055,0.004,0.004,-0.007,0.001,1.5465
1785820885.991,0.000,WAIT,idle,-1,0,0.004,-0.055,0.004,0.003,-0.002,0.001,1.5464
1785820886.091,0.000,WAIT,idle,-1,0,0.004,-0.054,0.004,0.001,-0.002,0.001,1.5465
1785820886.191,0.000,WAIT,idle,-1,0,0.004,-0.054,0.004,0.005,-0.002,-0.000,1.5466
1785820886.291,0.000,WAIT,idle,-1,0,0.005,-0.053,0.004,0.004,-0.000,-0.002,1.5465
1785820886.391,0.000,WAIT,idle,-1,0,0.005,-0.053,0.004,0.005,-0.002,-0.002,1.5465
1785820886.491,0.000,WAIT,idle,-1,0,0.006,-0.053,0.004,0.004,-0.002,-0.001,1.5464
1785820886.591,0.000,WAIT,idle,-1,0,0.006,-0.053,0.005,0.005,-0.002,0.001,1.5464
1785820886.691,0.000,WAIT,idle,-1,0,0.006,-0.053,0.005,0.006,-0.000,0.001,1.5464
1785820886.791,0.000,WAIT,idle,-1,0,0.006,-0.052,0.005,0.007,0.003,0.002,1.5465
1785820886.891,0.000,WAIT,idle,-1,0,0.006,-0.051,0.006,0.006,0.005,0.001,1.5465
1785820886.991,0.000,WAIT,idle,-1,0,0.005,-0.051,0.006,0.004,0.006,0.000,1.5465
1785820887.091,0.000,WAIT,idle,-1,0,0.005,-0.050,0.006,0.004,0.007,0.000,1.5464
1785820887.191,0.000,WAIT,idle,-1,0,0.005,-0.050,0.006,0.002,0.005,0.001,1.5463
1785820887.291,0.000,WAIT,idle,-1,0,0.005,-0.050,0.007,0.001,0.004,0.002,1.5462
1785820887.391,0.000,WAIT,idle,-1,0,0.004,-0.050,0.007,-0.001,0.002,0.003,1.5460
1785820887.491,0.000,WAIT,idle,-1,0,0.004,-0.050,0.008,-0.003,0.003,0.004,1.5458
1785820887.591,0.000,WAIT,idle,-1,0,0.004,-0.050,0.009,-0.002,0.003,0.006,1.5458
1785820887.691,0.000,WAIT,idle,-1,0,0.004,-0.050,0.009,-0.002,0.004,0.006,1.5458
1785820887.791,0.000,WAIT,idle,-1,0,0.003,-0.050,0.009,-0.001,0.001,0.003,1.5458
1785820887.891,0.000,WAIT,idle,-1,0,0.003,-0.051,0.009,-0.003,0.002,0.003,1.5457
1785820887.991,0.000,WAIT,idle,-1,0,0.003,-0.051,0.009,-0.004,-0.001,0.001,1.5455
1785820888.091,0.000,WAIT,idle,-1,0,0.002,-0.052,0.008,-0.006,-0.003,0.000,1.5452
1785820888.191,0.000,WAIT,idle,-1,0,0.002,-0.052,0.008,-0.004,-0.002,0.002,1.5453
1785820888.291,0.000,WAIT,idle,-1,0,0.001,-0.052,0.007,-0.006,-0.004,0.000,1.5451
1785820888.391,0.000,WAIT,idle,-1,0,0.001,-0.053,0.007,-0.005,-0.004,0.000,1.5451
1785820888.491,0.000,WAIT,idle,-1,0,0.001,-0.053,0.007,-0.004,-0.003,0.001,1.5450
1785820888.591,0.000,WAIT,idle,-1,0,0.000,-0.053,0.006,-0.005,-0.001,-0.002,1.5448
1785820888.691,0.000,WAIT,idle,-1,0,0.000,-0.052,0.005,-0.006,-0.001,-0.005,1.5448
1785820888.791,0.000,WAIT,idle,-1,0,-0.000,-0.052,0.004,-0.007,-0.001,-0.005,1.5447
1785820888.891,0.000,WAIT,idle,-1,0,-0.000,-0.051,0.003,-0.009,-0.002,-0.005,1.5446
1785820888.991,0.000,WAIT,idle,-1,0,-0.001,-0.051,0.002,-0.007,-0.003,-0.006,1.5448
1785820889.091,0.000,WAIT,idle,-1,0,-0.001,-0.052,0.002,-0.010,-0.005,-0.005,1.5449
1785820889.191,0.000,WAIT,idle,-1,0,-0.001,-0.052,0.001,-0.007,-0.006,-0.005,1.5451
1785820889.291,0.000,WAIT,idle,-1,0,-0.001,-0.052,0.001,-0.006,-0.006,-0.003,1.5453
1785820889.391,0.000,WAIT,idle,-1,0,-0.001,-0.053,0.001,-0.005,-0.006,-0.002,1.5454
1785820889.491,0.000,WAIT,idle,-1,0,-0.001,-0.053,0.001,-0.005,-0.007,-0.002,1.5455
1785820889.591,0.000,WAIT,idle,-1,0,-0.000,-0.053,0.002,-0.006,-0.008,0.001,1.5454
1785820889.691,0.000,WAIT,idle,-1,0,-0.001,-0.053,0.002,-0.008,-0.007,0.000,1.5454
1785820889.791,0.000,WAIT,idle,-1,0,-0.001,-0.053,0.002,-0.010,-0.008,-0.000,1.5457
1785820889.891,0.000,WAIT,idle,-1,0,-0.001,-0.054,0.002,-0.008,-0.007,0.001,1.5456
1785820889.991,0.000,WAIT,idle,-1,0,-0.001,-0.054,0.002,-0.009,-0.005,0.001,1.5455
1785820890.091,0.000,WAIT,idle,-1,0,-0.002,-0.053,0.003,-0.006,-0.005,0.003,1.5455
1785820890.191,0.000,WAIT,idle,-1,0,-0.001,-0.053,0.003,-0.002,-0.004,0.003,1.5455
1785820890.291,0.000,WAIT,idle,-1,0,-0.000,-0.053,0.004,-0.001,-0.006,0.002,1.5455
1785820890.391,0.000,WAIT,idle,-1,0,0.000,-0.053,0.004,-0.000,-0.005,0.000,1.5457
1785820890.491,0.000,WAIT,idle,-1,0,0.001,-0.053,0.004,0.001,-0.005,-0.002,1.5457
1785820890.591,0.000,WAIT,idle,-1,0,0.001,-0.053,0.004,0.002,-0.002,-0.000,1.5457
1785820890.691,0.000,WAIT,idle,-1,0,0.002,-0.053,0.004,0.003,0.000,-0.002,1.5458
1785820890.791,0.000,WAIT,idle,-1,0,0.003,-0.052,0.004,0.005,0.001,-0.002,1.5458
1785820890.891,0.000,WAIT,idle,-1,0,0.003,-0.052,0.005,0.005,0.001,-0.002,1.5459
1785820890.991,0.000,WAIT,idle,-1,0,0.004,-0.052,0.005,0.005,-0.002,-0.001,1.5460
1785820891.091,0.000,WAIT,idle,-1,0,0.004,-0.052,0.005,0.004,-0.002,-0.002,1.5459
1785820891.191,0.000,WAIT,idle,-1,0,0.004,-0.052,0.005,0.005,-0.004,-0.002,1.5458
1785820891.291,0.000,WAIT,idle,-1,0,0.004,-0.053,0.006,0.005,-0.005,-0.002,1.5458
1785820891.391,0.000,WAIT,idle,-1,0,0.004,-0.053,0.006,0.003,-0.005,-0.000,1.5457
1785820891.491,0.000,WAIT,idle,-1,0,0.004,-0.054,0.006,0.002,-0.005,-0.001,1.5457
1785820891.591,0.000,WAIT,idle,-1,0,0.004,-0.054,0.006,0.000,-0.002,0.000,1.5458
1785820891.691,0.000,WAIT,idle,-1,0,0.003,-0.054,0.006,-0.001,-0.003,0.000,1.5460
1785820891.791,0.000,WAIT,idle,-1,0,0.002,-0.054,0.006,-0.000,-0.003,0.002,1.5457
1785820891.891,0.000,WAIT,idle,-1,0,0.002,-0.053,0.006,-0.000,-0.003,0.002,1.5457
1785820891.991,0.000,WAIT,idle,-1,0,0.002,-0.053,0.006,-0.000,-0.003,0.002,1.5457
1785820892.091,0.000,WAIT,idle,-1,0,0.002,-0.053,0.006,0.002,-0.007,0.002,1.5457
1785820892.191,0.000,WAIT,idle,-1,0,0.002,-0.054,0.006,0.001,-0.008,0.000,1.5457
1785820892.291,0.000,WAIT,idle,-1,0,0.002,-0.054,0.006,0.001,-0.007,-0.001,1.5460
1785820892.391,0.000,WAIT,idle,-1,0,0.002,-0.054,0.006,0.001,-0.008,0.001,1.5459
1785820892.491,0.000,WAIT,idle,-1,0,0.003,-0.055,0.006,0.001,-0.008,0.001,1.5457
1785820892.591,0.000,WAIT,idle,-1,0,0.002,-0.055,0.007,0.000,-0.007,-0.001,1.5455
1785820892.691,0.000,WAIT,idle,-1,0,0.002,-0.055,0.007,0.000,-0.008,0.001,1.5455
1785820892.791,0.000,WAIT,idle,-1,0,0.002,-0.055,0.007,0.001,-0.006,0.004,1.5456
1785820892.891,0.000,WAIT,idle,-1,0,0.002,-0.055,0.007,0.001,-0.005,0.004,1.5458
1785820892.991,0.000,WAIT,idle,-1,0,0.002,-0.054,0.007,0.002,-0.003,0.004,1.5457
1785820893.091,0.000,WAIT,idle,-1,0,0.002,-0.054,0.007,0.002,-0.001,0.002,1.5457
1785820893.191,0.000,WAIT,idle,-1,0,0.002,-0.053,0.007,0.003,0.001,0.003,1.5458
1785820893.291,0.000,WAIT,idle,-1,0,0.003,-0.053,0.007,0.001,0.003,0.000,1.5459
1785820893.391,0.000,WAIT,idle,-1,0,0.003,-0.052,0.006,0.002,0.002,-0.002,1.5456
1785820893.491,0.000,WAIT,idle,-1,0,0.003,-0.052,0.006,-0.003,-0.004,-0.003,1.5455
1785820893.591,0.000,WAIT,idle,-1,0,0.003,-0.053,0.005,-0.003,-0.005,-0.005,1.5453
1785820893.691,0.000,WAIT,idle,-1,0,0.003,-0.053,0.004,-0.005,-0.006,-0.002,1.5453
1785820893.791,0.000,WAIT,idle,-1,0,0.003,-0.054,0.003,-0.003,-0.006,-0.006,1.5454
1785820893.891,0.000,WAIT,idle,-1,0,0.003,-0.054,0.003,-0.002,-0.006,-0.005,1.5455
1785820893.991,0.000,WAIT,idle,-1,0,0.004,-0.055,0.002,-0.000,-0.007,-0.004,1.5458
1785820894.091,0.000,WAIT,idle,-1,0,0.005,-0.055,0.002,0.001,-0.011,-0.004,1.5456
1785820894.191,0.000,WAIT,idle,-1,0,0.005,-0.056,0.002,0.001,-0.010,-0.002,1.5456
1785820894.291,0.000,WAIT,idle,-1,0,0.005,-0.056,0.002,0.004,-0.009,0.002,1.5457
1785820894.391,0.000,WAIT,idle,-1,0,0.005,-0.056,0.003,0.002,-0.007,0.003,1.5457
1785820894.491,0.000,WAIT,idle,-1,0,0.005,-0.056,0.003,-0.000,-0.005,0.003,1.5458
1785820894.591,0.000,WAIT,idle,-1,0,0.005,-0.055,0.004,-0.000,-0.004,0.002,1.5458
1785820894.691,0.000,WAIT,idle,-1,0,0.004,-0.055,0.004,-0.002,-0.003,0.003,1.5458
1785820894.791,0.000,WAIT,idle,-1,0,0.004,-0.055,0.004,-0.004,-0.004,0.003,1.5461
1785820894.891,0.000,WAIT,idle,-1,0,0.003,-0.054,0.004,-0.003,-0.003,0.001,1.5461
1785820894.991,0.000,WAIT,idle,-1,0,0.003,-0.054,0.004,-0.003,-0.002,0.003,1.5462
1785820895.091,0.000,WAIT,idle,-1,0,0.002,-0.054,0.004,-0.004,-0.002,0.002,1.5459
1785820895.191,0.000,WAIT,idle,-1,0,0.002,-0.053,0.004,-0.002,0.001,-0.000,1.5459
1785820895.291,0.000,WAIT,idle,-1,0,0.002,-0.053,0.003,-0.001,0.000,-0.001,1.5460
1785820895.391,0.000,WAIT,idle,-1,0,0.002,-0.052,0.004,-0.002,-0.000,-0.002,1.5460
1785820895.491,0.000,WAIT,idle,-1,0,0.003,-0.052,0.004,-0.003,-0.001,-0.002,1.5458
1785820895.591,0.000,WAIT,idle,-1,0,0.003,-0.052,0.004,-0.004,-0.000,0.000,1.5458
1785820895.691,0.000,WAIT,idle,-1,0,0.003,-0.052,0.004,-0.003,0.001,0.001,1.5459
1785820895.791,0.000,WAIT,idle,-1,0,0.003,-0.052,0.005,-0.004,0.002,0.000,1.5459
1785820895.891,0.000,WAIT,idle,-1,0,0.002,-0.052,0.005,-0.004,0.002,0.000,1.5461
1785820895.991,0.000,WAIT,idle,-1,0,0.002,-0.052,0.005,-0.007,0.003,0.002,1.5461
1785820896.091,0.000,WAIT,idle,-1,0,0.001,-0.051,0.005,-0.009,0.005,0.002,1.5460
1785820896.191,0.000,WAIT,idle,-1,0,0.001,-0.051,0.005,-0.010,0.005,0.001,1.5458
1785820896.291,0.000,WAIT,idle,-1,0,0.001,-0.050,0.004,-0.009,0.006,0.001,1.5459
1785820896.391,0.000,WAIT,idle,-1,0,0.000,-0.050,0.004,-0.009,0.007,-0.000,1.5461
1785820896.491,0.000,WAIT,idle,-1,0,0.000,-0.049,0.003,-0.012,0.008,-0.001,1.5460
1785820896.591,0.000,WAIT,idle,-1,0,-0.000,-0.049,0.002,-0.014,0.008,-0.001,1.5459
1785820896.691,0.000,WAIT,idle,-1,0,-0.001,-0.048,0.002,-0.013,0.007,0.001,1.5457
1785820896.791,0.000,WAIT,idle,-1,0,-0.001,-0.048,0.001,-0.010,0.006,0.002,1.5456
1785820896.891,0.000,WAIT,idle,-1,0,-0.001,-0.048,0.001,-0.010,0.004,0.004,1.5454
1785820896.991,0.000,WAIT,idle,-1,0,-0.001,-0.048,0.001,-0.010,0.002,0.002,1.5454
1785820897.091,0.000,WAIT,idle,-1,0,-0.001,-0.049,0.001,-0.012,0.000,-0.000,1.5452
1785820897.191,0.000,WAIT,idle,-1,0,-0.001,-0.050,0.001,-0.009,0.001,-0.000,1.5453
1785820897.291,0.000,WAIT,idle,-1,0,-0.001,-0.050,0.000,-0.009,0.001,0.001,1.5454
1785820897.391,0.000,WAIT,idle,-1,0,-0.001,-0.051,0.001,-0.009,-0.001,-0.000,1.5455
1785820897.491,0.000,WAIT,idle,-1,0,-0.001,-0.052,0.001,-0.009,0.001,-0.000,1.5457
1785820897.591,0.000,WAIT,idle,-1,0,-0.002,-0.052,0.001,-0.008,-0.001,0.004,1.5458
1785820897.691,0.000,WAIT,idle,-1,0,-0.002,-0.053,0.002,-0.008,-0.002,0.005,1.5457
1785820897.791,0.000,WAIT,idle,-1,0,-0.002,-0.054,0.002,-0.006,-0.004,0.004,1.5458
1785820897.891,0.000,WAIT,idle,-1,0,-0.001,-0.054,0.002,-0.005,-0.003,0.004,1.5457
1785820897.991,0.000,WAIT,idle,-1,0,-0.001,-0.055,0.003,-0.004,-0.002,0.006,1.5458
1785820898.091,0.000,WAIT,idle,-1,0,-0.000,-0.055,0.003,-0.003,-0.002,0.006,1.5461
1785820898.191,0.000,WAIT,idle,-1,0,0.000,-0.055,0.003,-0.004,-0.001,0.006,1.5459
1785820898.291,0.000,WAIT,idle,-1,0,0.001,-0.055,0.003,-0.003,-0.002,0.003,1.5461
1785820898.391,0.000,WAIT,idle,-1,0,0.001,-0.055,0.003,-0.001,0.001,0.003,1.5462
1785820898.491,0.000,WAIT,idle,-1,0,0.001,-0.054,0.003,0.001,-0.001,0.003,1.5464
1785820898.591,0.000,WAIT,idle,-1,0,0.002,-0.054,0.003,0.000,-0.001,0.003,1.5464
1785820898.691,0.000,WAIT,idle,-1,0,0.002,-0.054,0.003,0.001,0.002,0.001,1.5465
1785820898.791,0.000,WAIT,idle,-1,0,0.003,-0.054,0.002,0.003,0.002,0.001,1.5466
1785820898.891,0.000,WAIT,idle,-1,0,0.003,-0.053,0.002,0.001,0.004,0.001,1.5467
1785820898.991,0.000,WAIT,idle,-1,0,0.004,-0.053,0.002,0.002,0.002,0.002,1.5467
1785820899.091,0.000,WAIT,idle,-1,0,0.004,-0.052,0.002,0.001,0.003,0.003,1.5468
1785820899.191,0.000,WAIT,idle,-1,0,0.004,-0.052,0.002,0.000,0.003,0.003,1.5468
1785820899.291,0.000,WAIT,idle,-1,0,0.003,-0.052,0.002,-0.001,0.003,0.002,1.5469
1785820899.391,0.000,WAIT,idle,-1,0,0.003,-0.052,0.002,-0.000,0.002,0.003,1.5472
1785820899.491,0.000,WAIT,idle,-1,0,0.003,-0.052,0.002,-0.001,0.003,0.001,1.5471
1785820899.591,0.000,WAIT,idle,-1,0,0.003,-0.052,0.002,-0.001,0.004,0.000,1.5471
1785820899.691,0.000,WAIT,idle,-1,0,0.002,-0.052,0.002,-0.002,0.001,-0.002,1.5469
1785820899.791,0.000,WAIT,idle,-1,0,0.002,-0.052,0.001,-0.001,0.002,-0.001,1.5469
1785820899.891,0.000,WAIT,idle,-1,0,0.002,-0.052,0.001,-0.003,0.001,-0.001,1.5466
1785820899.991,0.000,WAIT,idle,-1,0,0.001,-0.052,0.001,-0.004,0.001,-0.001,1.5468
1785820900.091,0.000,WAIT,idle,-1,0,0.001,-0.052,0.001,-0.005,0.002,-0.002,1.5469
1785820900.191,0.000,WAIT,idle,-1,0,0.000,-0.052,0.002,-0.006,0.001,-0.001,1.5469
1785820900.291,0.000,WAIT,idle,-1,0,-0.000,-0.052,0.002,-0.007,0.001,0.002,1.5468
1785820900.391,0.000,WAIT,idle,-1,0,-0.000,-0.052,0.003,-0.006,0.002,0.003,1.5467
1785820900.491,0.000,WAIT,idle,-1,0,-0.001,-0.052,0.003,-0.005,0.003,0.002,1.5467
1785820900.591,0.000,WAIT,idle,-1,0,-0.001,-0.051,0.004,-0.002,0.002,0.002,1.5467
1785820900.691,0.000,WAIT,idle,-1,0,0.000,-0.051,0.004,-0.002,0.003,0.005,1.5467
1785820900.791,0.000,WAIT,idle,-1,0,0.001,-0.051,0.005,-0.002,0.005,0.004,1.5466
1785820900.891,0.000,WAIT,idle,-1,0,0.002,-0.051,0.006,-0.001,0.007,0.005,1.5464
1785820900.991,0.000,WAIT,idle,-1,0,0.002,-0.050,0.006,-0.002,0.007,0.008,1.5464
1785820901.091,0.000,WAIT,idle,-1,0,0.003,-0.050,0.007,-0.001,0.006,0.008,1.5462
1785820901.191,0.000,WAIT,idle,-1,0,0.004,-0.050,0.008,-0.001,0.004,0.009,1.5460
1785820901.291,0.000,WAIT,idle,-1,0,0.004,-0.051,0.009,0.000,0.001,0.007,1.5460
1785820901.391,0.000,WAIT,idle,-1,0,0.005,-0.051,0.009,0.001,0.003,0.009,1.5459
1785820901.491,0.000,WAIT,idle,-1,0,0.005,-0.051,0.009,0.001,0.003,0.008,1.5458
1785820901.591,0.000,WAIT,idle,-1,0,0.005,-0.052,0.010,0.000,0.003,0.010,1.5457
1785820901.691,0.000,WAIT,idle,-1,0,0.005,-0.052,0.010,-0.003,0.001,0.010,1.5456
1785820901.791,0.000,WAIT,idle,-1,0,0.004,-0.053,0.010,-0.003,0.001,0.008,1.5457
1785820901.891,0.000,WAIT,idle,-1,0,0.004,-0.053,0.009,-0.002,-0.002,0.005,1.5458
1785820901.991,0.000,WAIT,idle,-1,0,0.003,-0.054,0.009,-0.002,-0.001,0.003,1.5459
1785820902.091,0.000,WAIT,idle,-1,0,0.003,-0.054,0.008,-0.004,-0.000,0.001,1.5458
1785820902.191,0.000,WAIT,idle,-1,0,0.003,-0.055,0.007,-0.003,0.000,0.001,1.5459
1785820902.291,0.000,WAIT,idle,-1,0,0.003,-0.055,0.007,-0.001,0.002,0.001,1.5459
1785820902.391,0.000,WAIT,idle,-1,0,0.003,-0.055,0.006,-0.001,0.002,-0.000,1.5459
1785820902.491,0.000,WAIT,idle,-1,0,0.003,-0.055,0.006,0.000,0.000,-0.001,1.5461
1785820902.591,0.000,WAIT,idle,-1,0,0.004,-0.055,0.005,0.001,0.002,-0.001,1.5460
1785820902.691,0.000,WAIT,idle,-1,0,0.004,-0.055,0.004,0.000,0.001,-0.002,1.5461
1785820902.791,0.000,WAIT,idle,-1,0,0.005,-0.055,0.003,0.002,0.002,-0.000,1.5461
1785820902.891,0.000,WAIT,idle,-1,0,0.005,-0.055,0.003,0.003,0.003,-0.001,1.5461
1785820902.991,0.000,WAIT,idle,-1,0,0.006,-0.054,0.003,0.003,0.002,0.001,1.5460
1785820903.091,0.000,WAIT,idle,-1,0,0.006,-0.054,0.003,0.003,0.004,0.003,1.5460
1785820903.191,0.000,WAIT,idle,-1,0,0.007,-0.054,0.003,0.003,0.006,0.004,1.5457
1785820903.291,0.000,WAIT,idle,-1,0,0.007,-0.053,0.004,0.003,0.008,0.006,1.5459
1785820903.391,0.000,WAIT,idle,-1,0,0.007,-0.052,0.004,0.004,0.006,0.009,1.5457
1785820903.491,0.000,WAIT,idle,-1,0,0.007,-0.052,0.005,0.003,0.008,0.008,1.5455
1785820903.591,0.000,WAIT,idle,-1,0,0.007,-0.051,0.005,0.001,0.006,0.005,1.5455
1785820903.691,0.000,WAIT,idle,-1,0,0.007,-0.051,0.005,-0.002,0.004,0.005,1.5454
1785820903.791,0.000,WAIT,idle,-1,0,0.007,-0.051,0.004,-0.003,0.005,0.005,1.5452
1785820903.891,0.000,WAIT,idle,-1,0,0.006,-0.051,0.004,-0.006,0.006,0.004,1.5450
1785820903.991,0.000,WAIT,idle,-1,0,0.006,-0.051,0.004,-0.006,0.005,0.004,1.5451
1785820904.091,0.000,WAIT,idle,-1,0,0.005,-0.051,0.003,-0.007,0.004,-0.000,1.5450
1785820904.191,0.000,WAIT,idle,-1,0,0.005,-0.051,0.003,-0.007,0.005,0.001,1.5448
1785820904.291,0.000,WAIT,idle,-1,0,0.004,-0.051,0.003,-0.007,0.004,0.001,1.5448
1785820904.391,0.000,WAIT,idle,-1,0,0.003,-0.051,0.004,-0.006,0.007,-0.000,1.5445
1785820904.491,0.000,WAIT,idle,-1,0,0.003,-0.051,0.004,-0.005,0.007,-0.000,1.5445
1785820904.591,0.000,WAIT,idle,-1,0,0.003,-0.051,0.004,-0.004,0.007,-0.001,1.5442
1785820904.691,0.000,WAIT,idle,-1,0,0.003,-0.051,0.004,-0.001,0.006,0.000,1.5442
1785820904.791,0.000,WAIT,idle,-1,0,0.003,-0.050,0.004,0.000,0.009,0.002,1.5440
1785820904.891,0.000,WAIT,idle,-1,0,0.004,-0.050,0.004,0.001,0.012,0.003,1.5440
1785820904.991,0.000,WAIT,idle,-1,0,0.004,-0.049,0.004,0.003,0.011,0.003,1.5440
1785820905.091,0.000,WAIT,idle,-1,0,0.005,-0.049,0.004,0.004,0.011,0.003,1.5438
1785820905.191,0.000,WAIT,idle,-1,0,0.005,-0.049,0.004,0.004,0.009,0.002,1.5438
1785820905.291,0.000,WAIT,idle,-1,0,0.005,-0.049,0.004,0.003,0.010,0.002,1.5438
1785820905.391,0.000,WAIT,idle,-1,0,0.005,-0.049,0.004,0.003,0.010,0.002,1.5438
1785820905.491,0.000,WAIT,idle,-1,0,0.005,-0.049,0.004,0.001,0.009,0.001,1.5438
1785820905.591,0.000,WAIT,idle,-1,0,0.005,-0.049,0.004,-0.001,0.009,-0.004,1.5437
1785820905.691,0.000,WAIT,idle,-1,0,0.005,-0.049,0.003,-0.003,0.009,-0.006,1.5438
1785820905.791,0.000,WAIT,idle,-1,0,0.004,-0.049,0.002,-0.002,0.007,-0.007,1.5437
1785820905.891,0.000,WAIT,idle,-1,0,0.004,-0.049,0.001,-0.002,0.004,-0.007,1.5438
1785820905.991,0.000,WAIT,idle,-1,0,0.003,-0.050,-0.000,-0.004,0.004,-0.006,1.5440
1785820906.091,0.000,WAIT,idle,-1,0,0.003,-0.049,-0.001,-0.004,0.007,-0.008,1.5442
1785820906.191,0.000,WAIT,idle,-1,0,0.002,-0.049,-0.002,-0.007,0.010,-0.009,1.5440
1785820906.291,0.000,WAIT,idle,-1,0,0.002,-0.049,-0.003,-0.006,0.011,-0.010,1.5440
1785820906.391,0.000,WAIT,idle,-1,0,0.001,-0.048,-0.004,-0.008,0.009,-0.008,1.5440
1785820906.491,0.000,WAIT,idle,-1,0,0.001,-0.048,-0.004,-0.007,0.012,-0.006,1.5439
1785820906.591,0.000,WAIT,idle,-1,0,0.001,-0.048,-0.004,-0.008,0.012,-0.002,1.5440
1785820906.691,0.000,WAIT,idle,-1,0,0.001,-0.047,-0.004,-0.008,0.014,-0.004,1.5439
1785820906.791,0.000,WAIT,idle,-1,0,0.001,-0.047,-0.004,-0.008,0.014,-0.004,1.5438
1785820906.891,0.000,WAIT,idle,-1,0,0.002,-0.047,-0.003,-0.007,0.015,-0.005,1.5437
1785820906.991,0.000,WAIT,idle,-1,0,0.002,-0.047,-0.003,-0.008,0.014,-0.005,1.5438
1785820907.091,0.000,WAIT,idle,-1,0,0.002,-0.047,-0.003,-0.007,0.012,-0.005,1.5440
1785820907.191,0.000,WAIT,idle,-1,0,0.002,-0.047,-0.003,-0.010,0.013,-0.007,1.5440
1785820907.291,0.000,WAIT,idle,-1,0,0.001,-0.047,-0.004,-0.011,0.010,-0.010,1.5439
1785820907.391,0.000,WAIT,idle,-1,0,0.001,-0.047,-0.004,-0.010,0.009,-0.008,1.5438
1785820907.491,0.000,WAIT,idle,-1,0,0.000,-0.047,-0.004,-0.010,0.009,-0.008,1.5437
1785820907.591,0.000,WAIT,idle,-1,0,0.000,-0.047,-0.004,-0.009,0.007,-0.008,1.5438
1785820907.691,0.000,WAIT,idle,-1,0,0.000,-0.048,-0.003,-0.011,0.005,-0.009,1.5437
1785820907.791,0.000,WAIT,idle,-1,0,-0.000,-0.049,-0.003,-0.009,0.004,-0.008,1.5438
1785820907.891,0.000,WAIT,idle,-1,0,-0.000,-0.049,-0.003,-0.008,0.004,-0.006,1.5439
1785820907.991,0.000,WAIT,idle,-1,0,-0.000,-0.049,-0.002,-0.008,0.002,-0.002,1.5437
1785820908.091,0.000,WAIT,idle,-1,0,-0.000,-0.050,-0.000,-0.005,0.001,-0.003,1.5438
1785820908.191,0.000,WAIT,idle,-1,0,-0.000,-0.050,0.001,-0.005,0.000,-0.003,1.5439
1785820908.291,0.000,WAIT,idle,-1,0,0.000,-0.051,0.002,-0.002,0.000,-0.002,1.5439
1785820908.391,0.000,WAIT,idle,-1,0,0.001,-0.051,0.003,-0.002,-0.001,0.001,1.5440
1785820908.491,0.000,WAIT,idle,-1,0,0.001,-0.052,0.003,-0.003,-0.003,-0.001,1.5441
1785820908.591,0.000,WAIT,idle,-1,0,0.001,-0.052,0.004,-0.003,-0.001,-0.001,1.5441
1785820908.691,0.000,WAIT,idle,-1,0,0.001,-0.052,0.005,-0.001,-0.000,-0.002,1.5442
1785820908.791,0.000,WAIT,idle,-1,0,0.001,-0.052,0.005,-0.001,-0.002,-0.002,1.5441
1785820908.891,0.000,WAIT,idle,-1,0,0.001,-0.053,0.005,0.000,-0.001,-0.003,1.5442
1785820908.991,0.000,WAIT,idle,-1,0,0.001,-0.053,0.005,0.001,-0.002,-0.003,1.5442
1785820909.091,0.000,WAIT,idle,-1,0,0.001,-0.053,0.005,0.001,-0.003,-0.003,1.5443
1785820909.191,0.000,WAIT,idle,-1,0,0.001,-0.053,0.005,-0.002,-0.002,-0.004,1.5444
1785820909.291,0.000,WAIT,idle,-1,0,0.001,-0.053,0.005,-0.004,-0.001,-0.006,1.5443
1785820909.391,0.000,WAIT,idle,-1,0,0.001,-0.053,0.004,-0.003,-0.001,-0.007,1.5444
1785820909.491,0.000,WAIT,idle,-1,0,0.001,-0.053,0.004,-0.004,0.001,-0.007,1.5446
1785820909.591,0.000,WAIT,idle,-1,0,0.001,-0.053,0.003,-0.004,0.000,-0.006,1.5448
1785820909.691,0.000,WAIT,idle,-1,0,0.001,-0.053,0.003,-0.005,-0.000,-0.008,1.5448
1785820909.791,0.000,WAIT,idle,-1,0,0.001,-0.053,0.003,-0.005,-0.002,-0.008,1.5450
1785820909.891,0.000,WAIT,idle,-1,0,0.000,-0.053,0.002,-0.007,-0.001,-0.007,1.5450
1785820909.991,0.000,WAIT,idle,-1,0,-0.000,-0.053,0.002,-0.008,0.001,-0.007,1.5450
1785820910.091,0.000,WAIT,idle,-1,0,-0.001,-0.053,0.001,-0.008,0.000,-0.008,1.5450
1785820910.191,0.000,WAIT,idle,-1,0,-0.001,-0.052,0.001,-0.006,0.002,-0.008,1.5451
1785820910.291,0.000,WAIT,idle,-1,0,-0.001,-0.052,0.000,-0.003,0.003,-0.009,1.5450
1785820910.391,0.000,WAIT,idle,-1,0,-0.000,-0.052,-0.000,-0.005,0.007,-0.007,1.5452
1785820910.491,0.000,WAIT,idle,-1,0,-0.000,-0.051,-0.000,-0.005,0.006,-0.007,1.5451
1785820910.591,0.000,WAIT,idle,-1,0,-0.000,-0.051,-0.000,-0.005,0.007,-0.005,1.5449
1785820910.691,0.000,WAIT,idle,-1,0,-0.000,-0.050,0.000,-0.006,0.007,-0.005,1.5448
1785820910.791,0.000,WAIT,idle,-1,0,-0.000,-0.050,0.001,-0.005,0.007,-0.002,1.5446
1785820910.891,0.000,WAIT,idle,-1,0,-0.000,-0.050,0.002,-0.002,0.007,0.001,1.5445
1785820910.991,0.000,WAIT,idle,-1,0,0.000,-0.050,0.003,-0.003,0.007,-0.000,1.5444
1785820911.091,0.000,WAIT,idle,-1,0,0.000,-0.049,0.003,-0.006,0.007,0.000,1.5445
1785820911.191,0.000,WAIT,idle,-1,0,-0.000,-0.049,0.004,-0.005,0.009,0.001,1.5445
1785820911.291,0.000,WAIT,idle,-1,0,-0.000,-0.049,0.004,-0.003,0.008,0.000,1.5445
1785820911.391,0.000,WAIT,idle,-1,0,-0.000,-0.049,0.004,-0.002,0.009,0.001,1.5445
1785820911.491,0.000,WAIT,idle,-1,0,0.000,-0.049,0.004,-0.000,0.011,0.002,1.5446
1785820911.591,0.000,WAIT,idle,-1,0,0.000,-0.048,0.004,-0.002,0.009,0.002,1.5448
1785820911.691,0.000,WAIT,idle,-1,0,0.000,-0.049,0.003,-0.003,0.005,0.004,1.5448
1785820911.791,0.000,WAIT,idle,-1,0,0.000,-0.049,0.003,-0.002,0.006,0.003,1.5449
1785820911.891,0.000,WAIT,idle,-1,0,0.000,-0.050,0.003,-0.003,0.005,0.003,1.5449
1785820911.991,0.000,WAIT,idle,-1,0,-0.000,-0.051,0.003,-0.002,0.005,0.002,1.5450
1785820912.091,0.000,WAIT,idle,-1,0,-0.000,-0.051,0.003,-0.004,0.005,0.001,1.5449
1785820912.191,0.000,WAIT,idle,-1,0,-0.000,-0.052,0.003,-0.002,0.003,0.002,1.5450
1785820912.291,0.000,WAIT,idle,-1,0,-0.000,-0.052,0.004,-0.003,0.004,0.003,1.5450
1785820912.391,0.000,WAIT,idle,-1,0,-0.000,-0.052,0.004,-0.003,0.005,0.002,1.5450
1785820912.491,0.000,WAIT,idle,-1,0,-0.000,-0.052,0.005,-0.002,0.005,0.003,1.5449
1785820912.591,0.000,WAIT,idle,-1,0,-0.000,-0.052,0.005,-0.002,0.006,0.003,1.5449
1785820912.691,0.000,WAIT,idle,-1,0,-0.000,-0.051,0.005,-0.001,0.008,0.002,1.5448
1785820912.791,0.000,WAIT,idle,-1,0,-0.000,-0.051,0.005,-0.000,0.008,0.002,1.5448
1785820912.891,0.000,WAIT,idle,-1,0,0.000,-0.051,0.005,-0.001,0.009,0.002,1.5448
1785820912.991,0.000,WAIT,idle,-1,0,0.000,-0.050,0.005,-0.000,0.008,0.000,1.5447
1785820913.091,0.000,WAIT,idle,-1,0,0.000,-0.050,0.005,-0.001,0.006,-0.000,1.5449
1785820913.191,0.000,WAIT,idle,-1,0,0.000,-0.050,0.005,-0.000,0.005,0.003,1.5449
1785820913.291,0.000,WAIT,idle,-1,0,0.000,-0.051,0.005,0.000,0.004,0.003,1.5449
1785820913.391,0.000,WAIT,idle,-1,0,0.000,-0.051,0.006,-0.000,0.002,0.006,1.5450
1785820913.491,0.000,WAIT,idle,-1,0,0.000,-0.051,0.006,0.001,0.002,0.006,1.5451
1785820913.591,0.000,WAIT,idle,-1,0,0.000,-0.051,0.007,-0.000,0.001,0.006,1.5453
1785820913.691,0.000,WAIT,idle,-1,0,0.000,-0.051,0.007,0.000,0.002,0.004,1.5452
1785820913.791,0.000,WAIT,idle,-1,0,0.000,-0.051,0.007,-0.001,0.004,0.004,1.5453
1785820913.891,0.000,WAIT,idle,-1,0,0.000,-0.051,0.006,-0.001,0.006,0.001,1.5450
1785820913.991,0.000,WAIT,idle,-1,0,0.000,-0.050,0.006,-0.001,0.008,-0.001,1.5451
1785820914.091,0.000,WAIT,idle,-1,0,0.000,-0.050,0.005,-0.001,0.008,-0.001,1.5451
1785820914.191,0.000,WAIT,idle,-1,0,0.000,-0.050,0.005,-0.003,0.007,-0.001,1.5451
1785820914.291,0.000,WAIT,idle,-1,0,-0.000,-0.050,0.004,-0.006,0.007,0.000,1.5449
1785820914.391,0.000,WAIT,idle,-1,0,-0.001,-0.050,0.004,-0.006,0.004,-0.000,1.5448
1785820914.491,0.000,WAIT,idle,-1,0,-0.001,-0.050,0.004,-0.008,0.005,0.001,1.5449
1785820914.591,0.000,WAIT,idle,-1,0,-0.001,-0.050,0.005,-0.007,0.003,0.002,1.5449
1785820914.691,0.000,WAIT,idle,-1,0,-0.001,-0.051,0.005,-0.006,0.002,0.004,1.5448
1785820914.791,0.000,WAIT,idle,-1,0,-0.001,-0.051,0.005,-0.006,0.005,0.004,1.5447
1785820914.891,0.000,WAIT,idle,-1,0,-0.001,-0.051,0.005,-0.005,0.006,0.004,1.5446
1785820914.991,0.000,WAIT,idle,-1,0,-0.001,-0.050,0.006,-0.002,0.005,0.005,1.5445
1785820915.091,0.000,WAIT,idle,-1,0,-0.000,-0.050,0.006,-0.002,0.004,0.005,1.5446
1785820915.191,0.000,WAIT,idle,-1,0,0.000,-0.051,0.006,-0.000,0.002,0.006,1.5446
1785820915.291,0.000,WAIT,idle,-1,0,0.000,-0.051,0.006,-0.000,0.002,0.004,1.5447
1785820915.391,0.000,WAIT,idle,-1,0,0.000,-0.051,0.006,-0.004,0.003,0.003,1.5447
1785820915.491,0.000,WAIT,idle,-1,0,0.000,-0.051,0.006,-0.004,0.004,0.001,1.5449
1785820915.591,0.000,WAIT,idle,-1,0,0.000,-0.051,0.005,-0.002,0.003,-0.001,1.5452
1785820915.691,0.000,WAIT,idle,-1,0,0.000,-0.051,0.005,0.001,0.001,-0.003,1.5453
1785820915.791,0.000,WAIT,idle,-1,0,0.000,-0.051,0.004,-0.001,0.003,-0.003,1.5452
1785820915.891,0.000,WAIT,idle,-1,0,0.001,-0.051,0.004,-0.000,0.002,-0.002,1.5453
1785820915.991,0.000,WAIT,idle,-1,0,0.001,-0.051,0.004,-0.000,0.001,0.000,1.5455
1785820916.091,0.000,WAIT,idle,-1,0,0.001,-0.051,0.004,0.002,0.003,0.000,1.5455
1785820916.191,0.000,WAIT,idle,-1,0,0.002,-0.051,0.005,0.001,0.004,0.001,1.5455
1785820916.291,0.000,WAIT,idle,-1,0,0.002,-0.051,0.006,-0.001,0.006,0.002,1.5453
1785820916.391,0.000,WAIT,idle,-1,0,0.003,-0.051,0.006,-0.000,0.007,0.002,1.5455
1785820916.491,0.000,WAIT,idle,-1,0,0.003,-0.050,0.007,-0.002,0.007,0.004,1.5454
1785820916.591,0.000,WAIT,idle,-1,0,0.003,-0.050,0.008,-0.000,0.007,0.002,1.5453
1785820916.691,0.000,WAIT,idle,-1,0,0.003,-0.050,0.008,-0.000,0.007,0.003,1.5451
1785820916.791,0.000,WAIT,idle,-1,0,0.003,-0.050,0.008,0.001,0.005,0.002,1.5453
1785820916.891,0.000,WAIT,idle,-1,0,0.003,-0.050,0.008,0.004,0.005,0.001,1.5453
1785820916.991,0.000,WAIT,idle,-1,0,0.003,-0.050,0.008,0.001,0.006,0.002,1.5452
1785820917.091,0.000,WAIT,idle,-1,0,0.003,-0.050,0.008,0.001,0.008,0.001,1.5453
1785820917.191,0.000,WAIT,idle,-1,0,0.003,-0.050,0.008,-0.001,0.006,0.000,1.5453
1785820917.291,0.000,WAIT,idle,-1,0,0.003,-0.050,0.008,-0.002,0.008,0.001,1.5452
1785820917.391,0.000,WAIT,idle,-1,0,0.002,-0.049,0.008,-0.002,0.009,0.001,1.5452
1785820917.491,0.000,WAIT,idle,-1,0,0.002,-0.049,0.008,-0.003,0.008,-0.000,1.5451
1785820917.591,0.000,WAIT,idle,-1,0,0.001,-0.049,0.008,-0.002,0.005,0.002,1.5454
1785820917.691,0.000,WAIT,idle,-1,0,0.001,-0.050,0.008,-0.005,0.005,0.003,1.5455
1785820917.791,0.000,WAIT,idle,-1,0,0.000,-0.050,0.008,-0.007,0.006,0.004,1.5456
1785820917.891,0.000,WAIT,idle,-1,0,-0.000,-0.050,0.009,-0.008,0.005,0.006,1.5455
1785820917.991,0.000,WAIT,idle,-1,0,-0.001,-0.050,0.009,-0.009,0.006,0.005,1.5452
1785820918.091,0.000,WAIT,idle,-1,0,-0.002,-0.051,0.009,-0.010,0.004,0.002,1.5450
1785820918.191,0.000,WAIT,idle,-1,0,-0.002,-0.051,0.009,-0.011,0.005,0.002,1.5450
1785820918.291,0.000,WAIT,idle,-1,0,-0.002,-0.051,0.009,-0.011,0.007,0.001,1.5451
1785820918.391,0.000,WAIT,idle,-1,0,-0.003,-0.051,0.009,-0.009,0.009,0.002,1.5452
1785820918.491,0.000,WAIT,idle,-1,0,-0.003,-0.050,0.009,-0.010,0.009,0.002,1.5453
1785820918.591,0.000,WAIT,idle,-1,0,-0.003,-0.050,0.009,-0.009,0.009,0.000,1.5453
1785820918.691,0.000,WAIT,idle,-1,0,-0.003,-0.050,0.009,-0.009,0.012,0.002,1.5452
1785820918.791,0.000,WAIT,idle,-1,0,-0.003,-0.049,0.009,-0.010,0.015,0.001,1.5452
1785820918.891,0.000,WAIT,idle,-1,0,-0.003,-0.048,0.008,-0.011,0.014,-0.004,1.5451
1785820918.991,0.000,WAIT,idle,-1,0,-0.003,-0.048,0.008,-0.009,0.014,-0.003,1.5451
1785820919.091,0.000,WAIT,idle,-1,0,-0.003,-0.047,0.008,-0.010,0.017,-0.001,1.5451
1785820919.191,0.000,WAIT,idle,-1,0,-0.003,-0.047,0.008,-0.008,0.017,0.002,1.5451
1785820919.291,0.000,WAIT,idle,-1,0,-0.003,-0.046,0.008,-0.009,0.017,0.002,1.5450
1785820919.391,0.000,WAIT,idle,-1,0,-0.003,-0.046,0.008,-0.008,0.015,0.003,1.5449
1785820919.491,0.000,WAIT,idle,-1,0,-0.003,-0.046,0.008,-0.008,0.014,0.002,1.5449
1785820919.591,0.000,WAIT,idle,-1,0,-0.002,-0.047,0.008,-0.007,0.011,0.002,1.5449
1785820919.691,0.000,WAIT,idle,-1,0,-0.002,-0.047,0.008,-0.005,0.009,0.001,1.5450
1785820919.791,0.000,WAIT,idle,-1,0,-0.002,-0.048,0.007,-0.005,0.007,0.001,1.5449
1785820919.891,0.000,WAIT,idle,-1,0,-0.001,-0.049,0.007,-0.004,0.005,0.001,1.5449
1785820919.991,0.000,WAIT,idle,-1,0,-0.001,-0.049,0.006,-0.005,0.005,0.001,1.5451
1785820920.091,0.000,WAIT,idle,-1,0,-0.001,-0.050,0.006,-0.005,0.000,0.000,1.5452
1785820920.191,0.000,WAIT,idle,-1,0,-0.001,-0.051,0.006,-0.005,0.002,0.000,1.5453
1785820920.291,0.000,WAIT,idle,-1,0,-0.001,-0.052,0.005,-0.004,0.000,-0.002,1.5453
1785820920.391,0.000,WAIT,idle,-1,0,-0.001,-0.052,0.005,-0.004,-0.000,-0.003,1.5452
1785820920.491,0.000,WAIT,idle,-1,0,-0.000,-0.053,0.004,-0.003,-0.001,-0.002,1.5450
1785820920.591,0.000,WAIT,idle,-1,0,-0.000,-0.053,0.004,-0.004,-0.002,-0.001,1.5450
1785820920.691,0.000,WAIT,idle,-1,0,-0.000,-0.053,0.004,-0.002,-0.003,-0.001,1.5451
1785820920.791,0.000,WAIT,idle,-1,0,-0.000,-0.054,0.004,-0.002,-0.005,0.000,1.5451
1785820920.891,0.000,WAIT,idle,-1,0,0.000,-0.054,0.004,-0.001,-0.006,-0.002,1.5451
1785820920.991,0.000,WAIT,idle,-1,0,0.000,-0.055,0.004,-0.002,-0.007,-0.003,1.5450
1785820921.091,0.000,WAIT,idle,-1,0,0.000,-0.055,0.004,-0.002,-0.006,-0.007,1.5450
1785820921.191,0.000,WAIT,idle,-1,0,0.000,-0.055,0.003,-0.002,-0.004,-0.007,1.5450
1785820921.291,0.000,WAIT,idle,-1,0,0.000,-0.055,0.003,0.001,-0.002,-0.005,1.5452
1785820921.391,0.000,WAIT,idle,-1,0,0.001,-0.054,0.002,0.002,-0.003,-0.006,1.5452
1785820921.491,0.000,WAIT,idle,-1,0,0.001,-0.054,0.002,0.001,-0.002,-0.004,1.5453
1785820921.591,0.000,WAIT,idle,-1,0,0.001,-0.054,0.001,-0.000,-0.000,-0.005,1.5454
1785820921.691,0.000,WAIT,idle,-1,0,0.001,-0.053,0.001,-0.002,-0.000,-0.003,1.5454
1785820921.791,0.000,WAIT,idle,-1,0,0.001,-0.053,0.001,-0.000,0.000,-0.003,1.5454
1785820921.891,0.000,WAIT,idle,-1,0,0.001,-0.053,0.002,0.000,0.003,-0.002,1.5453
1785820921.991,0.000,WAIT,idle,-1,0,0.001,-0.052,0.002,-0.001,0.003,-0.003,1.5453
1785820922.091,0.000,WAIT,idle,-1,0,0.001,-0.052,0.002,-0.004,0.003,-0.004,1.5452
1785820922.191,0.000,WAIT,idle,-1,0,0.000,-0.052,0.002,-0.003,0.004,-0.004,1.5451
1785820922.291,0.000,WAIT,idle,-1,0,0.000,-0.051,0.002,-0.004,0.002,-0.003,1.5451
1785820922.391,0.000,WAIT,idle,-1,0,0.000,-0.051,0.002,-0.007,0.003,-0.004,1.5451
1785820922.491,0.000,WAIT,idle,-1,0,-0.000,-0.051,0.002,-0.007,0.001,-0.004,1.5451
1785820922.591,0.000,WAIT,idle,-1,0,-0.000,-0.052,0.002,-0.007,0.001,-0.005,1.5452
1785820922.691,0.000,WAIT,idle,-1,0,-0.001,-0.052,0.001,-0.008,0.003,-0.004,1.5451
1785820922.791,0.000,WAIT,idle,-1,0,-0.001,-0.052,0.001,-0.006,0.000,-0.007,1.5449
1785820922.891,0.000,WAIT,idle,-1,0,-0.001,-0.052,0.000,-0.006,-0.001,-0.007,1.5448
1785820922.991,0.000,WAIT,idle,-1,0,-0.001,-0.052,0.000,-0.007,0.001,-0.005,1.5446
1785820923.091,0.000,WAIT,idle,-1,0,-0.001,-0.052,0.000,-0.007,0.002,-0.003,1.5447
1785820923.191,0.000,WAIT,idle,-1,0,-0.001,-0.052,0.000,-0.007,0.005,0.001,1.5445
1785820923.291,0.000,WAIT,idle,-1,0,-0.001,-0.052,0.001,-0.007,0.005,-0.001,1.5445
1785820923.391,0.000,WAIT,idle,-1,0,-0.001,-0.052,0.000,-0.007,0.005,-0.003,1.5446
1785820923.491,0.000,WAIT,idle,-1,0,-0.001,-0.051,0.000,-0.007,0.002,-0.003,1.5446
1785820923.591,0.000,WAIT,idle,-1,0,-0.001,-0.052,-0.000,-0.005,0.002,-0.004,1.5447
1785820923.691,0.000,WAIT,idle,-1,0,-0.001,-0.052,-0.001,-0.004,0.001,-0.004,1.5447
1785820923.791,0.000,WAIT,idle,-1,0,-0.000,-0.052,-0.001,-0.003,-0.001,-0.002,1.5449
1785820923.891,0.000,WAIT,idle,-1,0,0.000,-0.052,-0.001,-0.003,-0.001,-0.003,1.5448
1785820923.991,0.000,WAIT,idle,-1,0,0.000,-0.052,-0.000,-0.006,0.000,-0.000,1.5447
1785820924.091,0.000,WAIT,idle,-1,0,0.000,-0.052,0.000,-0.006,0.003,0.001,1.5447
1785820924.191,0.000,WAIT,idle,-1,0,0.000,-0.051,0.001,-0.005,0.005,0.004,1.5447
1785820924.291,0.000,WAIT,idle,-1,0,0.001,-0.050,0.002,-0.006,0.006,0.004,1.5445
1785820924.391,0.000,WAIT,idle,-1,0,0.001,-0.049,0.002,-0.006,0.008,0.002,1.5444
1785820924.491,0.000,WAIT,idle,-1,0,0.001,-0.048,0.002,-0.008,0.006,0.004,1.5443
1785820924.591,0.000,WAIT,idle,-1,0,0.001,-0.048,0.003,-0.009,0.005,0.009,1.5442
1785820924.691,0.000,WAIT,idle,-1,0,0.001,-0.048,0.004,-0.009,0.004,0.007,1.5442
1785820924.791,0.000,WAIT,idle,-1,0,0.001,-0.048,0.004,-0.010,0.004,0.008,1.5444
1785820924.891,0.000,WAIT,idle,-1,0,0.001,-0.048,0.005,-0.011,0.003,0.009,1.5444
1785820924.991,0.000,WAIT,idle,-1,0,0.001,-0.048,0.006,-0.011,0.005,0.009,1.5445
1785820925.091,0.000,WAIT,idle,-1,0,0.001,-0.048,0.007,-0.010,0.005,0.009,1.5446
1785820925.191,0.000,WAIT,idle,-1,0,0.002,-0.048,0.008,-0.009,0.005,0.009,1.5446
1785820925.291,0.000,WAIT,idle,-1,0,0.002,-0.048,0.008,-0.010,0.004,0.009,1.5445
1785820925.391,0.000,WAIT,idle,-1,0,0.002,-0.048,0.009,-0.006,0.002,0.010,1.5445
1785820925.491,0.000,WAIT,idle,-1,0,0.002,-0.049,0.010,-0.007,0.001,0.011,1.5444
1785820925.591,0.000,WAIT,idle,-1,0,0.002,-0.049,0.011,-0.005,-0.001,0.010,1.5442
1785820925.691,0.000,WAIT,idle,-1,0,0.003,-0.050,0.011,-0.004,-0.002,0.009,1.5443
1785820925.791,0.000,WAIT,idle,-1,0,0.003,-0.051,0.012,-0.003,-0.001,0.008,1.5443
1785820925.891,0.000,WAIT,idle,-1,0,0.003,-0.051,0.012,-0.002,-0.000,0.009,1.5441
1785820925.991,0.000,WAIT,idle,-1,0,0.003,-0.051,0.013,-0.000,0.001,0.006,1.5439
1785820926.091,0.000,WAIT,idle,-1,0,0.003,-0.051,0.013,0.001,0.001,0.007,1.5441
1785820926.191,0.000,WAIT,idle,-1,0,0.004,-0.051,0.012,0.003,-0.001,0.008,1.5441
1785820926.291,0.000,WAIT,idle,-1,0,0.005,-0.051,0.012,0.005,-0.001,0.007,1.5443
1785820926.391,0.000,WAIT,idle,-1,0,0.006,-0.051,0.012,0.003,-0.001,0.005,1.5443
1785820926.491,0.000,WAIT,idle,-1,0,0.006,-0.051,0.011,0.002,-0.003,0.005,1.5444
1785820926.591,0.000,WAIT,idle,-1,0,0.006,-0.052,0.011,0.002,-0.002,0.004,1.5447
1785820926.691,0.000,WAIT,idle,-1,0,0.006,-0.052,0.010,0.003,-0.001,0.003,1.5447
1785820926.791,0.000,WAIT,idle,-1,0,0.006,-0.052,0.009,0.004,-0.001,0.001,1.5447
1785820926.891,0.000,WAIT,idle,-1,0,0.007,-0.052,0.008,0.002,-0.003,-0.001,1.5445
1785820926.991,0.000,WAIT,idle,-1,0,0.007,-0.052,0.007,0.002,-0.002,-0.001,1.5444
1785820927.091,0.000,WAIT,idle,-1,0,0.006,-0.052,0.007,0.002,-0.003,-0.002,1.5442
1785820927.191,0.000,WAIT,idle,-1,0,0.006,-0.053,0.006,0.001,-0.006,-0.003,1.5442
1785820927.291,0.000,WAIT,idle,-1,0,0.006,-0.053,0.006,0.000,-0.006,-0.003,1.5443
1785820927.391,0.000,WAIT,idle,-1,0,0.005,-0.054,0.006,-0.001,-0.005,-0.001,1.5444
1785820927.491,0.000,WAIT,idle,-1,0,0.005,-0.054,0.006,0.000,-0.005,0.001,1.5446
1785820927.591,0.000,WAIT,idle,-1,0,0.004,-0.054,0.006,0.002,-0.004,-0.001,1.5448
1785820927.691,0.000,WAIT,idle,-1,0,0.004,-0.054,0.007,0.000,-0.003,0.001,1.5450
1785820927.791,0.000,WAIT,idle,-1,0,0.004,-0.053,0.007,-0.002,-0.001,0.001,1.5450
1785820927.891,0.000,WAIT,idle,-1,0,0.004,-0.053,0.007,-0.003,-0.001,-0.002,1.5448
1785820927.991,0.000,WAIT,idle,-1,0,0.003,-0.053,0.007,-0.003,0.001,-0.001,1.5448
1785820928.091,0.000,WAIT,idle,-1,0,0.003,-0.052,0.006,-0.003,0.002,-0.002,1.5447
1785820928.191,0.000,WAIT,idle,-1,0,0.003,-0.052,0.006,-0.002,0.002,-0.002,1.5446
1785820928.291,0.000,WAIT,idle,-1,0,0.003,-0.052,0.006,-0.004,0.002,-0.001,1.5446
1785820928.391,0.000,WAIT,idle,-1,0,0.003,-0.051,0.006,-0.001,0.004,0.000,1.5448
1785820928.491,0.000,WAIT,idle,-1,0,0.004,-0.051,0.006,-0.001,0.004,0.001,1.5447
1785820928.591,0.000,WAIT,idle,-1,0,0.004,-0.051,0.005,0.001,0.002,0.001,1.5447
1785820928.691,0.000,WAIT,idle,-1,0,0.004,-0.052,0.005,0.000,0.002,0.002,1.5446
1785820928.791,0.000,WAIT,idle,-1,0,0.004,-0.052,0.005,-0.001,0.003,0.001,1.5444
1785820928.891,0.000,WAIT,idle,-1,0,0.004,-0.052,0.006,-0.000,0.003,0.001,1.5443
1785820928.991,0.000,WAIT,idle,-1,0,0.004,-0.052,0.006,0.001,0.004,0.002,1.5444
1785820929.091,0.000,WAIT,idle,-1,0,0.005,-0.052,0.006,0.000,0.006,0.001,1.5444
1785820929.191,0.000,WAIT,idle,-1,0,0.005,-0.052,0.006,0.000,0.004,-0.000,1.5446
1785820929.291,0.000,WAIT,idle,-1,0,0.005,-0.052,0.006,-0.000,0.003,0.000,1.5444
1785820929.391,0.000,WAIT,idle,-1,0,0.005,-0.052,0.006,-0.003,0.004,-0.000,1.5445
1785820929.491,0.000,WAIT,idle,-1,0,0.005,-0.052,0.006,-0.005,0.004,0.000,1.5444
1785820929.591,0.000,WAIT,idle,-1,0,0.004,-0.052,0.006,-0.003,0.002,-0.004,1.5443
1785820929.691,0.000,WAIT,idle,-1,0,0.004,-0.052,0.005,-0.003,0.001,-0.002,1.5443
1785820929.791,0.000,WAIT,idle,-1,0,0.004,-0.053,0.005,-0.004,0.000,-0.004,1.5442
1785820929.891,0.000,WAIT,idle,-1,0,0.003,-0.053,0.004,-0.004,0.002,-0.004,1.5441
1785820929.991,0.000,WAIT,idle,-1,0,0.003,-0.053,0.004,-0.006,0.000,-0.004,1.5439
1785820930.091,0.000,WAIT,idle,-1,0,0.003,-0.053,0.004,-0.004,-0.000,-0.004,1.5438
1785820930.191,0.000,WAIT,idle,-1,0,0.002,-0.053,0.003,-0.003,0.001,-0.003,1.5439
1785820930.291,0.000,WAIT,idle,-1,0,0.002,-0.053,0.003,-0.002,0.001,-0.002,1.5440
1785820930.391,0.000,WAIT,idle,-1,0,0.003,-0.053,0.002,0.000,-0.000,-0.002,1.5441
1785820930.491,0.000,WAIT,idle,-1,0,0.003,-0.053,0.002,-0.000,-0.002,-0.002,1.5442
1785820930.591,0.000,WAIT,idle,-1,0,0.003,-0.053,0.002,0.000,-0.002,-0.001,1.5443
1785820930.691,0.000,WAIT,idle,-1,0,0.003,-0.053,0.002,0.002,-0.002,0.002,1.5443
1785820930.791,0.000,WAIT,idle,-1,0,0.003,-0.053,0.003,0.003,-0.001,0.004,1.5441
1785820930.891,0.000,WAIT,idle,-1,0,0.003,-0.053,0.003,-0.000,-0.001,0.004,1.5440
1785820930.991,0.000,WAIT,idle,-1,0,0.003,-0.053,0.004,0.001,0.003,0.004,1.5441
1785820931.091,0.000,WAIT,idle,-1,0,0.003,-0.052,0.004,0.004,0.004,0.005,1.5440
1785820931.191,0.000,WAIT,idle,-1,0,0.004,-0.052,0.004,0.004,0.003,0.003,1.5441
1785820931.291,0.000,WAIT,idle,-1,0,0.004,-0.051,0.004,0.006,0.003,0.003,1.5442
1785820931.391,0.000,WAIT,idle,-1,0,0.004,-0.051,0.004,0.005,0.003,0.003,1.5443
1785820931.491,0.000,WAIT,idle,-1,0,0.004,-0.051,0.004,0.005,0.002,0.003,1.5444
1785820931.591,0.000,WAIT,idle,-1,0,0.004,-0.051,0.004,0.006,0.003,0.004,1.5443
1785820931.691,0.000,WAIT,idle,-1,0,0.004,-0.051,0.005,0.005,0.005,0.005,1.5445
1785820931.791,0.000,WAIT,idle,-1,0,0.004,-0.051,0.005,0.005,0.004,0.004,1.5444
1785820931.892,0.000,WAIT,idle,-1,0,0.004,-0.051,0.005,0.004,0.006,0.005,1.5443
1785820931.991,0.000,WAIT,idle,-1,0,0.004,-0.050,0.005,0.003,0.008,0.003,1.5442
1785820932.091,0.000,WAIT,idle,-1,0,0.003,-0.050,0.005,0.002,0.008,0.005,1.5443
1785820932.191,0.000,WAIT,idle,-1,0,0.003,-0.050,0.005,0.002,0.009,0.005,1.5443
1785820932.291,0.000,WAIT,idle,-1,0,0.003,-0.049,0.005,0.003,0.012,0.006,1.5443
1785820932.391,0.000,WAIT,idle,-1,0,0.003,-0.049,0.006,0.003,0.010,0.005,1.5445
1785820932.491,0.000,WAIT,idle,-1,0,0.003,-0.048,0.006,0.002,0.010,0.003,1.5444
1785820932.591,0.000,WAIT,idle,-1,0,0.003,-0.048,0.005,0.004,0.007,0.004,1.5443
1785820932.691,0.000,WAIT,idle,-1,0,0.003,-0.049,0.005,0.003,0.007,0.004,1.5442
1785820932.791,0.000,WAIT,idle,-1,0,0.003,-0.049,0.005,0.003,0.006,0.005,1.5440
1785820932.891,0.000,WAIT,idle,-1,0,0.003,-0.049,0.005,0.001,0.007,0.003,1.5441
1785820932.991,0.000,WAIT,idle,-1,0,0.002,-0.049,0.005,-0.000,0.006,0.005,1.5441
1785820933.091,0.000,WAIT,idle,-1,0,0.002,-0.049,0.005,-0.002,0.006,0.004,1.5440
1785820933.191,0.000,WAIT,idle,-1,0,0.001,-0.049,0.005,-0.002,0.006,0.005,1.5438
1785820933.291,0.000,WAIT,idle,-1,0,0.001,-0.049,0.005,-0.001,0.005,0.007,1.5438
1785820933.391,0.000,WAIT,idle,-1,0,0.001,-0.050,0.005,-0.003,0.004,0.007,1.5438
1785820933.491,0.000,WAIT,idle,-1,0,0.000,-0.050,0.005,-0.003,0.007,0.004,1.5437
1785820933.591,0.000,WAIT,idle,-1,0,0.000,-0.050,0.005,-0.000,0.007,0.004,1.5439
1785820933.691,0.000,WAIT,idle,-1,0,0.000,-0.050,0.005,0.002,0.006,0.003,1.5440
1785820933.791,0.000,WAIT,idle,-1,0,0.001,-0.050,0.004,0.002,0.004,0.002,1.5437
1785820933.891,0.000,WAIT,idle,-1,0,0.001,-0.050,0.004,-0.001,0.001,0.001,1.5437
1785820933.991,0.000,WAIT,idle,-1,0,0.001,-0.051,0.003,0.001,0.000,0.001,1.5438
1785820934.091,0.000,WAIT,idle,-1,0,0.001,-0.051,0.003,0.001,0.001,0.002,1.5438
1785820934.191,0.000,WAIT,idle,-1,0,0.001,-0.052,0.004,0.003,-0.001,0.006,1.5439
1785820934.291,0.000,WAIT,idle,-1,0,0.001,-0.052,0.005,0.002,0.000,0.008,1.5437
1785820934.391,0.000,WAIT,idle,-1,0,0.001,-0.052,0.006,0.003,0.000,0.009,1.5440
1785820934.491,0.000,WAIT,idle,-1,0,0.001,-0.052,0.007,0.001,-0.000,0.009,1.5441
1785820934.591,0.000,WAIT,idle,-1,0,0.001,-0.052,0.008,-0.001,0.000,0.009,1.5439
1785820934.691,0.000,WAIT,idle,-1,0,0.001,-0.052,0.009,-0.001,0.002,0.008,1.5442
1785820934.791,0.000,WAIT,idle,-1,0,0.000,-0.052,0.010,-0.003,0.001,0.010,1.5442
1785820934.891,0.000,WAIT,idle,-1,0,-0.000,-0.052,0.011,-0.005,0.001,0.008,1.5442
1785820934.991,0.000,WAIT,idle,-1,0,-0.001,-0.052,0.012,-0.004,0.001,0.009,1.5441
1785820935.091,0.000,WAIT,idle,-1,0,-0.001,-0.052,0.012,-0.004,0.002,0.011,1.5440
1785820935.191,0.000,WAIT,idle,-1,0,-0.001,-0.052,0.013,-0.005,0.003,0.011,1.5438
1785820935.291,0.000,WAIT,idle,-1,0,-0.001,-0.051,0.014,-0.002,0.004,0.009,1.5438
1785820935.391,0.000,WAIT,idle,-1,0,-0.001,-0.051,0.014,-0.002,0.005,0.006,1.5438
1785820935.491,0.000,WAIT,idle,-1,0,-0.001,-0.050,0.013,0.000,0.006,0.004,1.5440
1785820935.591,0.000,WAIT,idle,-1,0,-0.000,-0.049,0.013,0.000,0.006,0.005,1.5441
1785820935.691,0.000,WAIT,idle,-1,0,-0.000,-0.049,0.012,0.001,0.004,0.004,1.5442
1785820935.791,0.000,WAIT,idle,-1,0,0.000,-0.049,0.012,0.001,0.004,0.004,1.5441
1785820935.891,0.000,WAIT,idle,-1,0,0.001,-0.049,0.012,0.001,0.002,0.002,1.5441
1785820935.991,0.000,WAIT,idle,-1,0,0.001,-0.050,0.011,0.003,0.002,0.001,1.5437
1785820936.091,0.000,WAIT,idle,-1,0,0.002,-0.050,0.011,0.005,0.003,0.001,1.5436
1785820936.191,0.000,WAIT,idle,-1,0,0.002,-0.050,0.010,0.008,0.002,-0.002,1.5435
1785820936.291,0.000,WAIT,idle,-1,0,0.003,-0.050,0.009,0.009,0.001,-0.003,1.5434
1785820936.391,0.000,WAIT,idle,-1,0,0.004,-0.050,0.009,0.010,0.003,-0.003,1.5434
1785820936.491,0.000,WAIT,idle,-1,0,0.005,-0.050,0.008,0.009,0.003,-0.002,1.5435
1785820936.591,0.000,WAIT,idle,-1,0,0.006,-0.050,0.008,0.007,0.004,-0.001,1.5436
1785820936.691,0.000,WAIT,idle,-1,0,0.006,-0.050,0.008,0.006,0.006,0.001,1.5436
1785820936.791,0.000,WAIT,idle,-1,0,0.005,-0.049,0.009,0.006,0.006,0.001,1.5435
1785820936.891,0.000,WAIT,idle,-1,0,0.005,-0.049,0.009,0.006,0.005,-0.001,1.5434
1785820936.991,0.000,WAIT,idle,-1,0,0.005,-0.049,0.009,0.005,0.007,-0.003,1.5434
1785820937.091,0.000,WAIT,idle,-1,0,0.005,-0.049,0.008,0.006,0.004,-0.003,1.5430
1785820937.191,0.000,WAIT,idle,-1,0,0.005,-0.049,0.008,0.011,0.002,-0.003,1.5428
1785820937.291,0.000,WAIT,idle,-1,0,0.006,-0.050,0.007,0.010,-0.001,-0.003,1.5426
1785820937.391,0.000,WAIT,idle,-1,0,0.006,-0.051,0.007,0.009,-0.001,-0.003,1.5425
1785820937.491,0.000,WAIT,idle,-1,0,0.007,-0.051,0.006,0.010,-0.002,-0.003,1.5425
1785820937.591,0.000,WAIT,idle,-1,0,0.007,-0.051,0.006,0.009,-0.000,-0.000,1.5425
1785820937.691,0.000,WAIT,idle,-1,0,0.008,-0.052,0.006,0.010,-0.002,-0.001,1.5426
1785820937.791,0.000,WAIT,idle,-1,0,0.009,-0.052,0.006,0.007,-0.004,-0.001,1.5428
1785820937.891,0.000,WAIT,idle,-1,0,0.009,-0.053,0.006,0.009,-0.003,-0.002,1.5429
1785820937.991,0.000,WAIT,idle,-1,0,0.009,-0.053,0.006,0.008,-0.001,-0.002,1.5429
1785820938.091,0.000,WAIT,idle,-1,0,0.009,-0.053,0.006,0.009,0.000,-0.002,1.5427
1785820938.191,0.000,WAIT,idle,-1,0,0.010,-0.052,0.005,0.011,0.000,-0.004,1.5426
1785820938.291,0.000,WAIT,idle,-1,0,0.010,-0.052,0.005,0.011,0.001,-0.003,1.5429
1785820938.391,0.000,WAIT,idle,-1,0,0.011,-0.052,0.005,0.011,-0.000,-0.004,1.5428
1785820938.491,0.000,WAIT,idle,-1,0,0.011,-0.052,0.005,0.010,0.002,-0.003,1.5428
1785820938.591,0.000,WAIT,idle,-1,0,0.011,-0.052,0.005,0.007,0.002,-0.000,1.5428
1785820938.691,0.000,WAIT,idle,-1,0,0.011,-0.051,0.005,0.006,0.004,0.002,1.5428
1785820938.791,0.000,WAIT,idle,-1,0,0.011,-0.051,0.005,0.007,0.004,0.002,1.5430
1785820938.891,0.000,WAIT,idle,-1,0,0.011,-0.051,0.005,0.005,0.003,0.001,1.5430
1785820938.991,0.000,WAIT,idle,-1,0,0.011,-0.051,0.005,0.006,0.002,0.002,1.5430
1785820939.091,0.000,WAIT,idle,-1,0,0.011,-0.051,0.005,0.005,-0.002,0.003,1.5428
1785820939.191,0.000,WAIT,idle,-1,0,0.010,-0.052,0.005,0.004,-0.002,0.002,1.5427
1785820939.291,0.000,WAIT,idle,-1,0,0.010,-0.052,0.005,0.005,-0.000,0.003,1.5428
1785820939.391,0.000,WAIT,idle,-1,0,0.010,-0.053,0.005,0.007,-0.005,0.001,1.5429
1785820939.491,0.000,WAIT,idle,-1,0,0.010,-0.054,0.005,0.007,-0.007,0.002,1.5429
1785820939.591,0.000,WAIT,idle,-1,0,0.011,-0.055,0.005,0.011,-0.007,0.002,1.5429
1785820939.691,0.000,WAIT,idle,-1,0,0.012,-0.055,0.005,0.010,-0.006,-0.001,1.5427
1785820939.791,0.000,WAIT,idle,-1,0,0.012,-0.055,0.005,0.009,-0.006,-0.000,1.5428
1785820939.891,0.000,WAIT,idle,-1,0,0.012,-0.055,0.005,0.009,-0.005,0.001,1.5427
1785820939.991,0.000,WAIT,idle,-1,0,0.012,-0.055,0.005,0.006,-0.004,0.004,1.5428
1785820940.091,0.000,WAIT,idle,-1,0,0.011,-0.054,0.006,0.005,-0.004,0.006,1.5428
1785820940.191,0.000,WAIT,idle,-1,0,0.011,-0.054,0.006,0.005,-0.004,0.004,1.5427
1785820940.291,0.000,WAIT,idle,-1,0,0.010,-0.054,0.007,0.002,-0.004,0.004,1.5427
1785820940.391,0.000,WAIT,idle,-1,0,0.009,-0.054,0.007,0.003,-0.003,0.004,1.5428
1785820940.491,0.000,WAIT,idle,-1,0,0.009,-0.053,0.007,0.003,0.001,0.002,1.5427
1785820940.591,0.000,WAIT,idle,-1,0,0.008,-0.052,0.007,0.002,0.002,0.000,1.5427
1785820940.691,0.000,WAIT,idle,-1,0,0.007,-0.052,0.007,0.002,0.002,-0.001,1.5428
1785820940.791,0.000,WAIT,idle,-1,0,0.006,-0.052,0.007,0.000,0.001,-0.001,1.5427
1785820940.891,0.000,WAIT,idle,-1,0,0.006,-0.052,0.007,0.002,0.000,0.000,1.5429
1785820940.991,0.000,WAIT,idle,-1,0,0.006,-0.052,0.006,0.001,0.002,0.001,1.5428
1785820941.091,0.000,WAIT,idle,-1,0,0.005,-0.052,0.006,0.001,0.002,-0.001,1.5427
1785820941.191,0.000,WAIT,idle,-1,0,0.005,-0.052,0.006,0.002,0.001,0.000,1.5426
1785820941.291,0.000,WAIT,idle,-1,0,0.005,-0.052,0.006,-0.001,0.002,0.001,1.5424
1785820941.391,0.000,WAIT,idle,-1,0,0.004,-0.052,0.006,-0.001,0.000,0.003,1.5424
1785820941.491,0.000,WAIT,idle,-1,0,0.004,-0.052,0.006,-0.001,-0.002,0.004,1.5425
1785820941.591,0.000,WAIT,idle,-1,0,0.004,-0.053,0.006,-0.001,-0.001,0.003,1.5425
1785820941.691,0.000,WAIT,idle,-1,0,0.004,-0.053,0.006,-0.000,0.001,0.004,1.5426
1785820941.791,0.000,WAIT,idle,-1,0,0.004,-0.053,0.006,0.001,0.002,0.004,1.5427
1785820941.891,0.000,WAIT,idle,-1,0,0.004,-0.053,0.007,0.002,0.002,0.004,1.5429
1785820941.991,0.000,WAIT,idle,-1,0,0.004,-0.053,0.007,0.005,0.002,0.005,1.5429
1785820942.091,0.000,WAIT,idle,-1,0,0.004,-0.053,0.007,0.007,0.002,0.006,1.5429
1785820942.191,0.000,WAIT,idle,-1,0,0.005,-0.053,0.008,0.008,0.003,0.005,1.5429
1785820942.291,0.000,WAIT,idle,-1,0,0.005,-0.053,0.008,0.005,0.004,0.005,1.5428
1785820942.391,0.000,WAIT,idle,-1,0,0.005,-0.052,0.008,0.006,0.005,0.007,1.5428
1785820942.491,0.000,WAIT,idle,-1,0,0.005,-0.052,0.008,0.006,0.005,0.008,1.5428
1785820942.591,0.000,WAIT,idle,-1,0,0.004,-0.052,0.008,0.004,0.003,0.006,1.5426
1785820942.691,0.000,WAIT,idle,-1,0,0.004,-0.051,0.008,0.004,0.005,0.006,1.5427
1785820942.791,0.000,WAIT,idle,-1,0,0.004,-0.051,0.007,0.002,0.004,0.005,1.5428
1785820942.891,0.000,WAIT,idle,-1,0,0.004,-0.051,0.007,0.001,0.002,0.007,1.5428
1785820942.991,0.000,WAIT,idle,-1,0,0.004,-0.051,0.007,-0.001,0.003,0.007,1.5427
1785820943.091,0.000,WAIT,idle,-1,0,0.004,-0.051,0.007,-0.001,0.004,0.008,1.5427
1785820943.191,0.000,WAIT,idle,-1,0,0.004,-0.051,0.008,-0.001,0.004,0.009,1.5425
1785820943.291,0.000,WAIT,idle,-1,0,0.004,-0.051,0.008,0.001,0.005,0.008,1.5424
1785820943.391,0.000,WAIT,idle,-1,0,0.005,-0.051,0.009,0.004,0.005,0.009,1.5424
1785820943.491,0.000,WAIT,idle,-1,0,0.005,-0.051,0.010,0.003,0.006,0.008,1.5425
1785820943.591,0.000,WAIT,idle,-1,0,0.005,-0.050,0.010,0.003,0.006,0.005,1.5427
1785820943.691,0.000,WAIT,idle,-1,0,0.006,-0.050,0.010,0.004,0.005,0.005,1.5429
1785820943.791,0.000,WAIT,idle,-1,0,0.006,-0.050,0.010,0.005,0.006,0.004,1.5428
1785820943.891,0.000,WAIT,idle,-1,0,0.006,-0.050,0.010,0.006,0.004,0.005,1.5427
1785820943.991,0.000,WAIT,idle,-1,0,0.006,-0.051,0.009,0.008,0.004,0.004,1.5425
1785820944.091,0.000,WAIT,idle,-1,0,0.006,-0.051,0.009,0.004,0.005,0.005,1.5426
1785820944.191,0.000,WAIT,idle,-1,0,0.006,-0.051,0.009,0.003,0.004,0.006,1.5426
1785820944.291,0.000,WAIT,idle,-1,0,0.005,-0.051,0.008,0.002,0.004,0.004,1.5427
1785820944.391,0.000,WAIT,idle,-1,0,0.004,-0.051,0.007,0.000,0.004,0.003,1.5426
1785820944.491,0.000,WAIT,idle,-1,0,0.004,-0.051,0.007,-0.000,0.002,0.003,1.5426
1785820944.591,0.000,WAIT,idle,-1,0,0.003,-0.051,0.006,-0.001,0.001,0.002,1.5425
1785820944.691,0.000,WAIT,idle,-1,0,0.003,-0.051,0.006,-0.002,-0.000,0.002,1.5427
1785820944.791,0.000,WAIT,idle,-1,0,0.002,-0.052,0.005,-0.005,-0.001,0.002,1.5428
1785820944.891,0.000,WAIT,idle,-1,0,0.002,-0.052,0.005,-0.004,-0.001,-0.000,1.5428
1785820944.991,0.000,WAIT,idle,-1,0,0.002,-0.052,0.004,-0.002,-0.003,0.001,1.5430
1785820945.091,0.000,WAIT,idle,-1,0,0.002,-0.053,0.004,-0.001,-0.002,0.001,1.5431
1785820945.191,0.000,WAIT,idle,-1,0,0.002,-0.053,0.004,-0.001,-0.002,0.001,1.5429
1785820945.291,0.000,WAIT,idle,-1,0,0.002,-0.053,0.004,-0.001,-0.001,0.001,1.5431
1785820945.391,0.000,WAIT,idle,-1,0,0.002,-0.053,0.003,-0.003,-0.001,0.000,1.5430
1785820945.491,0.000,WAIT,idle,-1,0,0.002,-0.053,0.003,-0.004,-0.001,-0.001,1.5433
1785820945.591,0.000,WAIT,idle,-1,0,0.002,-0.053,0.003,-0.004,-0.001,0.001,1.5433
1785820945.691,0.000,WAIT,idle,-1,0,0.002,-0.053,0.003,-0.003,0.002,0.001,1.5435
1785820945.791,0.000,WAIT,idle,-1,0,0.003,-0.052,0.003,-0.002,0.002,0.004,1.5434
1785820945.891,0.000,WAIT,idle,-1,0,0.003,-0.052,0.003,-0.003,0.002,0.001,1.5435
1785820945.991,0.000,WAIT,idle,-1,0,0.003,-0.052,0.003,0.000,0.001,-0.001,1.5434
1785820946.091,0.000,WAIT,idle,-1,0,0.004,-0.052,0.003,0.003,-0.001,-0.002,1.5434
1785820946.191,0.000,WAIT,idle,-1,0,0.005,-0.052,0.003,0.005,0.000,-0.000,1.5433
1785820946.291,0.000,WAIT,idle,-1,0,0.006,-0.052,0.003,0.006,0.000,-0.000,1.5432
1785820946.391,0.000,WAIT,idle,-1,0,0.007,-0.052,0.003,0.007,-0.001,-0.001,1.5431
1785820946.491,0.000,WAIT,idle,-1,0,0.007,-0.052,0.002,0.006,-0.001,-0.001,1.5432
1785820946.591,0.000,WAIT,idle,-1,0,0.007,-0.052,0.002,0.006,-0.000,-0.000,1.5432
1785820946.691,0.000,WAIT,idle,-1,0,0.007,-0.052,0.002,0.006,0.003,0.000,1.5431
1785820946.791,0.000,WAIT,idle,-1,0,0.007,-0.051,0.002,0.004,0.003,-0.001,1.5430
1785820946.891,0.000,WAIT,idle,-1,0,0.007,-0.051,0.002,0.006,0.003,-0.002,1.5430
1785820946.991,0.000,WAIT,idle,-1,0,0.007,-0.051,0.002,0.006,0.004,-0.002,1.5430
1785820947.091,0.000,WAIT,idle,-1,0,0.007,-0.051,0.002,0.006,0.003,-0.004,1.5430
1785820947.191,0.000,WAIT,idle,-1,0,0.007,-0.050,0.002,0.004,0.004,-0.002,1.5431
1785820947.291,0.000,WAIT,idle,-1,0,0.006,-0.050,0.003,0.002,0.005,-0.000,1.5432
1785820947.391,0.000,WAIT,idle,-1,0,0.005,-0.050,0.003,0.000,0.006,0.001,1.5434
1785820947.491,0.000,WAIT,idle,-1,0,0.005,-0.050,0.004,0.001,0.007,-0.001,1.5434
1785820947.591,0.000,WAIT,idle,-1,0,0.004,-0.050,0.004,-0.002,0.005,-0.001,1.5433
1785820947.691,0.000,WAIT,idle,-1,0,0.003,-0.050,0.004,-0.002,0.003,-0.001,1.5433
1785820947.791,0.000,WAIT,idle,-1,0,0.003,-0.051,0.004,0.000,0.000,-0.003,1.5433
1785820947.891,0.000,WAIT,idle,-1,0,0.003,-0.051,0.004,0.001,0.001,-0.002,1.5434
1785820947.991,0.000,WAIT,idle,-1,0,0.002,-0.051,0.004,-0.001,0.001,-0.003,1.5433
1785820948.091,0.000,WAIT,idle,-1,0,0.002,-0.052,0.004,0.000,0.001,-0.002,1.5433
1785820948.191,0.000,WAIT,idle,-1,0,0.002,-0.052,0.004,-0.000,-0.001,-0.002,1.5435
1785820948.291,0.000,WAIT,idle,-1,0,0.002,-0.052,0.005,-0.001,-0.001,-0.002,1.5435
1785820948.391,0.000,WAIT,idle,-1,0,0.002,-0.052,0.004,0.000,-0.001,-0.004,1.5434
1785820948.491,0.000,WAIT,idle,-1,0,0.002,-0.052,0.004,0.000,-0.002,-0.004,1.5435
1785820948.591,0.000,WAIT,idle,-1,0,0.001,-0.052,0.004,-0.002,-0.002,-0.004,1.5433
1785820948.691,0.000,WAIT,idle,-1,0,0.001,-0.052,0.003,-0.000,-0.003,-0.004,1.5435
1785820948.791,0.000,WAIT,idle,-1,0,0.001,-0.052,0.003,0.000,-0.003,-0.001,1.5435
1785820948.891,0.000,WAIT,idle,-1,0,0.001,-0.052,0.003,0.002,-0.003,0.001,1.5436
1785820948.991,0.000,WAIT,idle,-1,0,0.002,-0.052,0.004,0.002,-0.001,0.000,1.5435
1785820949.091,0.000,WAIT,idle,-1,0,0.002,-0.052,0.003,0.002,-0.002,-0.001,1.5435
1785820949.191,0.000,WAIT,idle,-1,0,0.003,-0.052,0.003,0.003,-0.001,-0.000,1.5433
1785820949.291,0.000,WAIT,idle,-1,0,0.004,-0.052,0.003,0.005,-0.002,0.001,1.5434
1785820949.391,0.000,WAIT,idle,-1,0,0.004,-0.052,0.003,0.004,-0.001,0.005,1.5432
1785820949.491,0.000,WAIT,idle,-1,0,0.005,-0.052,0.003,0.003,-0.003,0.005,1.5433
1785820949.591,0.000,WAIT,idle,-1,0,0.005,-0.053,0.003,0.001,-0.004,0.003,1.5434
1785820949.691,0.000,WAIT,idle,-1,0,0.004,-0.053,0.003,-0.000,-0.003,0.001,1.5435
1785820949.791,0.000,WAIT,idle,-1,0,0.004,-0.053,0.003,-0.001,-0.004,0.001,1.5435
1785820949.891,0.000,WAIT,idle,-1,0,0.004,-0.053,0.002,-0.000,-0.005,0.001,1.5435
1785820949.991,0.000,WAIT,idle,-1,0,0.003,-0.054,0.002,-0.002,-0.005,0.001,1.5434
1785820950.091,0.000,WAIT,idle,-1,0,0.002,-0.054,0.002,-0.005,-0.002,0.002,1.5433
1785820950.191,0.000,WAIT,idle,-1,0,0.002,-0.053,0.003,-0.005,-0.002,0.004,1.5433
1785820950.291,0.000,WAIT,idle,-1,0,0.001,-0.053,0.003,-0.005,-0.001,0.003,1.5434
1785820950.391,0.000,WAIT,idle,-1,0,0.001,-0.053,0.002,-0.004,-0.000,0.000,1.5436
1785820950.491,0.000,WAIT,idle,-1,0,0.000,-0.053,0.002,-0.005,0.001,-0.000,1.5436
1785820950.591,0.000,WAIT,idle,-1,0,0.000,-0.052,0.001,-0.005,0.002,-0.002,1.5436
1785820950.691,0.000,WAIT,idle,-1,0,-0.000,-0.052,0.001,-0.004,0.002,-0.002,1.5438
1785820950.791,0.000,WAIT,idle,-1,0,-0.000,-0.052,0.001,-0.003,0.002,-0.001,1.5437
1785820950.891,0.000,WAIT,idle,-1,0,-0.000,-0.052,0.002,-0.002,0.001,-0.001,1.5435
1785820950.991,0.000,WAIT,idle,-1,0,0.000,-0.052,0.002,-0.002,0.001,-0.000,1.5435
1785820951.091,0.000,WAIT,idle,-1,0,0.000,-0.052,0.003,-0.003,0.000,0.000,1.5436
1785820951.191,0.000,WAIT,idle,-1,0,0.000,-0.052,0.003,-0.003,0.002,0.001,1.5436
1785820951.291,0.000,WAIT,idle,-1,0,0.000,-0.052,0.004,-0.003,0.003,0.003,1.5436
1785820951.391,0.000,WAIT,idle,-1,0,0.000,-0.051,0.004,-0.003,0.005,0.002,1.5437
1785820951.491,0.000,WAIT,idle,-1,0,-0.000,-0.051,0.004,-0.004,0.003,0.001,1.5437
1785820951.591,0.000,WAIT,idle,-1,0,-0.000,-0.051,0.004,-0.002,0.001,0.003,1.5435
1785820951.691,0.000,WAIT,idle,-1,0,0.000,-0.052,0.004,-0.002,-0.001,0.004,1.5434
1785820951.791,0.000,WAIT,idle,-1,0,0.000,-0.052,0.004,-0.003,-0.000,0.002,1.5435
1785820951.891,0.000,WAIT,idle,-1,0,0.000,-0.052,0.004,-0.004,-0.001,0.001,1.5435
1785820951.991,0.000,WAIT,idle,-1,0,-0.000,-0.052,0.004,-0.005,0.001,0.003,1.5435
1785820952.091,0.000,WAIT,idle,-1,0,-0.000,-0.051,0.003,-0.006,0.002,0.001,1.5436
1785820952.191,0.000,WAIT,idle,-1,0,-0.001,-0.051,0.003,-0.007,0.001,0.002,1.5438
1785820952.291,0.000,WAIT,idle,-1,0,-0.001,-0.051,0.003,-0.008,0.002,0.000,1.5439
1785820952.391,0.000,WAIT,idle,-1,0,-0.002,-0.051,0.004,-0.010,0.002,0.002,1.5437
1785820952.491,0.000,WAIT,idle,-1,0,-0.002,-0.051,0.004,-0.009,0.002,0.004,1.5437
1785820952.591,0.000,WAIT,idle,-1,0,-0.002,-0.051,0.005,-0.008,0.000,0.006,1.5439
1785820952.691,0.000,WAIT,idle,-1,0,-0.003,-0.051,0.005,-0.008,0.000,0.004,1.5440
1785820952.791,0.000,WAIT,idle,-1,0,-0.003,-0.052,0.006,-0.007,0.001,0.002,1.5441
1785820952.891,0.000,WAIT,idle,-1,0,-0.002,-0.052,0.006,-0.007,-0.001,0.004,1.5440
1785820952.991,0.000,WAIT,idle,-1,0,-0.002,-0.052,0.007,-0.002,-0.003,0.003,1.5440
1785820953.091,0.000,WAIT,idle,-1,0,-0.001,-0.053,0.007,-0.000,-0.002,0.004,1.5439
1785820953.191,0.000,WAIT,idle,-1,0,-0.000,-0.053,0.007,0.001,-0.002,0.006,1.5439
1785820953.291,0.000,WAIT,idle,-1,0,0.000,-0.053,0.008,0.003,-0.001,0.009,1.5440
1785820953.391,0.000,WAIT,idle,-1,0,0.001,-0.053,0.009,0.001,-0.004,0.008,1.5441
1785820953.491,0.000,WAIT,idle,-1,0,0.001,-0.053,0.009,0.002,-0.006,0.006,1.5441
1785820953.591,0.000,WAIT,idle,-1,0,0.002,-0.054,0.009,0.004,-0.004,0.005,1.5442
1785820953.691,0.000,WAIT,idle,-1,0,0.003,-0.054,0.009,0.005,-0.005,0.004,1.5441
1785820953.791,0.000,WAIT,idle,-1,0,0.003,-0.054,0.009,0.003,-0.004,0.002,1.5442
1785820953.891,0.000,WAIT,idle,-1,0,0.003,-0.055,0.009,0.002,-0.005,0.001,1.5444
1785820953.991,0.000,WAIT,idle,-1,0,0.003,-0.055,0.008,0.002,-0.008,0.001,1.5443
1785820954.091,0.000,WAIT,idle,-1,0,0.003,-0.056,0.008,0.000,-0.006,0.000,1.5443
1785820954.191,0.000,WAIT,idle,-1,0,0.003,-0.056,0.008,0.001,-0.005,-0.001,1.5443
1785820954.291,0.000,WAIT,idle,-1,0,0.003,-0.056,0.007,0.001,-0.003,0.000,1.5444
1785820954.391,0.000,WAIT,idle,-1,0,0.003,-0.056,0.007,0.000,-0.000,-0.001,1.5444
1785820954.491,0.000,WAIT,idle,-1,0,0.003,-0.055,0.006,0.001,0.001,-0.000,1.5445
1785820954.591,0.000,WAIT,idle,-1,0,0.003,-0.054,0.006,0.002,0.001,0.001,1.5447
1785820954.691,0.000,WAIT,idle,-1,0,0.003,-0.054,0.006,0.002,0.001,0.000,1.5448
1785820954.791,0.000,WAIT,idle,-1,0,0.003,-0.053,0.006,0.004,0.000,-0.000,1.5447
1785820954.891,0.000,WAIT,idle,-1,0,0.004,-0.053,0.006,0.005,-0.001,0.001,1.5445
1785820954.991,0.000,WAIT,idle,-1,0,0.004,-0.053,0.006,0.003,-0.001,0.001,1.5444
1785820955.091,0.000,WAIT,idle,-1,0,0.005,-0.053,0.005,0.002,-0.002,0.002,1.5444
1785820955.191,0.000,WAIT,idle,-1,0,0.005,-0.053,0.005,0.003,-0.002,0.001,1.5444
1785820955.291,0.000,WAIT,idle,-1,0,0.006,-0.054,0.005,0.003,-0.003,0.001,1.5444
1785820955.391,0.000,WAIT,idle,-1,0,0.006,-0.054,0.004,0.002,-0.003,0.003,1.5443
1785820955.491,0.000,WAIT,idle,-1,0,0.006,-0.054,0.004,-0.000,-0.003,0.002,1.5440
1785820955.591,0.000,WAIT,idle,-1,0,0.005,-0.054,0.004,-0.002,-0.001,0.001,1.5439
1785820955.691,0.000,WAIT,idle,-1,0,0.005,-0.053,0.004,-0.002,0.000,0.001,1.5440
1785820955.791,0.000,WAIT,idle,-1,0,0.004,-0.053,0.004,-0.002,0.000,0.000,1.5439
1785820955.891,0.000,WAIT,idle,-1,0,0.004,-0.052,0.004,-0.003,-0.000,0.002,1.5440
1785820955.992,0.000,WAIT,idle,-1,0,0.004,-0.052,0.004,-0.002,0.000,0.001,1.5442
1785820956.091,0.000,WAIT,idle,-1,0,0.004,-0.052,0.004,-0.003,-0.001,0.001,1.5441
1785820956.191,0.000,WAIT,idle,-1,0,0.004,-0.052,0.004,-0.001,-0.002,-0.001,1.5439
1785820956.291,0.000,WAIT,idle,-1,0,0.004,-0.052,0.004,-0.001,-0.003,-0.001,1.5439
1785820956.391,0.000,WAIT,idle,-1,0,0.004,-0.053,0.004,0.002,-0.004,0.001,1.5440
1785820956.491,0.000,WAIT,idle,-1,0,0.004,-0.053,0.004,0.001,-0.004,-0.000,1.5440
1785820956.591,0.000,WAIT,idle,-1,0,0.004,-0.054,0.003,-0.002,-0.005,0.000,1.5440
1785820956.691,0.000,WAIT,idle,-1,0,0.003,-0.054,0.003,-0.003,-0.004,-0.002,1.5439
1785820956.791,0.000,WAIT,idle,-1,0,0.003,-0.054,0.002,-0.007,-0.005,-0.002,1.5441
1785820956.891,0.000,WAIT,idle,-1,0,0.002,-0.054,0.002,-0.009,-0.005,-0.000,1.5442
1785820956.991,0.000,WAIT,idle,-1,0,0.001,-0.054,0.002,-0.010,-0.003,-0.002,1.5442
1785820957.091,0.000,WAIT,idle,-1,0,-0.000,-0.054,0.002,-0.011,-0.003,-0.001,1.5441
1785820957.191,0.000,WAIT,idle,-1,0,-0.001,-0.054,0.002,-0.011,-0.003,0.001,1.5441
1785820957.291,0.000,WAIT,idle,-1,0,-0.002,-0.054,0.002,-0.012,-0.002,0.001,1.5440
1785820957.391,0.000,WAIT,idle,-1,0,-0.002,-0.054,0.003,-0.012,-0.001,0.002,1.5441
1785820957.491,0.000,WAIT,idle,-1,0,-0.002,-0.053,0.003,-0.014,-0.002,-0.000,1.5444
1785820957.591,0.000,WAIT,idle,-1,0,-0.003,-0.053,0.003,-0.014,-0.001,-0.002,1.5444
1785820957.691,0.000,WAIT,idle,-1,0,-0.003,-0.053,0.002,-0.014,-0.002,-0.002,1.5444
1785820957.791,0.000,WAIT,idle,-1,0,-0.003,-0.053,0.002,-0.015,-0.004,-0.001,1.5443
1785820957.891,0.000,WAIT,idle,-1,0,-0.003,-0.053,0.002,-0.013,-0.003,-0.002,1.5444
1785820957.991,0.000,WAIT,idle,-1,0,-0.002,-0.054,0.002,-0.010,-0.004,-0.002,1.5445
1785820958.091,0.000,WAIT,idle,-1,0,-0.002,-0.054,0.002,-0.008,-0.003,-0.001,1.5446
1785820958.191,0.000,WAIT,idle,-1,0,-0.001,-0.054,0.002,-0.005,-0.004,-0.002,1.5447
1785820958.291,0.000,WAIT,idle,-1,0,-0.000,-0.054,0.002,-0.002,-0.004,-0.003,1.5450
1785820958.391,0.000,WAIT,idle,-1,0,0.000,-0.054,0.002,-0.000,-0.003,-0.000,1.5450
1785820958.491,0.000,WAIT,idle,-1,0,0.001,-0.054,0.002,0.001,-0.002,0.000,1.5450
1785820958.591,0.000,WAIT,idle,-1,0,0.002,-0.053,0.002,0.001,-0.002,-0.001,1.5450
1785820958.691,0.000,WAIT,idle,-1,0,0.003,-0.053,0.002,0.001,-0.001,-0.000,1.5450
1785820958.791,0.000,WAIT,idle,-1,0,0.003,-0.053,0.003,0.001,-0.001,0.001,1.5451
1785820958.891,0.000,WAIT,idle,-1,0,0.004,-0.052,0.003,0.002,0.001,0.002,1.5452
1785820958.991,0.000,WAIT,idle,-1,0,0.004,-0.052,0.003,0.002,0.000,0.000,1.5452
1785820959.091,0.000,WAIT,idle,-1,0,0.004,-0.052,0.004,-0.000,-0.002,0.000,1.5452
1785820959.191,0.000,WAIT,idle,-1,0,0.004,-0.052,0.004,-0.002,-0.004,-0.000,1.5452
1785820959.291,0.000,WAIT,idle,-1,0,0.003,-0.052,0.004,-0.004,-0.003,-0.001,1.5449
1785820959.391,0.000,WAIT,idle,-1,0,0.003,-0.052,0.004,-0.002,-0.003,-0.004,1.5448
1785820959.491,0.000,WAIT,idle,-1,0,0.002,-0.052,0.004,-0.006,-0.005,-0.004,1.5449
1785820959.591,0.000,WAIT,idle,-1,0,0.001,-0.052,0.004,-0.006,-0.005,-0.004,1.5451
1785820959.691,0.000,WAIT,idle,-1,0,0.001,-0.052,0.004,-0.008,-0.004,-0.002,1.5452
1785820959.791,0.000,WAIT,idle,-1,0,0.001,-0.052,0.004,-0.007,-0.002,-0.004,1.5453
1785820959.891,0.000,WAIT,idle,-1,0,0.001,-0.051,0.004,-0.007,-0.002,-0.004,1.5456
1785820959.991,0.000,WAIT,idle,-1,0,0.001,-0.051,0.004,-0.006,-0.001,-0.004,1.5456
1785820960.091,0.000,WAIT,idle,-1,0,0.002,-0.051,0.004,-0.003,-0.000,-0.004,1.5456
1785820960.191,0.000,WAIT,idle,-1,0,0.003,-0.051,0.005,-0.003,0.001,-0.002,1.5455
1785820960.291,0.000,WAIT,idle,-1,0,0.003,-0.050,0.005,-0.004,0.002,-0.000,1.5457
1785820960.391,0.000,WAIT,idle,-1,0,0.003,-0.050,0.006,-0.006,0.001,0.001,1.5456
1785820960.491,0.000,WAIT,idle,-1,0,0.002,-0.050,0.006,-0.006,0.004,0.003,1.5458
1785820960.591,0.000,WAIT,idle,-1,0,0.002,-0.050,0.006,-0.007,0.005,0.002,1.5458
1785820960.691,0.000,WAIT,idle,-1,0,0.001,-0.049,0.006,-0.007,-0.000,0.001,1.5458
1785820960.791,0.000,WAIT,idle,-1,0,0.001,-0.050,0.006,-0.005,0.001,0.003,1.5459
1785820960.891,0.000,WAIT,idle,-1,0,0.001,-0.050,0.007,-0.005,0.001,0.003,1.5459
1785820960.991,0.000,WAIT,idle,-1,0,0.001,-0.050,0.007,-0.002,0.001,0.003,1.5456
1785820961.091,0.000,WAIT,idle,-1,0,0.002,-0.050,0.007,0.001,0.001,0.004,1.5454
1785820961.191,0.000,WAIT,idle,-1,0,0.002,-0.050,0.006,0.002,0.002,0.004,1.5455
1785820961.291,0.000,WAIT,idle,-1,0,0.003,-0.050,0.006,0.003,0.002,0.004,1.5455
1785820961.391,0.000,WAIT,idle,-1,0,0.003,-0.050,0.006,0.004,0.004,0.004,1.5455
1785820961.491,0.000,WAIT,idle,-1,0,0.003,-0.050,0.006,0.005,0.005,0.004,1.5452
1785820961.591,0.000,WAIT,idle,-1,0,0.004,-0.050,0.006,0.007,0.006,0.002,1.5455
1785820961.691,0.000,WAIT,idle,-1,0,0.004,-0.049,0.006,0.007,0.006,0.004,1.5456
1785820961.791,0.000,WAIT,idle,-1,0,0.005,-0.049,0.006,0.009,0.005,0.004,1.5456
1785820961.891,0.000,WAIT,idle,-1,0,0.006,-0.049,0.006,0.010,0.005,0.004,1.5454
1785820961.991,0.000,WAIT,idle,-1,0,0.007,-0.049,0.005,0.011,0.003,0.001,1.5452
1785820962.091,0.000,WAIT,idle,-1,0,0.008,-0.050,0.005,0.012,0.001,-0.000,1.5451
1785820962.191,0.000,WAIT,idle,-1,0,0.008,-0.050,0.005,0.011,-0.000,0.000,1.5449
1785820962.291,0.000,WAIT,idle,-1,0,0.008,-0.051,0.005,0.010,0.001,-0.000,1.5449
1785820962.391,0.000,WAIT,idle,-1,0,0.008,-0.051,0.004,0.010,0.004,-0.001,1.5449
1785820962.491,0.000,WAIT,idle,-1,0,0.008,-0.051,0.004,0.009,0.005,-0.001,1.5449
1785820962.591,0.000,WAIT,idle,-1,0,0.008,-0.051,0.004,0.008,0.005,-0.001,1.5450
1785820962.691,0.000,WAIT,idle,-1,0,0.007,-0.051,0.004,0.009,0.005,-0.001,1.5450
1785820962.791,0.000,WAIT,idle,-1,0,0.007,-0.051,0.004,0.011,0.005,-0.003,1.5452
1785820962.891,0.000,WAIT,idle,-1,0,0.007,-0.051,0.003,0.011,0.005,-0.004,1.5451
1785820962.991,0.000,WAIT,idle,-1,0,0.007,-0.051,0.003,0.010,0.005,-0.002,1.5453
1785820963.091,0.000,WAIT,idle,-1,0,0.007,-0.051,0.004,0.011,0.006,-0.002,1.5451
1785820963.191,0.000,WAIT,idle,-1,0,0.007,-0.051,0.004,0.010,0.006,0.001,1.5451
1785820963.291,0.000,WAIT,idle,-1,0,0.008,-0.051,0.005,0.010,0.006,-0.000,1.5452
1785820963.391,0.000,WAIT,idle,-1,0,0.008,-0.051,0.005,0.009,0.003,0.003,1.5453
1785820963.491,0.000,WAIT,idle,-1,0,0.008,-0.051,0.006,0.011,0.002,0.004,1.5452
1785820963.591,0.000,WAIT,idle,-1,0,0.009,-0.051,0.006,0.011,0.004,0.002,1.5452
1785820963.691,0.000,WAIT,idle,-1,0,0.009,-0.052,0.006,0.010,0.005,0.001,1.5451
1785820963.791,0.000,WAIT,idle,-1,0,0.010,-0.052,0.006,0.011,0.005,-0.001,1.5453
1785820963.891,0.000,WAIT,idle,-1,0,0.010,-0.052,0.006,0.011,0.004,-0.004,1.5452
1785820963.991,0.000,WAIT,idle,-1,0,0.010,-0.052,0.005,0.011,0.003,-0.005,1.5453
1785820964.091,0.000,WAIT,idle,-1,0,0.011,-0.052,0.005,0.010,-0.001,-0.002,1.5456
1785820964.191,0.000,WAIT,idle,-1,0,0.011,-0.053,0.005,0.010,-0.001,-0.001,1.5458
1785820964.291,0.000,WAIT,idle,-1,0,0.011,-0.053,0.005,0.011,-0.002,-0.002,1.5459
1785820964.391,0.000,WAIT,idle,-1,0,0.011,-0.054,0.004,0.009,-0.002,-0.004,1.5458
1785820964.491,0.000,WAIT,idle,-1,0,0.010,-0.054,0.004,0.009,-0.003,-0.005,1.5458
1785820964.591,0.000,WAIT,idle,-1,0,0.010,-0.054,0.003,0.008,-0.004,-0.006,1.5459
1785820964.691,0.000,WAIT,idle,-1,0,0.009,-0.054,0.002,0.008,-0.003,-0.005,1.5460
1785820964.791,0.000,WAIT,idle,-1,0,0.009,-0.054,0.002,0.011,-0.002,-0.004,1.5461
1785820964.891,0.000,WAIT,idle,-1,0,0.009,-0.053,0.002,0.009,-0.002,-0.006,1.5461
1785820964.991,0.000,WAIT,idle,-1,0,0.008,-0.053,0.002,0.008,-0.002,-0.003,1.5460
1785820965.091,0.000,WAIT,idle,-1,0,0.008,-0.054,0.002,0.006,-0.002,-0.003,1.5460
1785820965.191,0.000,WAIT,idle,-1,0,0.007,-0.054,0.002,0.006,-0.002,-0.002,1.5462
1785820965.291,0.000,WAIT,idle,-1,0,0.007,-0.054,0.003,0.006,-0.002,-0.001,1.5465
1785820965.391,0.000,WAIT,idle,-1,0,0.007,-0.054,0.003,0.007,-0.002,-0.001,1.5465
1785820965.491,0.000,WAIT,idle,-1,0,0.007,-0.054,0.003,0.009,-0.004,0.001,1.5465
1785820965.591,0.000,WAIT,idle,-1,0,0.008,-0.054,0.004,0.008,-0.007,0.001,1.5465
1785820965.691,0.000,WAIT,idle,-1,0,0.008,-0.055,0.004,0.009,-0.008,0.000,1.5465
1785820965.791,0.000,WAIT,idle,-1,0,0.008,-0.055,0.004,0.008,-0.009,-0.003,1.5466
1785820965.891,0.000,WAIT,idle,-1,0,0.008,-0.056,0.003,0.005,-0.008,-0.002,1.5467
1785820965.991,0.000,WAIT,idle,-1,0,0.007,-0.056,0.003,0.003,-0.009,-0.004,1.5467
1785820966.091,0.000,WAIT,idle,-1,0,0.006,-0.056,0.002,0.005,-0.010,-0.004,1.5466
1785820966.191,0.000,WAIT,idle,-1,0,0.006,-0.056,0.001,0.006,-0.011,-0.005,1.5466
1785820966.291,0.000,WAIT,idle,-1,0,0.006,-0.056,0.000,0.006,-0.012,-0.005,1.5465
1785820966.391,0.000,WAIT,idle,-1,0,0.006,-0.056,-0.000,0.005,-0.012,-0.004,1.5463
1785820966.491,0.000,WAIT,idle,-1,0,0.005,-0.057,-0.000,0.005,-0.013,-0.002,1.5463
1785820966.591,0.000,WAIT,idle,-1,0,0.005,-0.057,-0.000,0.002,-0.012,-0.003,1.5463
1785820966.691,0.000,WAIT,idle,-1,0,0.004,-0.057,-0.000,-0.000,-0.013,-0.003,1.5463
1785820966.791,0.000,WAIT,idle,-1,0,0.003,-0.057,0.001,-0.000,-0.011,-0.000,1.5462
1785820966.891,0.000,WAIT,idle,-1,0,0.003,-0.057,0.001,0.001,-0.009,0.001,1.5460
1785820966.991,0.000,WAIT,idle,-1,0,0.003,-0.057,0.002,0.003,-0.007,-0.001,1.5460
1785820967.091,0.000,WAIT,idle,-1,0,0.004,-0.056,0.002,0.003,-0.007,0.000,1.5459
1785820967.191,0.000,WAIT,idle,-1,0,0.004,-0.056,0.003,0.002,-0.006,0.002,1.5460
1785820967.291,0.000,WAIT,idle,-1,0,0.004,-0.055,0.003,0.001,-0.006,0.003,1.5458
1785820967.391,0.000,WAIT,idle,-1,0,0.005,-0.055,0.003,0.002,-0.006,0.000,1.5457
1785820967.491,0.000,WAIT,idle,-1,0,0.005,-0.055,0.003,0.000,-0.006,-0.001,1.5457
1785820967.591,0.000,WAIT,idle,-1,0,0.004,-0.055,0.004,-0.000,-0.006,0.000,1.5458
1785820967.691,0.000,WAIT,idle,-1,0,0.004,-0.055,0.004,-0.001,-0.008,0.002,1.5458
1785820967.791,0.000,WAIT,idle,-1,0,0.004,-0.055,0.004,-0.001,-0.008,0.003,1.5459
1785820967.891,0.000,WAIT,idle,-1,0,0.004,-0.055,0.004,-0.004,-0.010,0.002,1.5462
1785820967.991,0.000,WAIT,idle,-1,0,0.004,-0.055,0.004,-0.004,-0.011,0.001,1.5462
1785820968.091,0.000,WAIT,idle,-1,0,0.004,-0.056,0.004,-0.002,-0.013,0.002,1.5463
1785820968.191,0.000,WAIT,idle,-1,0,0.004,-0.056,0.004,-0.001,-0.015,0.002,1.5465
1785820968.291,0.000,WAIT,idle,-1,0,0.004,-0.057,0.004,0.001,-0.015,0.001,1.5464
1785820968.391,0.000,WAIT,idle,-1,0,0.004,-0.057,0.004,0.002,-0.015,0.002,1.5465
1785820968.491,0.000,WAIT,idle,-1,0,0.005,-0.057,0.005,0.006,-0.012,0.002,1.5466
1785820968.591,0.000,WAIT,idle,-1,0,0.006,-0.057,0.005,0.006,-0.011,0.005,1.5464
1785820968.691,0.000,WAIT,idle,-1,0,0.006,-0.057,0.005,0.008,-0.010,0.006,1.5463
1785820968.791,0.000,WAIT,idle,-1,0,0.007,-0.057,0.005,0.005,-0.008,0.006,1.5463
1785820968.891,0.000,WAIT,idle,-1,0,0.008,-0.056,0.006,0.005,-0.008,0.006,1.5463
1785820968.991,0.000,WAIT,idle,-1,0,0.008,-0.056,0.006,0.006,-0.006,0.006,1.5463
1785820969.091,0.000,WAIT,idle,-1,0,0.009,-0.056,0.006,0.008,-0.006,0.004,1.5462
1785820969.191,0.000,WAIT,idle,-1,0,0.009,-0.056,0.006,0.009,-0.007,0.003,1.5462
1785820969.291,0.000,WAIT,idle,-1,0,0.009,-0.056,0.006,0.006,-0.006,0.001,1.5462
1785820969.391,0.000,WAIT,idle,-1,0,0.009,-0.055,0.006,0.005,-0.007,-0.000,1.5461
1785820969.491,0.000,WAIT,idle,-1,0,0.008,-0.055,0.005,0.002,-0.003,-0.000,1.5461
1785820969.591,0.000,WAIT,idle,-1,0,0.008,-0.055,0.005,-0.001,-0.005,-0.000,1.5459
1785820969.691,0.000,WAIT,idle,-1,0,0.007,-0.055,0.004,-0.003,-0.009,0.000,1.5459
1785820969.791,0.000,WAIT,idle,-1,0,0.006,-0.056,0.004,-0.003,-0.011,0.001,1.5459
1785820969.891,0.000,WAIT,idle,-1,0,0.006,-0.056,0.004,-0.003,-0.011,0.001,1.5460
1785820969.991,0.000,WAIT,idle,-1,0,0.006,-0.057,0.004,-0.001,-0.010,-0.000,1.5460
1785820970.091,0.000,WAIT,idle,-1,0,0.006,-0.056,0.004,0.002,-0.008,-0.001,1.5461
1785820970.191,0.000,WAIT,idle,-1,0,0.007,-0.056,0.004,0.002,-0.008,-0.002,1.5461
1785820970.291,0.000,WAIT,idle,-1,0,0.007,-0.056,0.003,0.000,-0.009,-0.002,1.5460
1785820970.391,0.000,WAIT,idle,-1,0,0.006,-0.056,0.003,-0.002,-0.009,-0.001,1.5459
1785820970.491,0.000,WAIT,idle,-1,0,0.006,-0.056,0.003,-0.004,-0.009,0.003,1.5459
1785820970.591,0.000,WAIT,idle,-1,0,0.006,-0.056,0.003,-0.005,-0.007,0.003,1.5459
1785820970.691,0.000,WAIT,idle,-1,0,0.005,-0.056,0.004,-0.006,-0.010,0.003,1.5459
1785820970.791,0.000,WAIT,idle,-1,0,0.005,-0.056,0.004,-0.008,-0.010,0.003,1.5460
1785820970.891,0.000,WAIT,idle,-1,0,0.004,-0.056,0.003,-0.010,-0.010,0.001,1.5459
1785820970.991,0.000,WAIT,idle,-1,0,0.003,-0.056,0.003,-0.010,-0.010,0.001,1.5457
1785820971.091,0.000,WAIT,idle,-1,0,0.002,-0.056,0.003,-0.010,-0.009,0.001,1.5456
1785820971.191,0.000,WAIT,idle,-1,0,0.002,-0.056,0.002,-0.010,-0.007,0.003,1.5457
1785820971.291,0.000,WAIT,idle,-1,0,0.001,-0.055,0.002,-0.009,-0.005,0.003,1.5459
1785820971.391,0.000,WAIT,idle,-1,0,0.001,-0.055,0.002,-0.009,-0.005,0.002,1.5460
1785820971.491,0.000,WAIT,idle,-1,0,0.001,-0.054,0.002,-0.008,-0.005,0.002,1.5460
1785820971.591,0.000,WAIT,idle,-1,0,0.001,-0.054,0.002,-0.007,-0.004,0.002,1.5462
1785820971.691,0.000,WAIT,idle,-1,0,0.001,-0.054,0.002,-0.006,-0.005,0.003,1.5463
1785820971.791,0.000,WAIT,idle,-1,0,0.001,-0.054,0.002,-0.006,-0.005,0.003,1.5462
1785820971.891,0.000,WAIT,idle,-1,0,0.002,-0.054,0.002,-0.005,-0.002,0.001,1.5464
1785820971.991,0.000,WAIT,idle,-1,0,0.002,-0.053,0.002,-0.003,-0.000,0.000,1.5464
1785820972.091,0.000,WAIT,idle,-1,0,0.002,-0.053,0.001,-0.001,0.000,0.000,1.5462
1785820972.191,0.000,WAIT,idle,-1,0,0.003,-0.052,0.002,-0.001,-0.002,0.001,1.5462
1785820972.291,0.000,WAIT,idle,-1,0,0.003,-0.052,0.002,-0.001,-0.002,0.001,1.5464
1785820972.391,0.000,WAIT,idle,-1,0,0.004,-0.053,0.002,-0.003,-0.006,0.001,1.5464
1785820972.491,0.000,WAIT,idle,-1,0,0.004,-0.053,0.003,-0.003,-0.004,0.000,1.5463
1785820972.591,0.000,WAIT,idle,-1,0,0.004,-0.053,0.003,-0.004,-0.005,0.001,1.5461
1785820972.691,0.000,WAIT,idle,-1,0,0.004,-0.053,0.004,-0.003,-0.005,0.000,1.5460
1785820972.791,0.000,WAIT,idle,-1,0,0.004,-0.054,0.004,-0.002,-0.005,-0.000,1.5459
1785820972.891,0.000,WAIT,idle,-1,0,0.004,-0.054,0.004,-0.003,-0.005,-0.000,1.5459
1785820972.991,0.000,WAIT,idle,-1,0,0.004,-0.054,0.004,-0.005,-0.006,-0.002,1.5461
1785820973.091,0.000,WAIT,idle,-1,0,0.004,-0.054,0.004,-0.001,-0.005,-0.000,1.5464
1785820973.191,0.000,WAIT,idle,-1,0,0.004,-0.054,0.004,0.001,-0.006,0.001,1.5466
1785820973.291,0.000,WAIT,idle,-1,0,0.004,-0.054,0.004,0.002,-0.004,0.000,1.5467
1785820973.391,0.000,WAIT,idle,-1,0,0.004,-0.054,0.003,0.002,-0.006,0.001,1.5467
1785820973.491,0.000,WAIT,idle,-1,0,0.004,-0.054,0.003,0.001,-0.002,0.003,1.5467
1785820973.591,0.000,WAIT,idle,-1,0,0.004,-0.053,0.004,0.000,-0.002,0.005,1.5469
1785820973.691,0.000,WAIT,idle,-1,0,0.004,-0.053,0.004,0.003,-0.000,0.003,1.5469
1785820973.791,0.000,WAIT,idle,-1,0,0.004,-0.053,0.004,0.003,-0.001,0.002,1.5470
1785820973.891,0.000,WAIT,idle,-1,0,0.004,-0.053,0.004,0.001,-0.001,0.002,1.5470
1785820973.991,0.000,WAIT,idle,-1,0,0.004,-0.052,0.004,0.001,0.001,0.002,1.5471
1785820974.091,0.000,WAIT,idle,-1,0,0.004,-0.051,0.004,0.001,0.003,0.000,1.5470
1785820974.191,0.000,WAIT,idle,-1,0,0.004,-0.051,0.004,-0.001,0.003,-0.001,1.5471
1785820974.291,0.000,WAIT,idle,-1,0,0.004,-0.050,0.004,-0.004,0.002,-0.001,1.5472
1785820974.391,0.000,WAIT,idle,-1,0,0.004,-0.049,0.004,-0.003,0.003,0.002,1.5474
1785820974.491,0.000,WAIT,idle,-1,0,0.004,-0.049,0.004,-0.003,0.003,0.003,1.5476
1785820974.591,0.000,WAIT,idle,-1,0,0.003,-0.049,0.005,-0.001,0.003,0.005,1.5479
1785820974.691,0.000,WAIT,idle,-1,0,0.003,-0.049,0.005,-0.003,0.002,0.004,1.5479
1785820974.791,0.000,WAIT,idle,-1,0,0.003,-0.049,0.005,-0.002,0.002,0.002,1.5479
1785820974.891,0.000,WAIT,idle,-1,0,0.003,-0.050,0.005,-0.002,0.001,0.004,1.5480
1785820974.991,0.000,WAIT,idle,-1,0,0.003,-0.050,0.005,-0.003,0.001,0.004,1.5478
1785820975.091,0.000,WAIT,idle,-1,0,0.003,-0.051,0.004,-0.002,0.001,0.002,1.5478
1785820975.191,0.000,WAIT,idle,-1,0,0.003,-0.051,0.004,-0.004,0.000,-0.000,1.5477
1785820975.291,0.000,WAIT,idle,-1,0,0.003,-0.052,0.003,-0.003,0.001,0.000,1.5477
1785820975.391,0.000,WAIT,idle,-1,0,0.003,-0.052,0.003,-0.004,-0.001,0.001,1.5476
1785820975.491,0.000,WAIT,idle,-1,0,0.003,-0.052,0.003,-0.000,-0.003,-0.001,1.5473
1785820975.591,0.000,WAIT,idle,-1,0,0.004,-0.053,0.003,0.002,-0.004,0.000,1.5472
1785820975.691,0.000,WAIT,idle,-1,0,0.005,-0.054,0.003,0.004,-0.006,-0.001,1.5471
1785820975.791,0.000,WAIT,idle,-1,0,0.006,-0.054,0.003,0.006,-0.005,-0.001,1.5472
1785820975.891,0.000,WAIT,idle,-1,0,0.007,-0.054,0.002,0.006,-0.006,-0.002,1.5471
1785820975.991,0.000,WAIT,idle,-1,0,0.007,-0.055,0.002,0.005,-0.005,-0.001,1.5471
1785820976.091,0.000,WAIT,idle,-1,0,0.007,-0.055,0.002,0.003,-0.003,-0.002,1.5471
1785820976.191,0.000,WAIT,idle,-1,0,0.007,-0.054,0.002,0.002,-0.002,-0.000,1.5470
1785820976.291,0.000,WAIT,idle,-1,0,0.007,-0.054,0.002,0.002,-0.002,-0.001,1.5470
1785820976.391,0.000,WAIT,idle,-1,0,0.007,-0.054,0.002,0.002,-0.002,-0.000,1.5468
1785820976.491,0.000,WAIT,idle,-1,0,0.007,-0.054,0.003,0.003,-0.001,-0.002,1.5470
1785820976.591,0.000,WAIT,idle,-1,0,0.007,-0.053,0.003,0.003,-0.001,-0.001,1.5472
1785820976.691,0.000,WAIT,idle,-1,0,0.007,-0.053,0.003,0.004,-0.001,-0.001,1.5474
1785820976.791,0.000,WAIT,idle,-1,0,0.007,-0.053,0.003,0.004,-0.002,-0.000,1.5475
1785820976.891,0.000,WAIT,idle,-1,0,0.007,-0.053,0.003,0.004,-0.001,-0.001,1.5473
1785820976.991,0.000,WAIT,idle,-1,0,0.008,-0.052,0.003,0.004,0.000,-0.001,1.5470
1785820977.091,0.000,WAIT,idle,-1,0,0.008,-0.052,0.003,0.003,0.000,-0.001,1.5471
1785820977.191,0.000,WAIT,idle,-1,0,0.008,-0.052,0.003,0.004,-0.001,-0.001,1.5471
1785820977.291,0.000,WAIT,idle,-1,0,0.008,-0.052,0.003,0.003,-0.002,-0.001,1.5471
1785820977.391,0.000,WAIT,idle,-1,0,0.007,-0.052,0.003,-0.000,-0.004,-0.001,1.5470
1785820977.491,0.000,WAIT,idle,-1,0,0.006,-0.052,0.003,-0.002,-0.004,-0.000,1.5469
1785820977.591,0.000,WAIT,idle,-1,0,0.005,-0.053,0.003,-0.003,-0.004,0.000,1.5471
1785820977.691,0.000,WAIT,idle,-1,0,0.005,-0.053,0.003,-0.002,-0.004,0.001,1.5472
1785820977.791,0.000,WAIT,idle,-1,0,0.004,-0.053,0.004,-0.002,-0.004,0.002,1.5474
1785820977.891,0.000,WAIT,idle,-1,0,0.004,-0.053,0.004,-0.002,-0.006,0.000,1.5476
1785820977.991,0.000,WAIT,idle,-1,0,0.004,-0.053,0.004,0.000,-0.005,0.000,1.5476
1785820978.091,0.000,WAIT,idle,-1,0,0.003,-0.053,0.004,-0.002,-0.003,0.001,1.5477
1785820978.191,0.000,WAIT,idle,-1,0,0.003,-0.053,0.004,-0.002,-0.001,-0.000,1.5477
1785820978.291,0.000,WAIT,idle,-1,0,0.002,-0.052,0.005,-0.008,-0.002,0.001,1.5476
1785820978.391,0.000,WAIT,idle,-1,0,0.001,-0.052,0.005,-0.008,0.000,0.004,1.5477
1785820978.491,0.000,WAIT,idle,-1,0,0.001,-0.051,0.006,-0.006,0.001,0.005,1.5475
1785820978.591,0.000,WAIT,idle,-1,0,0.000,-0.051,0.006,-0.006,0.001,0.005,1.5473
1785820978.691,0.000,WAIT,idle,-1,0,0.000,-0.051,0.007,-0.007,0.002,0.003,1.5472
1785820978.791,0.000,WAIT,idle,-1,0,0.000,-0.050,0.007,-0.006,0.004,0.002,1.5473
1785820978.891,0.000,WAIT,idle,-1,0,0.000,-0.050,0.006,-0.008,0.006,0.001,1.5472
1785820978.991,0.000,WAIT,idle,-1,0,0.000,-0.049,0.006,-0.007,0.004,-0.002,1.5471
1785820979.091,0.000,WAIT,idle,-1,0,0.000,-0.049,0.006,-0.008,0.002,-0.003,1.5470
1785820979.191,0.000,WAIT,idle,-1,0,0.000,-0.049,0.006,-0.007,0.001,-0.002,1.5470
1785820979.291,0.000,WAIT,idle,-1,0,0.001,-0.049,0.006,-0.006,-0.001,-0.001,1.5469
1785820979.391,0.000,WAIT,idle,-1,0,0.001,-0.049,0.007,-0.006,-0.003,-0.002,1.5470
1785820979.491,0.000,WAIT,idle,-1,0,0.001,-0.049,0.007,-0.006,-0.004,-0.003,1.5469
1785820979.591,0.000,WAIT,idle,-1,0,0.001,-0.050,0.007,-0.005,-0.007,-0.002,1.5468
1785820979.691,0.000,WAIT,idle,-1,0,0.001,-0.050,0.007,-0.004,-0.006,-0.001,1.5469
1785820979.791,0.000,WAIT,idle,-1,0,0.001,-0.051,0.007,-0.002,-0.006,-0.001,1.5468
1785820979.891,0.000,WAIT,idle,-1,0,0.001,-0.051,0.007,-0.002,-0.005,-0.002,1.5466
1785820979.991,0.000,WAIT,idle,-1,0,0.002,-0.051,0.006,-0.002,-0.004,-0.002,1.5467
1785820980.091,0.000,WAIT,idle,-1,0,0.002,-0.050,0.005,-0.002,-0.003,-0.005,1.5468
1785820980.191,0.000,WAIT,idle,-1,0,0.003,-0.050,0.005,-0.004,-0.005,-0.006,1.5468
1785820980.291,0.000,WAIT,idle,-1,0,0.003,-0.050,0.004,-0.003,0.000,-0.005,1.5467
1785820980.391,0.000,WAIT,idle,-1,0,0.003,-0.050,0.003,-0.002,0.002,-0.005,1.5468
1785820980.491,0.000,WAIT,idle,-1,0,0.003,-0.049,0.003,-0.002,0.003,-0.005,1.5467
1785820980.591,0.000,WAIT,idle,-1,0,0.003,-0.049,0.003,-0.001,0.004,-0.004,1.5468
1785820980.691,0.000,WAIT,idle,-1,0,0.003,-0.049,0.002,-0.001,0.003,-0.005,1.5466
1785820980.791,0.000,WAIT,idle,-1,0,0.003,-0.048,0.002,0.002,0.004,-0.006,1.5465
1785820980.891,0.000,WAIT,idle,-1,0,0.003,-0.049,0.002,-0.000,0.002,-0.006,1.5466
1785820980.991,0.000,WAIT,idle,-1,0,0.003,-0.049,0.001,0.000,0.003,-0.006,1.5468
1785820981.091,0.000,WAIT,idle,-1,0,0.003,-0.049,0.001,0.002,0.002,-0.005,1.5470
1785820981.191,0.000,WAIT,idle,-1,0,0.003,-0.049,0.001,0.002,0.002,-0.004,1.5470
1785820981.291,0.000,WAIT,idle,-1,0,0.003,-0.049,0.000,0.001,0.001,-0.006,1.5470
1785820981.391,0.000,WAIT,idle,-1,0,0.003,-0.049,-0.000,0.003,-0.001,-0.006,1.5470
1785820981.491,0.000,WAIT,idle,-1,0,0.003,-0.050,-0.001,0.004,-0.000,-0.004,1.5470
1785820981.591,0.000,WAIT,idle,-1,0,0.003,-0.050,-0.001,0.004,0.001,-0.004,1.5469
1785820981.691,0.000,WAIT,idle,-1,0,0.004,-0.050,-0.001,0.005,0.000,-0.005,1.5470
1785820981.791,0.000,WAIT,idle,-1,0,0.004,-0.050,-0.001,0.004,0.000,-0.002,1.5469
1785820981.891,0.000,WAIT,idle,-1,0,0.005,-0.050,-0.002,0.004,-0.001,-0.002,1.5468
1785820981.991,0.000,WAIT,idle,-1,0,0.005,-0.050,-0.002,0.004,-0.003,-0.003,1.5467
1785820982.091,0.000,WAIT,idle,-1,0,0.005,-0.051,-0.002,0.001,-0.004,-0.002,1.5466
1785820982.191,0.000,WAIT,idle,-1,0,0.005,-0.051,-0.002,-0.002,-0.005,-0.002,1.5466
1785820982.291,0.000,WAIT,idle,-1,0,0.004,-0.052,-0.002,-0.006,-0.005,-0.005,1.5468
1785820982.391,0.000,WAIT,idle,-1,0,0.003,-0.052,-0.003,-0.006,-0.006,-0.004,1.5470
1785820982.491,0.000,WAIT,idle,-1,0,0.002,-0.053,-0.003,-0.008,-0.006,-0.004,1.5469
1785820982.591,0.000,WAIT,idle,-1,0,0.001,-0.053,-0.003,-0.006,-0.004,-0.002,1.5468
1785820982.691,0.000,WAIT,idle,-1,0,0.001,-0.053,-0.003,-0.003,-0.004,-0.000,1.5468
1785820982.791,0.000,WAIT,idle,-1,0,0.001,-0.053,-0.002,-0.002,-0.005,0.001,1.5465
1785820982.891,0.000,WAIT,idle,-1,0,0.001,-0.053,-0.002,-0.001,-0.004,0.002,1.5465
1785820982.991,0.000,WAIT,idle,-1,0,0.001,-0.053,-0.001,-0.001,-0.004,0.002,1.5465
1785820983.091,0.000,WAIT,idle,-1,0,0.002,-0.053,-0.000,-0.001,-0.005,0.003,1.5468
1785820983.191,0.000,WAIT,idle,-1,0,0.002,-0.053,0.000,-0.002,-0.004,0.004,1.5468
1785820983.291,0.000,WAIT,idle,-1,0,0.002,-0.053,0.001,-0.002,-0.004,0.004,1.5468
1785820983.391,0.000,WAIT,idle,-1,0,0.001,-0.053,0.002,-0.003,-0.004,0.005,1.5467
1785820983.491,0.000,WAIT,idle,-1,0,0.001,-0.053,0.003,-0.003,-0.007,0.008,1.5465
1785820983.591,0.000,WAIT,idle,-1,0,0.001,-0.054,0.003,-0.002,-0.008,0.008,1.5466
1785820983.691,0.000,WAIT,idle,-1,0,0.001,-0.054,0.004,0.001,-0.008,0.007,1.5467
1785820983.791,0.000,WAIT,idle,-1,0,0.002,-0.054,0.005,0.001,-0.006,0.006,1.5465
1785820983.891,0.000,WAIT,idle,-1,0,0.002,-0.054,0.005,0.001,-0.007,0.007,1.5466
1785820983.991,0.000,WAIT,idle,-1,0,0.002,-0.054,0.005,0.001,-0.007,0.006,1.5466
1785820984.091,0.000,WAIT,idle,-1,0,0.002,-0.054,0.006,0.002,-0.008,0.009,1.5466
1785820984.191,0.000,WAIT,idle,-1,0,0.003,-0.055,0.007,0.003,-0.009,0.010,1.5467
1785820984.291,0.000,WAIT,idle,-1,0,0.003,-0.055,0.007,0.005,-0.009,0.008,1.5469
1785820984.391,0.000,WAIT,idle,-1,0,0.004,-0.055,0.008,0.007,-0.009,0.008,1.5470
1785820984.491,0.000,WAIT,idle,-1,0,0.004,-0.055,0.008,0.008,-0.011,0.009,1.5470
1785820984.591,0.000,WAIT,idle,-1,0,0.005,-0.056,0.008,0.009,-0.010,0.007,1.5469
1785820984.691,0.000,WAIT,idle,-1,0,0.005,-0.056,0.007,0.010,-0.010,0.005,1.5468
1785820984.791,0.000,WAIT,idle,-1,0,0.006,-0.056,0.007,0.012,-0.010,0.005,1.5468
1785820984.891,0.000,WAIT,idle,-1,0,0.006,-0.055,0.007,0.013,-0.008,0.004,1.5470
1785820984.991,0.000,WAIT,idle,-1,0,0.007,-0.055,0.007,0.013,-0.008,0.000,1.5474
1785820985.091,0.000,WAIT,idle,-1,0,0.007,-0.054,0.007,0.013,-0.010,0.000,1.5473
1785820985.191,0.000,WAIT,idle,-1,0,0.007,-0.054,0.007,0.013,-0.011,-0.000,1.5474
1785820985.291,0.000,WAIT,idle,-1,0,0.007,-0.054,0.007,0.011,-0.011,-0.002,1.5474
1785820985.391,0.000,WAIT,idle,-1,0,0.006,-0.054,0.007,0.011,-0.012,-0.001,1.5475
1785820985.491,0.000,WAIT,idle,-1,0,0.006,-0.054,0.007,0.008,-0.013,-0.003,1.5476
1785820985.591,0.000,WAIT,idle,-1,0,0.005,-0.055,0.006,0.007,-0.015,-0.004,1.5478
1785820985.691,0.000,WAIT,idle,-1,0,0.005,-0.055,0.006,0.005,-0.015,-0.002,1.5478
1785820985.791,0.000,WAIT,idle,-1,0,0.005,-0.056,0.005,0.008,-0.017,-0.001,1.5477
1785820985.891,0.000,WAIT,idle,-1,0,0.005,-0.056,0.005,0.007,-0.017,0.000,1.5475
1785820985.991,0.000,WAIT,idle,-1,0,0.005,-0.057,0.005,0.009,-0.016,-0.002,1.5475
1785820986.091,0.000,WAIT,idle,-1,0,0.005,-0.057,0.004,0.009,-0.015,-0.001,1.5477
1785820986.191,0.000,WAIT,idle,-1,0,0.005,-0.057,0.004,0.010,-0.012,0.000,1.5473
1785820986.291,0.000,WAIT,idle,-1,0,0.005,-0.056,0.004,0.008,-0.011,-0.000,1.5472
1785820986.391,0.000,WAIT,idle,-1,0,0.005,-0.056,0.004,0.008,-0.010,-0.000,1.5472
1785820986.491,0.000,WAIT,idle,-1,0,0.005,-0.055,0.004,0.009,-0.009,-0.002,1.5471
1785820986.591,0.000,WAIT,idle,-1,0,0.005,-0.055,0.004,0.011,-0.007,-0.001,1.5471
1785820986.691,0.000,WAIT,idle,-1,0,0.005,-0.055,0.003,0.012,-0.006,-0.003,1.5471
1785820986.791,0.000,WAIT,idle,-1,0,0.006,-0.054,0.003,0.011,-0.004,-0.003,1.5472
1785820986.891,0.000,WAIT,idle,-1,0,0.006,-0.053,0.002,0.010,-0.003,-0.005,1.5472
1785820986.991,0.000,WAIT,idle,-1,0,0.005,-0.053,0.002,0.008,-0.001,-0.007,1.5474
1785820987.091,0.000,WAIT,idle,-1,0,0.005,-0.052,0.001,0.007,-0.000,-0.006,1.5475
1785820987.191,0.000,WAIT,idle,-1,0,0.004,-0.052,0.001,0.004,-0.002,-0.004,1.5473
1785820987.291,0.000,WAIT,idle,-1,0,0.003,-0.052,0.001,-0.000,-0.001,-0.006,1.5473
1785820987.391,0.000,WAIT,idle,-1,0,0.002,-0.051,0.001,-0.000,-0.000,-0.006,1.5474
1785820987.491,0.000,WAIT,idle,-1,0,0.002,-0.051,0.000,-0.003,-0.001,-0.005,1.5474
1785820987.591,0.000,WAIT,idle,-1,0,0.001,-0.051,-0.000,-0.003,0.001,-0.006,1.5476
1785820987.691,0.000,WAIT,idle,-1,0,0.000,-0.051,-0.000,-0.003,0.002,-0.005,1.5477
1785820987.791,0.000,WAIT,idle,-1,0,-0.000,-0.051,-0.001,-0.003,-0.000,-0.005,1.5476
1785820987.891,0.000,WAIT,idle,-1,0,-0.000,-0.051,-0.001,-0.004,0.002,-0.004,1.5476
1785820987.991,0.000,WAIT,idle,-1,0,-0.000,-0.051,-0.001,-0.004,0.003,-0.003,1.5476
1785820988.091,0.000,WAIT,idle,-1,0,-0.000,-0.050,-0.001,-0.003,0.005,-0.002,1.5476
1785820988.191,0.000,WAIT,idle,-1,0,0.000,-0.050,-0.001,-0.004,0.005,-0.004,1.5477
1785820988.291,0.000,WAIT,idle,-1,0,0.000,-0.050,-0.001,-0.004,0.005,-0.006,1.5477
1785820988.391,0.000,WAIT,idle,-1,0,0.000,-0.050,-0.002,-0.004,0.004,-0.007,1.5476
1785820988.491,0.000,WAIT,idle,-1,0,-0.000,-0.050,-0.002,-0.005,0.005,-0.007,1.5475
1785820988.591,0.000,WAIT,idle,-1,0,-0.000,-0.050,-0.003,-0.008,0.005,-0.008,1.5477
1785820988.691,0.000,WAIT,idle,-1,0,-0.000,-0.050,-0.003,-0.006,0.004,-0.006,1.5475
1785820988.791,0.000,WAIT,idle,-1,0,0.000,-0.050,-0.003,-0.004,0.001,-0.006,1.5474
1785820988.891,0.000,WAIT,idle,-1,0,0.001,-0.050,-0.003,-0.003,0.001,-0.006,1.5476
1785820988.991,0.000,WAIT,idle,-1,0,0.001,-0.050,-0.003,-0.002,0.002,-0.004,1.5474
1785820989.091,0.000,WAIT,idle,-1,0,0.002,-0.051,-0.003,-0.002,-0.001,-0.003,1.5475
1785820989.191,0.000,WAIT,idle,-1,0,0.003,-0.051,-0.002,-0.000,-0.002,-0.000,1.5474
1785820989.291,0.000,WAIT,idle,-1,0,0.004,-0.052,-0.002,-0.000,-0.004,0.001,1.5475
1785820989.391,0.000,WAIT,idle,-1,0,0.004,-0.052,-0.001,0.002,-0.004,0.001,1.5474
1785820989.491,0.000,WAIT,idle,-1,0,0.004,-0.052,-0.000,-0.000,-0.002,0.002,1.5474
1785820989.591,0.000,WAIT,idle,-1,0,0.004,-0.052,0.000,0.001,-0.002,0.002,1.5476
1785820989.691,0.000,WAIT,idle,-1,0,0.004,-0.052,0.001,0.000,0.001,0.003,1.5477
1785820989.791,0.000,WAIT,idle,-1,0,0.004,-0.052,0.001,-0.000,0.002,0.002,1.5476
1785820989.891,0.000,WAIT,idle,-1,0,0.004,-0.051,0.001,-0.003,-0.001,0.002,1.5475
1785820989.991,0.000,WAIT,idle,-1,0,0.003,-0.052,0.000,-0.004,-0.000,0.003,1.5475
1785820990.091,0.000,WAIT,idle,-1,0,0.002,-0.051,0.000,-0.005,0.002,0.003,1.5477
1785820990.191,0.000,WAIT,idle,-1,0,0.002,-0.051,0.000,-0.007,0.004,0.002,1.5478
1785820990.291,0.000,WAIT,idle,-1,0,0.001,-0.050,0.000,-0.006,0.008,0.003,1.5479
1785820990.391,0.000,WAIT,idle,-1,0,0.001,-0.050,0.000,-0.004,0.009,0.004,1.5478
1785820990.491,0.000,WAIT,idle,-1,0,0.001,-0.049,0.001,-0.006,0.007,0.004,1.5478
1785820990.591,0.000,WAIT,idle,-1,0,0.001,-0.049,0.001,-0.008,0.007,0.002,1.5477
1785820990.691,0.000,WAIT,idle,-1,0,0.000,-0.049,0.001,-0.007,0.008,0.003,1.5477
1785820990.791,0.000,WAIT,idle,-1,0,0.000,-0.049,0.002,-0.008,0.007,0.003,1.5477
1785820990.891,0.000,WAIT,idle,-1,0,0.000,-0.049,0.002,-0.008,0.006,0.004,1.5475
1785820990.991,0.000,WAIT,idle,-1,0,0.000,-0.049,0.002,-0.007,0.005,0.006,1.5474
1785820991.091,0.000,WAIT,idle,-1,0,0.000,-0.049,0.003,-0.007,0.005,0.006,1.5472
1785820991.191,0.000,WAIT,idle,-1,0,0.000,-0.049,0.003,-0.007,0.005,0.005,1.5474
1785820991.291,0.000,WAIT,idle,-1,0,0.000,-0.049,0.004,-0.005,0.008,0.006,1.5475
1785820991.391,0.000,WAIT,idle,-1,0,-0.000,-0.049,0.005,-0.009,0.007,0.003,1.5476
1785820991.491,0.000,WAIT,idle,-1,0,-0.000,-0.049,0.005,-0.008,0.008,0.004,1.5477
1785820991.591,0.000,WAIT,idle,-1,0,-0.001,-0.049,0.006,-0.008,0.008,0.005,1.5478
1785820991.691,0.000,WAIT,idle,-1,0,-0.001,-0.049,0.006,-0.008,0.008,0.003,1.5476
1785820991.791,0.000,WAIT,idle,-1,0,-0.001,-0.049,0.007,-0.008,0.007,0.004,1.5475
1785820991.891,0.000,WAIT,idle,-1,0,-0.001,-0.050,0.007,-0.006,0.006,0.003,1.5475
1785820991.991,0.000,WAIT,idle,-1,0,-0.001,-0.050,0.007,-0.005,0.006,0.003,1.5473
1785820992.091,0.000,WAIT,idle,-1,0,-0.000,-0.050,0.008,-0.005,0.007,0.005,1.5475
1785820992.191,0.000,WAIT,idle,-1,0,-0.000,-0.050,0.008,-0.001,0.006,0.004,1.5475
1785820992.291,0.000,WAIT,idle,-1,0,0.000,-0.050,0.008,-0.000,0.008,0.004,1.5475
1785820992.391,0.000,WAIT,idle,-1,0,0.001,-0.050,0.008,0.000,0.006,0.002,1.5476
1785820992.491,0.000,WAIT,idle,-1,0,0.001,-0.050,0.008,-0.000,0.007,0.003,1.5477
1785820992.591,0.000,WAIT,idle,-1,0,0.002,-0.050,0.008,0.001,0.002,0.003,1.5479
1785820992.691,0.000,WAIT,idle,-1,0,0.003,-0.050,0.008,0.004,0.005,0.004,1.5481
1785820992.791,0.000,WAIT,idle,-1,0,0.003,-0.050,0.008,0.006,0.005,0.003,1.5481
1785820992.891,0.000,WAIT,idle,-1,0,0.004,-0.051,0.008,0.009,0.005,0.003,1.5482
1785820992.991,0.000,WAIT,idle,-1,0,0.004,-0.051,0.008,0.008,0.002,0.003,1.5482
1785820993.091,0.000,WAIT,idle,-1,0,0.005,-0.051,0.008,0.008,0.000,0.002,1.5482
1785820993.191,0.000,WAIT,idle,-1,0,0.005,-0.052,0.008,0.010,-0.003,0.002,1.5483
1785820993.291,0.000,WAIT,idle,-1,0,0.006,-0.052,0.007,0.010,-0.005,-0.000,1.5487
1785820993.391,0.000,WAIT,idle,-1,0,0.006,-0.053,0.007,0.010,-0.006,0.002,1.5488
1785820993.491,0.000,WAIT,idle,-1,0,0.006,-0.053,0.007,0.010,-0.008,0.003,1.5485
1785820993.591,0.000,WAIT,idle,-1,0,0.006,-0.054,0.007,0.010,-0.010,0.004,1.5485
1785820993.691,0.000,WAIT,idle,-1,0,0.006,-0.055,0.007,0.009,-0.012,0.006,1.5484
1785820993.791,0.000,WAIT,idle,-1,0,0.006,-0.056,0.007,0.008,-0.011,0.007,1.5483
1785820993.891,0.000,WAIT,idle,-1,0,0.006,-0.056,0.007,0.008,-0.010,0.006,1.5484
1785820993.991,0.000,WAIT,idle,-1,0,0.006,-0.056,0.008,0.007,-0.011,0.008,1.5484
1785820994.091,0.000,WAIT,idle,-1,0,0.005,-0.056,0.008,0.004,-0.009,0.009,1.5483
1785820994.191,0.000,WAIT,idle,-1,0,0.005,-0.056,0.008,0.003,-0.010,0.008,1.5483
1785820994.291,0.000,WAIT,idle,-1,0,0.005,-0.056,0.009,0.003,-0.007,0.008,1.5483
1785820994.391,0.000,WAIT,idle,-1,0,0.005,-0.056,0.009,0.004,-0.007,0.010,1.5483
1785820994.491,0.000,WAIT,idle,-1,0,0.005,-0.055,0.010,0.003,-0.007,0.013,1.5483
1785820994.591,0.000,WAIT,idle,-1,0,0.004,-0.055,0.010,0.000,-0.006,0.011,1.5481
1785820994.691,0.000,WAIT,idle,-1,0,0.004,-0.055,0.010,0.000,-0.006,0.012,1.5479
1785820994.791,0.000,WAIT,idle,-1,0,0.004,-0.055,0.010,0.002,-0.005,0.010,1.5479
1785820994.891,0.000,WAIT,idle,-1,0,0.003,-0.055,0.010,0.003,-0.005,0.008,1.5479
1785820994.991,0.000,WAIT,idle,-1,0,0.003,-0.055,0.010,0.005,-0.005,0.008,1.5478
1785820995.091,0.000,WAIT,idle,-1,0,0.004,-0.055,0.010,0.006,-0.007,0.005,1.5477
1785820995.191,0.000,WAIT,idle,-1,0,0.004,-0.055,0.009,0.009,-0.007,0.002,1.5475
1785820995.291,0.000,WAIT,idle,-1,0,0.005,-0.055,0.008,0.010,-0.005,-0.001,1.5472
1785820995.391,0.000,WAIT,idle,-1,0,0.005,-0.055,0.007,0.010,-0.004,-0.000,1.5471
1785820995.491,0.000,WAIT,idle,-1,0,0.005,-0.054,0.007,0.010,-0.004,-0.000,1.5468
1785820995.591,0.000,WAIT,idle,-1,0,0.005,-0.054,0.006,0.008,-0.006,-0.001,1.5466
1785820995.691,0.000,WAIT,idle,-1,0,0.005,-0.054,0.006,0.006,-0.006,-0.001,1.5466
1785820995.791,0.000,WAIT,idle,-1,0,0.005,-0.054,0.006,0.006,-0.003,-0.002,1.5468
1785820995.891,0.000,WAIT,idle,-1,0,0.005,-0.054,0.005,0.004,-0.003,-0.002,1.5469
1785820995.991,0.000,WAIT,idle,-1,0,0.004,-0.054,0.005,0.006,-0.006,-0.002,1.5467
1785820996.091,0.000,WAIT,idle,-1,0,0.004,-0.054,0.004,0.005,-0.005,-0.003,1.5468
1785820996.191,0.000,WAIT,idle,-1,0,0.004,-0.054,0.003,0.005,-0.006,-0.004,1.5471
1785820996.291,0.000,WAIT,idle,-1,0,0.004,-0.054,0.003,0.004,-0.006,-0.005,1.5470
1785820996.391,0.000,WAIT,idle,-1,0,0.003,-0.054,0.002,0.002,-0.005,-0.003,1.5468
1785820996.491,0.000,WAIT,idle,-1,0,0.003,-0.054,0.001,0.003,-0.006,-0.005,1.5471
1785820996.591,0.000,WAIT,idle,-1,0,0.003,-0.054,0.001,0.005,-0.006,-0.004,1.5471
1785820996.691,0.000,WAIT,idle,-1,0,0.004,-0.054,0.000,0.007,-0.008,-0.005,1.5471
1785820996.791,0.000,WAIT,idle,-1,0,0.004,-0.054,-0.000,0.009,-0.008,-0.007,1.5471
1785820996.891,0.000,WAIT,idle,-1,0,0.005,-0.054,-0.001,0.010,-0.006,-0.007,1.5473
1785820996.991,0.000,WAIT,idle,-1,0,0.005,-0.054,-0.002,0.010,-0.003,-0.006,1.5472
1785820997.091,0.000,WAIT,idle,-1,0,0.006,-0.053,-0.002,0.011,-0.004,-0.005,1.5472
1785820997.191,0.000,WAIT,idle,-1,0,0.006,-0.053,-0.002,0.011,-0.002,-0.004,1.5473
1785820997.291,0.000,WAIT,idle,-1,0,0.006,-0.053,-0.002,0.011,-0.002,-0.004,1.5471
1785820997.391,0.000,WAIT,idle,-1,0,0.006,-0.052,-0.001,0.010,0.000,-0.004,1.5471
1785820997.491,0.000,WAIT,idle,-1,0,0.006,-0.052,-0.001,0.010,-0.001,-0.004,1.5469
1785820997.591,0.000,WAIT,idle,-1,0,0.006,-0.052,-0.001,0.010,-0.001,-0.002,1.5469
1785820997.691,0.000,WAIT,idle,-1,0,0.006,-0.052,-0.000,0.010,-0.002,-0.002,1.5469
1785820997.791,0.000,WAIT,idle,-1,0,0.006,-0.052,0.000,0.007,-0.000,-0.001,1.5470
1785820997.891,0.000,WAIT,idle,-1,0,0.005,-0.052,0.001,0.007,0.000,-0.001,1.5468
1785820997.991,0.000,WAIT,idle,-1,0,0.005,-0.052,0.002,0.007,0.001,0.002,1.5467
1785820998.091,0.000,WAIT,idle,-1,0,0.005,-0.052,0.003,0.006,0.000,0.004,1.5467
1785820998.191,0.000,WAIT,idle,-1,0,0.005,-0.052,0.003,0.006,-0.000,0.004,1.5467
1785820998.291,0.000,WAIT,idle,-1,0,0.005,-0.052,0.004,0.007,-0.002,0.003,1.5466
1785820998.391,0.000,WAIT,idle,-1,0,0.005,-0.052,0.005,0.006,-0.003,0.002,1.5465
1785820998.491,0.000,WAIT,idle,-1,0,0.005,-0.053,0.005,0.007,-0.006,0.002,1.5467
1785820998.591,0.000,WAIT,idle,-1,0,0.005,-0.053,0.006,0.006,-0.006,0.003,1.5466
1785820998.691,0.000,WAIT,idle,-1,0,0.005,-0.054,0.006,0.006,-0.007,0.002,1.5467
1785820998.791,0.000,WAIT,idle,-1,0,0.004,-0.054,0.006,0.004,-0.007,0.002,1.5469
1785820998.891,0.000,WAIT,idle,-1,0,0.004,-0.054,0.006,0.004,-0.007,0.003,1.5470
1785820998.991,0.000,WAIT,idle,-1,0,0.004,-0.054,0.005,0.004,-0.007,0.003,1.5469
1785820999.091,0.000,WAIT,idle,-1,0,0.005,-0.055,0.005,0.006,-0.006,0.002,1.5470
1785820999.191,0.000,WAIT,idle,-1,0,0.005,-0.054,0.005,0.005,-0.004,0.004,1.5468
1785820999.291,0.000,WAIT,idle,-1,0,0.005,-0.054,0.005,0.003,-0.003,0.004,1.5467
1785820999.391,0.000,WAIT,idle,-1,0,0.006,-0.054,0.005,0.004,-0.004,0.005,1.5468
1785820999.491,0.000,WAIT,idle,-1,0,0.006,-0.054,0.005,0.003,-0.003,0.004,1.5468
1785820999.591,0.000,WAIT,idle,-1,0,0.006,-0.054,0.006,0.002,-0.004,0.006,1.5470
1785820999.691,0.000,WAIT,idle,-1,0,0.006,-0.054,0.006,0.002,-0.003,0.004,1.5469
1785820999.791,0.000,WAIT,idle,-1,0,0.006,-0.054,0.007,0.004,-0.005,0.006,1.5469
1785820999.891,0.000,WAIT,idle,-1,0,0.006,-0.054,0.007,0.004,-0.005,0.004,1.5468
1785820999.991,0.000,WAIT,idle,-1,0,0.006,-0.054,0.008,0.006,-0.005,0.005,1.5466
1785821000.091,0.000,WAIT,idle,-1,0,0.006,-0.054,0.008,0.003,-0.005,0.004,1.5464
1785821000.191,0.000,WAIT,idle,-1,0,0.006,-0.054,0.008,-0.000,-0.002,0.003,1.5463
1785821000.291,0.000,WAIT,idle,-1,0,0.005,-0.054,0.008,-0.002,-0.001,0.005,1.5464
1785821000.391,0.000,WAIT,idle,-1,0,0.004,-0.053,0.008,-0.004,-0.001,0.004,1.5465
1785821000.491,0.000,WAIT,idle,-1,0,0.003,-0.053,0.007,-0.005,0.000,0.002,1.5464
1785821000.591,0.000,WAIT,idle,-1,0,0.003,-0.053,0.006,-0.007,0.001,0.003,1.5466
1785821000.691,0.000,WAIT,idle,-1,0,0.002,-0.052,0.006,-0.007,-0.000,0.001,1.5465
1785821000.791,0.000,WAIT,idle,-1,0,0.001,-0.052,0.005,-0.007,-0.000,-0.002,1.5466
1785821000.891,0.000,WAIT,idle,-1,0,0.001,-0.052,0.004,-0.010,-0.001,-0.003,1.5466
1785821000.991,0.000,WAIT,idle,-1,0,-0.000,-0.052,0.004,-0.009,-0.003,-0.003,1.5464
1785821001.091,0.000,WAIT,idle,-1,0,-0.000,-0.053,0.004,-0.010,-0.003,-0.004,1.5465
1785821001.191,0.000,WAIT,idle,-1,0,-0.001,-0.053,0.004,-0.010,-0.004,-0.005,1.5464
1785821001.291,0.000,WAIT,idle,-1,0,-0.001,-0.053,0.004,-0.011,-0.004,-0.005,1.5462
1785821001.391,0.000,WAIT,idle,-1,0,-0.001,-0.053,0.003,-0.011,-0.004,-0.005,1.5463
1785821001.491,0.000,WAIT,idle,-1,0,-0.001,-0.053,0.003,-0.011,-0.002,-0.006,1.5462
1785821001.591,0.000,WAIT,idle,-1,0,-0.001,-0.053,0.003,-0.010,-0.002,-0.005,1.5463
1785821001.691,0.000,WAIT,idle,-1,0,-0.001,-0.053,0.003,-0.008,-0.004,-0.003,1.5464
1785821001.791,0.000,WAIT,idle,-1,0,0.000,-0.053,0.003,-0.007,-0.004,-0.000,1.5462
1785821001.891,0.000,WAIT,idle,-1,0,0.001,-0.053,0.003,-0.008,-0.003,0.000,1.5463
1785821001.991,0.000,WAIT,idle,-1,0,0.001,-0.053,0.003,-0.009,-0.002,-0.002,1.5464
1785821002.091,0.000,WAIT,idle,-1,0,0.001,-0.052,0.002,-0.007,-0.000,-0.003,1.5467
1785821002.191,0.000,WAIT,idle,-1,0,0.001,-0.052,0.002,-0.010,0.000,-0.003,1.5467
1785821002.291,0.000,WAIT,idle,-1,0,0.001,-0.052,0.001,-0.009,-0.001,-0.001,1.5467
1785821002.391,0.000,WAIT,idle,-1,0,0.001,-0.052,0.000,-0.011,-0.003,-0.002,1.5467
1785821002.491,0.000,WAIT,idle,-1,0,0.000,-0.052,-0.000,-0.013,-0.002,-0.002,1.5467
1785821002.591,0.000,WAIT,idle,-1,0,-0.000,-0.052,-0.000,-0.012,-0.002,-0.002,1.5468
1785821002.691,0.000,WAIT,idle,-1,0,-0.000,-0.052,-0.000,-0.011,0.001,-0.001,1.5468
1785821002.791,0.000,WAIT,idle,-1,0,-0.001,-0.052,-0.000,-0.010,0.002,-0.000,1.5467
1785821002.891,0.000,WAIT,idle,-1,0,-0.001,-0.052,0.000,-0.012,0.003,0.000,1.5467
1785821002.991,0.000,WAIT,idle,-1,0,-0.001,-0.051,0.001,-0.013,0.004,0.003,1.5466
1785821003.091,0.000,WAIT,idle,-1,0,-0.001,-0.051,0.001,-0.012,0.004,0.003,1.5464
1785821003.191,0.000,WAIT,idle,-1,0,-0.001,-0.050,0.002,-0.010,0.003,0.004,1.5465
1785821003.291,0.000,WAIT,idle,-1,0,-0.000,-0.050,0.002,-0.007,0.003,0.003,1.5465
1785821003.391,0.000,WAIT,idle,-1,0,0.001,-0.050,0.003,-0.007,0.002,0.001,1.5464
1785821003.491,0.000,WAIT,idle,-1,0,0.001,-0.051,0.003,-0.006,0.000,0.001,1.5462
1785821003.591,0.000,WAIT,idle,-1,0,0.002,-0.051,0.003,-0.004,-0.000,0.004,1.5462
1785821003.691,0.000,WAIT,idle,-1,0,0.003,-0.052,0.003,-0.004,-0.002,0.005,1.5462
1785821003.791,0.000,WAIT,idle,-1,0,0.004,-0.052,0.004,-0.001,-0.002,0.005,1.5460
1785821003.891,0.000,WAIT,idle,-1,0,0.004,-0.052,0.004,0.001,0.000,0.005,1.5459
1785821003.991,0.000,WAIT,idle,-1,0,0.005,-0.052,0.004,0.003,0.000,0.003,1.5459
1785821004.091,0.000,WAIT,idle,-1,0,0.005,-0.053,0.004,0.003,0.001,0.003,1.5459
1785821004.191,0.000,WAIT,idle,-1,0,0.005,-0.053,0.004,0.002,0.000,0.004,1.5459
1785821004.291,0.000,WAIT,idle,-1,0,0.005,-0.053,0.005,0.000,-0.001,0.006,1.5458
1785821004.391,0.000,WAIT,idle,-1,0,0.005,-0.053,0.005,-0.000,0.000,0.007,1.5459
1785821004.491,0.000,WAIT,idle,-1,0,0.005,-0.053,0.006,-0.000,-0.000,0.006,1.5459
1785821004.591,0.000,WAIT,idle,-1,0,0.005,-0.053,0.006,0.001,0.002,0.003,1.5459
1785821004.691,0.000,WAIT,idle,-1,0,0.006,-0.052,0.007,0.001,0.004,0.004,1.5460
1785821004.791,0.000,WAIT,idle,-1,0,0.006,-0.052,0.007,0.001,0.004,0.005,1.5460
1785821004.891,0.000,WAIT,idle,-1,0,0.007,-0.052,0.008,0.002,0.002,0.005,1.5460
1785821004.991,0.000,WAIT,idle,-1,0,0.007,-0.052,0.008,0.001,0.002,0.005,1.5458
1785821005.091,0.000,WAIT,idle,-1,0,0.007,-0.052,0.009,0.001,-0.001,0.005,1.5457
1785821005.191,0.000,WAIT,idle,-1,0,0.007,-0.052,0.009,0.002,-0.002,0.004,1.5457
1785821005.291,0.000,WAIT,idle,-1,0,0.008,-0.052,0.009,0.003,-0.003,0.003,1.5458
1785821005.391,0.000,WAIT,idle,-1,0,0.008,-0.053,0.009,0.003,-0.006,0.004,1.5458
1785821005.491,0.000,WAIT,idle,-1,0,0.008,-0.053,0.009,0.002,-0.008,0.004,1.5457
1785821005.591,0.000,WAIT,idle,-1,0,0.007,-0.054,0.009,0.003,-0.006,0.004,1.5458
1785821005.691,0.000,WAIT,idle,-1,0,0.007,-0.054,0.009,-0.000,-0.011,0.003,1.5457
1785821005.791,0.000,WAIT,idle,-1,0,0.006,-0.055,0.010,-0.001,-0.010,0.003,1.5459
1785821005.891,0.000,WAIT,idle,-1,0,0.006,-0.055,0.010,-0.001,-0.011,0.004,1.5458
1785821005.991,0.000,WAIT,idle,-1,0,0.005,-0.056,0.010,-0.002,-0.014,0.007,1.5459
1785821006.091,0.000,WAIT,idle,-1,0,0.005,-0.057,0.010,-0.002,-0.013,0.008,1.5459
1785821006.191,0.000,WAIT,idle,-1,0,0.005,-0.057,0.011,-0.003,-0.011,0.008,1.5458
1785821006.291,0.000,WAIT,idle,-1,0,0.005,-0.057,0.011,-0.005,-0.011,0.008,1.5457
1785821006.391,0.000,WAIT,idle,-1,0,0.004,-0.057,0.011,-0.006,-0.009,0.009,1.5459
1785821006.491,0.000,WAIT,idle,-1,0,0.004,-0.057,0.011,-0.005,-0.008,0.007,1.5459
1785821006.591,0.000,WAIT,idle,-1,0,0.003,-0.056,0.012,-0.006,-0.007,0.008,1.5460
1785821006.691,0.000,WAIT,idle,-1,0,0.003,-0.056,0.012,-0.003,-0.008,0.007,1.5459
1785821006.791,0.000,WAIT,idle,-1,0,0.003,-0.056,0.011,-0.002,-0.008,0.006,1.5459
1785821006.891,0.000,WAIT,idle,-1,0,0.003,-0.056,0.011,-0.003,-0.011,0.006,1.5457
1785821006.991,0.000,WAIT,idle,-1,0,0.003,-0.057,0.011,-0.001,-0.010,0.003,1.5456
1785821007.091,0.000,WAIT,idle,-1,0,0.003,-0.057,0.010,0.000,-0.011,0.002,1.5458
1785821007.191,0.000,WAIT,idle,-1,0,0.003,-0.058,0.010,0.003,-0.013,0.003,1.5459
1785821007.291,0.000,WAIT,idle,-1,0,0.004,-0.058,0.009,0.004,-0.014,0.003,1.5458
1785821007.391,0.000,WAIT,idle,-1,0,0.004,-0.059,0.009,0.006,-0.012,0.003,1.5457
1785821007.491,0.000,WAIT,idle,-1,0,0.004,-0.059,0.009,0.007,-0.012,0.004,1.5457
1785821007.591,0.000,WAIT,idle,-1,0,0.005,-0.059,0.008,0.005,-0.013,0.004,1.5458
1785821007.691,0.000,WAIT,idle,-1,0,0.005,-0.059,0.008,0.005,-0.012,0.005,1.5461
1785821007.791,0.000,WAIT,idle,-1,0,0.006,-0.059,0.007,0.006,-0.011,0.003,1.5462
1785821007.891,0.000,WAIT,idle,-1,0,0.006,-0.059,0.007,0.008,-0.012,0.001,1.5461
1785821007.991,0.000,WAIT,idle,-1,0,0.007,-0.059,0.006,0.008,-0.011,-0.000,1.5459
1785821008.091,0.000,WAIT,idle,-1,0,0.007,-0.058,0.005,0.006,-0.010,-0.002,1.5458
1785821008.191,0.000,WAIT,idle,-1,0,0.007,-0.058,0.004,0.005,-0.007,-0.001,1.5457
1785821008.291,0.000,WAIT,idle,-1,0,0.007,-0.057,0.004,0.004,-0.003,-0.001,1.5461
1785821008.391,0.000,WAIT,idle,-1,0,0.006,-0.056,0.003,0.003,-0.003,-0.002,1.5458
1785821008.491,0.000,WAIT,idle,-1,0,0.006,-0.055,0.003,0.002,0.001,-0.003,1.5460
1785821008.591,0.000,WAIT,idle,-1,0,0.005,-0.054,0.002,0.002,0.001,-0.003,1.5459
1785821008.691,0.000,WAIT,idle,-1,0,0.005,-0.053,0.001,0.001,-0.000,-0.002,1.5458
1785821008.791,0.000,WAIT,idle,-1,0,0.004,-0.053,0.001,0.001,0.003,0.001,1.5458
1785821008.891,0.000,WAIT,idle,-1,0,0.004,-0.053,0.001,0.001,0.001,-0.001,1.5460
1785821008.991,0.000,WAIT,idle,-1,0,0.003,-0.052,0.001,0.001,-0.000,0.002,1.5461
1785821009.091,0.000,WAIT,idle,-1,0,0.003,-0.053,0.001,-0.001,-0.002,0.002,1.5461
1785821009.191,0.000,WAIT,idle,-1,0,0.002,-0.053,0.001,-0.001,-0.002,0.001,1.5462
1785821009.291,0.000,WAIT,idle,-1,0,0.002,-0.053,0.002,-0.001,-0.003,0.002,1.5461
1785821009.391,0.000,WAIT,idle,-1,0,0.002,-0.054,0.002,0.002,-0.003,0.004,1.5461
1785821009.491,0.000,WAIT,idle,-1,0,0.002,-0.054,0.002,0.005,-0.005,0.004,1.5460
1785821009.591,0.000,WAIT,idle,-1,0,0.003,-0.054,0.002,0.004,-0.003,0.004,1.5460
1785821009.691,0.000,WAIT,idle,-1,0,0.003,-0.054,0.002,0.004,-0.003,0.003,1.5459
1785821009.791,0.000,WAIT,idle,-1,0,0.003,-0.054,0.002,0.002,-0.002,0.002,1.5460
1785821009.891,0.000,WAIT,idle,-1,0,0.003,-0.054,0.002,0.000,-0.001,0.003,1.5461
1785821009.991,0.000,WAIT,idle,-1,0,0.002,-0.054,0.003,0.001,-0.003,0.003,1.5463
1785821010.091,0.000,WAIT,idle,-1,0,0.002,-0.054,0.003,0.002,-0.005,0.004,1.5465
1785821010.191,0.000,WAIT,idle,-1,0,0.001,-0.055,0.004,-0.000,-0.007,0.003,1.5465
1785821010.291,0.000,WAIT,idle,-1,0,0.001,-0.055,0.004,0.001,-0.005,0.004,1.5468
1785821010.391,0.000,WAIT,idle,-1,0,0.001,-0.055,0.004,0.001,-0.005,0.004,1.5470
1785821010.491,0.000,WAIT,idle,-1,0,0.001,-0.055,0.005,0.001,-0.005,0.004,1.5472
1785821010.591,0.000,WAIT,idle,-1,0,0.001,-0.055,0.005,-0.001,-0.004,0.004,1.5472
1785821010.691,0.000,WAIT,idle,-1,0,0.001,-0.055,0.005,0.002,-0.003,0.004,1.5472
1785821010.791,0.000,WAIT,idle,-1,0,0.001,-0.054,0.005,-0.001,-0.001,0.002,1.5473
1785821010.891,0.000,WAIT,idle,-1,0,0.001,-0.053,0.006,-0.002,-0.001,0.005,1.5472
1785821010.991,0.000,WAIT,idle,-1,0,0.000,-0.053,0.006,-0.003,-0.001,0.005,1.5472
1785821011.091,0.000,WAIT,idle,-1,0,-0.000,-0.052,0.007,-0.005,-0.001,0.005,1.5471
1785821011.191,0.000,WAIT,idle,-1,0,-0.001,-0.052,0.007,-0.008,-0.000,0.004,1.5472
1785821011.291,0.000,WAIT,idle,-1,0,-0.001,-0.052,0.008,-0.007,-0.000,0.005,1.5472
1785821011.391,0.000,WAIT,idle,-1,0,-0.002,-0.052,0.008,-0.010,0.001,0.004,1.5472
1785821011.491,0.000,WAIT,idle,-1,0,-0.002,-0.052,0.008,-0.007,0.003,0.005,1.5472
1785821011.591,0.000,WAIT,idle,-1,0,-0.002,-0.051,0.009,-0.007,0.002,0.006,1.5471
1785821011.691,0.000,WAIT,idle,-1,0,-0.001,-0.051,0.009,-0.004,0.001,0.002,1.5471
1785821011.791,0.000,WAIT,idle,-1,0,-0.001,-0.051,0.009,-0.004,0.000,-0.000,1.5468
1785821011.891,0.000,WAIT,idle,-1,0,-0.000,-0.051,0.009,-0.003,0.000,-0.002,1.5470
1785821011.991,0.000,WAIT,idle,-1,0,-0.000,-0.051,0.008,-0.002,0.000,-0.002,1.5469
1785821012.091,0.000,WAIT,idle,-1,0,0.000,-0.051,0.008,0.001,0.002,-0.000,1.5470
1785821012.191,0.000,WAIT,idle,-1,0,0.001,-0.051,0.008,0.002,0.005,-0.001,1.5470
1785821012.291,0.000,WAIT,idle,-1,0,0.002,-0.051,0.008,0.003,0.005,-0.002,1.5470
1785821012.391,0.000,WAIT,idle,-1,0,0.002,-0.050,0.007,0.004,0.004,-0.002,1.5470
1785821012.491,0.000,WAIT,idle,-1,0,0.003,-0.050,0.006,0.006,0.005,-0.003,1.5470
1785821012.591,0.000,WAIT,idle,-1,0,0.004,-0.050,0.006,0.007,0.004,-0.003,1.5470
1785821012.691,0.000,WAIT,idle,-1,0,0.005,-0.050,0.005,0.008,0.004,-0.004,1.5469
1785821012.791,0.000,WAIT,idle,-1,0,0.006,-0.050,0.005,0.008,0.006,-0.006,1.5469
1785821012.891,0.000,WAIT,idle,-1,0,0.007,-0.050,0.004,0.009,0.005,-0.005,1.5466
1785821012.991,0.000,WAIT,idle,-1,0,0.007,-0.050,0.004,0.008,0.007,-0.005,1.5466
1785821013.091,0.000,WAIT,idle,-1,0,0.007,-0.049,0.004,0.007,0.006,-0.006,1.5465
1785821013.191,0.000,WAIT,idle,-1,0,0.007,-0.049,0.003,0.005,0.005,-0.007,1.5465
1785821013.291,0.000,WAIT,idle,-1,0,0.007,-0.050,0.003,0.005,0.004,-0.009,1.5466
1785821013.391,0.000,WAIT,idle,-1,0,0.006,-0.050,0.002,0.006,0.002,-0.007,1.5465
1785821013.491,0.000,WAIT,idle,-1,0,0.006,-0.050,0.002,0.005,0.002,-0.007,1.5466
1785821013.591,0.000,WAIT,idle,-1,0,0.006,-0.050,0.002,0.005,0.000,-0.004,1.5465
1785821013.691,0.000,WAIT,idle,-1,0,0.006,-0.051,0.002,0.003,0.002,-0.006,1.5464
1785821013.791,0.000,WAIT,idle,-1,0,0.005,-0.051,0.002,0.002,0.001,-0.005,1.5463
1785821013.891,0.000,WAIT,idle,-1,0,0.005,-0.051,0.002,-0.001,0.001,-0.005,1.5463
1785821013.991,0.000,WAIT,idle,-1,0,0.004,-0.051,0.002,0.002,-0.000,-0.004,1.5463
1785821014.091,0.000,WAIT,idle,-1,0,0.005,-0.052,0.002,0.002,-0.001,-0.002,1.5464
1785821014.191,0.000,WAIT,idle,-1,0,0.005,-0.052,0.003,0.002,-0.003,-0.004,1.5463
1785821014.291,0.000,WAIT,idle,-1,0,0.005,-0.053,0.003,0.003,-0.004,-0.003,1.5463
1785821014.391,0.000,WAIT,idle,-1,0,0.005,-0.053,0.004,0.003,-0.002,-0.001,1.5462
1785821014.491,0.000,WAIT,idle,-1,0,0.006,-0.053,0.004,0.002,-0.002,-0.001,1.5463
1785821014.591,0.000,WAIT,idle,-1,0,0.006,-0.053,0.005,0.004,-0.003,-0.001,1.5462
1785821014.691,0.000,WAIT,idle,-1,0,0.006,-0.053,0.005,0.005,0.000,-0.002,1.5463
1785821014.791,0.000,WAIT,idle,-1,0,0.006,-0.052,0.005,0.006,0.004,-0.004,1.5463
1785821014.891,0.000,WAIT,idle,-1,0,0.006,-0.052,0.004,0.003,0.007,-0.002,1.5463
1785821014.991,0.000,WAIT,idle,-1,0,0.006,-0.051,0.004,0.004,0.007,-0.003,1.5463
1785821015.091,0.000,WAIT,idle,-1,0,0.005,-0.050,0.004,0.001,0.007,-0.001,1.5462
1785821015.191,0.000,WAIT,idle,-1,0,0.005,-0.050,0.004,-0.001,0.005,0.000,1.5461
1785821015.291,0.000,WAIT,idle,-1,0,0.004,-0.050,0.005,-0.002,0.006,0.002,1.5462
1785821015.391,0.000,WAIT,idle,-1,0,0.003,-0.050,0.006,-0.003,0.003,0.002,1.5463
1785821015.491,0.000,WAIT,idle,-1,0,0.003,-0.051,0.006,-0.003,0.002,0.003,1.5464
1785821015.591,0.000,WAIT,idle,-1,0,0.002,-0.051,0.007,-0.003,0.002,0.002,1.5461
1785821015.691,0.000,WAIT,idle,-1,0,0.001,-0.051,0.007,-0.005,-0.000,0.003,1.5461
1785821015.791,0.000,WAIT,idle,-1,0,0.001,-0.052,0.008,-0.007,-0.001,0.004,1.5461
1785821015.891,0.000,WAIT,idle,-1,0,-0.000,-0.052,0.008,-0.010,-0.002,0.004,1.5461
1785821015.991,0.000,WAIT,idle,-1,0,-0.000,-0.053,0.009,-0.009,-0.001,0.004,1.5462
1785821016.091,0.000,WAIT,idle,-1,0,-0.001,-0.053,0.009,-0.011,-0.002,0.004,1.5461
1785821016.191,0.000,WAIT,idle,-1,0,-0.001,-0.053,0.009,-0.011,-0.000,0.002,1.5461
1785821016.291,0.000,WAIT,idle,-1,0,-0.001,-0.053,0.009,-0.011,0.000,0.002,1.5460
1785821016.391,0.000,WAIT,idle,-1,0,-0.002,-0.053,0.009,-0.012,-0.001,0.002,1.5460
1785821016.491,0.000,WAIT,idle,-1,0,-0.002,-0.053,0.009,-0.011,-0.002,0.003,1.5462
1785821016.591,0.000,WAIT,idle,-1,0,-0.002,-0.053,0.009,-0.010,-0.002,0.001,1.5462
1785821016.691,0.000,WAIT,idle,-1,0,-0.002,-0.053,0.008,-0.011,-0.003,0.000,1.5460
1785821016.791,0.000,WAIT,idle,-1,0,-0.002,-0.054,0.007,-0.010,-0.002,0.001,1.5461
1785821016.891,0.000,WAIT,idle,-1,0,-0.002,-0.054,0.007,-0.010,-0.002,-0.000,1.5462
1785821016.991,0.000,WAIT,idle,-1,0,-0.002,-0.054,0.006,-0.009,-0.000,-0.002,1.5461
1785821017.091,0.000,WAIT,idle,-1,0,-0.002,-0.054,0.006,-0.008,-0.002,-0.004,1.5460
1785821017.191,0.000,WAIT,idle,-1,0,-0.002,-0.054,0.005,-0.005,-0.002,-0.004,1.5461
1785821017.291,0.000,WAIT,idle,-1,0,-0.001,-0.054,0.005,-0.004,-0.001,-0.003,1.5461
1785821017.391,0.000,WAIT,idle,-1,0,-0.001,-0.054,0.005,-0.003,-0.001,-0.001,1.5463
1785821017.491,0.000,WAIT,idle,-1,0,-0.001,-0.054,0.005,-0.002,0.002,0.001,1.5463
1785821017.591,0.000,WAIT,idle,-1,0,-0.000,-0.053,0.005,-0.001,0.003,-0.001,1.5463
1785821017.691,0.000,WAIT,idle,-1,0,0.000,-0.053,0.006,0.001,0.004,0.000,1.5465
1785821017.791,0.000,WAIT,idle,-1,0,0.001,-0.052,0.006,0.002,0.004,-0.000,1.5465
1785821017.891,0.000,WAIT,idle,-1,0,0.001,-0.052,0.006,0.003,0.001,-0.002,1.5467
1785821017.991,0.000,WAIT,idle,-1,0,0.002,-0.052,0.006,0.003,0.002,-0.002,1.5467
1785821018.091,0.000,WAIT,idle,-1,0,0.002,-0.052,0.006,0.003,0.004,-0.002,1.5466
1785821018.191,0.000,WAIT,idle,-1,0,0.002,-0.052,0.005,0.003,0.005,-0.002,1.5467
1785821018.291,0.000,WAIT,idle,-1,0,0.002,-0.051,0.005,0.001,0.004,-0.002,1.5466
1785821018.391,0.000,WAIT,idle,-1,0,0.002,-0.051,0.005,0.002,0.004,-0.002,1.5467
1785821018.491,0.000,WAIT,idle,-1,0,0.002,-0.051,0.005,0.002,0.002,-0.003,1.5469
1785821018.591,0.000,WAIT,idle,-1,0,0.002,-0.051,0.006,0.003,0.003,-0.003,1.5469
1785821018.691,0.000,WAIT,idle,-1,0,0.002,-0.051,0.006,0.003,0.002,-0.003,1.5469
1785821018.791,0.000,WAIT,idle,-1,0,0.002,-0.051,0.006,0.000,0.001,-0.003,1.5468
1785821018.891,0.000,WAIT,idle,-1,0,0.002,-0.052,0.005,0.002,-0.000,-0.003,1.5466
1785821018.991,0.000,WAIT,idle,-1,0,0.002,-0.052,0.005,0.000,0.000,-0.003,1.5466
1785821019.091,0.000,WAIT,idle,-1,0,0.001,-0.052,0.004,-0.001,-0.002,-0.003,1.5468
1785821019.191,0.000,WAIT,idle,-1,0,0.001,-0.053,0.004,0.000,-0.004,-0.004,1.5468
1785821019.291,0.000,WAIT,idle,-1,0,0.001,-0.053,0.003,0.002,-0.001,-0.005,1.5468
1785821019.391,0.000,WAIT,idle,-1,0,0.001,-0.053,0.003,0.004,-0.000,-0.004,1.5471
1785821019.491,0.000,WAIT,idle,-1,0,0.002,-0.053,0.002,0.003,-0.002,-0.004,1.5472
1785821019.591,0.000,WAIT,idle,-1,0,0.002,-0.053,0.002,0.002,-0.003,-0.005,1.5473
1785821019.691,0.000,WAIT,idle,-1,0,0.002,-0.052,0.002,0.005,-0.001,-0.007,1.5473
1785821019.791,0.000,WAIT,idle,-1,0,0.003,-0.052,0.002,0.004,0.000,-0.007,1.5472
1785821019.891,0.000,WAIT,idle,-1,0,0.003,-0.052,0.001,0.002,-0.002,-0.007,1.5471
1785821019.991,0.000,WAIT,idle,-1,0,0.003,-0.051,0.001,0.004,-0.001,-0.004,1.5471
1785821020.091,0.000,WAIT,idle,-1,0,0.004,-0.051,0.001,0.004,0.001,-0.003,1.5470
1785821020.191,0.000,WAIT,idle,-1,0,0.004,-0.051,0.002,0.003,-0.002,-0.004,1.5472
1785821020.291,0.000,WAIT,idle,-1,0,0.004,-0.051,0.002,0.003,-0.001,-0.002,1.5470
1785821020.391,0.000,WAIT,idle,-1,0,0.004,-0.051,0.002,0.002,-0.001,-0.001,1.5471
1785821020.491,0.000,WAIT,idle,-1,0,0.004,-0.051,0.002,0.001,-0.002,-0.000,1.5473
1785821020.591,0.000,WAIT,idle,-1,0,0.004,-0.051,0.002,0.001,-0.001,-0.002,1.5472
1785821020.691,0.000,WAIT,idle,-1,0,0.004,-0.052,0.002,0.003,-0.002,-0.003,1.5472
1785821020.791,0.000,WAIT,idle,-1,0,0.004,-0.052,0.002,0.002,-0.002,-0.005,1.5470
1785821020.891,0.000,WAIT,idle,-1,0,0.004,-0.052,0.002,-0.002,-0.001,-0.006,1.5470
1785821020.991,0.000,WAIT,idle,-1,0,0.004,-0.052,0.001,-0.004,-0.001,-0.005,1.5470
1785821021.091,0.000,WAIT,idle,-1,0,0.003,-0.051,0.001,-0.004,-0.001,-0.005,1.5469
1785821021.191,0.000,WAIT,idle,-1,0,0.002,-0.052,0.001,-0.002,-0.003,-0.006,1.5470
1785821021.291,0.000,WAIT,idle,-1,0,0.002,-0.052,0.001,-0.002,-0.002,-0.004,1.5472
1785821021.391,0.000,WAIT,idle,-1,0,0.003,-0.052,0.001,-0.001,-0.001,-0.005,1.5471
1785821021.491,0.000,WAIT,idle,-1,0,0.003,-0.052,0.001,0.001,-0.000,-0.002,1.5472
1785821021.591,0.000,WAIT,idle,-1,0,0.003,-0.052,0.002,0.002,0.000,-0.002,1.5475
1785821021.691,0.000,WAIT,idle,-1,0,0.004,-0.052,0.002,0.003,0.001,-0.001,1.5474
1785821021.791,0.000,WAIT,idle,-1,0,0.004,-0.052,0.003,0.005,-0.001,-0.001,1.5475
1785821021.891,0.000,WAIT,idle,-1,0,0.004,-0.052,0.003,0.005,-0.003,-0.001,1.5474
1785821021.991,0.000,WAIT,idle,-1,0,0.005,-0.052,0.003,0.006,-0.003,-0.001,1.5471
1785821022.091,0.000,WAIT,idle,-1,0,0.005,-0.053,0.004,0.005,-0.001,0.002,1.5472
1785821022.191,0.000,WAIT,idle,-1,0,0.005,-0.053,0.004,0.004,-0.001,0.002,1.5470
1785821022.291,0.000,WAIT,idle,-1,0,0.004,-0.052,0.004,0.005,-0.001,0.001,1.5470
1785821022.391,0.000,WAIT,idle,-1,0,0.004,-0.052,0.004,0.005,-0.002,0.000,1.5470
1785821022.491,0.000,WAIT,idle,-1,0,0.004,-0.052,0.004,0.005,-0.002,-0.001,1.5470
1785821022.591,0.000,WAIT,idle,-1,0,0.004,-0.052,0.005,0.003,-0.004,-0.000,1.5471
1785821022.691,0.000,WAIT,idle,-1,0,0.004,-0.051,0.005,0.005,-0.006,0.002,1.5470
1785821022.791,0.000,WAIT,idle,-1,0,0.004,-0.052,0.005,0.006,-0.006,-0.000,1.5468
1785821022.891,0.000,WAIT,idle,-1,0,0.004,-0.051,0.005,0.006,-0.005,0.001,1.5466
1785821022.991,0.000,WAIT,idle,-1,0,0.004,-0.051,0.005,0.006,-0.004,0.001,1.5467
1785821023.091,0.000,WAIT,idle,-1,0,0.004,-0.051,0.006,0.004,-0.004,0.002,1.5465
1785821023.191,0.000,WAIT,idle,-1,0,0.004,-0.051,0.006,0.003,-0.005,0.004,1.5465
1785821023.291,0.000,WAIT,idle,-1,0,0.004,-0.051,0.007,0.003,-0.007,0.003,1.5463
1785821023.391,0.000,WAIT,idle,-1,0,0.003,-0.051,0.007,0.001,-0.006,0.003,1.5465
1785821023.491,0.000,WAIT,idle,-1,0,0.003,-0.051,0.007,0.000,-0.006,0.003,1.5462
1785821023.591,0.000,WAIT,idle,-1,0,0.003,-0.051,0.007,-0.001,-0.006,0.003,1.5462
1785821023.691,0.000,WAIT,idle,-1,0,0.002,-0.051,0.008,-0.000,-0.007,0.005,1.5462
1785821023.791,0.000,WAIT,idle,-1,0,0.002,-0.052,0.008,-0.002,-0.006,0.005,1.5462
1785821023.891,0.000,WAIT,idle,-1,0,0.002,-0.052,0.008,-0.002,-0.004,0.004,1.5460
1785821023.991,0.000,WAIT,idle,-1,0,0.002,-0.052,0.008,0.001,-0.004,0.002,1.5461
1785821024.091,0.000,WAIT,idle,-1,0,0.002,-0.052,0.008,0.004,-0.004,0.004,1.5463
1785821024.191,0.000,WAIT,idle,-1,0,0.003,-0.052,0.008,0.003,-0.003,0.003,1.5462
1785821024.291,0.000,WAIT,idle,-1,0,0.004,-0.052,0.008,0.004,-0.003,0.003,1.5463
1785821024.391,0.000,WAIT,idle,-1,0,0.004,-0.052,0.007,0.004,-0.005,0.004,1.5463
1785821024.491,0.000,WAIT,idle,-1,0,0.004,-0.052,0.007,0.003,-0.003,0.002,1.5463
1785821024.591,0.000,WAIT,idle,-1,0,0.004,-0.052,0.007,0.004,-0.003,0.003,1.5463
1785821024.691,0.000,WAIT,idle,-1,0,0.004,-0.052,0.007,0.003,-0.002,0.000,1.5464
1785821024.791,0.000,WAIT,idle,-1,0,0.004,-0.052,0.006,0.001,-0.002,-0.000,1.5464
1785821024.891,0.000,WAIT,idle,-1,0,0.004,-0.052,0.006,0.002,-0.002,0.000,1.5464
1785821024.991,0.000,WAIT,idle,-1,0,0.004,-0.052,0.005,0.003,-0.002,0.000,1.5464
1785821025.091,0.000,WAIT,idle,-1,0,0.003,-0.052,0.005,0.001,0.000,0.002,1.5461
1785821025.191,0.000,WAIT,idle,-1,0,0.003,-0.051,0.005,-0.001,0.002,0.002,1.5463
1785821025.291,0.000,WAIT,idle,-1,0,0.003,-0.051,0.005,-0.000,0.003,0.000,1.5464
1785821025.391,0.000,WAIT,idle,-1,0,0.004,-0.051,0.005,0.002,0.003,-0.002,1.5463
1785821025.491,0.000,WAIT,idle,-1,0,0.004,-0.050,0.004,0.000,0.003,-0.005,1.5463
1785821025.591,0.000,WAIT,idle,-1,0,0.005,-0.050,0.003,0.002,0.006,-0.005,1.5464
1785821025.691,0.000,WAIT,idle,-1,0,0.005,-0.050,0.002,0.002,0.004,-0.004,1.5463
1785821025.791,0.000,WAIT,idle,-1,0,0.005,-0.050,0.001,0.002,0.003,-0.004,1.5461
1785821025.891,0.000,WAIT,idle,-1,0,0.005,-0.050,0.001,0.001,0.003,-0.003,1.5460
1785821025.991,0.000,WAIT,idle,-1,0,0.005,-0.050,0.000,-0.000,-0.001,-0.003,1.5459
1785821026.091,0.000,WAIT,idle,-1,0,0.004,-0.051,-0.000,-0.001,-0.003,-0.003,1.5459
1785821026.191,0.000,WAIT,idle,-1,0,0.004,-0.052,-0.001,0.000,-0.005,-0.003,1.5459
1785821026.291,0.000,WAIT,idle,-1,0,0.004,-0.053,-0.002,0.001,-0.007,-0.005,1.5459
1785821026.391,0.000,WAIT,idle,-1,0,0.005,-0.053,-0.002,0.003,-0.010,-0.006,1.5460
1785821026.491,0.000,WAIT,idle,-1,0,0.006,-0.054,-0.003,0.003,-0.010,-0.008,1.5458
1785821026.591,0.000,WAIT,idle,-1,0,0.006,-0.055,-0.004,0.003,-0.011,-0.006,1.5459
1785821026.691,0.000,WAIT,idle,-1,0,0.007,-0.056,-0.005,0.003,-0.014,-0.005,1.5458
1785821026.791,0.000,WAIT,idle,-1,0,0.007,-0.057,-0.005,0.003,-0.015,-0.006,1.5458
1785821026.891,0.000,WAIT,idle,-1,0,0.007,-0.057,-0.005,0.005,-0.013,-0.006,1.5458
1785821026.991,0.000,WAIT,idle,-1,0,0.007,-0.057,-0.005,0.005,-0.012,-0.006,1.5458
1785821027.091,0.000,WAIT,idle,-1,0,0.007,-0.057,-0.005,0.007,-0.011,-0.005,1.5460
1785821027.191,0.000,WAIT,idle,-1,0,0.008,-0.057,-0.005,0.005,-0.010,-0.005,1.5460
1785821027.291,0.000,WAIT,idle,-1,0,0.007,-0.056,-0.005,0.006,-0.009,-0.004,1.5458
1785821027.391,0.000,WAIT,idle,-1,0,0.007,-0.055,-0.005,0.004,-0.008,-0.005,1.5460
1785821027.491,0.000,WAIT,idle,-1,0,0.007,-0.055,-0.005,0.004,-0.009,-0.005,1.5459
1785821027.591,0.000,WAIT,idle,-1,0,0.007,-0.054,-0.004,0.002,-0.006,-0.006,1.5459
1785821027.691,0.000,WAIT,idle,-1,0,0.007,-0.053,-0.004,0.003,-0.003,-0.007,1.5461
1785821027.791,0.000,WAIT,idle,-1,0,0.007,-0.052,-0.003,0.001,-0.000,-0.007,1.5460
1785821027.891,0.000,WAIT,idle,-1,0,0.007,-0.051,-0.003,-0.001,-0.000,-0.007,1.5459
1785821027.991,0.000,WAIT,idle,-1,0,0.006,-0.050,-0.003,0.000,-0.001,-0.006,1.5458
1785821028.091,0.000,WAIT,idle,-1,0,0.006,-0.050,-0.002,-0.001,-0.001,-0.005,1.5459
1785821028.191,0.000,WAIT,idle,-1,0,0.006,-0.050,-0.001,0.000,-0.004,-0.003,1.5459
1785821028.291,0.000,WAIT,idle,-1,0,0.006,-0.050,-0.001,-0.002,-0.006,-0.003,1.5460
1785821028.391,0.000,WAIT,idle,-1,0,0.006,-0.051,-0.000,-0.002,-0.008,-0.003,1.5462
1785821028.491,0.000,WAIT,idle,-1,0,0.006,-0.051,0.001,0.001,-0.009,-0.002,1.5463
1785821028.591,0.000,WAIT,idle,-1,0,0.006,-0.052,0.001,0.002,-0.008,-0.001,1.5462
1785821028.691,0.000,WAIT,idle,-1,0,0.006,-0.052,0.002,0.003,-0.008,-0.002,1.5462
1785821028.791,0.000,WAIT,idle,-1,0,0.007,-0.052,0.003,0.006,-0.006,-0.001,1.5461
1785821028.891,0.000,WAIT,idle,-1,0,0.007,-0.052,0.004,0.006,-0.004,-0.001,1.5459
1785821028.991,0.000,WAIT,idle,-1,0,0.007,-0.052,0.004,0.007,-0.005,0.000,1.5460
1785821029.091,0.000,WAIT,idle,-1,0,0.008,-0.052,0.005,0.009,-0.007,-0.000,1.5459
1785821029.191,0.000,WAIT,idle,-1,0,0.008,-0.052,0.005,0.010,-0.007,0.001,1.5458
1785821029.291,0.000,WAIT,idle,-1,0,0.008,-0.052,0.006,0.010,-0.005,0.001,1.5459
1785821029.391,0.000,WAIT,idle,-1,0,0.008,-0.052,0.006,0.008,-0.004,0.001,1.5460
1785821029.491,0.000,WAIT,idle,-1,0,0.008,-0.052,0.006,0.007,-0.003,0.001,1.5461
1785821029.591,0.000,WAIT,idle,-1,0,0.007,-0.052,0.005,0.005,-0.003,0.000,1.5463
1785821029.691,0.000,WAIT,idle,-1,0,0.006,-0.052,0.005,0.004,-0.003,0.002,1.5464
1785821029.791,0.000,WAIT,idle,-1,0,0.006,-0.052,0.005,0.005,-0.002,0.003,1.5464
1785821029.891,0.000,WAIT,idle,-1,0,0.006,-0.052,0.005,0.005,-0.002,0.004,1.5463
1785821029.991,0.000,WAIT,idle,-1,0,0.006,-0.052,0.005,0.005,-0.002,0.003,1.5464
1785821030.091,0.000,WAIT,idle,-1,0,0.005,-0.052,0.005,0.005,-0.003,0.001,1.5465
1785821030.191,0.000,WAIT,idle,-1,0,0.005,-0.052,0.004,0.001,-0.005,0.001,1.5465
1785821030.291,0.000,WAIT,idle,-1,0,0.004,-0.053,0.004,-0.002,-0.005,0.000,1.5465
1785821030.391,0.000,WAIT,idle,-1,0,0.004,-0.053,0.003,-0.004,-0.006,-0.002,1.5463
1785821030.491,0.000,WAIT,idle,-1,0,0.004,-0.053,0.003,-0.003,-0.007,0.001,1.5463
1785821030.591,0.000,WAIT,idle,-1,0,0.004,-0.054,0.003,-0.004,-0.007,0.003,1.5463
1785821030.691,0.000,WAIT,idle,-1,0,0.004,-0.054,0.003,-0.003,-0.006,0.002,1.5462
1785821030.791,0.000,WAIT,idle,-1,0,0.004,-0.054,0.003,-0.001,-0.007,-0.000,1.5461
1785821030.891,0.000,WAIT,idle,-1,0,0.005,-0.054,0.003,-0.001,-0.004,-0.001,1.5461
1785821030.991,0.000,WAIT,idle,-1,0,0.005,-0.054,0.003,0.001,-0.005,0.000,1.5463
1785821031.091,0.000,WAIT,idle,-1,0,0.006,-0.054,0.003,0.001,-0.005,-0.001,1.5461
1785821031.191,0.000,WAIT,idle,-1,0,0.006,-0.054,0.003,0.000,-0.005,-0.001,1.5462
1785821031.291,0.000,WAIT,idle,-1,0,0.007,-0.054,0.004,-0.001,-0.006,0.000,1.5462
1785821031.391,0.000,WAIT,idle,-1,0,0.007,-0.054,0.004,-0.002,-0.007,0.001,1.5461
1785821031.491,0.000,WAIT,idle,-1,0,0.007,-0.054,0.005,-0.002,-0.008,0.002,1.5461
1785821031.591,0.000,WAIT,idle,-1,0,0.006,-0.055,0.005,-0.002,-0.008,0.001,1.5462
1785821031.691,0.000,WAIT,idle,-1,0,0.006,-0.055,0.005,-0.003,-0.006,0.001,1.5464
1785821031.791,0.000,WAIT,idle,-1,0,0.005,-0.055,0.005,-0.001,-0.006,0.002,1.5465
1785821031.891,0.000,WAIT,idle,-1,0,0.005,-0.055,0.005,-0.001,-0.007,0.002,1.5465
1785821031.991,0.000,WAIT,idle,-1,0,0.005,-0.055,0.005,-0.002,-0.006,0.006,1.5465
1785821032.091,0.000,WAIT,idle,-1,0,0.004,-0.055,0.006,-0.003,-0.005,0.006,1.5467
1785821032.191,0.000,WAIT,idle,-1,0,0.004,-0.055,0.006,-0.007,-0.006,0.006,1.5467
1785821032.291,0.000,WAIT,idle,-1,0,0.003,-0.055,0.006,-0.005,-0.004,0.004,1.5469
1785821032.391,0.000,WAIT,idle,-1,0,0.003,-0.054,0.006,-0.006,-0.003,0.006,1.5472
1785821032.491,0.000,WAIT,idle,-1,0,0.002,-0.054,0.007,-0.007,-0.002,0.007,1.5472
1785821032.591,0.000,WAIT,idle,-1,0,0.002,-0.053,0.007,-0.004,-0.001,0.005,1.5474
1785821032.691,0.000,WAIT,idle,-1,0,0.002,-0.053,0.007,-0.005,-0.003,0.005,1.5472
1785821032.791,0.000,WAIT,idle,-1,0,0.002,-0.053,0.007,-0.007,-0.003,0.005,1.5471
1785821032.891,0.000,WAIT,idle,-1,0,0.001,-0.053,0.007,-0.009,-0.004,0.002,1.5470
1785821032.991,0.000,WAIT,idle,-1,0,0.001,-0.053,0.007,-0.008,-0.004,0.004,1.5470
1785821033.091,0.000,WAIT,idle,-1,0,-0.000,-0.053,0.007,-0.010,-0.005,0.005,1.5469
1785821033.191,0.000,WAIT,idle,-1,0,-0.001,-0.054,0.007,-0.009,-0.005,0.005,1.5466
1785821033.291,0.000,WAIT,idle,-1,0,-0.001,-0.054,0.007,-0.012,-0.005,0.007,1.5466
1785821033.391,0.000,WAIT,idle,-1,0,-0.002,-0.054,0.007,-0.011,-0.007,0.007,1.5466
1785821033.491,0.000,WAIT,idle,-1,0,-0.002,-0.054,0.007,-0.013,-0.006,0.005,1.5466
1785821033.591,0.000,WAIT,idle,-1,0,-0.002,-0.054,0.007,-0.011,-0.007,0.006,1.5465
1785821033.691,0.000,WAIT,idle,-1,0,-0.002,-0.054,0.006,-0.009,-0.005,0.004,1.5464
1785821033.791,0.000,WAIT,idle,-1,0,-0.002,-0.054,0.006,-0.010,-0.004,0.003,1.5465
1785821033.891,0.000,WAIT,idle,-1,0,-0.001,-0.054,0.005,-0.010,-0.002,0.001,1.5464
1785821033.991,0.000,WAIT,idle,-1,0,-0.001,-0.054,0.005,-0.009,-0.003,0.001,1.5464
1785821034.091,0.000,WAIT,idle,-1,0,-0.000,-0.054,0.004,-0.007,-0.001,0.000,1.5464
1785821034.191,0.000,WAIT,idle,-1,0,0.001,-0.054,0.004,-0.007,-0.001,0.001,1.5463
1785821034.291,0.000,WAIT,idle,-1,0,0.002,-0.053,0.004,-0.004,0.002,-0.001,1.5462
1785821034.391,0.000,WAIT,idle,-1,0,0.002,-0.053,0.004,-0.004,0.003,-0.001,1.5462
1785821034.491,0.000,WAIT,idle,-1,0,0.003,-0.052,0.004,-0.005,0.003,-0.002,1.5460
1785821034.591,0.000,WAIT,idle,-1,0,0.003,-0.052,0.004,-0.003,0.004,-0.003,1.5459
1785821034.691,0.000,WAIT,idle,-1,0,0.003,-0.052,0.004,-0.003,0.004,-0.001,1.5460
1785821034.791,0.000,WAIT,idle,-1,0,0.003,-0.052,0.004,0.000,0.002,-0.002,1.5460
1785821034.891,0.000,WAIT,idle,-1,0,0.004,-0.052,0.004,0.000,0.001,-0.002,1.5460
1785821034.991,0.000,WAIT,idle,-1,0,0.004,-0.052,0.004,0.001,-0.002,-0.003,1.5461
1785821035.091,0.000,WAIT,idle,-1,0,0.004,-0.053,0.004,-0.000,-0.002,-0.004,1.5459
1785821035.191,0.000,WAIT,idle,-1,0,0.004,-0.053,0.003,0.001,-0.001,-0.003,1.5458
1785821035.291,0.000,WAIT,idle,-1,0,0.004,-0.053,0.003,0.000,-0.004,-0.002,1.5458
1785821035.391,0.000,WAIT,idle,-1,0,0.004,-0.054,0.003,-0.000,-0.006,-0.002,1.5459
1785821035.491,0.000,WAIT,idle,-1,0,0.004,-0.054,0.003,-0.003,-0.008,-0.004,1.5460
1785821035.591,0.000,WAIT,idle,-1,0,0.004,-0.055,0.002,-0.005,-0.008,-0.003,1.5460
1785821035.691,0.000,WAIT,idle,-1,0,0.004,-0.055,0.002,-0.005,-0.008,-0.003,1.5462
1785821035.791,0.000,WAIT,idle,-1,0,0.004,-0.056,0.002,-0.004,-0.007,-0.006,1.5463
1785821035.891,0.000,WAIT,idle,-1,0,0.004,-0.056,0.001,-0.003,-0.007,-0.005,1.5462
1785821035.991,0.000,WAIT,idle,-1,0,0.004,-0.056,0.001,-0.004,-0.007,-0.004,1.5463
1785821036.091,0.000,WAIT,idle,-1,0,0.004,-0.056,0.001,-0.006,-0.006,-0.003,1.5462
1785821036.191,0.000,WAIT,idle,-1,0,0.003,-0.056,0.001,-0.004,-0.005,-0.003,1.5462
1785821036.291,0.000,WAIT,idle,-1,0,0.003,-0.056,0.001,-0.003,-0.003,-0.007,1.5463
1785821036.391,0.000,WAIT,idle,-1,0,0.003,-0.055,0.001,-0.001,0.001,-0.007,1.5462
1785821036.491,0.000,WAIT,idle,-1,0,0.003,-0.054,0.000,-0.001,0.004,-0.007,1.5461
1785821036.591,0.000,WAIT,idle,-1,0,0.003,-0.053,-0.000,-0.001,0.002,-0.006,1.5461
1785821036.691,0.000,WAIT,idle,-1,0,0.003,-0.053,-0.000,0.000,0.003,-0.007,1.5461
1785821036.791,0.000,WAIT,idle,-1,0,0.003,-0.053,-0.000,0.003,0.002,-0.006,1.5460
1785821036.891,0.000,WAIT,idle,-1,0,0.003,-0.053,-0.000,0.004,0.002,-0.004,1.5460
1785821036.991,0.000,WAIT,idle,-1,0,0.004,-0.052,0.000,0.003,0.001,-0.005,1.5458
1785821037.091,0.000,WAIT,idle,-1,0,0.004,-0.052,0.000,0.004,0.004,-0.006,1.5457
1785821037.191,0.000,WAIT,idle,-1,0,0.004,-0.052,0.000,0.003,0.003,-0.006,1.5457
1785821037.291,0.000,WAIT,idle,-1,0,0.004,-0.052,0.000,0.003,0.003,-0.003,1.5457
1785821037.391,0.000,WAIT,idle,-1,0,0.003,-0.052,0.001,0.001,0.003,-0.003,1.5458
1785821037.491,0.000,WAIT,idle,-1,0,0.003,-0.052,0.001,0.000,0.003,-0.001,1.5457
1785821037.591,0.000,WAIT,idle,-1,0,0.003,-0.051,0.001,0.001,0.002,-0.001,1.5457
1785821037.691,0.000,WAIT,idle,-1,0,0.002,-0.051,0.001,0.002,0.002,-0.000,1.5457
1785821037.791,0.000,WAIT,idle,-1,0,0.002,-0.052,0.002,0.003,0.002,0.001,1.5455
1785821037.891,0.000,WAIT,idle,-1,0,0.002,-0.052,0.002,0.004,0.002,-0.001,1.5455
1785821037.991,0.000,WAIT,idle,-1,0,0.003,-0.052,0.003,0.005,0.002,-0.000,1.5456
1785821038.091,0.000,WAIT,idle,-1,0,0.003,-0.052,0.003,0.007,0.004,-0.000,1.5457
1785821038.191,0.000,WAIT,idle,-1,0,0.004,-0.051,0.003,0.007,0.003,-0.002,1.5458
1785821038.291,0.000,WAIT,idle,-1,0,0.004,-0.051,0.004,0.006,0.004,-0.003,1.5456
1785821038.391,0.000,WAIT,idle,-1,0,0.004,-0.051,0.004,0.005,0.004,0.001,1.5455
1785821038.491,0.000,WAIT,idle,-1,0,0.004,-0.051,0.004,0.007,0.005,0.000,1.5455
1785821038.591,0.000,WAIT,idle,-1,0,0.004,-0.051,0.005,0.007,0.007,0.001,1.5455
1785821038.691,0.000,WAIT,idle,-1,0,0.004,-0.050,0.005,0.007,0.006,0.004,1.5454
1785821038.791,0.000,WAIT,idle,-1,0,0.004,-0.051,0.005,0.008,0.002,0.005,1.5452
1785821038.891,0.000,WAIT,idle,-1,0,0.004,-0.051,0.005,0.008,0.001,0.004,1.5453
1785821038.991,0.000,WAIT,idle,-1,0,0.004,-0.052,0.005,0.010,0.000,0.006,1.5453
1785821039.091,0.000,WAIT,idle,-1,0,0.005,-0.052,0.005,0.009,-0.002,0.004,1.5453
1785821039.191,0.000,WAIT,idle,-1,0,0.005,-0.053,0.005,0.007,-0.003,0.004,1.5452
1785821039.291,0.000,WAIT,idle,-1,0,0.004,-0.054,0.005,0.006,-0.003,0.005,1.5451
1785821039.391,0.000,WAIT,idle,-1,0,0.004,-0.054,0.005,0.006,-0.004,0.003,1.5449
1785821039.491,0.000,WAIT,idle,-1,0,0.004,-0.055,0.005,0.004,-0.003,0.003,1.5446
1785821039.591,0.000,WAIT,idle,-1,0,0.004,-0.055,0.005,0.003,-0.003,0.004,1.5444
1785821039.691,0.000,WAIT,idle,-1,0,0.004,-0.055,0.005,0.002,-0.000,0.005,1.5445
1785821039.791,0.000,WAIT,idle,-1,0,0.004,-0.054,0.005,0.002,0.002,0.006,1.5442
1785821039.891,0.000,WAIT,idle,-1,0,0.004,-0.054,0.005,-0.000,0.001,0.003,1.5443
1785821039.991,0.000,WAIT,idle,-1,0,0.004,-0.053,0.005,0.003,0.001,0.001,1.5442
1785821040.091,0.000,WAIT,idle,-1,0,0.004,-0.053,0.004,0.001,0.002,0.000,1.5442
1785821040.191,0.000,WAIT,idle,-1,0,0.004,-0.053,0.003,0.001,0.001,-0.002,1.5441
1785821040.291,0.000,WAIT,idle,-1,0,0.004,-0.053,0.002,0.000,0.001,-0.004,1.5441
1785821040.391,0.000,WAIT,idle,-1,0,0.004,-0.052,0.001,-0.001,0.003,-0.004,1.5440
1785821040.491,0.000,WAIT,idle,-1,0,0.003,-0.052,0.000,-0.003,0.003,-0.004,1.5441
1785821040.591,0.000,WAIT,idle,-1,0,0.003,-0.052,-0.000,-0.004,0.003,-0.002,1.5442
1785821040.691,0.000,WAIT,idle,-1,0,0.002,-0.052,-0.000,-0.004,0.003,-0.001,1.5440
1785821040.791,0.000,WAIT,idle,-1,0,0.002,-0.051,-0.000,-0.003,0.005,-0.002,1.5441
1785821040.891,0.000,WAIT,idle,-1,0,0.002,-0.051,-0.001,0.000,0.005,-0.003,1.5443
1785821040.991,0.000,WAIT,idle,-1,0,0.002,-0.051,-0.000,0.000,0.002,-0.001,1.5445
1785821041.091,0.000,WAIT,idle,-1,0,0.002,-0.052,0.000,0.002,-0.001,0.002,1.5446
1785821041.191,0.000,WAIT,idle,-1,0,0.003,-0.052,0.001,0.003,-0.000,0.002,1.5445
1785821041.291,0.000,WAIT,idle,-1,0,0.003,-0.052,0.002,0.004,-0.001,0.002,1.5445
1785821041.391,0.000,WAIT,idle,-1,0,0.003,-0.053,0.002,0.003,-0.002,0.002,1.5444
1785821041.491,0.000,WAIT,idle,-1,0,0.003,-0.053,0.003,0.004,0.001,0.002,1.5444
1785821041.591,0.000,WAIT,idle,-1,0,0.003,-0.053,0.003,0.004,0.001,0.000,1.5444
1785821041.691,0.000,WAIT,idle,-1,0,0.003,-0.052,0.004,0.005,0.002,0.001,1.5443
1785821041.791,0.000,WAIT,idle,-1,0,0.003,-0.052,0.004,0.005,0.002,0.003,1.5442
1785821041.891,0.000,WAIT,idle,-1,0,0.004,-0.052,0.004,0.005,0.001,0.004,1.5441
1785821041.991,0.000,WAIT,idle,-1,0,0.004,-0.052,0.005,0.006,0.001,0.004,1.5440
1785821042.091,0.000,WAIT,idle,-1,0,0.005,-0.052,0.005,0.005,-0.002,0.002,1.5440
1785821042.191,0.000,WAIT,idle,-1,0,0.005,-0.052,0.005,0.003,-0.001,0.003,1.5442
1785821042.291,0.000,WAIT,idle,-1,0,0.005,-0.053,0.005,0.002,-0.004,0.003,1.5441
1785821042.391,0.000,WAIT,idle,-1,0,0.004,-0.053,0.005,0.002,-0.005,0.003,1.5440
1785821042.491,0.000,WAIT,idle,-1,0,0.004,-0.054,0.006,0.001,-0.006,0.005,1.5438
1785821042.591,0.000,WAIT,idle,-1,0,0.004,-0.054,0.006,0.002,-0.003,0.003,1.5438
1785821042.691,0.000,WAIT,idle,-1,0,0.005,-0.054,0.006,0.002,-0.004,0.001,1.5440
1785821042.791,0.000,WAIT,idle,-1,0,0.005,-0.054,0.006,0.001,-0.002,-0.000,1.5442
1785821042.891,0.000,WAIT,idle,-1,0,0.005,-0.053,0.005,0.002,0.000,-0.001,1.5439
1785821042.991,0.000,WAIT,idle,-1,0,0.006,-0.053,0.005,0.003,0.001,-0.001,1.5440
1785821043.091,0.000,WAIT,idle,-1,0,0.006,-0.053,0.004,0.002,0.001,-0.003,1.5441
1785821043.191,0.000,WAIT,idle,-1,0,0.006,-0.052,0.004,0.001,0.000,-0.000,1.5440
1785821043.291,0.000,WAIT,idle,-1,0,0.006,-0.052,0.004,0.000,0.001,0.000,1.5442
1785821043.391,0.000,WAIT,idle,-1,0,0.006,-0.052,0.003,0.000,0.005,-0.001,1.5441
1785821043.491,0.000,WAIT,idle,-1,0,0.006,-0.051,0.003,-0.001,0.008,-0.003,1.5440
1785821043.591,0.000,WAIT,idle,-1,0,0.006,-0.051,0.003,-0.002,0.007,-0.004,1.5441
1785821043.691,0.000,WAIT,idle,-1,0,0.005,-0.050,0.002,-0.001,0.006,-0.007,1.5443
1785821043.791,0.000,WAIT,idle,-1,0,0.005,-0.050,0.001,0.000,0.003,-0.007,1.5444
1785821043.891,0.000,WAIT,idle,-1,0,0.005,-0.050,0.000,0.003,0.002,-0.010,1.5444
1785821043.991,0.000,WAIT,idle,-1,0,0.005,-0.051,-0.000,0.003,0.001,-0.009,1.5446
1785821044.091,0.000,WAIT,idle,-1,0,0.005,-0.051,-0.000,0.005,0.002,-0.007,1.5446
1785821044.191,0.000,WAIT,idle,-1,0,0.006,-0.052,-0.001,0.006,0.002,-0.005,1.5447
1785821044.291,0.000,WAIT,idle,-1,0,0.006,-0.052,-0.001,0.008,0.001,-0.002,1.5447
1785821044.391,0.000,WAIT,idle,-1,0,0.007,-0.052,-0.001,0.008,-0.002,-0.001,1.5446
1785821044.491,0.000,WAIT,idle,-1,0,0.007,-0.053,-0.000,0.009,-0.003,0.002,1.5445
1785821044.591,0.000,WAIT,idle,-1,0,0.008,-0.053,0.000,0.010,-0.008,0.002,1.5443
1785821044.691,0.000,WAIT,idle,-1,0,0.009,-0.054,0.001,0.010,-0.011,0.001,1.5444
1785821044.791,0.000,WAIT,idle,-1,0,0.009,-0.055,0.002,0.012,-0.013,-0.001,1.5444
1785821044.891,0.000,WAIT,idle,-1,0,0.010,-0.056,0.002,0.012,-0.014,-0.001,1.5444
1785821044.991,0.000,WAIT,idle,-1,0,0.010,-0.057,0.003,0.011,-0.014,-0.001,1.5443
1785821045.091,0.000,WAIT,idle,-1,0,0.010,-0.058,0.004,0.010,-0.014,-0.000,1.5444
1785821045.191,0.000,WAIT,idle,-1,0,0.009,-0.058,0.004,0.008,-0.015,0.000,1.5445
1785821045.291,0.000,WAIT,idle,-1,0,0.009,-0.058,0.004,0.008,-0.014,0.002,1.5445
1785821045.391,0.000,WAIT,idle,-1,0,0.008,-0.058,0.005,0.008,-0.016,0.002,1.5445
1785821045.491,0.000,WAIT,idle,-1,0,0.007,-0.059,0.005,0.008,-0.015,0.002,1.5446
1785821045.591,0.000,WAIT,idle,-1,0,0.007,-0.059,0.005,0.010,-0.014,0.003,1.5447
1785821045.691,0.000,WAIT,idle,-1,0,0.007,-0.059,0.005,0.007,-0.015,0.003,1.5446
1785821045.791,0.000,WAIT,idle,-1,0,0.007,-0.058,0.005,0.008,-0.013,0.001,1.5446
1785821045.891,0.000,WAIT,idle,-1,0,0.007,-0.058,0.005,0.006,-0.013,0.003,1.5446
1785821045.991,0.000,WAIT,idle,-1,0,0.006,-0.058,0.004,0.006,-0.010,0.001,1.5445
1785821046.091,0.000,WAIT,idle,-1,0,0.006,-0.057,0.004,0.007,-0.009,0.001,1.5444
1785821046.191,0.000,WAIT,idle,-1,0,0.006,-0.057,0.004,0.007,-0.010,0.003,1.5446
1785821046.291,0.000,WAIT,idle,-1,0,0.006,-0.057,0.003,0.009,-0.012,0.002,1.5448
1785821046.391,0.000,WAIT,idle,-1,0,0.006,-0.057,0.003,0.010,-0.014,0.003,1.5452
1785821046.491,0.000,WAIT,idle,-1,0,0.006,-0.057,0.004,0.010,-0.014,0.004,1.5454
1785821046.591,0.000,WAIT,idle,-1,0,0.006,-0.058,0.004,0.009,-0.015,0.004,1.5455
1785821046.691,0.000,WAIT,idle,-1,0,0.006,-0.058,0.005,0.009,-0.016,0.003,1.5454
1785821046.791,0.000,WAIT,idle,-1,0,0.005,-0.058,0.005,0.006,-0.019,0.003,1.5453
1785821046.891,0.000,WAIT,idle,-1,0,0.005,-0.059,0.005,0.004,-0.018,0.003,1.5450
1785821046.991,0.000,WAIT,idle,-1,0,0.004,-0.059,0.005,0.002,-0.017,0.003,1.5448
1785821047.091,0.000,WAIT,idle,-1,0,0.004,-0.059,0.005,0.002,-0.018,0.003,1.5448
1785821047.191,0.000,WAIT,idle,-1,0,0.004,-0.059,0.005,0.001,-0.017,0.000,1.5448
1785821047.291,0.000,WAIT,idle,-1,0,0.004,-0.059,0.005,0.002,-0.015,0.000,1.5448
1785821047.391,0.000,WAIT,idle,-1,0,0.004,-0.058,0.004,0.002,-0.014,0.001,1.5447
1785821047.491,0.000,WAIT,idle,-1,0,0.004,-0.058,0.004,0.001,-0.012,0.001,1.5448
1785821047.591,0.000,WAIT,idle,-1,0,0.003,-0.057,0.004,-0.001,-0.009,-0.001,1.5447
1785821047.691,0.000,WAIT,idle,-1,0,0.003,-0.056,0.004,-0.003,-0.008,0.000,1.5446
1785821047.791,0.000,WAIT,idle,-1,0,0.002,-0.056,0.004,-0.003,-0.006,0.001,1.5448
1785821047.891,0.000,WAIT,idle,-1,0,0.002,-0.055,0.004,-0.000,-0.003,-0.000,1.5448
1785821047.991,0.000,WAIT,idle,-1,0,0.003,-0.054,0.004,0.001,-0.001,-0.001,1.5448
1785821048.091,0.000,WAIT,idle,-1,0,0.003,-0.054,0.004,0.005,-0.004,-0.002,1.5447
1785821048.191,0.000,WAIT,idle,-1,0,0.004,-0.053,0.004,0.007,-0.003,-0.002,1.5449
1785821048.291,0.000,WAIT,idle,-1,0,0.005,-0.053,0.004,0.007,-0.001,0.001,1.5449
1785821048.391,0.000,WAIT,idle,-1,0,0.006,-0.052,0.005,0.007,0.001,-0.001,1.5448
1785821048.491,0.000,WAIT,idle,-1,0,0.006,-0.051,0.005,0.007,-0.001,-0.002,1.5447
1785821048.591,0.000,WAIT,idle,-1,0,0.006,-0.051,0.005,0.007,-0.002,-0.003,1.5446
1785821048.691,0.000,WAIT,idle,-1,0,0.007,-0.051,0.004,0.006,-0.001,-0.003,1.5446
1785821048.791,0.000,WAIT,idle,-1,0,0.007,-0.051,0.004,0.006,-0.003,-0.002,1.5447
1785821048.891,0.000,WAIT,idle,-1,0,0.007,-0.051,0.004,0.004,-0.002,-0.003,1.5447
1785821048.991,0.000,WAIT,idle,-1,0,0.006,-0.051,0.004,0.003,-0.002,-0.002,1.5446
1785821049.091,0.000,WAIT,idle,-1,0,0.006,-0.051,0.004,0.002,-0.002,-0.002,1.5446
1785821049.191,0.000,WAIT,idle,-1,0,0.006,-0.051,0.004,0.002,-0.001,-0.002,1.5446
1785821049.291,0.000,WAIT,idle,-1,0,0.005,-0.051,0.004,0.003,-0.000,-0.001,1.5448
1785821049.391,0.000,WAIT,idle,-1,0,0.005,-0.051,0.003,0.001,0.001,0.000,1.5451
1785821049.491,0.000,WAIT,idle,-1,0,0.005,-0.051,0.003,-0.001,0.000,0.001,1.5454
1785821049.591,0.000,WAIT,idle,-1,0,0.005,-0.051,0.003,-0.000,0.002,0.002,1.5456
1785821049.691,0.000,WAIT,idle,-1,0,0.005,-0.051,0.003,-0.001,0.005,0.002,1.5458
1785821049.791,0.000,WAIT,idle,-1,0,0.005,-0.050,0.003,-0.000,0.010,0.003,1.5458
1785821049.891,0.000,WAIT,idle,-1,0,0.006,-0.049,0.003,0.001,0.012,0.002,1.5455
1785821049.991,0.000,WAIT,idle,-1,0,0.006,-0.048,0.003,0.002,0.013,0.001,1.5455
1785821050.091,0.000,WAIT,idle,-1,0,0.006,-0.047,0.003,0.000,0.014,-0.000,1.5455
1785821050.191,0.000,WAIT,idle,-1,0,0.007,-0.047,0.003,-0.000,0.012,-0.001,1.5455
1785821050.291,0.000,WAIT,idle,-1,0,0.006,-0.047,0.003,-0.001,0.008,0.001,1.5455
1785821050.391,0.000,WAIT,idle,-1,0,0.006,-0.047,0.003,-0.003,0.006,0.001,1.5455
1785821050.491,0.000,WAIT,idle,-1,0,0.006,-0.048,0.004,-0.002,0.004,0.004,1.5454
1785821050.591,0.000,WAIT,idle,-1,0,0.005,-0.049,0.004,-0.003,0.002,0.003,1.5455
1785821050.691,0.000,WAIT,idle,-1,0,0.005,-0.049,0.004,-0.001,0.003,0.004,1.5456
1785821050.791,0.000,WAIT,idle,-1,0,0.004,-0.050,0.005,-0.005,0.002,0.003,1.5459
1785821050.891,0.000,WAIT,idle,-1,0,0.004,-0.050,0.005,-0.007,0.000,0.000,1.5459
1785821050.991,0.000,WAIT,idle,-1,0,0.003,-0.051,0.004,-0.009,0.001,0.000,1.5458
1785821051.091,0.000,WAIT,idle,-1,0,0.002,-0.051,0.004,-0.009,0.003,0.001,1.5457
1785821051.191,0.000,WAIT,idle,-1,0,0.001,-0.051,0.004,-0.010,0.002,0.001,1.5458
1785821051.291,0.000,WAIT,idle,-1,0,0.000,-0.051,0.003,-0.010,0.001,0.001,1.5458
1785821051.391,0.000,WAIT,idle,-1,0,-0.000,-0.052,0.003,-0.009,-0.000,0.002,1.5458
1785821051.491,0.000,WAIT,idle,-1,0,-0.001,-0.052,0.003,-0.010,-0.002,0.004,1.5455
1785821051.591,0.000,WAIT,idle,-1,0,-0.001,-0.052,0.002,-0.009,-0.002,0.002,1.5454
1785821051.691,0.000,WAIT,idle,-1,0,-0.001,-0.052,0.002,-0.007,-0.002,-0.002,1.5453
1785821051.791,0.000,WAIT,idle,-1,0,-0.001,-0.053,0.001,-0.008,-0.002,-0.002,1.5453
1785821051.891,0.000,WAIT,idle,-1,0,-0.001,-0.053,0.001,-0.005,-0.003,-0.002,1.5453
1785821051.991,0.000,WAIT,idle,-1,0,-0.001,-0.053,0.001,-0.005,-0.004,-0.003,1.5454
1785821052.091,0.000,WAIT,idle,-1,0,-0.001,-0.053,0.001,-0.006,-0.004,-0.004,1.5455
1785821052.191,0.000,WAIT,idle,-1,0,-0.001,-0.054,0.001,-0.006,-0.006,-0.001,1.5454
1785821052.291,0.000,WAIT,idle,-1,0,-0.001,-0.054,0.001,-0.005,-0.003,-0.001,1.5455
1785821052.391,0.000,WAIT,idle,-1,0,-0.001,-0.054,0.001,-0.004,-0.005,-0.004,1.5456
1785821052.491,0.000,WAIT,idle,-1,0,-0.000,-0.054,0.001,-0.003,-0.005,-0.005,1.5455
1785821052.591,0.000,WAIT,idle,-1,0,-0.000,-0.054,0.001,-0.004,-0.004,-0.004,1.5457
1785821052.691,0.000,WAIT,idle,-1,0,-0.000,-0.054,0.001,-0.004,-0.004,-0.003,1.5456
1785821052.791,0.000,WAIT,idle,-1,0,-0.000,-0.054,0.002,-0.004,-0.003,-0.002,1.5455
1785821052.891,0.000,WAIT,idle,-1,0,-0.000,-0.054,0.002,-0.003,-0.002,-0.002,1.5454
1785821052.991,0.000,WAIT,idle,-1,0,0.000,-0.053,0.002,-0.002,-0.000,-0.002,1.5454
1785821053.091,0.000,WAIT,idle,-1,0,0.000,-0.053,0.002,-0.003,0.001,-0.003,1.5454
1785821053.191,0.000,WAIT,idle,-1,0,0.000,-0.053,0.002,-0.004,0.001,-0.002,1.5454
1785821053.291,0.000,WAIT,idle,-1,0,0.000,-0.052,0.002,-0.003,0.003,-0.003,1.5452
1785821053.391,0.000,WAIT,idle,-1,0,0.000,-0.052,0.002,-0.004,0.003,-0.000,1.5452
1785821053.491,0.000,WAIT,idle,-1,0,0.000,-0.052,0.002,-0.002,0.003,0.002,1.5450
1785821053.591,0.000,WAIT,idle,-1,0,0.001,-0.051,0.002,-0.001,0.004,0.002,1.5449
1785821053.691,0.000,WAIT,idle,-1,0,0.001,-0.051,0.003,-0.002,0.002,0.002,1.5447
1785821053.791,0.000,WAIT,idle,-1,0,0.001,-0.051,0.003,-0.006,0.004,0.004,1.5448
1785821053.891,0.000,WAIT,idle,-1,0,0.000,-0.051,0.004,-0.006,0.004,0.003,1.5447
1785821053.991,0.000,WAIT,idle,-1,0,-0.000,-0.051,0.004,-0.006,0.005,0.001,1.5448
1785821054.091,0.000,WAIT,idle,-1,0,-0.001,-0.050,0.004,-0.007,0.008,0.001,1.5445
1785821054.191,0.000,WAIT,idle,-1,0,-0.001,-0.050,0.005,-0.007,0.007,0.001,1.5445
1785821054.291,0.000,WAIT,idle,-1,0,-0.001,-0.050,0.005,-0.005,0.007,-0.002,1.5445
1785821054.391,0.000,WAIT,idle,-1,0,-0.001,-0.049,0.005,-0.006,0.009,-0.004,1.5445
1785821054.491,0.000,WAIT,idle,-1,0,-0.001,-0.049,0.004,-0.006,0.008,-0.004,1.5446
1785821054.591,0.000,WAIT,idle,-1,0,-0.001,-0.049,0.004,-0.004,0.007,-0.007,1.5444
1785821054.691,0.000,WAIT,idle,-1,0,-0.001,-0.049,0.003,-0.003,0.007,-0.009,1.5443
1785821054.791,0.000,WAIT,idle,-1,0,-0.000,-0.049,0.002,0.000,0.006,-0.008,1.5445
1785821054.891,0.000,WAIT,idle,-1,0,0.000,-0.049,0.001,0.002,0.006,-0.008,1.5446
1785821054.991,0.000,WAIT,idle,-1,0,0.001,-0.049,0.001,0.004,0.007,-0.006,1.5446
1785821055.091,0.000,WAIT,idle,-1,0,0.002,-0.049,0.001,0.002,0.007,-0.005,1.5446
1785821055.191,0.000,WAIT,idle,-1,0,0.002,-0.049,0.001,0.000,0.008,-0.007,1.5446
1785821055.291,0.000,WAIT,idle,-1,0,0.002,-0.049,0.001,0.000,0.009,-0.007,1.5446
1785821055.391,0.000,WAIT,idle,-1,0,0.003,-0.049,0.001,0.001,0.008,-0.007,1.5447
1785821055.491,0.000,WAIT,idle,-1,0,0.003,-0.049,0.000,-0.000,0.004,-0.005,1.5447
1785821055.591,0.000,WAIT,idle,-1,0,0.003,-0.050,0.000,0.001,0.004,-0.005,1.5447
1785821055.691,0.000,WAIT,idle,-1,0,0.003,-0.050,0.000,0.002,0.003,-0.004,1.5446
1785821055.791,0.000,WAIT,idle,-1,0,0.003,-0.050,0.000,0.001,0.004,-0.003,1.5446
1785821055.891,0.000,WAIT,idle,-1,0,0.003,-0.050,0.000,0.001,0.003,-0.003,1.5446
1785821055.991,0.000,WAIT,idle,-1,0,0.003,-0.050,0.001,0.003,0.003,-0.003,1.5445
1785821056.091,0.000,WAIT,idle,-1,0,0.003,-0.051,0.001,0.002,0.003,-0.002,1.5447
1785821056.191,0.000,WAIT,idle,-1,0,0.003,-0.051,0.001,0.003,0.003,-0.002,1.5445
1785821056.291,0.000,WAIT,idle,-1,0,0.003,-0.051,0.001,0.004,0.004,0.000,1.5444
1785821056.391,0.000,WAIT,idle,-1,0,0.003,-0.051,0.002,0.004,0.002,-0.001,1.5444
1785821056.491,0.000,WAIT,idle,-1,0,0.003,-0.052,0.002,0.006,0.003,0.000,1.5444
1785821056.591,0.000,WAIT,idle,-1,0,0.003,-0.051,0.002,0.008,0.006,0.001,1.5445
1785821056.691,0.000,WAIT,idle,-1,0,0.004,-0.051,0.003,0.008,0.004,0.004,1.5445
1785821056.791,0.000,WAIT,idle,-1,0,0.004,-0.051,0.003,0.006,0.004,0.005,1.5447
1785821056.891,0.000,WAIT,idle,-1,0,0.004,-0.051,0.003,0.007,0.004,0.006,1.5448
1785821056.991,0.000,WAIT,idle,-1,0,0.004,-0.051,0.003,0.007,0.004,0.003,1.5447
1785821057.091,0.000,WAIT,idle,-1,0,0.004,-0.051,0.003,0.008,0.001,0.002,1.5448
1785821057.191,0.000,WAIT,idle,-1,0,0.004,-0.051,0.003,0.008,0.002,0.003,1.5450
1785821057.291,0.000,WAIT,idle,-1,0,0.004,-0.052,0.003,0.007,0.001,-0.000,1.5449
1785821057.391,0.000,WAIT,idle,-1,0,0.004,-0.052,0.003,0.006,0.000,0.003,1.5450
1785821057.491,0.000,WAIT,idle,-1,0,0.004,-0.052,0.004,0.006,0.002,0.004,1.5451
1785821057.591,0.000,WAIT,idle,-1,0,0.003,-0.052,0.004,0.005,0.003,0.003,1.5451
1785821057.691,0.000,WAIT,idle,-1,0,0.003,-0.051,0.004,0.001,0.004,0.002,1.5451
1785821057.791,0.000,WAIT,idle,-1,0,0.003,-0.051,0.004,-0.001,0.002,0.002,1.5450
1785821057.891,0.000,WAIT,idle,-1,0,0.002,-0.051,0.005,0.001,0.002,0.001,1.5449
1785821057.991,0.000,WAIT,idle,-1,0,0.002,-0.052,0.005,-0.001,0.002,0.000,1.5450
1785821058.091,0.000,WAIT,idle,-1,0,0.002,-0.052,0.004,-0.000,0.000,-0.001,1.5449
1785821058.191,0.000,WAIT,idle,-1,0,0.002,-0.052,0.004,-0.001,0.004,-0.000,1.5449
1785821058.291,0.000,WAIT,idle,-1,0,0.002,-0.052,0.004,-0.000,0.005,-0.002,1.5450
1785821058.391,0.000,WAIT,idle,-1,0,0.002,-0.052,0.005,-0.001,0.003,0.000,1.5450
1785821058.491,0.000,WAIT,idle,-1,0,0.002,-0.052,0.005,-0.004,0.004,-0.000,1.5450
1785821058.591,0.000,WAIT,idle,-1,0,0.001,-0.052,0.005,-0.002,0.003,0.001,1.5450
1785821058.691,0.000,WAIT,idle,-1,0,0.001,-0.052,0.006,-0.004,0.003,0.003,1.5451
1785821058.791,0.000,WAIT,idle,-1,0,0.001,-0.052,0.007,-0.005,0.004,0.005,1.5451
1785821058.891,0.000,WAIT,idle,-1,0,0.000,-0.052,0.007,-0.004,0.001,0.002,1.5452
1785821058.991,0.000,WAIT,idle,-1,0,0.000,-0.053,0.007,-0.003,-0.001,0.001,1.5451
1785821059.091,0.000,WAIT,idle,-1,0,0.000,-0.053,0.007,-0.001,0.002,0.001,1.5454
1785821059.191,0.000,WAIT,idle,-1,0,0.001,-0.053,0.007,0.001,0.003,-0.001,1.5454
1785821059.291,0.000,WAIT,idle,-1,0,0.001,-0.053,0.006,0.003,0.001,-0.004,1.5455
1785821059.391,0.000,WAIT,idle,-1,0,0.001,-0.053,0.005,0.004,-0.000,-0.004,1.5454
1785821059.491,0.000,WAIT,idle,-1,0,0.002,-0.053,0.004,0.003,-0.000,-0.003,1.5452
1785821059.591,0.000,WAIT,idle,-1,0,0.002,-0.053,0.003,0.002,0.000,-0.004,1.5451
1785821059.691,0.000,WAIT,idle,-1,0,0.002,-0.053,0.002,0.000,0.002,-0.004,1.5449
1785821059.791,0.000,WAIT,idle,-1,0,0.001,-0.053,0.002,0.001,0.000,-0.004,1.5449
1785821059.891,0.000,WAIT,idle,-1,0,0.001,-0.053,0.002,0.000,0.003,-0.004,1.5448
1785821059.991,0.000,WAIT,idle,-1,0,0.001,-0.052,0.002,0.002,0.004,-0.005,1.5450
1785821060.091,0.000,WAIT,idle,-1,0,0.001,-0.052,0.001,0.004,0.003,-0.005,1.5451
1785821060.191,0.000,WAIT,idle,-1,0,0.002,-0.052,0.001,0.005,0.004,-0.007,1.5450
1785821060.291,0.000,WAIT,idle,-1,0,0.003,-0.051,0.001,0.007,0.006,-0.008,1.5450
1785821060.391,0.000,WAIT,idle,-1,0,0.004,-0.051,0.000,0.011,0.007,-0.009,1.5453
1785821060.491,0.000,WAIT,idle,-1,0,0.005,-0.050,-0.000,0.013,0.008,-0.009,1.5451
1785821060.591,0.000,WAIT,idle,-1,0,0.006,-0.050,-0.001,0.012,0.009,-0.009,1.5452
1785821060.691,0.000,WAIT,idle,-1,0,0.007,-0.049,-0.001,0.011,0.009,-0.008,1.5453
1785821060.791,0.000,WAIT,idle,-1,0,0.008,-0.049,-0.001,0.011,0.009,-0.007,1.5452
1785821060.891,0.000,WAIT,idle,-1,0,0.008,-0.049,-0.001,0.011,0.008,-0.005,1.5450
1785821060.991,0.000,WAIT,idle,-1,0,0.008,-0.049,-0.000,0.010,0.007,-0.002,1.5452
1785821061.091,0.000,WAIT,idle,-1,0,0.009,-0.049,0.000,0.013,0.009,-0.002,1.5453
1785821061.191,0.000,WAIT,idle,-1,0,0.009,-0.049,0.001,0.011,0.008,-0.003,1.5453
1785821061.291,0.000,WAIT,idle,-1,0,0.009,-0.049,0.001,0.011,0.006,-0.002,1.5453
1785821061.391,0.000,WAIT,idle,-1,0,0.009,-0.049,0.001,0.011,0.005,-0.001,1.5453
1785821061.491,0.000,WAIT,idle,-1,0,0.009,-0.049,0.002,0.010,0.007,-0.001,1.5452
1785821061.591,0.000,WAIT,idle,-1,0,0.008,-0.049,0.002,0.008,0.007,-0.001,1.5453
1785821061.691,0.000,WAIT,idle,-1,0,0.008,-0.049,0.003,0.009,0.008,-0.001,1.5453
1785821061.791,0.000,WAIT,idle,-1,0,0.008,-0.049,0.003,0.009,0.009,-0.003,1.5453
1785821061.891,0.000,WAIT,idle,-1,0,0.007,-0.049,0.003,0.008,0.010,-0.003,1.5453
1785821061.991,0.000,WAIT,idle,-1,0,0.007,-0.048,0.003,0.008,0.013,-0.006,1.5452
1785821062.091,0.000,WAIT,idle,-1,0,0.006,-0.048,0.003,0.007,0.012,-0.003,1.5452
1785821062.191,0.000,WAIT,idle,-1,0,0.006,-0.048,0.003,0.008,0.012,-0.001,1.5453
1785821062.291,0.000,WAIT,idle,-1,0,0.006,-0.047,0.003,0.008,0.012,-0.002,1.5453
1785821062.391,0.000,WAIT,idle,-1,0,0.006,-0.047,0.003,0.007,0.010,-0.002,1.5454
1785821062.491,0.000,WAIT,idle,-1,0,0.005,-0.047,0.003,0.005,0.010,-0.004,1.5454
1785821062.591,0.000,WAIT,idle,-1,0,0.005,-0.048,0.003,0.006,0.008,-0.003,1.5456
1785821062.691,0.000,WAIT,idle,-1,0,0.004,-0.048,0.003,0.004,0.005,-0.002,1.5457
1785821062.791,0.000,WAIT,idle,-1,0,0.004,-0.049,0.003,0.003,0.005,-0.001,1.5457
1785821062.891,0.000,WAIT,idle,-1,0,0.004,-0.049,0.003,0.003,0.003,-0.003,1.5456
1785821062.991,0.000,WAIT,idle,-1,0,0.004,-0.050,0.002,0.003,0.003,-0.002,1.5456
1785821063.091,0.000,WAIT,idle,-1,0,0.004,-0.050,0.002,0.001,0.001,-0.001,1.5456
1785821063.191,0.000,WAIT,idle,-1,0,0.004,-0.051,0.002,0.001,-0.001,-0.001,1.5456
1785821063.291,0.000,WAIT,idle,-1,0,0.004,-0.051,0.003,0.004,0.001,-0.001,1.5455
1785821063.391,0.000,WAIT,idle,-1,0,0.004,-0.051,0.003,0.002,0.001,-0.003,1.5454
1785821063.491,0.000,WAIT,idle,-1,0,0.004,-0.051,0.003,0.002,0.004,-0.002,1.5453
1785821063.591,0.000,WAIT,idle,-1,0,0.004,-0.051,0.003,0.002,0.004,-0.001,1.5453
1785821063.691,0.000,WAIT,idle,-1,0,0.004,-0.050,0.003,0.002,0.003,-0.002,1.5454
1785821063.791,0.000,WAIT,idle,-1,0,0.004,-0.050,0.003,0.002,0.002,-0.002,1.5457
1785821063.891,0.000,WAIT,idle,-1,0,0.004,-0.051,0.003,0.002,0.002,-0.000,1.5458
1785821063.991,0.000,WAIT,idle,-1,0,0.004,-0.051,0.003,0.003,0.002,-0.002,1.5457
1785821064.091,0.000,WAIT,idle,-1,0,0.004,-0.051,0.003,0.001,0.005,-0.004,1.5457
1785821064.191,0.000,WAIT,idle,-1,0,0.004,-0.051,0.003,0.001,0.006,-0.004,1.5454
1785821064.291,0.000,WAIT,idle,-1,0,0.004,-0.050,0.003,-0.000,0.005,-0.004,1.5456
1785821064.391,0.000,WAIT,idle,-1,0,0.004,-0.050,0.003,-0.000,0.004,-0.004,1.5455
1785821064.491,0.000,WAIT,idle,-1,0,0.003,-0.050,0.002,-0.002,0.002,-0.003,1.5456
1785821064.591,0.000,WAIT,idle,-1,0,0.003,-0.051,0.002,-0.003,-0.000,-0.001,1.5457
1785821064.691,0.000,WAIT,idle,-1,0,0.002,-0.051,0.003,-0.006,-0.002,-0.001,1.5459
1785821064.791,0.000,WAIT,idle,-1,0,0.002,-0.052,0.003,-0.005,0.001,0.000,1.5460
1785821064.891,0.000,WAIT,idle,-1,0,0.001,-0.052,0.003,-0.007,-0.001,-0.000,1.5462
1785821064.991,0.000,WAIT,idle,-1,0,0.001,-0.052,0.004,-0.008,-0.001,-0.001,1.5461
1785821065.091,0.000,WAIT,idle,-1,0,0.000,-0.052,0.004,-0.007,-0.001,0.001,1.5461
1785821065.191,0.000,WAIT,idle,-1,0,0.000,-0.052,0.004,-0.005,-0.002,0.000,1.5460
1785821065.291,0.000,WAIT,idle,-1,0,-0.000,-0.053,0.004,-0.006,-0.003,-0.001,1.5460
1785821065.391,0.000,WAIT,idle,-1,0,-0.000,-0.053,0.004,-0.004,-0.002,-0.002,1.5458
1785821065.491,0.000,WAIT,idle,-1,0,0.000,-0.053,0.003,-0.004,-0.002,-0.004,1.5459
1785821065.591,0.000,WAIT,idle,-1,0,0.000,-0.053,0.003,-0.003,0.000,-0.003,1.5459
1785821065.691,0.000,WAIT,idle,-1,0,0.000,-0.053,0.002,-0.001,-0.000,-0.001,1.5460
1785821065.791,0.000,WAIT,idle,-1,0,0.001,-0.053,0.003,0.001,-0.001,0.000,1.5461
1785821065.891,0.000,WAIT,idle,-1,0,0.001,-0.053,0.003,0.001,-0.004,0.002,1.5459
1785821065.991,0.000,WAIT,idle,-1,0,0.002,-0.053,0.003,-0.001,-0.006,-0.001,1.5461
1785821066.091,0.000,WAIT,idle,-1,0,0.002,-0.054,0.003,-0.001,-0.007,-0.001,1.5461
1785821066.191,0.000,WAIT,idle,-1,0,0.002,-0.054,0.003,-0.001,-0.008,0.000,1.5461
1785821066.291,0.000,WAIT,idle,-1,0,0.002,-0.055,0.003,-0.002,-0.007,-0.001,1.5461
1785821066.391,0.000,WAIT,idle,-1,0,0.002,-0.055,0.003,-0.001,-0.004,-0.002,1.5460
1785821066.491,0.000,WAIT,idle,-1,0,0.002,-0.055,0.003,0.000,-0.004,-0.002,1.5459
1785821066.591,0.000,WAIT,idle,-1,0,0.002,-0.054,0.003,0.000,-0.003,-0.002,1.5459
1785821066.691,0.000,WAIT,idle,-1,0,0.002,-0.054,0.003,0.002,-0.006,-0.003,1.5460
1785821066.791,0.000,WAIT,idle,-1,0,0.003,-0.055,0.003,0.004,-0.007,-0.003,1.5462
1785821066.891,0.000,WAIT,idle,-1,0,0.003,-0.055,0.003,0.003,-0.005,-0.004,1.5463
1785821066.991,0.000,WAIT,idle,-1,0,0.003,-0.054,0.002,0.002,-0.003,-0.003,1.5464
1785821067.091,0.000,WAIT,idle,-1,0,0.003,-0.054,0.003,0.003,-0.005,-0.001,1.5465
1785821067.191,0.000,WAIT,idle,-1,0,0.003,-0.054,0.003,0.004,-0.003,-0.000,1.5465
1785821067.291,0.000,WAIT,idle,-1,0,0.003,-0.054,0.004,0.003,-0.004,0.000,1.5466
1785821067.391,0.000,WAIT,idle,-1,0,0.004,-0.054,0.004,0.003,-0.005,0.002,1.5465
1785821067.491,0.000,WAIT,idle,-1,0,0.004,-0.054,0.005,0.003,-0.004,0.003,1.5466
1785821067.591,0.000,WAIT,idle,-1,0,0.004,-0.054,0.005,0.005,-0.002,0.002,1.5467
1785821067.691,0.000,WAIT,idle,-1,0,0.004,-0.053,0.005,0.006,-0.001,0.002,1.5467
1785821067.791,0.000,WAIT,idle,-1,0,0.004,-0.053,0.006,0.006,0.002,0.002,1.5468
1785821067.891,0.000,WAIT,idle,-1,0,0.004,-0.052,0.006,0.006,-0.000,0.002,1.5467
1785821067.991,0.000,WAIT,idle,-1,0,0.005,-0.052,0.005,0.005,0.000,0.002,1.5467
1785821068.091,0.000,WAIT,idle,-1,0,0.005,-0.052,0.005,0.003,-0.002,-0.001,1.5469
1785821068.191,0.000,WAIT,idle,-1,0,0.005,-0.052,0.004,0.004,-0.002,-0.001,1.5471
1785821068.291,0.000,WAIT,idle,-1,0,0.004,-0.053,0.004,0.003,-0.002,-0.002,1.5470
1785821068.391,0.000,WAIT,idle,-1,0,0.004,-0.053,0.003,0.004,-0.006,-0.002,1.5471
1785821068.491,0.000,WAIT,idle,-1,0,0.004,-0.054,0.003,0.003,-0.006,0.001,1.5471
1785821068.591,0.000,WAIT,idle,-1,0,0.004,-0.054,0.003,0.002,-0.007,0.000,1.5474
1785821068.691,0.000,WAIT,idle,-1,0,0.004,-0.054,0.003,0.002,-0.007,0.002,1.5476
1785821068.791,0.000,WAIT,idle,-1,0,0.004,-0.055,0.003,0.001,-0.007,0.001,1.5477
1785821068.891,0.000,WAIT,idle,-1,0,0.003,-0.055,0.002,0.002,-0.006,0.002,1.5477
1785821068.991,0.000,WAIT,idle,-1,0,0.004,-0.055,0.002,0.003,-0.006,0.003,1.5476
1785821069.091,0.000,WAIT,idle,-1,0,0.004,-0.055,0.003,0.003,-0.006,0.005,1.5476
1785821069.191,0.000,WAIT,idle,-1,0,0.004,-0.055,0.003,0.002,-0.006,0.004,1.5476
1785821069.291,0.000,WAIT,idle,-1,0,0.005,-0.055,0.003,0.003,-0.004,0.003,1.5476
1785821069.391,0.000,WAIT,idle,-1,0,0.005,-0.054,0.003,0.001,-0.005,0.004,1.5476
1785821069.491,0.000,WAIT,idle,-1,0,0.005,-0.054,0.003,0.004,-0.002,0.005,1.5476
1785821069.591,0.000,WAIT,idle,-1,0,0.005,-0.054,0.003,0.003,-0.001,0.003,1.5475
1785821069.691,0.000,WAIT,idle,-1,0,0.006,-0.053,0.004,0.004,-0.001,0.004,1.5473
1785821069.791,0.000,WAIT,idle,-1,0,0.006,-0.053,0.004,0.004,0.002,0.002,1.5476
1785821069.891,0.000,WAIT,idle,-1,0,0.006,-0.052,0.004,0.006,0.002,0.003,1.5477
1785821069.991,0.000,WAIT,idle,-1,0,0.006,-0.052,0.004,0.006,0.003,0.001,1.5477
1785821070.091,0.000,WAIT,idle,-1,0,0.006,-0.052,0.005,0.004,0.003,0.002,1.5477
1785821070.191,0.000,WAIT,idle,-1,0,0.006,-0.051,0.005,0.004,0.003,0.001,1.5479
1785821070.291,0.000,WAIT,idle,-1,0,0.006,-0.051,0.005,0.003,0.002,0.001,1.5478
1785821070.391,0.000,WAIT,idle,-1,0,0.005,-0.051,0.005,0.002,0.003,0.001,1.5476
1785821070.491,0.000,WAIT,idle,-1,0,0.005,-0.051,0.006,0.002,0.002,0.001,1.5477
1785821070.591,0.000,WAIT,idle,-1,0,0.005,-0.051,0.006,0.001,0.002,0.002,1.5476
1785821070.691,0.000,WAIT,idle,-1,0,0.005,-0.051,0.006,0.001,0.005,0.005,1.5476
1785821070.791,0.000,WAIT,idle,-1,0,0.004,-0.051,0.006,0.002,0.004,0.006,1.5476
1785821070.891,0.000,WAIT,idle,-1,0,0.005,-0.051,0.007,0.004,0.004,0.006,1.5477
1785821070.991,0.000,WAIT,idle,-1,0,0.005,-0.051,0.008,0.004,0.005,0.009,1.5478
1785821071.091,0.000,WAIT,idle,-1,0,0.005,-0.051,0.008,0.003,0.005,0.009,1.5480
1785821071.191,0.000,WAIT,idle,-1,0,0.004,-0.051,0.009,0.002,0.006,0.008,1.5481
1785821071.291,0.000,WAIT,idle,-1,0,0.004,-0.051,0.009,0.001,0.005,0.007,1.5481
1785821071.391,0.000,WAIT,idle,-1,0,0.004,-0.050,0.009,-0.001,0.005,0.004,1.5481
1785821071.491,0.000,WAIT,idle,-1,0,0.003,-0.050,0.008,-0.003,0.004,0.004,1.5481
1785821071.591,0.000,WAIT,idle,-1,0,0.003,-0.050,0.008,-0.004,0.004,0.006,1.5481
1785821071.691,0.000,WAIT,idle,-1,0,0.002,-0.050,0.008,-0.009,0.004,0.004,1.5481
1785821071.791,0.000,WAIT,idle,-1,0,0.000,-0.050,0.007,-0.012,0.008,0.002,1.5482
1785821071.891,0.000,WAIT,idle,-1,0,-0.001,-0.050,0.007,-0.012,0.010,-0.001,1.5482
1785821071.991,0.000,WAIT,idle,-1,0,-0.001,-0.049,0.007,-0.011,0.007,0.000,1.5483
1785821072.091,0.000,WAIT,idle,-1,0,-0.002,-0.049,0.007,-0.012,0.007,0.003,1.5484
1785821072.191,0.000,WAIT,idle,-1,0,-0.002,-0.049,0.007,-0.012,0.006,0.002,1.5484
1785821072.291,0.000,WAIT,idle,-1,0,-0.002,-0.049,0.007,-0.012,0.003,0.002,1.5485
1785821072.391,0.000,WAIT,idle,-1,0,-0.002,-0.050,0.007,-0.012,0.005,0.000,1.5485
1785821072.491,0.000,WAIT,idle,-1,0,-0.002,-0.050,0.006,-0.010,0.004,-0.000,1.5486
1785821072.591,0.000,WAIT,idle,-1,0,-0.002,-0.050,0.006,-0.011,0.004,0.000,1.5486
1785821072.691,0.000,WAIT,idle,-1,0,-0.002,-0.051,0.006,-0.008,0.003,0.001,1.5488
1785821072.791,0.000,WAIT,idle,-1,0,-0.002,-0.051,0.005,-0.008,0.003,0.002,1.5492
1785821072.891,0.000,WAIT,idle,-1,0,-0.001,-0.051,0.005,-0.008,0.004,0.003,1.5493
1785821072.991,0.000,WAIT,idle,-1,0,-0.001,-0.051,0.005,-0.006,0.002,0.003,1.5492
1785821073.091,0.000,WAIT,idle,-1,0,-0.000,-0.051,0.005,-0.006,0.003,0.004,1.5493
1785821073.191,0.000,WAIT,idle,-1,0,0.001,-0.051,0.005,-0.004,0.004,0.003,1.5493
1785821073.291,0.000,WAIT,idle,-1,0,0.002,-0.050,0.005,-0.004,0.002,0.002,1.5493
1785821073.391,0.000,WAIT,idle,-1,0,0.002,-0.050,0.005,-0.003,0.004,0.002,1.5490
1785821073.491,0.000,WAIT,idle,-1,0,0.003,-0.050,0.004,-0.004,0.005,0.000,1.5491
1785821073.591,0.000,WAIT,idle,-1,0,0.003,-0.050,0.004,-0.003,0.006,-0.001,1.5488
1785821073.691,0.000,WAIT,idle,-1,0,0.003,-0.049,0.003,-0.005,0.008,-0.000,1.5488
1785821073.791,0.000,WAIT,idle,-1,0,0.003,-0.049,0.003,-0.005,0.008,0.001,1.5490
1785821073.891,0.000,WAIT,idle,-1,0,0.003,-0.048,0.003,-0.006,0.007,0.001,1.5492
1785821073.991,0.000,WAIT,idle,-1,0,0.003,-0.048,0.004,-0.004,0.008,0.001,1.5494
1785821074.091,0.000,WAIT,idle,-1,0,0.004,-0.048,0.004,-0.003,0.007,0.001,1.5494
1785821074.191,0.000,WAIT,idle,-1,0,0.004,-0.048,0.004,-0.002,0.010,0.002,1.5494
1785821074.291,0.000,WAIT,idle,-1,0,0.004,-0.048,0.004,-0.006,0.009,0.002,1.5496
1785821074.391,0.000,WAIT,idle,-1,0,0.004,-0.048,0.005,-0.006,0.009,0.005,1.5497
1785821074.491,0.000,WAIT,idle,-1,0,0.004,-0.048,0.005,-0.006,0.009,0.005,1.5497
1785821074.591,0.000,WAIT,idle,-1,0,0.003,-0.048,0.006,-0.006,0.011,0.006,1.5497
1785821074.691,0.000,WAIT,idle,-1,0,0.003,-0.047,0.007,-0.006,0.010,0.005,1.5496
1785821074.791,0.000,WAIT,idle,-1,0,0.003,-0.047,0.007,-0.005,0.009,0.005,1.5497
1785821074.891,0.000,WAIT,idle,-1,0,0.003,-0.048,0.008,-0.007,0.007,0.004,1.5498
1785821074.991,0.000,WAIT,idle,-1,0,0.003,-0.049,0.008,-0.006,0.004,0.004,1.5501
1785821075.091,0.000,WAIT,idle,-1,0,0.004,-0.050,0.009,-0.005,0.004,0.004,1.5500
1785821075.191,0.000,WAIT,idle,-1,0,0.004,-0.050,0.009,-0.005,0.005,0.005,1.5501
1785821075.291,0.000,WAIT,idle,-1,0,0.004,-0.051,0.010,-0.005,0.004,0.005,1.5500
1785821075.391,0.000,WAIT,idle,-1,0,0.004,-0.051,0.010,-0.004,0.002,0.003,1.5502
1785821075.491,0.000,WAIT,idle,-1,0,0.004,-0.051,0.010,-0.003,0.003,0.002,1.5502
1785821075.591,0.000,WAIT,idle,-1,0,0.004,-0.052,0.009,-0.004,0.002,0.002,1.5500
1785821075.691,0.000,WAIT,idle,-1,0,0.004,-0.051,0.009,-0.005,0.003,0.002,1.5499
1785821075.791,0.000,WAIT,idle,-1,0,0.004,-0.051,0.008,-0.003,0.004,0.002,1.5498
1785821075.891,0.000,WAIT,idle,-1,0,0.005,-0.050,0.007,-0.002,0.005,0.003,1.5498
1785821075.991,0.000,WAIT,idle,-1,0,0.005,-0.050,0.006,-0.002,0.005,0.001,1.5498
1785821076.091,0.000,WAIT,idle,-1,0,0.005,-0.049,0.005,-0.004,0.005,-0.001,1.5502
1785821076.191,0.000,WAIT,idle,-1,0,0.004,-0.049,0.004,-0.003,0.004,-0.001,1.5501
1785821076.291,0.000,WAIT,idle,-1,0,0.004,-0.049,0.004,-0.007,0.004,-0.002,1.5499
1785821076.391,0.000,WAIT,idle,-1,0,0.003,-0.048,0.003,-0.010,0.006,-0.001,1.5500
1785821076.491,0.000,WAIT,idle,-1,0,0.002,-0.048,0.003,-0.010,0.008,-0.000,1.5501
1785821076.591,0.000,WAIT,idle,-1,0,0.001,-0.048,0.003,-0.013,0.007,0.001,1.5501
1785821076.691,0.000,WAIT,idle,-1,0,0.000,-0.048,0.004,-0.014,0.002,-0.000,1.5502
1785821076.791,0.000,WAIT,idle,-1,0,-0.000,-0.049,0.004,-0.012,0.000,0.001,1.5504
1785821076.891,0.000,WAIT,idle,-1,0,-0.000,-0.049,0.004,-0.013,0.000,-0.000,1.5505
1785821076.991,0.000,WAIT,idle,-1,0,-0.000,-0.050,0.004,-0.012,0.001,0.002,1.5505
1785821077.091,0.000,WAIT,idle,-1,0,0.000,-0.050,0.004,-0.012,-0.000,0.002,1.5506
1785821077.191,0.000,WAIT,idle,-1,0,0.000,-0.050,0.004,-0.011,0.002,0.001,1.5506
1785821077.291,0.000,WAIT,idle,-1,0,0.001,-0.051,0.004,-0.010,0.003,0.001,1.5505
1785821077.391,0.000,WAIT,idle,-1,0,0.000,-0.050,0.004,-0.014,0.005,-0.000,1.5504
1785821077.491,0.000,WAIT,idle,-1,0,0.000,-0.050,0.004,-0.011,0.004,0.000,1.5502
1785821077.591,0.000,WAIT,idle,-1,0,0.000,-0.051,0.004,-0.010,0.002,-0.002,1.5501
1785821077.691,0.000,WAIT,idle,-1,0,0.000,-0.051,0.003,-0.010,0.004,-0.004,1.5502
1785821077.791,0.000,WAIT,idle,-1,0,0.000,-0.051,0.003,-0.009,0.002,-0.003,1.5502
1785821077.891,0.000,WAIT,idle,-1,0,-0.000,-0.051,0.003,-0.009,0.001,-0.001,1.5501
1785821077.991,0.000,WAIT,idle,-1,0,-0.000,-0.052,0.003,-0.007,0.000,0.001,1.5500
1785821078.091,0.000,WAIT,idle,-1,0,-0.000,-0.052,0.003,-0.010,-0.001,0.001,1.5500
1785821078.191,0.000,WAIT,idle,-1,0,-0.000,-0.052,0.004,-0.012,-0.001,0.004,1.5500
1785821078.291,0.000,WAIT,idle,-1,0,-0.001,-0.052,0.004,-0.013,-0.002,0.004,1.5500
1785821078.391,0.000,WAIT,idle,-1,0,-0.002,-0.053,0.005,-0.012,-0.003,0.004,1.5500
1785821078.491,0.000,WAIT,idle,-1,0,-0.002,-0.053,0.005,-0.012,-0.001,0.004,1.5500
1785821078.591,0.000,WAIT,idle,-1,0,-0.002,-0.053,0.005,-0.010,-0.001,0.003,1.5500
1785821078.691,0.000,WAIT,idle,-1,0,-0.002,-0.053,0.005,-0.008,-0.001,0.001,1.5501
1785821078.791,0.000,WAIT,idle,-1,0,-0.001,-0.053,0.005,-0.006,0.001,0.001,1.5503
1785821078.891,0.000,WAIT,idle,-1,0,-0.000,-0.053,0.004,-0.003,0.001,0.001,1.5502
1785821078.991,0.000,WAIT,idle,-1,0,0.001,-0.052,0.004,0.000,0.004,-0.001,1.5500
1785821079.091,0.000,WAIT,idle,-1,0,0.002,-0.052,0.004,0.003,0.004,-0.001,1.5502
1785821079.191,0.000,WAIT,idle,-1,0,0.003,-0.051,0.003,0.004,0.005,-0.003,1.5502
1785821079.291,0.000,WAIT,idle,-1,0,0.004,-0.051,0.003,0.004,0.004,-0.004,1.5502
1785821079.391,0.000,WAIT,idle,-1,0,0.005,-0.051,0.002,0.003,0.005,-0.005,1.5500
1785821079.491,0.000,WAIT,idle,-1,0,0.006,-0.051,0.002,0.003,0.007,-0.005,1.5502
1785821079.591,0.000,WAIT,idle,-1,0,0.007,-0.050,0.001,0.003,0.006,-0.003,1.5501
1785821079.691,0.000,WAIT,idle,-1,0,0.007,-0.050,0.001,0.004,0.006,-0.002,1.5500
1785821079.791,0.000,WAIT,idle,-1,0,0.008,-0.050,0.001,0.004,0.005,-0.002,1.5499
1785821079.891,0.000,WAIT,idle,-1,0,0.008,-0.050,0.001,0.004,0.004,-0.002,1.5500
1785821079.991,0.000,WAIT,idle,-1,0,0.008,-0.050,0.001,0.005,0.005,-0.003,1.5500
1785821080.091,0.000,WAIT,idle,-1,0,0.008,-0.050,0.001,0.002,0.003,-0.003,1.5498
1785821080.191,0.000,WAIT,idle,-1,0,0.008,-0.050,0.002,0.001,-0.000,-0.002,1.5495
1785821080.291,0.000,WAIT,idle,-1,0,0.007,-0.051,0.002,0.000,-0.003,-0.002,1.5494
1785821080.391,0.000,WAIT,idle,-1,0,0.007,-0.052,0.002,0.001,-0.001,-0.005,1.5493
1785821080.491,0.000,WAIT,idle,-1,0,0.007,-0.053,0.002,0.002,-0.000,-0.004,1.5493
1785821080.591,0.000,WAIT,idle,-1,0,0.007,-0.053,0.002,0.005,0.002,-0.003,1.5494
1785821080.691,0.000,WAIT,idle,-1,0,0.007,-0.052,0.002,0.006,0.002,-0.003,1.5496
1785821080.791,0.000,WAIT,idle,-1,0,0.007,-0.052,0.002,0.007,0.002,-0.001,1.5494
1785821080.891,0.000,WAIT,idle,-1,0,0.007,-0.052,0.003,0.005,0.000,-0.001,1.5493
1785821080.991,0.000,WAIT,idle,-1,0,0.007,-0.052,0.003,0.002,-0.001,-0.001,1.5496
1785821081.091,0.000,WAIT,idle,-1,0,0.006,-0.053,0.003,0.005,-0.002,-0.001,1.5496
1785821081.191,0.000,WAIT,idle,-1,0,0.006,-0.053,0.003,0.003,-0.003,0.000,1.5492
1785821081.291,0.000,WAIT,idle,-1,0,0.005,-0.053,0.003,0.001,-0.003,0.001,1.5492
1785821081.391,0.000,WAIT,idle,-1,0,0.005,-0.054,0.003,-0.002,-0.003,-0.000,1.5492
1785821081.491,0.000,WAIT,idle,-1,0,0.004,-0.054,0.003,-0.004,-0.002,-0.001,1.5493
1785821081.591,0.000,WAIT,idle,-1,0,0.003,-0.054,0.003,-0.003,-0.004,-0.001,1.5494
1785821081.691,0.000,WAIT,idle,-1,0,0.002,-0.054,0.003,-0.003,-0.002,-0.001,1.5495
1785821081.791,0.000,WAIT,idle,-1,0,0.002,-0.054,0.003,-0.005,-0.002,-0.002,1.5494
1785821081.891,0.000,WAIT,idle,-1,0,0.001,-0.054,0.003,-0.005,-0.001,-0.002,1.5493
1785821081.991,0.000,WAIT,idle,-1,0,0.001,-0.054,0.003,-0.004,0.003,-0.001,1.5492
1785821082.091,0.000,WAIT,idle,-1,0,0.001,-0.053,0.003,-0.003,0.003,-0.001,1.5492
1785821082.191,0.000,WAIT,idle,-1,0,0.001,-0.052,0.003,-0.005,0.006,-0.000,1.5491
1785821082.291,0.000,WAIT,idle,-1,0,0.001,-0.051,0.003,-0.007,0.008,0.001,1.5492
1785821082.391,0.000,WAIT,idle,-1,0,0.000,-0.050,0.003,-0.005,0.009,0.001,1.5492
1785821082.491,0.000,WAIT,idle,-1,0,0.000,-0.050,0.003,-0.006,0.009,-0.001,1.5492
1785821082.591,0.000,WAIT,idle,-1,0,-0.000,-0.049,0.003,-0.006,0.011,-0.004,1.5492
1785821082.691,0.000,WAIT,idle,-1,0,-0.000,-0.048,0.002,-0.007,0.013,-0.005,1.5492
1785821082.791,0.000,WAIT,idle,-1,0,-0.001,-0.048,0.001,-0.006,0.012,-0.005,1.5493
1785821082.891,0.000,WAIT,idle,-1,0,-0.001,-0.048,0.001,-0.009,0.012,-0.004,1.5492
1785821082.991,0.000,WAIT,idle,-1,0,-0.001,-0.048,0.001,-0.011,0.010,-0.004,1.5491
1785821083.091,0.000,WAIT,idle,-1,0,-0.001,-0.048,0.000,-0.012,0.010,-0.007,1.5492
1785821083.191,0.000,WAIT,idle,-1,0,-0.001,-0.049,-0.001,-0.010,0.010,-0.008,1.5492
1785821083.291,0.000,WAIT,idle,-1,0,-0.001,-0.049,-0.001,-0.011,0.011,-0.011,1.5491
1785821083.391,0.000,WAIT,idle,-1,0,-0.001,-0.049,-0.002,-0.010,0.010,-0.012,1.5490
1785821083.491,0.000,WAIT,idle,-1,0,-0.001,-0.049,-0.003,-0.008,0.008,-0.010,1.5489
1785821083.591,0.000,WAIT,idle,-1,0,-0.001,-0.050,-0.003,-0.002,0.006,-0.010,1.5488
1785821083.691,0.000,WAIT,idle,-1,0,0.000,-0.050,-0.003,-0.001,0.007,-0.011,1.5488
1785821083.791,0.000,WAIT,idle,-1,0,0.001,-0.050,-0.004,-0.002,0.005,-0.010,1.5488
1785821083.891,0.000,WAIT,idle,-1,0,0.001,-0.051,-0.004,-0.002,0.004,-0.010,1.5487
1785821083.991,0.000,WAIT,idle,-1,0,0.002,-0.051,-0.004,-0.002,0.002,-0.008,1.5486
1785821084.091,0.000,WAIT,idle,-1,0,0.002,-0.052,-0.003,-0.000,0.000,-0.008,1.5485
1785821084.191,0.000,WAIT,idle,-1,0,0.003,-0.053,-0.003,-0.002,0.001,-0.005,1.5485
1785821084.291,0.000,WAIT,idle,-1,0,0.003,-0.053,-0.003,-0.002,0.001,-0.006,1.5485
1785821084.391,0.000,WAIT,idle,-1,0,0.003,-0.053,-0.003,-0.002,0.004,-0.005,1.5484
1785821084.491,0.000,WAIT,idle,-1,0,0.003,-0.053,-0.002,-0.002,0.006,-0.007,1.5485
1785821084.591,0.000,WAIT,idle,-1,0,0.003,-0.052,-0.002,-0.002,0.006,-0.006,1.5485
1785821084.691,0.000,WAIT,idle,-1,0,0.003,-0.052,-0.002,0.001,0.006,-0.004,1.5485
1785821084.791,0.000,WAIT,idle,-1,0,0.003,-0.052,-0.001,-0.000,0.005,-0.001,1.5485
1785821084.891,0.000,WAIT,idle,-1,0,0.003,-0.052,-0.001,-0.001,0.006,-0.003,1.5483
1785821084.991,0.000,WAIT,idle,-1,0,0.003,-0.051,-0.001,-0.002,0.007,0.000,1.5480
1785821085.091,0.000,WAIT,idle,-1,0,0.003,-0.051,-0.000,0.001,0.006,0.001,1.5481
1785821085.191,0.000,WAIT,idle,-1,0,0.003,-0.051,0.000,0.000,0.005,0.002,1.5482
1785821085.291,0.000,WAIT,idle,-1,0,0.003,-0.051,0.000,-0.001,0.002,0.002,1.5481
1785821085.391,0.000,WAIT,idle,-1,0,0.003,-0.051,0.000,-0.002,0.003,0.002,1.5479
1785821085.491,0.000,WAIT,idle,-1,0,0.002,-0.051,0.000,-0.002,0.003,0.001,1.5478
1785821085.591,0.000,WAIT,idle,-1,0,0.002,-0.051,0.000,-0.002,0.004,-0.000,1.5477
1785821085.691,0.000,WAIT,idle,-1,0,0.002,-0.051,0.000,-0.003,0.004,-0.001,1.5476
1785821085.791,0.000,WAIT,idle,-1,0,0.001,-0.051,0.000,-0.004,0.004,0.000,1.5476
1785821085.891,0.000,WAIT,idle,-1,0,0.001,-0.051,0.001,-0.003,0.006,0.001,1.5477
1785821085.991,0.000,WAIT,idle,-1,0,0.001,-0.051,0.001,-0.004,0.006,0.002,1.5478
1785821086.091,0.000,WAIT,idle,-1,0,0.001,-0.050,0.002,-0.004,0.006,0.002,1.5479
1785821086.191,0.000,WAIT,idle,-1,0,0.001,-0.050,0.002,-0.003,0.007,0.004,1.5479
1785821086.291,0.000,WAIT,idle,-1,0,0.001,-0.050,0.002,-0.003,0.007,0.005,1.5478
1785821086.391,0.000,WAIT,idle,-1,0,0.001,-0.050,0.003,-0.001,0.006,0.006,1.5477
1785821086.491,0.000,WAIT,idle,-1,0,0.001,-0.050,0.003,0.000,0.007,0.006,1.5476
1785821086.591,0.000,WAIT,idle,-1,0,0.001,-0.050,0.004,0.001,0.005,0.004,1.5476
1785821086.691,0.000,WAIT,idle,-1,0,0.002,-0.050,0.004,0.000,0.006,0.005,1.5476
1785821086.791,0.000,WAIT,idle,-1,0,0.002,-0.050,0.003,-0.000,0.009,0.004,1.5475
1785821086.891,0.000,WAIT,idle,-1,0,0.002,-0.049,0.003,-0.001,0.007,0.007,1.5472
1785821086.991,0.000,WAIT,idle,-1,0,0.001,-0.049,0.003,-0.003,0.006,0.009,1.5472
1785821087.091,0.000,WAIT,idle,-1,0,0.001,-0.049,0.004,-0.002,0.006,0.008,1.5470
1785821087.191,0.000,WAIT,idle,-1,0,0.001,-0.049,0.004,-0.004,0.006,0.007,1.5471
1785821087.291,0.000,WAIT,idle,-1,0,0.000,-0.049,0.004,-0.002,0.005,0.007,1.5470
1785821087.391,0.000,WAIT,idle,-1,0,0.000,-0.050,0.005,-0.000,0.003,0.008,1.5471
1785821087.491,0.000,WAIT,idle,-1,0,0.001,-0.050,0.006,0.000,0.001,0.008,1.5470
1785821087.591,0.000,WAIT,idle,-1,0,0.001,-0.051,0.006,0.000,0.000,0.009,1.5470
1785821087.691,0.000,WAIT,idle,-1,0,0.001,-0.051,0.007,-0.002,-0.002,0.009,1.5470
1785821087.791,0.000,WAIT,idle,-1,0,0.000,-0.052,0.008,-0.004,0.000,0.008,1.5469
1785821087.891,0.000,WAIT,idle,-1,0,0.000,-0.052,0.008,-0.004,0.002,0.007,1.5468
1785821087.991,0.000,WAIT,idle,-1,0,0.001,-0.052,0.009,-0.001,0.000,0.007,1.5471
1785821088.091,0.000,WAIT,idle,-1,0,0.001,-0.052,0.009,-0.001,0.002,0.007,1.5471
1785821088.191,0.000,WAIT,idle,-1,0,0.002,-0.052,0.009,-0.001,0.002,0.006,1.5470
1785821088.291,0.000,WAIT,idle,-1,0,0.002,-0.052,0.009,0.001,0.000,0.005,1.5468
1785821088.391,0.000,WAIT,idle,-1,0,0.003,-0.052,0.009,0.000,0.000,0.007,1.5469
1785821088.491,0.000,WAIT,idle,-1,0,0.003,-0.052,0.009,-0.002,-0.002,0.005,1.5470
1785821088.591,0.000,WAIT,idle,-1,0,0.004,-0.052,0.009,-0.002,-0.001,0.002,1.5472
1785821088.691,0.000,WAIT,idle,-1,0,0.004,-0.052,0.009,-0.002,0.001,0.001,1.5471
1785821088.791,0.000,WAIT,idle,-1,0,0.003,-0.052,0.009,-0.003,-0.001,-0.000,1.5470
1785821088.891,0.000,WAIT,idle,-1,0,0.003,-0.051,0.009,-0.003,-0.000,0.002,1.5470
1785821088.991,0.000,WAIT,idle,-1,0,0.003,-0.051,0.009,-0.001,-0.002,0.002,1.5468
1785821089.091,0.000,WAIT,idle,-1,0,0.003,-0.051,0.009,-0.000,-0.002,0.000,1.5466
1785821089.191,0.000,WAIT,idle,-1,0,0.003,-0.051,0.009,-0.001,-0.002,0.001,1.5467
1785821089.291,0.000,WAIT,idle,-1,0,0.003,-0.051,0.009,-0.004,-0.003,0.001,1.5467
1785821089.391,0.000,WAIT,idle,-1,0,0.002,-0.051,0.009,-0.004,-0.002,0.000,1.5468
1785821089.491,0.000,WAIT,idle,-1,0,0.002,-0.051,0.008,-0.004,-0.001,0.000,1.5466
1785821089.591,0.000,WAIT,idle,-1,0,0.002,-0.051,0.008,-0.004,-0.002,0.000,1.5467
1785821089.691,0.000,WAIT,idle,-1,0,0.001,-0.051,0.008,-0.004,-0.003,0.001,1.5466
1785821089.791,0.000,WAIT,idle,-1,0,0.001,-0.051,0.008,-0.004,-0.001,0.001,1.5466
1785821089.891,0.000,WAIT,idle,-1,0,0.001,-0.051,0.007,-0.002,-0.004,0.003,1.5466
1785821089.991,0.000,WAIT,idle,-1,0,0.001,-0.051,0.007,-0.001,-0.003,0.003,1.5467
1785821090.091,0.000,WAIT,idle,-1,0,0.001,-0.052,0.007,0.001,-0.003,0.004,1.5466
1785821090.191,0.000,WAIT,idle,-1,0,0.002,-0.052,0.006,0.000,-0.004,0.004,1.5464
1785821090.291,0.000,WAIT,idle,-1,0,0.002,-0.052,0.006,0.002,-0.004,0.003,1.5463
1785821090.391,0.000,WAIT,idle,-1,0,0.002,-0.052,0.006,0.003,-0.005,0.003,1.5462
1785821090.491,0.000,WAIT,idle,-1,0,0.003,-0.052,0.005,0.004,-0.004,0.004,1.5461
1785821090.591,0.000,WAIT,idle,-1,0,0.003,-0.053,0.004,0.005,-0.006,0.003,1.5461
1785821090.691,0.000,WAIT,idle,-1,0,0.003,-0.053,0.004,0.003,-0.005,0.004,1.5462
1785821090.791,0.000,WAIT,idle,-1,0,0.003,-0.053,0.003,0.004,-0.004,0.004,1.5462
1785821090.891,0.000,WAIT,idle,-1,0,0.003,-0.053,0.003,0.006,-0.007,0.003,1.5464
1785821090.991,0.000,WAIT,idle,-1,0,0.003,-0.053,0.003,0.006,-0.008,0.003,1.5462
1785821091.091,0.000,WAIT,idle,-1,0,0.003,-0.054,0.003,0.007,-0.007,0.003,1.5462
1785821091.191,0.000,WAIT,idle,-1,0,0.004,-0.054,0.003,0.007,-0.005,0.003,1.5464
1785821091.291,0.000,WAIT,idle,-1,0,0.004,-0.054,0.003,0.008,-0.004,0.002,1.5467
1785821091.391,0.000,WAIT,idle,-1,0,0.004,-0.054,0.002,0.009,-0.005,0.003,1.5466
1785821091.491,0.000,WAIT,idle,-1,0,0.004,-0.053,0.002,0.009,-0.004,0.001,1.5466
1785821091.591,0.000,WAIT,idle,-1,0,0.005,-0.054,0.002,0.008,-0.007,0.003,1.5465
1785821091.691,0.000,WAIT,idle,-1,0,0.005,-0.054,0.002,0.006,-0.007,0.004,1.5467
1785821091.791,0.000,WAIT,idle,-1,0,0.004,-0.054,0.002,0.007,-0.008,0.005,1.5468
1785821091.891,0.000,WAIT,idle,-1,0,0.004,-0.054,0.002,0.009,-0.009,0.007,1.5469
1785821091.991,0.000,WAIT,idle,-1,0,0.005,-0.053,0.003,0.010,-0.009,0.007,1.5470
1785821092.091,0.000,WAIT,idle,-1,0,0.005,-0.053,0.003,0.009,-0.010,0.005,1.5471
1785821092.191,0.000,WAIT,idle,-1,0,0.005,-0.053,0.003,0.009,-0.006,0.002,1.5472
1785821092.291,0.000,WAIT,idle,-1,0,0.005,-0.052,0.003,0.010,-0.006,0.003,1.5473
1785821092.391,0.000,WAIT,idle,-1,0,0.005,-0.052,0.002,0.007,-0.004,0.002,1.5472
1785821092.491,0.000,WAIT,idle,-1,0,0.005,-0.051,0.002,0.005,-0.002,0.003,1.5473
1785821092.591,0.000,WAIT,idle,-1,0,0.004,-0.050,0.002,0.004,-0.003,0.002,1.5473
1785821092.691,0.000,WAIT,idle,-1,0,0.004,-0.050,0.002,0.004,-0.002,0.002,1.5474
1785821092.791,0.000,WAIT,idle,-1,0,0.004,-0.050,0.002,0.003,-0.000,0.002,1.5474
1785821092.891,0.000,WAIT,idle,-1,0,0.003,-0.050,0.002,0.002,-0.001,0.003,1.5475
1785821092.991,0.000,WAIT,idle,-1,0,0.003,-0.050,0.002,0.002,0.000,0.001,1.5475
1785821093.091,0.000,WAIT,idle,-1,0,0.003,-0.050,0.002,0.001,-0.000,-0.001,1.5475
1785821093.191,0.000,WAIT,idle,-1,0,0.002,-0.050,0.001,0.001,0.000,-0.001,1.5473
1785821093.291,0.000,WAIT,idle,-1,0,0.002,-0.050,0.001,0.001,0.002,0.002,1.5472
1785821093.391,0.000,WAIT,idle,-1,0,0.002,-0.050,0.001,0.001,0.003,0.002,1.5472
1785821093.491,0.000,WAIT,idle,-1,0,0.002,-0.050,0.001,0.001,0.002,0.003,1.5471
1785821093.591,0.000,WAIT,idle,-1,0,0.002,-0.049,0.001,0.002,0.004,0.004,1.5470
1785821093.691,0.000,WAIT,idle,-1,0,0.002,-0.049,0.002,0.002,0.006,0.003,1.5469
1785821093.791,0.000,WAIT,idle,-1,0,0.002,-0.049,0.002,0.003,0.005,0.003,1.5470
1785821093.891,0.000,WAIT,idle,-1,0,0.002,-0.049,0.002,0.005,0.003,0.002,1.5468
1785821093.991,0.000,WAIT,idle,-1,0,0.002,-0.049,0.001,0.006,0.002,0.001,1.5468
1785821094.091,0.000,WAIT,idle,-1,0,0.003,-0.050,0.001,0.006,0.002,0.001,1.5468
1785821094.191,0.000,WAIT,idle,-1,0,0.003,-0.050,0.001,0.005,0.002,0.002,1.5468
1785821094.291,0.000,WAIT,idle,-1,0,0.003,-0.050,0.001,0.004,0.001,0.002,1.5467
1785821094.391,0.000,WAIT,idle,-1,0,0.003,-0.051,0.001,0.005,0.001,0.004,1.5470
1785821094.491,0.000,WAIT,idle,-1,0,0.003,-0.051,0.001,0.004,0.001,0.004,1.5471
1785821094.591,0.000,WAIT,idle,-1,0,0.003,-0.051,0.001,0.004,-0.003,0.003,1.5474
1785821094.691,0.000,WAIT,idle,-1,0,0.003,-0.052,0.001,0.005,0.000,0.001,1.5476
1785821094.791,0.000,WAIT,idle,-1,0,0.003,-0.052,0.001,0.005,0.001,-0.003,1.5477
1785821094.891,0.000,WAIT,idle,-1,0,0.003,-0.052,0.001,0.004,0.003,-0.003,1.5475
1785821094.991,0.000,WAIT,idle,-1,0,0.003,-0.052,0.001,0.004,0.003,-0.005,1.5473
1785821095.091,0.000,WAIT,idle,-1,0,0.003,-0.052,-0.000,0.003,0.003,-0.006,1.5473
1785821095.191,0.000,WAIT,idle,-1,0,0.003,-0.051,-0.001,0.002,0.003,-0.008,1.5472
1785821095.291,0.000,WAIT,idle,-1,0,0.003,-0.051,-0.002,0.001,0.005,-0.008,1.5472
1785821095.391,0.000,WAIT,idle,-1,0,0.003,-0.051,-0.003,0.001,0.004,-0.011,1.5471
1785821095.491,0.000,WAIT,idle,-1,0,0.003,-0.051,-0.004,0.003,0.004,-0.010,1.5470
1785821095.591,0.000,WAIT,idle,-1,0,0.003,-0.051,-0.004,0.004,0.006,-0.010,1.5470
1785821095.691,0.000,WAIT,idle,-1,0,0.003,-0.051,-0.005,0.000,0.007,-0.009,1.5471
1785821095.791,0.000,WAIT,idle,-1,0,0.003,-0.050,-0.005,0.000,0.006,-0.009,1.5471
1785821095.891,0.000,WAIT,idle,-1,0,0.002,-0.050,-0.005,-0.003,0.005,-0.008,1.5469
1785821095.991,0.000,WAIT,idle,-1,0,0.002,-0.050,-0.005,-0.005,0.006,-0.006,1.5468
1785821096.091,0.000,WAIT,idle,-1,0,0.001,-0.050,-0.004,-0.006,0.007,-0.004,1.5469
1785821096.191,0.000,WAIT,idle,-1,0,0.000,-0.050,-0.004,-0.002,0.007,-0.005,1.5468
1785821096.291,0.000,WAIT,idle,-1,0,0.000,-0.050,-0.003,-0.003,0.005,-0.005,1.5468
1785821096.391,0.000,WAIT,idle,-1,0,-0.000,-0.050,-0.003,-0.005,0.006,-0.003,1.5468
1785821096.491,0.000,WAIT,idle,-1,0,-0.000,-0.050,-0.002,-0.005,0.005,-0.001,1.5467
1785821096.591,0.000,WAIT,idle,-1,0,-0.001,-0.050,-0.002,-0.008,0.004,-0.002,1.5466
1785821096.691,0.000,WAIT,idle,-1,0,-0.001,-0.051,-0.001,-0.005,0.005,-0.002,1.5466
1785821096.791,0.000,WAIT,idle,-1,0,-0.000,-0.051,-0.001,-0.005,0.003,-0.002,1.5465
1785821096.891,0.000,WAIT,idle,-1,0,0.000,-0.051,-0.001,-0.004,0.003,-0.004,1.5465
1785821096.991,0.000,WAIT,idle,-1,0,0.001,-0.051,-0.001,-0.002,0.001,-0.004,1.5467
1785821097.091,0.000,WAIT,idle,-1,0,0.002,-0.051,-0.000,0.000,0.002,-0.003,1.5465
1785821097.191,0.000,WAIT,idle,-1,0,0.002,-0.051,-0.000,0.001,0.001,-0.005,1.5464
1785821097.291,0.000,WAIT,idle,-1,0,0.003,-0.052,-0.001,0.000,-0.002,-0.004,1.5464
1785821097.391,0.000,WAIT,idle,-1,0,0.003,-0.052,-0.001,-0.001,-0.003,-0.004,1.5463
1785821097.491,0.000,WAIT,idle,-1,0,0.003,-0.053,-0.001,-0.003,-0.002,-0.003,1.5461
1785821097.591,0.000,WAIT,idle,-1,0,0.003,-0.053,-0.001,-0.003,-0.001,-0.005,1.5464
1785821097.691,0.000,WAIT,idle,-1,0,0.002,-0.053,-0.002,-0.003,0.000,-0.005,1.5463
1785821097.791,0.000,WAIT,idle,-1,0,0.002,-0.053,-0.002,-0.004,-0.002,-0.006,1.5465
1785821097.891,0.000,WAIT,idle,-1,0,0.002,-0.053,-0.003,-0.007,-0.001,-0.006,1.5465
1785821097.991,0.000,WAIT,idle,-1,0,0.001,-0.053,-0.002,-0.007,-0.001,-0.003,1.5463
1785821098.091,0.000,WAIT,idle,-1,0,0.000,-0.053,-0.002,-0.007,0.000,-0.004,1.5462
1785821098.191,0.000,WAIT,idle,-1,0,0.000,-0.052,-0.001,-0.004,0.003,-0.004,1.5463
1785821098.291,0.000,WAIT,idle,-1,0,0.000,-0.052,-0.000,-0.004,0.003,-0.003,1.5462
1785821098.391,0.000,WAIT,idle,-1,0,0.000,-0.051,0.000,-0.002,0.003,-0.002,1.5461
1785821098.491,0.000,WAIT,idle,-1,0,0.000,-0.051,0.001,-0.004,0.003,-0.002,1.5463
1785821098.591,0.000,WAIT,idle,-1,0,0.000,-0.051,0.001,-0.004,0.003,-0.002,1.5463
1785821098.691,0.000,WAIT,idle,-1,0,0.000,-0.051,0.001,-0.005,0.002,-0.001,1.5463
1785821098.791,0.000,WAIT,idle,-1,0,0.000,-0.051,0.002,-0.005,0.003,0.001,1.5463
1785821098.891,0.000,WAIT,idle,-1,0,0.000,-0.051,0.002,-0.005,0.003,0.001,1.5463
1785821098.991,0.000,WAIT,idle,-1,0,0.000,-0.051,0.003,-0.003,0.004,-0.000,1.5462
1785821099.091,0.000,WAIT,idle,-1,0,0.000,-0.050,0.003,-0.003,0.006,0.001,1.5463
1785821099.191,0.000,WAIT,idle,-1,0,0.001,-0.050,0.004,-0.001,0.007,0.001,1.5464
1785821099.291,0.000,WAIT,idle,-1,0,0.001,-0.050,0.004,-0.000,0.009,-0.001,1.5463
1785821099.391,0.000,WAIT,idle,-1,0,0.002,-0.049,0.004,0.002,0.009,-0.000,1.5463
1785821099.491,0.000,WAIT,idle,-1,0,0.002,-0.049,0.004,0.004,0.008,-0.001,1.5463
1785821099.591,0.000,WAIT,idle,-1,0,0.003,-0.049,0.004,0.005,0.007,-0.001,1.5463
1785821099.691,0.000,WAIT,idle,-1,0,0.004,-0.049,0.004,0.005,0.004,0.001,1.5461
1785821099.791,0.000,WAIT,idle,-1,0,0.004,-0.050,0.003,0.004,0.001,0.001,1.5460
1785821099.891,0.000,WAIT,idle,-1,0,0.004,-0.051,0.003,0.004,-0.002,0.001,1.5460
1785821099.991,0.000,WAIT,idle,-1,0,0.004,-0.051,0.003,0.004,-0.002,0.003,1.5459
1785821100.091,0.000,WAIT,idle,-1,0,0.004,-0.052,0.003,0.005,-0.003,0.003,1.5460
1785821100.191,0.000,WAIT,idle,-1,0,0.004,-0.052,0.003,0.007,-0.001,0.002,1.5461
1785821100.291,0.000,WAIT,idle,-1,0,0.005,-0.052,0.004,0.007,-0.004,0.001,1.5461
1785821100.391,0.000,WAIT,idle,-1,0,0.005,-0.052,0.003,0.007,-0.004,-0.001,1.5460
1785821100.491,0.000,WAIT,idle,-1,0,0.005,-0.053,0.003,0.008,-0.004,-0.001,1.5460
1785821100.591,0.000,WAIT,idle,-1,0,0.005,-0.053,0.003,0.008,-0.004,0.001,1.5461
1785821100.691,0.000,WAIT,idle,-1,0,0.006,-0.053,0.003,0.007,-0.005,0.001,1.5461
1785821100.791,0.000,WAIT,idle,-1,0,0.006,-0.052,0.003,0.005,-0.003,-0.001,1.5462
1785821100.891,0.000,WAIT,idle,-1,0,0.005,-0.052,0.003,0.007,-0.003,0.000,1.5462
1785821100.991,0.000,WAIT,idle,-1,0,0.005,-0.052,0.002,0.005,-0.001,-0.001,1.5462
1785821101.091,0.000,WAIT,idle,-1,0,0.005,-0.052,0.002,0.004,-0.002,-0.000,1.5461
1785821101.191,0.000,WAIT,idle,-1,0,0.005,-0.051,0.002,0.003,-0.003,-0.002,1.5461
1785821101.291,0.000,WAIT,idle,-1,0,0.004,-0.051,0.001,0.004,-0.002,-0.001,1.5463
1785821101.391,0.000,WAIT,idle,-1,0,0.004,-0.051,0.001,0.003,-0.002,-0.004,1.5465
1785821101.491,0.000,WAIT,idle,-1,0,0.004,-0.051,0.001,0.004,-0.001,-0.004,1.5468
1785821101.591,0.000,WAIT,idle,-1,0,0.004,-0.051,0.001,0.006,-0.000,-0.001,1.5468
1785821101.691,0.000,WAIT,idle,-1,0,0.005,-0.051,0.001,0.007,-0.001,-0.002,1.5469
1785821101.791,0.000,WAIT,idle,-1,0,0.005,-0.051,0.002,0.005,-0.002,-0.001,1.5470
1785821101.891,0.000,WAIT,idle,-1,0,0.005,-0.051,0.003,-0.001,-0.002,-0.000,1.5473
1785821101.991,0.000,WAIT,idle,-1,0,0.004,-0.051,0.003,-0.002,-0.002,-0.000,1.5474
1785821102.091,0.000,WAIT,idle,-1,0,0.003,-0.051,0.004,-0.006,-0.000,-0.001,1.5476
1785821102.191,0.000,WAIT,idle,-1,0,0.002,-0.051,0.004,-0.007,0.000,-0.001,1.5478
1785821102.291,0.000,WAIT,idle,-1,0,0.002,-0.051,0.004,-0.006,0.003,-0.001,1.5477
1785821102.391,0.000,WAIT,idle,-1,0,0.001,-0.050,0.004,-0.007,0.005,-0.000,1.5476
1785821102.491,0.000,WAIT,idle,-1,0,0.001,-0.049,0.004,-0.008,0.008,0.000,1.5477
1785821102.591,0.000,WAIT,idle,-1,0,0.000,-0.048,0.004,-0.007,0.011,-0.001,1.5477
1785821102.691,0.000,WAIT,idle,-1,0,0.000,-0.047,0.004,-0.008,0.012,-0.002,1.5478
1785821102.791,0.000,WAIT,idle,-1,0,-0.000,-0.047,0.003,-0.011,0.012,-0.001,1.5480
1785821102.891,0.000,WAIT,idle,-1,0,-0.001,-0.046,0.002,-0.009,0.009,-0.000,1.5482
1785821102.991,0.000,WAIT,idle,-1,0,-0.001,-0.046,0.002,-0.007,0.010,0.002,1.5481
1785821103.091,0.000,WAIT,idle,-1,0,-0.001,-0.047,0.003,-0.008,0.007,0.002,1.5481
1785821103.191,0.000,WAIT,idle,-1,0,-0.000,-0.047,0.003,-0.006,0.007,0.000,1.5481
1785821103.291,0.000,WAIT,idle,-1,0,0.000,-0.048,0.003,-0.006,0.003,0.001,1.5483
1785821103.391,0.000,WAIT,idle,-1,0,0.001,-0.048,0.003,-0.006,0.002,0.002,1.5483
1785821103.491,0.000,WAIT,idle,-1,0,0.001,-0.049,0.003,-0.006,-0.001,0.004,1.5486
1785821103.591,0.000,WAIT,idle,-1,0,0.001,-0.050,0.003,-0.007,-0.003,0.004,1.5487
1785821103.691,0.000,WAIT,idle,-1,0,0.001,-0.051,0.003,-0.008,-0.003,0.005,1.5487
1785821103.791,0.000,WAIT,idle,-1,0,0.000,-0.052,0.003,-0.009,-0.000,0.005,1.5484
1785821103.891,0.000,WAIT,idle,-1,0,0.000,-0.052,0.003,-0.008,0.002,0.006,1.5485
1785821103.991,0.000,WAIT,idle,-1,0,-0.000,-0.052,0.003,-0.009,0.002,0.008,1.5485
1785821104.091,0.000,WAIT,idle,-1,0,-0.001,-0.051,0.004,-0.008,0.002,0.007,1.5487
1785821104.191,0.000,WAIT,idle,-1,0,-0.001,-0.051,0.004,-0.006,0.002,0.008,1.5487
1785821104.291,0.000,WAIT,idle,-1,0,-0.001,-0.051,0.004,-0.007,0.003,0.005,1.5488
1785821104.391,0.000,WAIT,idle,-1,0,-0.001,-0.051,0.004,-0.006,0.003,0.005,1.5488
1785821104.491,0.000,WAIT,idle,-1,0,-0.001,-0.051,0.004,-0.007,0.001,0.004,1.5485
1785821104.591,0.000,WAIT,idle,-1,0,-0.001,-0.051,0.004,-0.009,0.001,0.001,1.5484
1785821104.691,0.000,WAIT,idle,-1,0,-0.001,-0.051,0.004,-0.008,0.000,0.000,1.5483
1785821104.791,0.000,WAIT,idle,-1,0,-0.001,-0.052,0.004,-0.008,-0.002,-0.001,1.5482
1785821104.891,0.000,WAIT,idle,-1,0,-0.001,-0.052,0.004,-0.005,-0.002,-0.000,1.5481
1785821104.991,0.000,WAIT,idle,-1,0,-0.001,-0.052,0.004,-0.005,-0.001,-0.001,1.5483
1785821105.091,0.000,WAIT,idle,-1,0,-0.001,-0.052,0.004,-0.006,0.001,-0.002,1.5483
1785821105.191,0.000,WAIT,idle,-1,0,-0.000,-0.052,0.003,-0.005,0.000,-0.004,1.5483
1785821105.291,0.000,WAIT,idle,-1,0,0.000,-0.052,0.003,-0.004,0.001,-0.003,1.5481
1785821105.391,0.000,WAIT,idle,-1,0,0.000,-0.052,0.003,-0.004,0.001,-0.008,1.5480
1785821105.491,0.000,WAIT,idle,-1,0,0.001,-0.052,0.002,-0.003,-0.001,-0.008,1.5482
1785821105.591,0.000,WAIT,idle,-1,0,0.001,-0.052,0.002,-0.002,-0.002,-0.008,1.5483
1785821105.691,0.000,WAIT,idle,-1,0,0.001,-0.052,0.002,-0.001,-0.004,-0.008,1.5482
1785821105.791,0.000,WAIT,idle,-1,0,0.001,-0.053,0.002,-0.002,-0.002,-0.008,1.5484
1785821105.891,0.000,WAIT,idle,-1,0,0.001,-0.053,0.002,-0.004,-0.002,-0.006,1.5482
1785821105.991,0.000,WAIT,idle,-1,0,0.001,-0.053,0.002,-0.006,-0.003,-0.006,1.5483
1785821106.091,0.000,WAIT,idle,-1,0,0.001,-0.053,0.002,-0.008,-0.001,-0.005,1.5483
1785821106.191,0.000,WAIT,idle,-1,0,0.000,-0.052,0.003,-0.008,0.001,-0.005,1.5484
1785821106.291,0.000,WAIT,idle,-1,0,0.000,-0.052,0.003,-0.010,0.001,-0.005,1.5484
1785821106.391,0.000,WAIT,idle,-1,0,0.001,-0.052,0.003,-0.005,0.001,-0.005,1.5486
1785821106.491,0.000,WAIT,idle,-1,0,0.001,-0.052,0.003,-0.005,0.000,-0.002,1.5487
1785821106.591,0.000,WAIT,idle,-1,0,0.002,-0.051,0.003,-0.005,0.002,-0.001,1.5488
1785821106.691,0.000,WAIT,idle,-1,0,0.002,-0.051,0.003,-0.007,0.002,-0.000,1.5486
1785821106.791,0.000,WAIT,idle,-1,0,0.002,-0.051,0.004,-0.006,0.003,0.000,1.5486
1785821106.891,0.000,WAIT,idle,-1,0,0.002,-0.050,0.004,-0.007,0.003,-0.002,1.5486
1785821106.991,0.000,WAIT,idle,-1,0,0.002,-0.050,0.004,-0.007,0.001,-0.003,1.5486
1785821107.091,0.000,WAIT,idle,-1,0,0.002,-0.050,0.004,-0.005,-0.000,-0.001,1.5486
1785821107.191,0.000,WAIT,idle,-1,0,0.001,-0.051,0.004,-0.006,-0.001,-0.000,1.5488
1785821107.291,0.000,WAIT,idle,-1,0,0.001,-0.051,0.004,-0.005,-0.001,0.001,1.5489
1785821107.391,0.000,WAIT,idle,-1,0,0.001,-0.051,0.004,-0.005,-0.003,0.001,1.5488
1785821107.491,0.000,WAIT,idle,-1,0,0.001,-0.052,0.005,-0.004,-0.004,0.000,1.5488
1785821107.591,0.000,WAIT,idle,-1,0,0.001,-0.052,0.005,-0.004,-0.002,0.003,1.5488
1785821107.691,0.000,WAIT,idle,-1,0,0.001,-0.052,0.005,-0.003,-0.001,0.003,1.5488
1785821107.791,0.000,WAIT,idle,-1,0,0.001,-0.052,0.005,-0.005,-0.003,0.003,1.5486
1785821107.891,0.000,WAIT,idle,-1,0,0.001,-0.052,0.005,-0.003,-0.005,0.003,1.5485
1785821107.991,0.000,WAIT,idle,-1,0,0.001,-0.052,0.005,-0.003,-0.007,0.003,1.5486
1785821108.091,0.000,WAIT,idle,-1,0,0.001,-0.052,0.005,-0.002,-0.005,0.004,1.5486
1785821108.191,0.000,WAIT,idle,-1,0,0.001,-0.053,0.006,-0.001,-0.007,0.005,1.5486
1785821108.291,0.000,WAIT,idle,-1,0,0.002,-0.053,0.006,0.001,-0.005,0.006,1.5486
1785821108.391,0.000,WAIT,idle,-1,0,0.003,-0.053,0.007,0.004,-0.004,0.004,1.5488
1785821108.491,0.000,WAIT,idle,-1,0,0.003,-0.053,0.007,0.005,-0.003,0.004,1.5487
1785821108.591,0.000,WAIT,idle,-1,0,0.004,-0.053,0.007,0.006,-0.001,0.005,1.5488
1785821108.691,0.000,WAIT,idle,-1,0,0.005,-0.052,0.007,0.010,-0.002,0.003,1.5487
1785821108.791,0.000,WAIT,idle,-1,0,0.006,-0.052,0.007,0.009,-0.004,0.002,1.5489
1785821108.891,0.000,WAIT,idle,-1,0,0.006,-0.053,0.007,0.011,-0.007,0.004,1.5488
1785821108.991,0.000,WAIT,idle,-1,0,0.007,-0.054,0.007,0.011,-0.007,0.003,1.5488
1785821109.091,0.000,WAIT,idle,-1,0,0.007,-0.054,0.007,0.011,-0.006,0.001,1.5488
1785821109.191,0.000,WAIT,idle,-1,0,0.007,-0.054,0.007,0.011,-0.007,0.001,1.5487
1785821109.291,0.000,WAIT,idle,-1,0,0.007,-0.054,0.006,0.010,-0.006,-0.004,1.5487
1785821109.391,0.000,WAIT,idle,-1,0,0.007,-0.054,0.006,0.010,-0.004,-0.003,1.5487
1785821109.491,0.000,WAIT,idle,-1,0,0.007,-0.054,0.005,0.011,-0.004,-0.003,1.5487
1785821109.591,0.000,WAIT,idle,-1,0,0.007,-0.054,0.005,0.006,-0.003,-0.004,1.5486
1785821109.691,0.000,WAIT,idle,-1,0,0.006,-0.054,0.004,0.006,-0.002,-0.003,1.5486
1785821109.791,0.000,WAIT,idle,-1,0,0.006,-0.053,0.004,0.002,-0.004,-0.002,1.5484
1785821109.891,0.000,WAIT,idle,-1,0,0.005,-0.053,0.003,0.001,-0.005,-0.003,1.5486
1785821109.991,0.000,WAIT,idle,-1,0,0.004,-0.054,0.003,-0.000,-0.006,-0.002,1.5487
1785821110.091,0.000,WAIT,idle,-1,0,0.004,-0.054,0.003,-0.001,-0.006,-0.000,1.5488
1785821110.191,0.000,WAIT,idle,-1,0,0.003,-0.054,0.004,0.001,-0.009,0.000,1.5489
1785821110.291,0.000,WAIT,idle,-1,0,0.003,-0.055,0.004,0.001,-0.010,0.001,1.5488
1785821110.391,0.000,WAIT,idle,-1,0,0.002,-0.055,0.004,0.000,-0.007,0.001,1.5489
1785821110.491,0.000,WAIT,idle,-1,0,0.002,-0.055,0.004,0.001,-0.008,0.001,1.5489
1785821110.591,0.000,WAIT,idle,-1,0,0.002,-0.055,0.004,0.002,-0.008,-0.001,1.5487
1785821110.691,0.000,WAIT,idle,-1,0,0.002,-0.055,0.003,0.001,-0.007,-0.002,1.5487
1785821110.791,0.000,WAIT,idle,-1,0,0.002,-0.055,0.003,-0.001,-0.006,-0.004,1.5488
1785821110.891,0.000,WAIT,idle,-1,0,0.002,-0.055,0.002,-0.000,-0.006,-0.005,1.5488
1785821110.991,0.000,WAIT,idle,-1,0,0.001,-0.055,0.002,-0.000,-0.007,-0.004,1.5489
1785821111.091,0.000,WAIT,idle,-1,0,0.001,-0.055,0.002,0.001,-0.008,-0.004,1.5491
1785821111.191,0.000,WAIT,idle,-1,0,0.001,-0.055,0.002,-0.000,-0.009,-0.002,1.5491
1785821111.291,0.000,WAIT,idle,-1,0,0.001,-0.055,0.003,-0.000,-0.008,-0.001,1.5493
1785821111.391,0.000,WAIT,idle,-1,0,0.002,-0.055,0.003,-0.001,-0.007,-0.002,1.5493
1785821111.491,0.000,WAIT,idle,-1,0,0.002,-0.055,0.003,-0.001,-0.005,-0.003,1.5495
1785821111.591,0.000,WAIT,idle,-1,0,0.002,-0.054,0.004,0.001,-0.002,-0.002,1.5495
1785821111.691,0.000,WAIT,idle,-1,0,0.003,-0.053,0.004,0.003,-0.003,-0.001,1.5495
1785821111.791,0.000,WAIT,idle,-1,0,0.003,-0.052,0.004,0.003,-0.003,-0.000,1.5498
1785821111.891,0.000,WAIT,idle,-1,0,0.004,-0.052,0.004,0.003,-0.004,0.000,1.5499
1785821111.991,0.000,WAIT,idle,-1,0,0.004,-0.052,0.005,0.001,-0.006,-0.001,1.5499
1785821112.091,0.000,WAIT,idle,-1,0,0.003,-0.052,0.005,0.001,-0.005,-0.001,1.5502
1785821112.191,0.000,WAIT,idle,-1,0,0.003,-0.051,0.005,-0.001,-0.005,-0.001,1.5501
1785821112.291,0.000,WAIT,idle,-1,0,0.003,-0.051,0.005,-0.001,-0.003,0.000,1.5501
1785821112.391,0.000,WAIT,idle,-1,0,0.003,-0.051,0.006,-0.003,-0.002,0.001,1.5502
1785821112.491,0.000,WAIT,idle,-1,0,0.002,-0.051,0.006,-0.002,-0.003,0.000,1.5502
1785821112.591,0.000,WAIT,idle,-1,0,0.002,-0.051,0.006,-0.003,-0.004,-0.001,1.5501
1785821112.691,0.000,WAIT,idle,-1,0,0.002,-0.052,0.006,-0.002,-0.006,-0.002,1.5501
1785821112.791,0.000,WAIT,idle,-1,0,0.002,-0.052,0.006,0.001,-0.005,-0.000,1.5502
1785821112.891,0.000,WAIT,idle,-1,0,0.003,-0.052,0.005,-0.000,-0.005,0.001,1.5500
1785821112.991,0.000,WAIT,idle,-1,0,0.003,-0.052,0.005,-0.001,-0.005,0.003,1.5498
1785821113.091,0.000,WAIT,idle,-1,0,0.003,-0.053,0.006,-0.002,-0.005,0.003,1.5499
1785821113.191,0.000,WAIT,idle,-1,0,0.003,-0.053,0.006,-0.005,-0.006,0.001,1.5500
1785821113.291,0.000,WAIT,idle,-1,0,0.003,-0.053,0.006,-0.004,-0.006,-0.000,1.5500
1785821113.391,0.000,WAIT,idle,-1,0,0.002,-0.054,0.006,-0.005,-0.006,0.001,1.5501
1785821113.491,0.000,WAIT,idle,-1,0,0.002,-0.054,0.006,-0.002,-0.006,0.001,1.5502
1785821113.591,0.000,WAIT,idle,-1,0,0.002,-0.055,0.006,-0.003,-0.007,0.002,1.5501
1785821113.691,0.000,WAIT,idle,-1,0,0.003,-0.055,0.006,-0.004,-0.008,0.003,1.5502
1785821113.791,0.000,WAIT,idle,-1,0,0.003,-0.056,0.006,-0.003,-0.007,0.002,1.5503
1785821113.891,0.000,WAIT,idle,-1,0,0.003,-0.056,0.006,-0.004,-0.007,0.001,1.5503
1785821113.991,0.000,WAIT,idle,-1,0,0.003,-0.055,0.006,-0.002,-0.005,0.001,1.5503
1785821114.091,0.000,WAIT,idle,-1,0,0.003,-0.055,0.006,-0.001,-0.006,0.000,1.5503
1785821114.191,0.000,WAIT,idle,-1,0,0.003,-0.055,0.006,-0.000,-0.005,-0.000,1.5502
1785821114.291,0.000,WAIT,idle,-1,0,0.003,-0.055,0.005,-0.001,-0.003,0.000,1.5500
1785821114.391,0.000,WAIT,idle,-1,0,0.003,-0.054,0.005,-0.001,-0.001,-0.000,1.5501
1785821114.491,0.000,WAIT,idle,-1,0,0.003,-0.053,0.005,-0.000,-0.000,0.000,1.5503
1785821114.591,0.000,WAIT,idle,-1,0,0.003,-0.053,0.005,0.000,-0.000,-0.000,1.5502
1785821114.691,0.000,WAIT,idle,-1,0,0.003,-0.052,0.005,0.001,-0.001,0.000,1.5503
1785821114.791,0.000,WAIT,idle,-1,0,0.003,-0.052,0.004,0.001,-0.002,-0.001,1.5503
1785821114.891,0.000,WAIT,idle,-1,0,0.003,-0.052,0.004,0.002,-0.001,-0.001,1.5502
1785821114.991,0.000,WAIT,idle,-1,0,0.003,-0.052,0.003,0.001,0.000,-0.002,1.5501
1785821115.091,0.000,WAIT,idle,-1,0,0.003,-0.052,0.002,0.001,0.001,-0.003,1.5502
1785821115.191,0.000,WAIT,idle,-1,0,0.003,-0.052,0.002,0.002,0.001,-0.002,1.5502
1785821115.291,0.000,WAIT,idle,-1,0,0.003,-0.051,0.001,-0.000,0.002,-0.002,1.5502
1785821115.391,0.000,WAIT,idle,-1,0,0.002,-0.051,0.001,-0.004,0.005,-0.002,1.5500
1785821115.491,0.000,WAIT,idle,-1,0,0.002,-0.051,0.001,-0.002,0.002,-0.002,1.5501
1785821115.591,0.000,WAIT,idle,-1,0,0.002,-0.050,0.002,-0.001,0.001,-0.001,1.5501
1785821115.691,0.000,WAIT,idle,-1,0,0.002,-0.050,0.002,-0.002,-0.001,-0.001,1.5503
1785821115.791,0.000,WAIT,idle,-1,0,0.002,-0.050,0.002,-0.003,-0.001,-0.000,1.5503
1785821115.891,0.000,WAIT,idle,-1,0,0.002,-0.051,0.003,-0.005,-0.002,0.001,1.5502
1785821115.991,0.000,WAIT,idle,-1,0,0.001,-0.051,0.004,-0.003,-0.001,0.002,1.5504
1785821116.091,0.000,WAIT,idle,-1,0,0.001,-0.051,0.004,-0.003,-0.003,0.001,1.5503
1785821116.191,0.000,WAIT,idle,-1,0,0.001,-0.051,0.005,-0.002,-0.003,0.001,1.5505
1785821116.291,0.000,WAIT,idle,-1,0,0.001,-0.052,0.005,-0.001,-0.005,0.000,1.5505
1785821116.391,0.000,WAIT,idle,-1,0,0.001,-0.052,0.004,-0.002,-0.007,-0.001,1.5506
1785821116.491,0.000,WAIT,idle,-1,0,0.001,-0.053,0.004,-0.002,-0.007,-0.003,1.5507
1785821116.591,0.000,WAIT,idle,-1,0,0.001,-0.053,0.003,-0.000,-0.008,-0.003,1.5506
1785821116.691,0.000,WAIT,idle,-1,0,0.002,-0.054,0.003,0.002,-0.009,-0.002,1.5506
1785821116.791,0.000,WAIT,idle,-1,0,0.002,-0.054,0.003,0.003,-0.010,0.000,1.5505
1785821116.891,0.000,WAIT,idle,-1,0,0.003,-0.055,0.003,0.003,-0.008,0.000,1.5505
1785821116.991,0.000,WAIT,idle,-1,0,0.003,-0.055,0.003,0.003,-0.007,-0.001,1.5507
1785821117.091,0.000,WAIT,idle,-1,0,0.003,-0.055,0.003,0.003,-0.005,-0.004,1.5508
1785821117.191,0.000,WAIT,idle,-1,0,0.004,-0.054,0.002,0.003,-0.005,-0.004,1.5509
1785821117.291,0.000,WAIT,idle,-1,0,0.004,-0.054,0.002,0.000,-0.004,-0.007,1.5510
1785821117.391,0.000,WAIT,idle,-1,0,0.003,-0.054,0.002,-0.001,-0.003,-0.007,1.5509
1785821117.491,0.000,WAIT,idle,-1,0,0.003,-0.054,0.001,0.000,-0.005,-0.007,1.5510
1785821117.591,0.000,WAIT,idle,-1,0,0.003,-0.054,0.001,-0.002,-0.005,-0.006,1.5511
1785821117.691,0.000,WAIT,idle,-1,0,0.002,-0.054,0.001,-0.000,-0.004,-0.004,1.5510
1785821117.791,0.000,WAIT,idle,-1,0,0.002,-0.053,0.001,-0.001,-0.002,-0.004,1.5508
1785821117.891,0.000,WAIT,idle,-1,0,0.002,-0.053,0.001,-0.001,-0.001,-0.005,1.5507
1785821117.991,0.000,WAIT,idle,-1,0,0.002,-0.053,0.001,0.000,-0.000,-0.003,1.5508
1785821118.091,0.000,WAIT,idle,-1,0,0.002,-0.052,0.001,-0.001,-0.000,0.000,1.5508
1785821118.191,0.000,WAIT,idle,-1,0,0.003,-0.052,0.002,-0.000,-0.001,0.004,1.5508
1785821118.291,0.000,WAIT,idle,-1,0,0.003,-0.052,0.002,-0.002,-0.003,0.006,1.5508
1785821118.391,0.000,WAIT,idle,-1,0,0.003,-0.052,0.003,-0.003,-0.001,0.008,1.5505
1785821118.491,0.000,WAIT,idle,-1,0,0.004,-0.052,0.004,-0.002,-0.001,0.009,1.5503
1785821118.591,0.000,WAIT,idle,-1,0,0.004,-0.053,0.005,-0.003,-0.003,0.006,1.5502
1785821118.691,0.000,WAIT,idle,-1,0,0.004,-0.053,0.005,-0.005,-0.002,0.006,1.5499
1785821118.791,0.000,WAIT,idle,-1,0,0.004,-0.052,0.006,-0.005,-0.001,0.006,1.5500
1785821118.891,0.000,WAIT,idle,-1,0,0.004,-0.053,0.006,-0.004,-0.003,0.006,1.5498
1785821118.991,0.000,WAIT,idle,-1,0,0.004,-0.053,0.006,-0.004,-0.001,0.004,1.5500
1785821119.091,0.000,WAIT,idle,-1,0,0.005,-0.053,0.006,-0.004,-0.004,0.003,1.5501
1785821119.191,0.000,WAIT,idle,-1,0,0.005,-0.053,0.005,-0.006,-0.003,0.001,1.5502
1785821119.291,0.000,WAIT,idle,-1,0,0.005,-0.053,0.005,-0.005,-0.001,-0.002,1.5499
1785821119.391,0.000,WAIT,idle,-1,0,0.005,-0.052,0.004,-0.005,-0.001,-0.001,1.5498
1785821119.491,0.000,WAIT,idle,-1,0,0.005,-0.052,0.004,-0.006,-0.002,-0.003,1.5497
1785821119.591,0.000,WAIT,idle,-1,0,0.005,-0.052,0.003,-0.009,-0.002,-0.004,1.5498
1785821119.691,0.000,WAIT,idle,-1,0,0.005,-0.053,0.003,-0.010,-0.004,-0.006,1.5498
1785821119.791,0.000,WAIT,idle,-1,0,0.004,-0.053,0.002,-0.009,-0.001,-0.007,1.5500
1785821119.891,0.000,WAIT,idle,-1,0,0.005,-0.052,0.002,-0.008,0.001,-0.006,1.5498
1785821119.991,0.000,WAIT,idle,-1,0,0.005,-0.052,0.001,-0.008,-0.000,-0.005,1.5497
1785821120.091,0.000,WAIT,idle,-1,0,0.005,-0.052,0.001,-0.008,-0.002,-0.002,1.5495
1785821120.191,0.000,WAIT,idle,-1,0,0.005,-0.052,0.002,-0.006,-0.003,-0.003,1.5493
1785821120.291,0.000,WAIT,idle,-1,0,0.005,-0.053,0.001,-0.007,-0.005,-0.002,1.5490
1785821120.391,0.000,WAIT,idle,-1,0,0.005,-0.053,0.001,-0.007,-0.008,-0.001,1.5490
1785821120.491,0.000,WAIT,idle,-1,0,0.005,-0.054,0.002,-0.006,-0.009,-0.002,1.5491
1785821120.591,0.000,WAIT,idle,-1,0,0.005,-0.055,0.002,-0.004,-0.011,-0.002,1.5491
1785821120.691,0.000,WAIT,idle,-1,0,0.006,-0.055,0.002,-0.001,-0.011,0.001,1.5490
1785821120.791,0.000,WAIT,idle,-1,0,0.006,-0.055,0.002,-0.001,-0.010,0.001,1.5490
1785821120.891,0.000,WAIT,idle,-1,0,0.006,-0.056,0.002,-0.000,-0.009,0.002,1.5488
1785821120.991,0.000,WAIT,idle,-1,0,0.007,-0.056,0.002,0.002,-0.008,0.002,1.5488
1785821121.091,0.000,WAIT,idle,-1,0,0.008,-0.055,0.002,0.004,-0.006,0.002,1.5488
1785821121.191,0.000,WAIT,idle,-1,0,0.008,-0.055,0.002,0.006,-0.007,0.003,1.5487
1785821121.291,0.000,WAIT,idle,-1,0,0.009,-0.054,0.003,0.008,-0.008,0.002,1.5489
1785821121.391,0.000,WAIT,idle,-1,0,0.009,-0.054,0.002,0.005,-0.005,0.001,1.5489
1785821121.491,0.000,WAIT,idle,-1,0,0.009,-0.054,0.002,0.004,-0.004,0.000,1.5491
1785821121.591,0.000,WAIT,idle,-1,0,0.009,-0.053,0.002,0.002,-0.004,0.000,1.5492
1785821121.691,0.000,WAIT,idle,-1,0,0.009,-0.053,0.002,0.002,-0.004,-0.001,1.5493
1785821121.791,0.000,WAIT,idle,-1,0,0.008,-0.053,0.002,0.002,-0.005,-0.002,1.5496
1785821121.891,0.000,WAIT,idle,-1,0,0.008,-0.053,0.003,-0.000,-0.003,-0.002,1.5496
1785821121.991,0.000,WAIT,idle,-1,0,0.007,-0.053,0.003,-0.002,-0.001,-0.002,1.5499
1785821122.091,0.000,WAIT,idle,-1,0,0.006,-0.053,0.003,-0.005,-0.003,-0.000,1.5499
1785821122.191,0.000,WAIT,idle,-1,0,0.006,-0.053,0.003,-0.006,-0.003,-0.002,1.5500
1785821122.291,0.000,WAIT,idle,-1,0,0.005,-0.053,0.002,-0.007,-0.005,-0.003,1.5500
1785821122.391,0.000,WAIT,idle,-1,0,0.005,-0.053,0.002,-0.007,-0.005,-0.002,1.5499
1785821122.491,0.000,WAIT,idle,-1,0,0.004,-0.053,0.002,-0.010,-0.005,0.001,1.5498
1785821122.591,0.000,WAIT,idle,-1,0,0.004,-0.053,0.002,-0.008,-0.004,0.002,1.5498
1785821122.691,0.000,WAIT,idle,-1,0,0.004,-0.053,0.002,-0.008,-0.002,-0.000,1.5495
1785821122.791,0.000,WAIT,idle,-1,0,0.004,-0.053,0.002,-0.010,-0.001,-0.003,1.5494
1785821122.891,0.000,WAIT,idle,-1,0,0.003,-0.053,0.002,-0.011,-0.000,-0.004,1.5493
1785821122.991,0.000,WAIT,idle,-1,0,0.002,-0.052,0.002,-0.011,0.001,-0.002,1.5494
1785821123.091,0.000,WAIT,idle,-1,0,0.002,-0.052,0.001,-0.010,0.003,-0.001,1.5494
1785821123.191,0.000,WAIT,idle,-1,0,0.001,-0.052,0.001,-0.010,0.001,-0.002,1.5495
1785821123.291,0.000,WAIT,idle,-1,0,0.001,-0.052,0.002,-0.010,0.002,-0.002,1.5494
1785821123.391,0.000,WAIT,idle,-1,0,0.001,-0.052,0.002,-0.013,0.004,-0.000,1.5496
1785821123.491,0.000,WAIT,idle,-1,0,0.001,-0.051,0.002,-0.013,0.004,-0.001,1.5496
1785821123.591,0.000,WAIT,idle,-1,0,0.001,-0.051,0.003,-0.013,0.005,0.002,1.5494
1785821123.691,0.000,WAIT,idle,-1,0,0.000,-0.050,0.004,-0.012,0.005,0.003,1.5494
1785821123.791,0.000,WAIT,idle,-1,0,-0.000,-0.050,0.004,-0.015,0.006,0.002,1.5493
1785821123.891,0.000,WAIT,idle,-1,0,-0.001,-0.050,0.004,-0.013,0.006,-0.002,1.5493
1785821123.991,0.000,WAIT,idle,-1,0,-0.001,-0.049,0.004,-0.010,0.006,-0.002,1.5496
1785821124.091,0.000,WAIT,idle,-1,0,-0.001,-0.049,0.004,-0.007,0.005,-0.001,1.5497
1785821124.191,0.000,WAIT,idle,-1,0,-0.000,-0.049,0.004,-0.004,0.004,-0.004,1.5499
1785821124.291,0.000,WAIT,idle,-1,0,0.001,-0.049,0.003,-0.001,0.006,-0.003,1.5498
1785821124.391,0.000,WAIT,idle,-1,0,0.001,-0.049,0.002,-0.002,0.008,-0.003,1.5498
1785821124.491,0.000,WAIT,idle,-1,0,0.002,-0.049,0.002,-0.001,0.008,-0.004,1.5499
1785821124.591,0.000,WAIT,idle,-1,0,0.002,-0.049,0.001,0.001,0.007,-0.005,1.5499
1785821124.691,0.000,WAIT,idle,-1,0,0.003,-0.049,0.001,-0.000,0.007,-0.005,1.5500
1785821124.791,0.000,WAIT,idle,-1,0,0.003,-0.049,0.001,0.002,0.007,-0.003,1.5500
1785821124.891,0.000,WAIT,idle,-1,0,0.003,-0.049,0.000,-0.000,0.003,-0.004,1.5501
1785821124.991,0.000,WAIT,idle,-1,0,0.003,-0.050,0.000,-0.001,0.002,-0.006,1.5501
1785821125.091,0.000,WAIT,idle,-1,0,0.002,-0.050,-0.000,-0.003,0.001,-0.005,1.5503
1785821125.191,0.000,WAIT,idle,-1,0,0.002,-0.051,-0.000,-0.003,0.001,-0.002,1.5505
1785821125.291,0.000,WAIT,idle,-1,0,0.001,-0.051,-0.000,-0.003,0.000,-0.003,1.5507
1785821125.391,0.000,WAIT,idle,-1,0,0.001,-0.052,0.000,-0.000,-0.001,-0.001,1.5508
1785821125.491,0.000,WAIT,idle,-1,0,0.002,-0.052,0.001,0.001,-0.002,0.002,1.5510
1785821125.591,0.000,WAIT,idle,-1,0,0.002,-0.052,0.002,0.003,-0.001,0.001,1.5510
1785821125.691,0.000,WAIT,idle,-1,0,0.003,-0.052,0.002,0.003,-0.002,-0.000,1.5509
1785821125.791,0.000,WAIT,idle,-1,0,0.003,-0.053,0.002,0.002,-0.003,0.001,1.5507
1785821125.891,0.000,WAIT,idle,-1,0,0.003,-0.053,0.003,0.005,-0.003,-0.000,1.5506
1785821125.991,0.000,WAIT,idle,-1,0,0.004,-0.053,0.003,0.005,-0.003,0.000,1.5504
1785821126.091,0.000,WAIT,idle,-1,0,0.004,-0.053,0.004,0.002,-0.004,-0.001,1.5504
1785821126.191,0.000,WAIT,idle,-1,0,0.004,-0.054,0.004,0.000,-0.003,-0.001,1.5506
1785821126.291,0.000,WAIT,idle,-1,0,0.003,-0.054,0.004,-0.000,-0.003,-0.001,1.5507
1785821126.391,0.000,WAIT,idle,-1,0,0.003,-0.054,0.004,-0.001,-0.002,-0.002,1.5508
1785821126.491,0.000,WAIT,idle,-1,0,0.002,-0.053,0.004,-0.001,-0.003,-0.003,1.5507
1785821126.591,0.000,WAIT,idle,-1,0,0.002,-0.053,0.004,-0.002,0.000,-0.003,1.5506
1785821126.691,0.000,WAIT,idle,-1,0,0.002,-0.053,0.003,-0.000,0.000,-0.001,1.5506
1785821126.791,0.000,WAIT,idle,-1,0,0.002,-0.053,0.003,-0.004,0.002,-0.003,1.5506
1785821126.891,0.000,WAIT,idle,-1,0,0.001,-0.052,0.003,-0.004,0.006,-0.003,1.5507
1785821126.991,0.000,WAIT,idle,-1,0,0.001,-0.051,0.003,-0.006,0.004,-0.001,1.5507
1785821127.091,0.000,WAIT,idle,-1,0,0.000,-0.051,0.002,-0.008,0.004,0.000,1.5507
1785821127.191,0.000,WAIT,idle,-1,0,-0.000,-0.051,0.003,-0.007,0.002,0.001,1.5506
1785821127.291,0.000,WAIT,idle,-1,0,-0.001,-0.050,0.003,-0.005,0.001,0.002,1.5505
1785821127.391,0.000,WAIT,idle,-1,0,-0.001,-0.050,0.003,-0.007,-0.001,0.001,1.5504
1785821127.491,0.000,WAIT,idle,-1,0,-0.001,-0.051,0.003,-0.006,-0.004,-0.001,1.5503
1785821127.591,0.000,WAIT,idle,-1,0,-0.001,-0.052,0.003,-0.008,-0.005,-0.001,1.5503
1785821127.691,0.000,WAIT,idle,-1,0,-0.001,-0.053,0.003,-0.008,-0.007,0.000,1.5503
1785821127.791,0.000,WAIT,idle,-1,0,-0.001,-0.053,0.003,-0.005,-0.008,-0.002,1.5503
1785821127.891,0.000,WAIT,idle,-1,0,-0.001,-0.054,0.003,-0.006,-0.007,0.001,1.5503
1785821127.991,0.000,WAIT,idle,-1,0,-0.000,-0.054,0.003,-0.006,-0.008,-0.000,1.5504
1785821128.091,0.000,WAIT,idle,-1,0,-0.000,-0.055,0.003,-0.005,-0.010,-0.001,1.5504
1785821128.191,0.000,WAIT,idle,-1,0,-0.000,-0.055,0.003,-0.007,-0.009,-0.001,1.5505
1785821128.291,0.000,WAIT,idle,-1,0,-0.000,-0.056,0.003,-0.009,-0.012,-0.000,1.5505
1785821128.391,0.000,WAIT,idle,-1,0,-0.001,-0.056,0.003,-0.009,-0.012,-0.000,1.5504
1785821128.491,0.000,WAIT,idle,-1,0,-0.001,-0.057,0.003,-0.009,-0.010,0.001,1.5505
1785821128.591,0.000,WAIT,idle,-1,0,-0.001,-0.056,0.004,-0.008,-0.008,0.003,1.5505
1785821128.691,0.000,WAIT,idle,-1,0,-0.001,-0.056,0.004,-0.005,-0.007,0.002,1.5504
1785821128.791,0.000,WAIT,idle,-1,0,-0.000,-0.056,0.004,-0.005,-0.006,0.002,1.5504
1785821128.891,0.000,WAIT,idle,-1,0,-0.000,-0.055,0.004,-0.005,-0.005,0.001,1.5504
1785821128.991,0.000,WAIT,idle,-1,0,0.000,-0.055,0.004,-0.003,-0.005,0.003,1.5505
1785821129.091,0.000,WAIT,idle,-1,0,0.001,-0.054,0.004,-0.001,-0.003,0.002,1.5505
1785821129.191,0.000,WAIT,idle,-1,0,0.001,-0.054,0.004,0.000,-0.004,0.001,1.5506
1785821129.291,0.000,WAIT,idle,-1,0,0.002,-0.054,0.004,0.001,-0.004,-0.000,1.5506
1785821129.391,0.000,WAIT,idle,-1,0,0.003,-0.054,0.004,0.003,-0.004,0.000,1.5506
1785821129.491,0.000,WAIT,idle,-1,0,0.004,-0.054,0.004,0.002,-0.006,-0.000,1.5505
1785821129.591,0.000,WAIT,idle,-1,0,0.004,-0.054,0.005,0.005,-0.005,0.002,1.5505
1785821129.691,0.000,WAIT,idle,-1,0,0.005,-0.054,0.005,0.005,-0.007,0.000,1.5504
1785821129.791,0.000,WAIT,idle,-1,0,0.006,-0.054,0.006,0.004,-0.008,0.001,1.5503
1785821129.891,0.000,WAIT,idle,-1,0,0.006,-0.054,0.006,0.002,-0.007,-0.002,1.5503
1785821129.991,0.000,WAIT,idle,-1,0,0.006,-0.054,0.006,0.001,-0.008,-0.001,1.5504
1785821130.091,0.000,WAIT,idle,-1,0,0.006,-0.054,0.006,-0.001,-0.006,0.002,1.5503
1785821130.191,0.000,WAIT,idle,-1,0,0.005,-0.054,0.006,-0.004,-0.004,0.003,1.5503
1785821130.291,0.000,WAIT,idle,-1,0,0.004,-0.054,0.006,-0.004,-0.002,0.005,1.5501
1785821130.391,0.000,WAIT,idle,-1,0,0.003,-0.053,0.007,-0.006,-0.003,0.007,1.5500
1785821130.491,0.000,WAIT,idle,-1,0,0.002,-0.053,0.008,-0.008,-0.003,0.008,1.5499
1785821130.591,0.000,WAIT,idle,-1,0,0.002,-0.053,0.008,-0.010,-0.003,0.008,1.5501
1785821130.691,0.000,WAIT,idle,-1,0,0.001,-0.053,0.008,-0.011,-0.001,0.007,1.5502
1785821130.791,0.000,WAIT,idle,-1,0,0.000,-0.053,0.008,-0.010,-0.001,0.007,1.5502
1785821130.891,0.000,WAIT,idle,-1,0,0.000,-0.052,0.008,-0.009,0.000,0.006,1.5501
1785821130.991,0.000,WAIT,idle,-1,0,0.000,-0.052,0.008,-0.008,0.003,0.004,1.5498
1785821131.091,0.000,WAIT,idle,-1,0,0.000,-0.051,0.008,-0.008,0.004,0.003,1.5497
1785821131.191,0.000,WAIT,idle,-1,0,0.000,-0.050,0.008,-0.009,0.005,0.002,1.5498
1785821131.291,0.000,WAIT,idle,-1,0,0.000,-0.050,0.008,-0.009,0.008,0.001,1.5498
1785821131.391,0.000,WAIT,idle,-1,0,0.000,-0.049,0.008,-0.007,0.010,0.000,1.5498
1785821131.491,0.000,WAIT,idle,-1,0,0.001,-0.048,0.007,-0.006,0.011,0.000,1.5498
1785821131.591,0.000,WAIT,idle,-1,0,0.001,-0.047,0.007,-0.005,0.012,0.001,1.5498
1785821131.691,0.000,WAIT,idle,-1,0,0.002,-0.047,0.007,-0.000,0.012,0.002,1.5497
1785821131.791,0.000,WAIT,idle,-1,0,0.003,-0.046,0.007,0.001,0.014,0.004,1.5495
1785821131.891,0.000,WAIT,idle,-1,0,0.004,-0.046,0.007,0.002,0.015,0.005,1.5496
1785821131.991,0.000,WAIT,idle,-1,0,0.004,-0.046,0.007,0.003,0.014,0.006,1.5496
1785821132.091,0.000,WAIT,idle,-1,0,0.004,-0.045,0.007,0.002,0.014,0.005,1.5495
1785821132.191,0.000,WAIT,idle,-1,0,0.004,-0.045,0.007,0.002,0.011,0.005,1.5495
1785821132.291,0.000,WAIT,idle,-1,0,0.004,-0.046,0.006,0.002,0.012,0.000,1.5494
1785821132.391,0.000,WAIT,idle,-1,0,0.004,-0.045,0.005,0.001,0.013,0.002,1.5494
1785821132.491,0.000,WAIT,idle,-1,0,0.004,-0.046,0.005,0.001,0.011,0.002,1.5495
1785821132.591,0.000,WAIT,idle,-1,0,0.004,-0.046,0.005,0.000,0.010,0.002,1.5496
1785821132.691,0.000,WAIT,idle,-1,0,0.004,-0.046,0.005,0.001,0.012,0.003,1.5494
1785821132.791,0.000,WAIT,idle,-1,0,0.004,-0.046,0.005,0.000,0.012,0.004,1.5495
1785821132.891,0.000,WAIT,idle,-1,0,0.004,-0.046,0.004,0.001,0.012,0.002,1.5497
1785821132.991,0.000,WAIT,idle,-1,0,0.004,-0.046,0.004,-0.001,0.014,0.002,1.5497
1785821133.091,0.000,WAIT,idle,-1,0,0.004,-0.046,0.003,-0.000,0.012,-0.001,1.5496
1785821133.191,0.000,WAIT,idle,-1,0,0.004,-0.046,0.003,-0.001,0.010,-0.001,1.5497
1785821133.291,0.000,WAIT,idle,-1,0,0.004,-0.046,0.002,0.000,0.009,-0.001,1.5496
