t_wall,t_seq,state,stage,nav_state,armed,x,y,z,vx,vy,vz,heading
1785822457.495,0.000,WAIT,idle,2,0,0.007,0.002,0.007,0.001,0.004,0.000,1.5468
1785822457.594,0.000,WAIT,idle,2,0,0.007,0.002,0.007,0.003,0.002,0.003,1.5469
1785822457.694,0.000,WAIT,idle,2,0,0.007,0.002,0.007,0.002,0.004,0.003,1.5468
1785822457.794,0.000,WAIT,idle,2,0,0.008,0.002,0.006,0.002,0.002,0.002,1.5468
1785822457.894,0.000,WAIT,idle,2,0,0.008,0.001,0.006,0.002,0.001,0.004,1.5468
1785822457.994,0.000,WAIT,idle,2,0,0.008,0.001,0.007,0.003,-0.000,0.003,1.5467
1785822458.094,0.000,WAIT,idle,2,0,0.009,0.001,0.007,0.004,-0.001,0.001,1.5468
1785822458.194,0.000,WAIT,idle,2,0,0.009,0.000,0.006,0.001,-0.002,-0.000,1.5470
1785822458.294,0.000,WAIT,idle,2,0,0.009,-0.000,0.006,-0.002,-0.000,-0.003,1.5471
1785822458.394,0.000,WAIT,idle,2,0,0.008,-0.000,0.006,-0.003,-0.001,-0.003,1.5469
1785822458.494,0.000,WAIT,idle,2,0,0.008,-0.000,0.006,-0.002,-0.001,-0.002,1.5467
1785822458.594,0.000,WAIT,idle,2,0,0.007,-0.000,0.006,-0.002,-0.002,-0.003,1.5465
1785822458.694,0.000,WAIT,idle,2,0,0.007,-0.000,0.006,-0.003,0.001,-0.001,1.5465
1785822458.794,0.000,WAIT,idle,2,0,0.006,-0.000,0.006,-0.004,0.000,-0.000,1.5465
1785822458.894,0.000,WAIT,idle,2,0,0.005,-0.000,0.006,-0.002,-0.002,-0.000,1.5463
1785822458.994,0.000,WAIT,idle,2,0,0.005,-0.000,0.005,-0.002,0.000,-0.001,1.5461
1785822459.094,0.000,WAIT,idle,2,0,0.005,-0.000,0.005,-0.001,0.001,0.001,1.5461
1785822459.194,0.000,WAIT,idle,2,0,0.006,0.000,0.005,-0.000,0.002,0.003,1.5463
1785822459.294,0.000,WAIT,idle,2,0,0.006,0.000,0.005,0.002,0.001,0.004,1.5465
1785822459.394,0.000,WAIT,idle,2,0,0.006,0.001,0.005,0.001,0.004,0.001,1.5466
1785822459.494,0.000,WAIT,idle,2,0,0.007,0.001,0.005,-0.000,0.006,0.001,1.5467
1785822459.594,0.000,WAIT,idle,2,0,0.006,0.002,0.005,-0.002,0.007,0.001,1.5468
1785822459.694,0.000,WAIT,idle,2,0,0.006,0.002,0.005,-0.002,0.009,-0.001,1.5469
1785822459.794,0.000,WAIT,idle,2,0,0.005,0.004,0.005,-0.003,0.012,-0.001,1.5471
1785822459.894,0.000,WAIT,idle,2,0,0.005,0.004,0.005,-0.003,0.011,-0.000,1.5472
1785822459.994,0.000,WAIT,idle,2,0,0.004,0.004,0.005,-0.005,0.007,-0.003,1.5471
1785822460.094,0.000,WAIT,idle,2,0,0.004,0.004,0.005,-0.005,0.003,-0.003,1.5468
1785822460.194,0.000,WAIT,idle,2,0,0.003,0.003,0.005,-0.002,0.005,-0.003,1.5467
1785822460.294,0.000,WAIT,idle,2,0,0.004,0.003,0.005,0.003,0.003,-0.005,1.5465
1785822460.394,0.000,WAIT,idle,2,0,0.005,0.002,0.005,0.004,0.003,-0.003,1.5466
1785822460.494,0.000,WAIT,idle,2,0,0.006,0.001,0.005,0.006,0.001,-0.002,1.5469
1785822460.594,0.000,WAIT,idle,2,0,0.007,0.001,0.005,0.003,-0.001,0.001,1.5468
1785822460.694,0.000,WAIT,idle,2,0,0.007,0.000,0.006,0.001,0.000,0.002,1.5467
1785822460.794,0.000,WAIT,idle,2,0,0.007,0.000,0.006,0.004,-0.000,0.004,1.5467
1785822460.894,0.000,WAIT,idle,2,0,0.008,-0.000,0.007,0.006,0.000,0.003,1.5464
1785822460.994,0.000,WAIT,idle,2,0,0.008,-0.000,0.007,0.006,0.000,0.002,1.5464
1785822461.094,0.000,WAIT,idle,2,0,0.009,-0.000,0.006,0.008,-0.000,0.002,1.5468
1785822461.194,0.000,WAIT,idle,2,0,0.009,-0.001,0.006,0.009,0.000,0.002,1.5470
1785822461.294,0.000,WAIT,idle,2,0,0.009,-0.001,0.006,0.008,0.001,0.002,1.5474
1785822461.394,0.000,WAIT,idle,2,0,0.008,-0.000,0.006,0.007,-0.000,0.001,1.5476
1785822461.494,0.000,WAIT,idle,2,0,0.008,-0.001,0.006,0.007,-0.002,-0.002,1.5476
1785822461.594,0.000,WAIT,idle,2,0,0.007,-0.000,0.005,0.006,0.002,-0.001,1.5475
1785822461.694,0.000,WAIT,idle,2,0,0.007,0.000,0.006,0.005,0.001,-0.002,1.5473
1785822461.794,0.000,WAIT,idle,2,0,0.007,0.000,0.006,0.006,0.001,-0.002,1.5471
1785822461.894,0.000,WAIT,idle,2,0,0.007,0.000,0.006,0.004,-0.000,-0.003,1.5471
1785822461.994,0.000,WAIT,idle,2,0,0.007,0.000,0.006,0.000,0.000,-0.001,1.5472
1785822462.094,0.000,WAIT,idle,2,0,0.007,-0.000,0.007,0.003,-0.001,-0.001,1.5474
1785822462.194,0.000,WAIT,idle,2,0,0.007,-0.000,0.008,0.004,-0.003,0.001,1.5474
1785822462.294,0.000,WAIT,idle,2,0,0.007,-0.000,0.008,0.004,-0.003,0.000,1.5475
1785822462.394,0.000,WAIT,idle,2,0,0.007,-0.001,0.009,0.002,-0.004,0.003,1.5478
1785822462.494,0.000,WAIT,idle,2,0,0.006,-0.001,0.009,0.002,-0.002,0.001,1.5475
1785822462.594,0.000,WAIT,idle,2,0,0.006,-0.001,0.009,0.001,-0.004,0.001,1.5473
1785822462.694,0.000,WAIT,idle,2,0,0.006,-0.001,0.009,0.000,-0.006,0.002,1.5473
1785822462.794,0.000,WAIT,idle,2,0,0.006,-0.002,0.009,0.003,-0.006,0.002,1.5474
1785822462.894,0.000,WAIT,idle,2,0,0.007,-0.002,0.009,0.006,-0.006,0.002,1.5474
1785822462.994,0.000,WAIT,idle,2,0,0.008,-0.002,0.009,0.011,-0.006,0.002,1.5473
1785822463.094,0.000,WAIT,idle,2,0,0.009,-0.002,0.009,0.013,-0.004,0.004,1.5473
1785822463.194,0.000,WAIT,idle,2,0,0.010,-0.001,0.010,0.015,-0.001,0.005,1.5472
1785822463.294,0.000,WAIT,idle,2,0,0.010,-0.001,0.010,0.015,-0.000,0.004,1.5474
1785822463.394,0.000,WAIT,idle,2,0,0.011,-0.000,0.009,0.013,-0.002,-0.000,1.5476
1785822463.494,0.000,WAIT,idle,2,0,0.010,-0.001,0.009,0.013,-0.002,0.001,1.5477
1785822463.594,0.000,WAIT,idle,2,0,0.010,-0.001,0.009,0.011,-0.002,0.002,1.5479
1785822463.694,0.000,WAIT,idle,2,0,0.010,-0.001,0.009,0.011,-0.001,0.003,1.5480
1785822463.794,0.000,WAIT,idle,2,0,0.010,-0.001,0.009,0.008,-0.005,0.002,1.5481
1785822463.894,0.000,WAIT,idle,2,0,0.010,-0.002,0.009,0.008,-0.007,0.002,1.5481
1785822463.994,0.000,WAIT,idle,2,0,0.010,-0.002,0.009,0.007,-0.006,0.004,1.5483
1785822464.094,0.000,WAIT,idle,2,0,0.009,-0.002,0.009,0.004,-0.005,0.005,1.5479
1785822464.194,0.000,WAIT,idle,2,0,0.009,-0.002,0.009,0.004,-0.004,0.003,1.5479
1785822464.294,0.000,WAIT,idle,2,0,0.009,-0.002,0.009,0.002,-0.002,0.002,1.5479
1785822464.394,0.000,WAIT,idle,2,0,0.008,-0.001,0.010,0.001,-0.003,0.003,1.5476
1785822464.494,0.000,WAIT,idle,2,0,0.008,-0.001,0.009,0.001,-0.005,0.001,1.5473
1785822464.594,0.000,WAIT,idle,2,0,0.008,-0.002,0.009,0.002,-0.003,-0.002,1.5470
1785822464.694,0.000,WAIT,idle,2,0,0.009,-0.002,0.008,0.002,-0.004,-0.002,1.5468
1785822464.794,0.000,WAIT,idle,2,0,0.009,-0.002,0.008,-0.001,-0.003,-0.002,1.5466
1785822464.894,0.000,WAIT,idle,2,0,0.008,-0.001,0.008,-0.002,-0.004,0.001,1.5465
1785822464.994,0.000,WAIT,idle,2,0,0.008,-0.001,0.008,-0.002,-0.004,0.002,1.5466
1785822465.094,0.000,WAIT,idle,2,0,0.008,-0.001,0.009,-0.003,-0.004,0.004,1.5464
1785822465.194,0.000,WAIT,idle,2,0,0.007,-0.001,0.010,-0.003,-0.003,0.004,1.5460
1785822465.294,0.000,WAIT,idle,2,0,0.007,-0.001,0.010,-0.005,-0.001,0.004,1.5459
1785822465.394,0.000,WAIT,idle,2,0,0.006,-0.001,0.010,-0.006,-0.000,0.004,1.5459
1785822465.494,0.000,WAIT,idle,2,0,0.005,-0.000,0.009,-0.006,-0.002,0.002,1.5457
1785822465.594,0.000,WAIT,idle,2,0,0.004,-0.001,0.009,-0.005,-0.003,0.004,1.5456
1785822465.694,0.000,WAIT,idle,2,0,0.004,-0.001,0.009,-0.005,-0.002,0.006,1.5453
1785822465.794,0.000,WAIT,idle,2,0,0.004,-0.001,0.009,-0.003,-0.003,0.006,1.5453
1785822465.894,0.000,WAIT,idle,2,0,0.003,-0.000,0.010,-0.003,0.002,0.006,1.5453
1785822465.994,0.000,WAIT,idle,2,0,0.003,0.001,0.010,-0.003,0.003,0.007,1.5450
1785822466.094,0.000,WAIT,idle,2,0,0.003,0.001,0.011,-0.002,0.002,0.008,1.5447
1785822466.194,0.000,WAIT,idle,2,0,0.003,0.001,0.011,-0.003,0.001,0.010,1.5447
1785822466.294,0.000,WAIT,idle,2,0,0.003,0.001,0.011,-0.003,-0.001,0.010,1.5445
1785822466.394,0.000,WAIT,idle,2,0,0.003,0.001,0.011,-0.003,0.000,0.008,1.5443
1785822466.494,0.000,WAIT,idle,2,0,0.003,0.001,0.010,-0.002,0.003,0.007,1.5443
1785822466.594,0.000,WAIT,idle,2,0,0.004,0.001,0.009,-0.001,0.002,0.006,1.5444
1785822466.694,0.000,WAIT,idle,2,0,0.004,0.001,0.009,0.001,0.004,0.007,1.5441
1785822466.794,0.000,WAIT,idle,2,0,0.005,0.001,0.008,-0.002,0.002,0.006,1.5438
1785822466.894,0.000,WAIT,idle,2,0,0.005,0.001,0.008,-0.002,-0.000,0.004,1.5436
1785822466.994,0.000,WAIT,idle,2,0,0.006,0.001,0.007,0.000,-0.003,0.004,1.5434
1785822467.094,0.000,WAIT,idle,2,0,0.006,-0.000,0.007,0.002,-0.003,0.004,1.5436
1785822467.194,0.000,WAIT,idle,2,0,0.007,-0.001,0.007,0.002,-0.005,0.004,1.5439
1785822467.294,0.000,WAIT,idle,2,0,0.008,-0.001,0.007,0.004,-0.007,0.004,1.5439
1785822467.394,0.000,WAIT,idle,2,0,0.009,-0.002,0.008,0.005,-0.009,0.003,1.5440
1785822467.494,0.000,WAIT,idle,2,0,0.009,-0.003,0.008,0.005,-0.011,0.003,1.5440
1785822467.594,0.000,WAIT,idle,2,0,0.009,-0.003,0.008,0.004,-0.009,0.003,1.5441
1785822467.694,0.000,WAIT,idle,2,0,0.008,-0.003,0.008,0.003,-0.006,0.003,1.5443
1785822467.794,0.000,WAIT,idle,2,0,0.008,-0.003,0.008,0.004,-0.003,0.002,1.5447
1785822467.894,0.000,WAIT,idle,2,0,0.008,-0.002,0.007,0.001,-0.002,0.000,1.5449
1785822467.994,0.000,WAIT,idle,2,0,0.007,-0.002,0.007,-0.002,-0.001,0.002,1.5450
1785822468.094,0.000,WAIT,idle,2,0,0.005,-0.001,0.007,-0.003,-0.002,0.002,1.5451
1785822468.194,0.000,WAIT,idle,2,0,0.004,-0.001,0.007,-0.007,-0.002,0.000,1.5450
1785822468.294,0.000,WAIT,idle,2,0,0.003,-0.001,0.006,-0.007,-0.000,0.002,1.5449
1785822468.394,0.000,WAIT,idle,2,0,0.003,-0.000,0.007,-0.009,-0.001,0.003,1.5449
1785822468.494,0.000,WAIT,idle,2,0,0.002,-0.000,0.007,-0.009,-0.006,0.005,1.5448
1785822468.594,0.000,WAIT,idle,2,0,0.002,-0.001,0.008,-0.011,-0.006,0.007,1.5446
1785822468.694,0.000,WAIT,idle,2,0,0.001,-0.001,0.008,-0.009,-0.004,0.007,1.5443
1785822468.794,0.000,WAIT,idle,2,0,0.001,-0.001,0.009,-0.010,-0.003,0.005,1.5442
1785822468.894,0.000,WAIT,idle,2,0,0.001,-0.001,0.009,-0.009,-0.003,0.004,1.5438
1785822468.994,0.000,WAIT,idle,2,0,0.001,-0.000,0.009,-0.008,0.001,0.007,1.5436
1785822469.094,0.000,WAIT,idle,2,0,0.001,-0.000,0.009,-0.006,0.001,0.006,1.5434
1785822469.194,0.000,WAIT,idle,2,0,0.002,-0.000,0.010,-0.006,0.003,0.006,1.5433
1785822469.294,0.000,WAIT,idle,2,0,0.002,0.000,0.010,-0.008,0.001,0.006,1.5433
1785822469.394,0.000,WAIT,idle,2,0,0.002,0.000,0.010,-0.007,0.002,0.004,1.5433
1785822469.494,0.000,WAIT,idle,2,0,0.002,0.000,0.010,-0.007,0.002,0.003,1.5432
1785822469.594,0.000,WAIT,idle,2,0,0.002,0.000,0.009,-0.009,0.001,0.003,1.5432
1785822469.694,0.000,WAIT,idle,2,0,0.003,0.000,0.009,-0.007,0.000,0.004,1.5429
1785822469.794,0.000,WAIT,idle,2,0,0.003,0.000,0.009,-0.011,-0.001,0.003,1.5427
1785822469.894,0.000,WAIT,idle,2,0,0.003,-0.000,0.009,-0.009,-0.000,0.004,1.5426
1785822469.994,0.000,WAIT,idle,2,0,0.003,-0.000,0.009,-0.011,-0.004,0.005,1.5424
1785822470.094,0.000,WAIT,idle,2,0,0.003,-0.001,0.010,-0.011,-0.003,0.006,1.5425
1785822470.194,0.000,WAIT,idle,2,0,0.002,-0.001,0.010,-0.014,-0.002,0.004,1.5424
1785822470.294,0.000,WAIT,idle,2,0,0.001,-0.001,0.009,-0.014,-0.001,0.003,1.5424
1785822470.394,0.000,WAIT,idle,2,0,0.000,-0.001,0.009,-0.015,-0.000,0.002,1.5425
1785822470.494,0.000,WAIT,idle,2,0,-0.001,-0.001,0.008,-0.016,0.001,0.001,1.5424
1785822470.594,0.000,WAIT,idle,2,0,-0.001,-0.000,0.007,-0.015,0.002,0.002,1.5423
1785822470.694,0.000,WAIT,idle,2,0,-0.001,0.000,0.007,-0.014,0.001,0.000,1.5425
1785822470.794,0.000,WAIT,idle,2,0,-0.001,0.000,0.006,-0.017,-0.001,-0.001,1.5424
1785822470.894,0.000,WAIT,idle,2,0,-0.001,0.001,0.006,-0.015,-0.000,-0.000,1.5423
1785822470.994,0.000,WAIT,idle,2,0,-0.001,0.001,0.005,-0.011,-0.001,-0.002,1.5422
1785822471.094,0.000,WAIT,idle,2,0,-0.000,0.001,0.005,-0.012,-0.000,-0.001,1.5420
1785822471.194,0.000,WAIT,idle,2,0,0.000,0.000,0.005,-0.012,0.001,-0.002,1.5418
1785822471.294,0.000,WAIT,idle,2,0,0.001,0.001,0.004,-0.009,0.001,-0.003,1.5416
1785822471.394,0.000,WAIT,idle,2,0,0.002,0.001,0.004,-0.007,0.002,-0.005,1.5415
1785822471.494,0.000,WAIT,idle,2,0,0.003,0.001,0.003,-0.004,0.001,-0.006,1.5414
1785822471.594,0.000,WAIT,idle,2,0,0.005,0.001,0.003,-0.003,-0.000,-0.005,1.5412
1785822471.694,0.000,WAIT,idle,2,0,0.006,0.001,0.002,-0.003,0.001,-0.006,1.5411
1785822471.794,0.000,WAIT,idle,2,0,0.006,0.000,0.002,-0.002,-0.001,-0.006,1.5413
1785822471.894,0.000,WAIT,idle,2,0,0.006,-0.000,0.001,-0.002,-0.006,-0.006,1.5412
1785822471.994,0.000,WAIT,idle,2,0,0.006,-0.001,0.001,0.001,-0.006,-0.007,1.5414
1785822472.094,0.000,WAIT,idle,2,0,0.007,-0.002,0.001,0.003,-0.004,-0.008,1.5416
1785822472.194,0.000,WAIT,idle,2,0,0.007,-0.002,0.000,0.003,-0.004,-0.007,1.5416
1785822472.294,0.000,WAIT,idle,2,0,0.007,-0.001,0.001,0.004,-0.005,-0.007,1.5417
1785822472.394,0.000,WAIT,idle,2,0,0.007,-0.001,0.001,0.005,-0.007,-0.008,1.5417
1785822472.494,0.000,WAIT,idle,2,0,0.006,-0.001,0.001,0.001,-0.007,-0.008,1.5420
1785822472.594,0.000,WAIT,idle,2,0,0.006,-0.001,0.001,0.001,-0.005,-0.008,1.5422
1785822472.694,0.000,WAIT,idle,2,0,0.006,-0.001,0.001,-0.000,-0.006,-0.006,1.5423
1785822472.794,0.000,WAIT,idle,2,0,0.005,-0.001,0.001,-0.001,-0.006,-0.006,1.5428
1785822472.894,0.000,WAIT,idle,2,0,0.005,-0.001,0.001,-0.002,-0.006,-0.006,1.5430
1785822472.994,0.000,WAIT,idle,2,0,0.005,-0.002,0.000,-0.004,-0.008,-0.007,1.5431
1785822473.094,0.000,WAIT,idle,2,0,0.004,-0.002,-0.001,-0.003,-0.007,-0.009,1.5434
1785822473.194,0.000,WAIT,idle,2,0,0.003,-0.002,-0.002,-0.007,-0.008,-0.011,1.5436
1785822473.294,0.000,WAIT,idle,2,0,0.003,-0.002,-0.002,-0.005,-0.006,-0.009,1.5437
1785822473.394,0.000,WAIT,idle,2,0,0.002,-0.002,-0.002,-0.004,-0.006,-0.008,1.5439
1785822473.494,0.000,WAIT,idle,2,0,0.002,-0.001,-0.002,-0.002,-0.003,-0.009,1.5442
1785822473.594,0.000,WAIT,idle,2,0,0.002,-0.001,-0.001,-0.002,-0.004,-0.007,1.5442
1785822473.694,0.000,WAIT,idle,2,0,0.003,-0.001,-0.000,0.001,-0.003,-0.005,1.5441
1785822473.794,0.000,WAIT,idle,2,0,0.003,-0.001,0.001,0.003,-0.003,-0.003,1.5443
1785822473.894,0.000,WAIT,idle,2,0,0.003,-0.000,0.003,0.002,-0.001,0.000,1.5444
1785822473.994,0.000,WAIT,idle,2,0,0.003,-0.000,0.004,0.002,-0.001,0.004,1.5448
1785822474.094,0.000,WAIT,idle,2,0,0.004,-0.000,0.005,0.004,-0.002,0.005,1.5447
1785822474.194,0.000,WAIT,idle,2,0,0.004,-0.000,0.005,0.003,-0.002,0.005,1.5447
1785822474.294,0.000,WAIT,idle,2,0,0.005,-0.000,0.005,0.003,-0.003,0.004,1.5450
1785822474.394,0.000,WAIT,idle,2,0,0.006,-0.000,0.006,0.005,0.003,0.006,1.5452
1785822474.494,0.000,WAIT,idle,2,0,0.007,0.000,0.006,0.005,0.001,0.007,1.5453
1785822474.594,0.000,WAIT,idle,2,0,0.007,0.001,0.006,0.005,0.001,0.008,1.5453
1785822474.694,0.000,WAIT,idle,2,0,0.008,0.001,0.006,0.006,0.000,0.006,1.5451
1785822474.794,0.000,WAIT,idle,2,0,0.008,0.001,0.006,0.005,0.001,0.004,1.5450
1785822474.894,0.000,WAIT,idle,2,0,0.007,0.001,0.005,0.004,0.002,0.003,1.5451
1785822474.994,0.000,WAIT,idle,2,0,0.007,0.001,0.004,0.004,0.002,0.001,1.5448
1785822475.094,0.000,WAIT,idle,2,0,0.006,0.001,0.004,0.002,-0.000,0.002,1.5447
1785822475.194,0.000,WAIT,idle,2,0,0.005,0.000,0.005,0.000,0.001,0.002,1.5446
1785822475.294,0.000,WAIT,idle,2,0,0.005,0.001,0.006,0.001,0.002,0.003,1.5444
1785822475.394,0.000,WAIT,idle,2,0,0.004,0.001,0.007,-0.002,0.003,0.002,1.5441
1785822475.494,0.000,WAIT,idle,2,0,0.003,0.001,0.007,-0.001,0.003,0.001,1.5440
1785822475.594,0.000,WAIT,idle,2,0,0.004,0.001,0.007,-0.001,0.004,-0.001,1.5438
1785822475.694,0.000,WAIT,idle,2,0,0.004,0.002,0.006,-0.002,0.003,-0.003,1.5441
1785822475.794,0.000,WAIT,idle,2,0,0.003,0.002,0.004,0.000,-0.001,-0.005,1.5442
1785822475.894,0.000,WAIT,idle,2,0,0.003,0.001,0.004,-0.002,-0.001,-0.003,1.5442
1785822475.994,0.000,WAIT,idle,2,0,0.003,0.001,0.003,-0.004,-0.002,-0.001,1.5442
1785822476.094,0.000,WAIT,idle,2,0,0.002,0.001,0.003,-0.008,-0.002,-0.003,1.5443
1785822476.194,0.000,WAIT,idle,2,0,0.001,0.000,0.003,-0.010,-0.004,0.000,1.5445
1785822476.294,0.000,WAIT,idle,2,0,0.001,-0.000,0.002,-0.008,-0.004,0.001,1.5446
1785822476.394,0.000,WAIT,idle,2,0,0.001,-0.000,0.002,-0.007,-0.002,0.001,1.5446
1785822476.494,0.000,WAIT,idle,2,0,0.001,-0.001,0.003,-0.005,-0.003,0.002,1.5447
1785822476.594,0.000,WAIT,idle,2,0,0.001,-0.001,0.003,-0.004,-0.004,0.001,1.5449
1785822476.694,0.000,WAIT,idle,2,0,0.001,-0.001,0.003,-0.003,-0.004,0.002,1.5448
1785822476.794,0.000,WAIT,idle,2,0,0.001,-0.001,0.004,-0.002,-0.004,0.001,1.5448
1785822476.894,0.000,WAIT,idle,2,0,0.002,-0.001,0.004,-0.003,-0.004,0.001,1.5447
1785822476.994,0.000,WAIT,idle,2,0,0.002,-0.000,0.004,-0.003,-0.002,0.003,1.5444
1785822477.094,0.000,WAIT,idle,2,0,0.002,0.001,0.005,-0.000,-0.003,0.003,1.5444
1785822477.194,0.000,WAIT,idle,2,0,0.003,0.001,0.005,-0.001,-0.004,0.002,1.5445
1785822477.294,0.000,WAIT,idle,2,0,0.003,0.001,0.006,0.001,-0.005,0.003,1.5446
1785822477.394,0.000,WAIT,idle,2,0,0.003,0.001,0.007,0.003,-0.008,0.006,1.5449
1785822477.494,0.000,WAIT,idle,2,0,0.003,-0.000,0.007,0.005,-0.010,0.005,1.5452
1785822477.594,0.000,WAIT,idle,2,0,0.004,-0.001,0.008,0.007,-0.010,0.003,1.5452
1785822477.694,0.000,WAIT,idle,2,0,0.005,-0.001,0.008,0.007,-0.008,0.003,1.5453
1785822477.794,0.000,WAIT,idle,2,0,0.005,-0.001,0.008,0.008,-0.006,0.004,1.5455
1785822477.894,0.000,WAIT,idle,2,0,0.006,-0.001,0.009,0.009,-0.005,0.006,1.5457
1785822477.994,0.000,WAIT,idle,2,0,0.006,-0.001,0.010,0.010,-0.006,0.006,1.5458
1785822478.094,0.000,WAIT,idle,2,0,0.007,-0.002,0.011,0.011,-0.007,0.007,1.5457
1785822478.194,0.000,WAIT,idle,2,0,0.007,-0.002,0.012,0.009,-0.009,0.007,1.5455
1785822478.294,0.000,WAIT,idle,2,0,0.007,-0.004,0.012,0.011,-0.011,0.009,1.5455
1785822478.394,0.000,WAIT,idle,2,0,0.007,-0.005,0.013,0.009,-0.013,0.006,1.5452
1785822478.494,0.000,WAIT,idle,2,0,0.006,-0.005,0.013,0.008,-0.012,0.007,1.5454
1785822478.594,0.000,WAIT,idle,2,0,0.007,-0.005,0.012,0.010,-0.010,0.007,1.5458
1785822478.694,0.000,WAIT,idle,2,0,0.007,-0.005,0.012,0.008,-0.009,0.005,1.5461
1785822478.794,0.000,WAIT,idle,2,0,0.007,-0.004,0.012,0.008,-0.007,0.007,1.5462
1785822478.894,0.000,WAIT,idle,2,0,0.007,-0.004,0.013,0.006,-0.006,0.008,1.5462
1785822478.994,0.000,WAIT,idle,2,0,0.007,-0.003,0.013,0.006,-0.006,0.007,1.5463
1785822479.094,0.000,WAIT,idle,2,0,0.007,-0.003,0.013,0.005,-0.004,0.006,1.5461
1785822479.194,0.000,WAIT,idle,2,0,0.006,-0.002,0.014,0.003,-0.004,0.008,1.5461
1785822479.294,0.000,WAIT,idle,2,0,0.006,-0.002,0.014,0.002,-0.008,0.005,1.5460
1785822479.394,0.000,WAIT,idle,2,0,0.005,-0.003,0.013,0.002,-0.008,0.005,1.5461
1785822479.494,0.000,WAIT,idle,2,0,0.005,-0.003,0.013,0.002,-0.007,0.008,1.5457
1785822479.594,0.000,WAIT,idle,2,0,0.005,-0.003,0.013,0.001,-0.005,0.007,1.5457
1785822479.694,0.000,WAIT,idle,2,0,0.006,-0.002,0.013,0.003,0.000,0.005,1.5459
1785822479.794,0.000,WAIT,idle,2,0,0.006,-0.001,0.013,0.003,-0.000,0.005,1.5460
1785822479.894,0.000,WAIT,idle,2,0,0.007,-0.001,0.012,0.006,-0.001,0.003,1.5459
1785822479.994,0.000,WAIT,idle,2,0,0.008,-0.001,0.011,0.007,-0.002,0.002,1.5461
1785822480.094,0.000,WAIT,idle,2,0,0.008,-0.000,0.010,0.005,0.000,-0.001,1.5462
1785822480.194,0.000,WAIT,idle,2,0,0.008,-0.000,0.009,0.004,-0.001,-0.000,1.5463
1785822480.294,0.000,WAIT,idle,2,0,0.007,0.000,0.008,0.003,-0.001,-0.002,1.5463
1785822480.394,0.000,WAIT,idle,2,0,0.007,0.000,0.007,0.003,-0.003,-0.003,1.5462
1785822480.494,0.000,WAIT,idle,2,0,0.007,-0.000,0.007,0.006,-0.002,-0.003,1.5461
1785822480.594,0.000,WAIT,idle,2,0,0.007,-0.001,0.006,0.007,-0.002,-0.002,1.5461
1785822480.694,0.000,WAIT,idle,2,0,0.008,-0.001,0.006,0.006,-0.003,0.000,1.5461
1785822480.794,0.000,WAIT,idle,2,0,0.008,-0.001,0.006,0.005,-0.004,-0.001,1.5459
1785822480.894,0.000,WAIT,idle,2,0,0.008,-0.001,0.006,0.002,-0.002,-0.000,1.5457
1785822480.994,0.000,WAIT,idle,2,0,0.008,-0.000,0.007,0.003,-0.000,-0.001,1.5458
1785822481.094,0.000,WAIT,idle,2,0,0.008,-0.000,0.007,0.001,-0.002,-0.000,1.5458
1785822481.194,0.000,WAIT,idle,2,0,0.008,0.000,0.008,-0.001,-0.000,0.002,1.5460
1785822481.294,0.000,WAIT,idle,2,0,0.008,0.000,0.009,-0.002,-0.000,0.004,1.5461
1785822481.394,0.000,WAIT,idle,2,0,0.007,0.000,0.010,-0.004,-0.004,0.001,1.5463
1785822481.494,0.000,WAIT,idle,2,0,0.007,0.000,0.010,-0.003,-0.001,0.002,1.5464
1785822481.594,0.000,WAIT,idle,2,0,0.007,0.000,0.010,-0.001,-0.001,0.003,1.5461
1785822481.694,0.000,WAIT,idle,2,0,0.006,0.001,0.010,-0.005,-0.002,0.004,1.5461
1785822481.794,0.000,WAIT,idle,2,0,0.005,0.000,0.010,-0.009,-0.003,0.002,1.5463
1785822481.894,0.000,WAIT,idle,2,0,0.004,0.000,0.010,-0.009,-0.002,0.002,1.5461
1785822481.994,0.000,WAIT,idle,2,0,0.004,0.000,0.009,-0.010,-0.003,0.002,1.5460
1785822482.094,0.000,WAIT,idle,2,0,0.003,0.000,0.009,-0.010,-0.002,0.001,1.5459
1785822482.194,0.000,WAIT,idle,2,0,0.003,0.000,0.008,-0.008,-0.000,-0.001,1.5456
1785822482.294,0.000,WAIT,idle,2,0,0.004,0.000,0.007,-0.006,0.000,0.002,1.5455
1785822482.394,0.000,WAIT,idle,2,0,0.004,0.001,0.007,-0.008,-0.000,-0.000,1.5456
1785822482.494,0.000,WAIT,idle,2,0,0.004,0.001,0.006,-0.008,-0.002,-0.001,1.5454
1785822482.594,0.000,WAIT,idle,2,0,0.004,0.000,0.006,-0.006,-0.001,-0.000,1.5451
1785822482.694,0.000,WAIT,idle,2,0,0.004,-0.000,0.006,-0.005,-0.004,0.000,1.5450
1785822482.794,0.000,WAIT,idle,2,0,0.004,-0.000,0.005,-0.006,-0.002,-0.000,1.5448
1785822482.894,0.000,WAIT,idle,2,0,0.005,-0.000,0.006,-0.004,-0.002,0.000,1.5446
1785822482.994,0.000,WAIT,idle,2,0,0.005,-0.000,0.005,-0.003,-0.001,-0.000,1.5446
1785822483.094,0.000,WAIT,idle,2,0,0.006,-0.001,0.005,0.001,-0.003,0.000,1.5447
1785822483.194,0.000,WAIT,idle,2,0,0.007,-0.001,0.005,0.001,-0.002,-0.002,1.5448
1785822483.294,0.000,WAIT,idle,2,0,0.007,-0.001,0.004,-0.000,0.000,0.000,1.5449
1785822483.394,0.000,WAIT,idle,2,0,0.007,-0.001,0.004,0.001,0.002,0.002,1.5450
1785822483.494,0.000,WAIT,idle,2,0,0.007,-0.000,0.004,-0.001,0.005,0.003,1.5451
1785822483.594,0.000,WAIT,idle,2,0,0.007,0.001,0.004,-0.003,0.008,0.002,1.5451
1785822483.694,0.000,WAIT,idle,2,0,0.006,0.002,0.004,-0.004,0.008,-0.000,1.5451
1785822483.794,0.000,WAIT,idle,2,0,0.006,0.002,0.003,-0.003,0.010,-0.001,1.5450
1785822483.894,0.000,WAIT,idle,2,0,0.006,0.003,0.002,-0.002,0.007,-0.001,1.5450
1785822483.994,0.000,WAIT,idle,2,0,0.006,0.003,0.001,-0.001,0.007,-0.001,1.5451
1785822484.094,0.000,WAIT,idle,2,0,0.007,0.003,0.001,0.000,0.008,0.000,1.5452
1785822484.194,0.000,WAIT,idle,2,0,0.007,0.003,0.002,-0.001,0.006,0.003,1.5453
1785822484.294,0.000,WAIT,idle,2,0,0.007,0.002,0.002,-0.001,0.003,0.006,1.5452
1785822484.394,0.000,WAIT,idle,2,0,0.007,0.002,0.003,0.003,0.001,0.004,1.5451
1785822484.494,0.000,WAIT,idle,2,0,0.007,0.001,0.003,0.001,0.003,0.006,1.5451
1785822484.594,0.000,WAIT,idle,2,0,0.007,0.001,0.004,-0.000,0.002,0.005,1.5449
1785822484.694,0.000,WAIT,idle,2,0,0.007,0.001,0.004,-0.001,0.006,0.008,1.5450
1785822484.794,0.000,WAIT,idle,2,0,0.007,0.002,0.005,-0.000,0.005,0.007,1.5447
1785822484.894,0.000,WAIT,idle,2,0,0.006,0.002,0.005,-0.001,0.009,0.007,1.5447
1785822484.994,0.000,WAIT,idle,2,0,0.006,0.003,0.006,0.001,0.007,0.005,1.5446
1785822485.094,0.000,WAIT,idle,2,0,0.006,0.002,0.006,0.000,0.004,0.007,1.5446
1785822485.194,0.000,WAIT,idle,2,0,0.005,0.002,0.005,0.001,0.005,0.007,1.5446
1785822485.294,0.000,WAIT,idle,2,0,0.005,0.003,0.005,0.001,0.006,0.006,1.5448
1785822485.394,0.000,WAIT,idle,2,0,0.004,0.003,0.005,0.001,0.008,0.003,1.5447
1785822485.494,0.000,WAIT,idle,2,0,0.004,0.004,0.004,-0.001,0.011,0.001,1.5447
1785822485.594,0.000,WAIT,idle,2,0,0.004,0.005,0.004,-0.001,0.010,0.001,1.5447
1785822485.694,0.000,WAIT,idle,2,0,0.004,0.005,0.004,0.002,0.010,-0.003,1.5447
1785822485.794,0.000,WAIT,idle,2,0,0.004,0.005,0.003,0.001,0.010,-0.005,1.5447
1785822485.894,0.000,WAIT,idle,2,0,0.004,0.005,0.003,0.002,0.007,-0.003,1.5447
1785822485.994,0.000,WAIT,idle,2,0,0.004,0.004,0.003,0.003,0.005,-0.002,1.5449
1785822486.094,0.000,WAIT,idle,2,0,0.005,0.004,0.003,0.000,0.002,-0.000,1.5447
1785822486.194,0.000,WAIT,idle,2,0,0.005,0.003,0.004,-0.001,0.004,-0.001,1.5443
1785822486.294,0.000,WAIT,idle,2,0,0.005,0.003,0.004,-0.003,0.003,-0.003,1.5441
1785822486.394,0.000,WAIT,idle,2,0,0.005,0.003,0.003,-0.005,0.004,-0.003,1.5441
1785822486.494,0.000,WAIT,idle,2,0,0.005,0.003,0.003,-0.006,0.003,-0.002,1.5441
1785822486.594,0.000,WAIT,idle,2,0,0.004,0.003,0.003,-0.004,0.006,-0.002,1.5442
1785822486.694,0.000,WAIT,idle,2,0,0.004,0.003,0.003,-0.007,0.002,-0.002,1.5442
1785822486.794,0.000,WAIT,idle,2,0,0.004,0.003,0.002,-0.008,0.003,-0.001,1.5445
1785822486.894,0.000,WAIT,idle,2,0,0.004,0.003,0.002,-0.006,0.002,-0.002,1.5446
1785822486.994,0.000,WAIT,idle,2,0,0.004,0.003,0.002,-0.004,0.001,-0.003,1.5446
1785822487.094,0.000,WAIT,idle,2,0,0.005,0.003,0.002,-0.002,-0.000,-0.003,1.5446
1785822487.194,0.000,WAIT,idle,2,0,0.005,0.003,0.002,-0.000,-0.000,-0.002,1.5446
1785822487.294,0.000,WAIT,idle,2,0,0.006,0.002,0.003,0.000,-0.001,0.002,1.5445
1785822487.394,0.000,WAIT,idle,2,0,0.007,0.002,0.004,0.001,-0.003,0.004,1.5446
1785822487.494,0.000,WAIT,idle,2,0,0.007,0.001,0.005,0.001,-0.003,0.004,1.5448
1785822487.594,0.000,WAIT,idle,2,0,0.007,0.001,0.006,0.001,-0.003,0.002,1.5449
1785822487.694,0.000,WAIT,idle,2,0,0.007,0.000,0.006,0.001,-0.004,0.003,1.5453
1785822487.794,0.000,WAIT,idle,2,0,0.006,0.000,0.007,-0.002,-0.002,0.006,1.5452
1785822487.894,0.000,WAIT,idle,2,0,0.005,0.000,0.008,-0.001,-0.000,0.008,1.5450
1785822487.994,0.000,WAIT,idle,2,0,0.005,0.000,0.009,-0.002,-0.001,0.005,1.5451
1785822488.094,0.000,WAIT,idle,2,0,0.004,0.000,0.009,-0.004,-0.001,-0.001,1.5454
1785822488.194,0.000,WAIT,idle,2,0,0.003,0.000,0.008,-0.005,-0.002,0.000,1.5458
1785822488.294,0.000,WAIT,idle,2,0,0.002,0.000,0.007,-0.008,-0.001,0.000,1.5458
1785822488.394,0.000,WAIT,idle,2,0,0.001,0.000,0.006,-0.011,-0.002,-0.002,1.5457
1785822488.494,0.000,WAIT,idle,2,0,-0.000,0.000,0.006,-0.012,-0.000,0.001,1.5458
1785822488.594,0.000,WAIT,idle,2,0,-0.001,0.001,0.006,-0.013,-0.001,-0.000,1.5457
1785822488.694,0.000,WAIT,idle,2,0,-0.001,0.001,0.006,-0.013,-0.002,-0.002,1.5457
1785822488.794,0.000,WAIT,idle,2,0,-0.002,0.001,0.006,-0.012,-0.002,-0.001,1.5460
1785822488.894,0.000,WAIT,idle,2,0,-0.002,0.001,0.005,-0.012,-0.002,-0.003,1.5458
1785822488.994,0.000,WAIT,idle,2,0,-0.002,0.001,0.005,-0.011,0.001,-0.004,1.5457
1785822489.094,0.000,WAIT,idle,2,0,-0.001,0.001,0.004,-0.009,0.001,-0.005,1.5458
1785822489.194,0.000,WAIT,idle,2,0,-0.001,0.001,0.004,-0.006,0.004,-0.005,1.5461
1785822489.294,0.000,WAIT,idle,2,0,-0.001,0.002,0.003,-0.007,0.008,-0.006,1.5464
1785822489.394,0.000,WAIT,idle,2,0,-0.001,0.003,0.003,-0.008,0.009,-0.008,1.5465
1785822489.494,0.000,WAIT,idle,2,0,-0.001,0.004,0.002,-0.005,0.012,-0.007,1.5463
1785822489.594,0.000,WAIT,idle,2,0,-0.000,0.004,0.002,-0.004,0.013,-0.008,1.5462
1785822489.694,0.000,WAIT,idle,2,0,0.001,0.005,0.002,-0.005,0.014,-0.009,1.5462
1785822489.794,0.000,WAIT,idle,2,0,0.001,0.006,0.002,-0.007,0.015,-0.008,1.5463
1785822489.894,0.000,WAIT,idle,2,0,0.001,0.006,0.002,-0.008,0.013,-0.008,1.5462
1785822489.994,0.000,WAIT,idle,2,0,0.001,0.006,0.002,-0.009,0.014,-0.008,1.5460
1785822490.094,0.000,WAIT,idle,2,0,0.002,0.006,0.002,-0.008,0.012,-0.008,1.5460
1785822490.194,0.000,WAIT,idle,2,0,0.002,0.006,0.003,-0.007,0.011,-0.008,1.5460
1785822490.294,0.000,WAIT,idle,2,0,0.002,0.005,0.003,-0.006,0.010,-0.007,1.5459
1785822490.394,0.000,WAIT,idle,2,0,0.002,0.005,0.003,-0.005,0.008,-0.006,1.5457
1785822490.494,0.000,WAIT,idle,2,0,0.002,0.005,0.003,-0.005,0.008,-0.004,1.5455
1785822490.594,0.000,WAIT,idle,2,0,0.002,0.005,0.003,-0.004,0.009,-0.004,1.5453
1785822490.694,0.000,WAIT,idle,2,0,0.003,0.005,0.003,-0.005,0.007,-0.004,1.5452
1785822490.794,0.000,WAIT,idle,2,0,0.003,0.005,0.004,-0.007,0.008,-0.002,1.5450
1785822490.894,0.000,WAIT,idle,2,0,0.003,0.004,0.005,-0.006,0.006,-0.001,1.5450
1785822490.994,0.000,WAIT,idle,2,0,0.003,0.004,0.006,-0.007,0.007,0.003,1.5450
1785822491.094,0.000,WAIT,idle,2,0,0.003,0.004,0.007,-0.007,0.006,0.004,1.5451
1785822491.194,0.000,WAIT,idle,2,0,0.003,0.004,0.008,-0.007,0.008,0.005,1.5453
1785822491.294,0.000,WAIT,idle,2,0,0.003,0.005,0.009,-0.006,0.009,0.005,1.5451
1785822491.394,0.000,WAIT,idle,2,0,0.004,0.005,0.009,-0.002,0.007,0.002,1.5448
1785822491.494,0.000,WAIT,idle,2,0,0.004,0.004,0.009,-0.002,0.006,-0.001,1.5448
1785822491.594,0.000,WAIT,idle,2,0,0.005,0.004,0.008,-0.002,0.006,0.001,1.5445
1785822491.694,0.000,WAIT,idle,2,0,0.005,0.003,0.008,-0.001,0.004,0.000,1.5443
1785822491.794,0.000,WAIT,idle,2,0,0.005,0.003,0.008,-0.002,0.002,0.001,1.5444
1785822491.894,0.000,WAIT,idle,2,0,0.005,0.002,0.008,-0.000,-0.000,0.001,1.5444
1785822491.994,0.000,WAIT,idle,2,0,0.004,0.002,0.008,-0.002,-0.002,0.002,1.5443
1785822492.094,0.000,WAIT,idle,2,0,0.004,0.001,0.009,-0.002,-0.002,0.001,1.5444
1785822492.194,0.000,WAIT,idle,2,0,0.004,0.001,0.009,-0.002,0.001,0.002,1.5445
1785822492.294,0.000,WAIT,idle,2,0,0.004,0.001,0.009,-0.002,0.001,0.001,1.5447
1785822492.394,0.000,WAIT,idle,2,0,0.003,0.002,0.009,-0.003,0.007,-0.002,1.5449
1785822492.494,0.000,WAIT,idle,2,0,0.003,0.003,0.008,-0.004,0.009,-0.004,1.5447
1785822492.594,0.000,WAIT,idle,2,0,0.004,0.004,0.007,-0.004,0.011,-0.007,1.5448
1785822492.694,0.000,WAIT,idle,2,0,0.004,0.005,0.005,-0.005,0.012,-0.006,1.5446
1785822492.794,0.000,WAIT,idle,2,0,0.003,0.005,0.004,-0.005,0.010,-0.004,1.5445
1785822492.894,0.000,WAIT,idle,2,0,0.003,0.006,0.003,-0.008,0.011,-0.003,1.5442
1785822492.994,0.000,WAIT,idle,2,0,0.002,0.006,0.002,-0.008,0.010,-0.004,1.5441
1785822493.094,0.000,WAIT,idle,2,0,0.002,0.006,0.002,-0.007,0.012,-0.005,1.5442
1785822493.194,0.000,WAIT,idle,2,0,0.002,0.006,0.001,-0.007,0.011,-0.003,1.5444
1785822493.294,0.000,WAIT,idle,2,0,0.003,0.006,0.001,-0.008,0.010,-0.003,1.5445
1785822493.394,0.000,WAIT,idle,2,0,0.003,0.006,0.001,-0.009,0.010,-0.002,1.5444
1785822493.494,0.000,WAIT,idle,2,0,0.003,0.005,0.001,-0.008,0.010,-0.002,1.5443
1785822493.594,0.000,WAIT,idle,2,0,0.003,0.005,0.001,-0.009,0.009,-0.001,1.5440
1785822493.694,0.000,WAIT,idle,2,0,0.003,0.005,0.001,-0.008,0.007,-0.002,1.5441
1785822493.794,0.000,WAIT,idle,2,0,0.003,0.004,0.001,-0.007,0.006,-0.002,1.5441
1785822493.894,0.000,WAIT,idle,2,0,0.003,0.004,0.001,-0.008,0.006,-0.001,1.5445
1785822493.994,0.000,WAIT,idle,2,0,0.003,0.004,0.002,-0.008,0.006,0.002,1.5446
1785822494.094,0.000,WAIT,idle,2,0,0.003,0.004,0.002,-0.009,0.006,-0.000,1.5448
1785822494.194,0.000,WAIT,idle,2,0,0.003,0.004,0.002,-0.008,0.008,-0.001,1.5450
1785822494.294,0.000,WAIT,idle,2,0,0.003,0.004,0.002,-0.007,0.011,-0.001,1.5451
1785822494.394,0.000,WAIT,idle,2,0,0.003,0.004,0.002,-0.005,0.008,0.000,1.5452
1785822494.494,0.000,WAIT,idle,2,0,0.003,0.004,0.002,-0.006,0.008,-0.001,1.5452
1785822494.594,0.000,WAIT,idle,2,0,0.003,0.003,0.002,-0.007,0.007,0.000,1.5452
1785822494.694,0.000,WAIT,idle,2,0,0.004,0.003,0.003,-0.005,0.007,0.003,1.5449
1785822494.794,0.000,WAIT,idle,2,0,0.005,0.003,0.003,-0.000,0.007,0.001,1.5450
1785822494.894,0.000,WAIT,idle,2,0,0.005,0.003,0.003,0.003,0.010,0.000,1.5448
1785822494.994,0.000,WAIT,idle,2,0,0.006,0.003,0.002,0.004,0.009,0.000,1.5445
1785822495.094,0.000,WAIT,idle,2,0,0.007,0.003,0.002,0.002,0.011,0.001,1.5442
1785822495.194,0.000,WAIT,idle,2,0,0.007,0.003,0.002,0.000,0.009,-0.003,1.5438
1785822495.294,0.000,WAIT,idle,2,0,0.007,0.004,0.002,0.001,0.011,-0.002,1.5436
1785822495.394,0.000,WAIT,idle,2,0,0.008,0.004,0.003,-0.000,0.012,-0.001,1.5433
1785822495.494,0.000,WAIT,idle,2,0,0.008,0.005,0.003,-0.000,0.012,0.001,1.5430
1785822495.594,0.000,WAIT,idle,2,0,0.008,0.005,0.004,-0.001,0.013,0.002,1.5426
1785822495.694,0.000,WAIT,idle,2,0,0.008,0.005,0.004,-0.003,0.012,0.001,1.5425
1785822495.794,0.000,WAIT,idle,2,0,0.008,0.006,0.005,-0.002,0.013,0.001,1.5424
1785822495.894,0.000,WAIT,idle,2,0,0.008,0.006,0.005,-0.002,0.011,0.001,1.5421
1785822495.994,0.000,WAIT,idle,2,0,0.008,0.005,0.005,-0.002,0.007,0.004,1.5419
1785822496.094,0.000,WAIT,idle,2,0,0.008,0.005,0.006,0.002,0.006,0.003,1.5420
1785822496.194,0.000,WAIT,idle,2,0,0.009,0.004,0.007,0.003,0.006,0.006,1.5417
1785822496.294,0.000,WAIT,idle,2,0,0.009,0.004,0.007,0.003,0.004,0.004,1.5417
1785822496.394,0.000,WAIT,idle,2,0,0.009,0.003,0.007,0.005,0.005,0.006,1.5415
1785822496.494,0.000,WAIT,idle,2,0,0.009,0.003,0.007,0.004,0.003,0.006,1.5414
1785822496.594,0.000,WAIT,idle,2,0,0.008,0.003,0.008,0.002,0.003,0.008,1.5414
1785822496.694,0.000,WAIT,idle,2,0,0.008,0.002,0.008,0.003,0.004,0.007,1.5415
1785822496.794,0.000,WAIT,idle,2,0,0.007,0.002,0.009,0.003,0.003,0.005,1.5414
1785822496.894,0.000,WAIT,idle,2,0,0.007,0.002,0.009,0.002,0.003,0.007,1.5413
1785822496.994,0.000,WAIT,idle,2,0,0.007,0.002,0.009,0.002,0.003,0.005,1.5410
1785822497.094,0.000,WAIT,idle,2,0,0.006,0.002,0.010,0.001,0.006,0.005,1.5411
1785822497.194,0.000,WAIT,idle,2,0,0.006,0.002,0.009,0.000,0.007,0.002,1.5412
1785822497.294,0.000,WAIT,idle,2,0,0.006,0.002,0.009,0.002,0.004,-0.000,1.5413
1785822497.394,0.000,WAIT,idle,2,0,0.006,0.002,0.008,0.002,0.003,-0.000,1.5412
1785822497.494,0.000,WAIT,idle,2,0,0.006,0.002,0.008,0.001,0.003,-0.001,1.5413
1785822497.594,0.000,WAIT,idle,2,0,0.005,0.002,0.007,-0.002,0.004,-0.001,1.5413
1785822497.694,0.000,WAIT,idle,2,0,0.005,0.002,0.007,-0.002,0.005,-0.000,1.5415
1785822497.794,0.000,WAIT,idle,2,0,0.005,0.002,0.008,-0.004,0.002,0.004,1.5414
1785822497.894,0.000,WAIT,idle,2,0,0.005,0.002,0.009,-0.006,0.003,0.004,1.5415
1785822497.994,0.000,WAIT,idle,2,0,0.005,0.002,0.009,-0.006,0.004,0.004,1.5417
1785822498.094,0.000,WAIT,idle,2,0,0.005,0.002,0.010,-0.003,0.005,0.003,1.5417
1785822498.194,0.000,WAIT,idle,2,0,0.006,0.002,0.010,-0.004,0.003,0.003,1.5416
1785822498.294,0.000,WAIT,idle,2,0,0.006,0.002,0.010,-0.002,0.002,0.001,1.5417
1785822498.394,0.000,WAIT,idle,2,0,0.007,0.001,0.009,-0.003,0.001,0.001,1.5418
1785822498.494,0.000,WAIT,idle,2,0,0.006,0.001,0.008,-0.005,0.002,0.000,1.5422
1785822498.594,0.000,WAIT,idle,2,0,0.006,0.001,0.008,-0.005,0.001,0.001,1.5423
1785822498.694,0.000,WAIT,idle,2,0,0.005,0.001,0.008,-0.004,0.001,0.001,1.5424
1785822498.794,0.000,WAIT,idle,2,0,0.005,0.001,0.007,-0.004,0.000,0.000,1.5424
1785822498.894,0.000,WAIT,idle,2,0,0.005,0.000,0.007,-0.004,-0.000,-0.000,1.5426
1785822498.994,0.000,WAIT,idle,2,0,0.005,0.000,0.007,-0.003,0.001,0.000,1.5427
1785822499.094,0.000,WAIT,idle,2,0,0.005,-0.000,0.006,-0.000,-0.000,-0.002,1.5429
1785822499.194,0.000,WAIT,idle,2,0,0.005,-0.000,0.006,-0.001,0.002,-0.002,1.5430
1785822499.294,0.000,WAIT,idle,2,0,0.005,-0.000,0.006,-0.003,0.001,-0.001,1.5431
1785822499.394,0.000,WAIT,idle,2,0,0.004,-0.001,0.005,-0.007,-0.002,-0.001,1.5430
1785822499.494,0.000,WAIT,idle,2,0,0.003,-0.001,0.005,-0.005,-0.001,-0.000,1.5430
1785822499.594,0.000,WAIT,idle,2,0,0.002,-0.001,0.006,-0.005,-0.004,0.001,1.5430
1785822499.694,0.000,WAIT,idle,2,0,0.002,-0.002,0.006,-0.006,-0.006,0.002,1.5430
1785822499.794,0.000,WAIT,idle,2,0,0.002,-0.002,0.007,-0.006,-0.005,0.001,1.5433
1785822499.894,0.000,WAIT,idle,2,0,0.002,-0.002,0.008,-0.006,-0.003,0.003,1.5436
1785822499.994,0.000,WAIT,idle,2,0,0.002,-0.002,0.009,-0.006,-0.002,0.002,1.5438
1785822500.094,0.000,WAIT,idle,2,0,0.002,-0.002,0.009,-0.006,-0.000,-0.001,1.5437
1785822500.194,0.000,WAIT,idle,2,0,0.002,-0.001,0.009,-0.006,0.002,-0.001,1.5438
1785822500.294,0.000,WAIT,idle,2,0,0.002,-0.001,0.009,-0.004,0.002,-0.004,1.5438
1785822500.394,0.000,WAIT,idle,2,0,0.003,-0.000,0.007,-0.003,0.001,-0.007,1.5439
1785822500.494,0.000,WAIT,idle,2,0,0.003,-0.000,0.006,0.001,-0.000,-0.008,1.5439
1785822500.594,0.000,WAIT,idle,2,0,0.004,-0.000,0.005,0.002,-0.002,-0.010,1.5439
1785822500.694,0.000,WAIT,idle,2,0,0.005,-0.000,0.004,0.002,0.000,-0.012,1.5439
1785822500.794,0.000,WAIT,idle,2,0,0.006,-0.000,0.003,0.001,-0.000,-0.013,1.5439
1785822500.894,0.000,WAIT,idle,2,0,0.006,0.000,0.002,-0.001,-0.001,-0.011,1.5438
1785822500.994,0.000,WAIT,idle,2,0,0.005,0.000,0.001,-0.003,-0.000,-0.012,1.5438
1785822501.094,0.000,WAIT,idle,2,0,0.005,0.000,0.001,-0.005,-0.003,-0.010,1.5438
1785822501.194,0.000,WAIT,idle,2,0,0.004,-0.000,0.001,-0.006,-0.004,-0.010,1.5439
1785822501.294,0.000,WAIT,idle,2,0,0.004,-0.001,0.001,-0.005,-0.004,-0.008,1.5438
1785822501.394,0.000,WAIT,idle,2,0,0.003,-0.001,0.001,-0.005,-0.001,-0.005,1.5437
1785822501.494,0.000,WAIT,idle,2,0,0.003,-0.001,0.001,-0.006,-0.001,-0.007,1.5435
1785822501.594,0.000,WAIT,idle,2,0,0.002,-0.001,0.001,-0.005,-0.002,-0.007,1.5436
1785822501.694,0.000,WAIT,idle,2,0,0.002,-0.000,0.001,-0.004,-0.000,-0.003,1.5439
1785822501.794,0.000,WAIT,idle,2,0,0.002,-0.001,0.001,-0.001,0.001,-0.004,1.5441
1785822501.894,0.000,WAIT,idle,2,0,0.003,-0.001,0.001,0.000,-0.001,-0.004,1.5441
1785822501.994,0.000,WAIT,idle,2,0,0.004,-0.001,0.002,0.000,0.000,-0.004,1.5442
1785822502.094,0.000,WAIT,idle,2,0,0.004,-0.000,0.002,0.002,0.002,-0.005,1.5443
1785822502.194,0.000,WAIT,idle,2,0,0.005,-0.000,0.002,0.002,0.002,-0.006,1.5445
1785822502.294,0.000,WAIT,idle,2,0,0.006,-0.000,0.002,0.001,-0.001,-0.006,1.5445
1785822502.394,0.000,WAIT,idle,2,0,0.006,-0.000,0.002,-0.001,0.003,-0.005,1.5444
1785822502.494,0.000,WAIT,idle,2,0,0.006,0.000,0.002,-0.002,0.002,-0.004,1.5441
1785822502.594,0.000,WAIT,idle,2,0,0.006,0.000,0.002,0.002,0.003,-0.003,1.5441
1785822502.694,0.000,WAIT,idle,2,0,0.007,0.001,0.002,0.001,0.004,-0.007,1.5442
1785822502.794,0.000,WAIT,idle,2,0,0.007,0.001,0.001,0.002,0.005,-0.007,1.5442
1785822502.894,0.000,WAIT,idle,2,0,0.007,0.001,0.001,0.001,0.007,-0.005,1.5443
1785822502.994,0.000,WAIT,idle,2,0,0.007,0.001,0.001,-0.001,0.007,-0.004,1.5443
1785822503.094,0.000,WAIT,idle,2,0,0.007,0.002,0.001,-0.002,0.008,-0.003,1.5444
1785822503.194,0.000,WAIT,idle,2,0,0.007,0.002,0.001,-0.002,0.007,-0.002,1.5443
1785822503.294,0.000,WAIT,idle,2,0,0.007,0.002,0.001,-0.002,0.004,-0.001,1.5440
1785822503.394,0.000,WAIT,idle,2,0,0.007,0.002,0.002,-0.002,0.004,0.002,1.5439
1785822503.494,0.000,WAIT,idle,2,0,0.007,0.002,0.003,-0.000,0.004,0.002,1.5440
1785822503.594,0.000,WAIT,idle,2,0,0.007,0.002,0.003,-0.001,0.006,0.000,1.5438
1785822503.694,0.000,WAIT,idle,2,0,0.007,0.002,0.003,-0.001,0.006,-0.001,1.5437
1785822503.794,0.000,WAIT,idle,2,0,0.007,0.002,0.003,0.000,0.009,-0.001,1.5438
1785822503.894,0.000,WAIT,idle,2,0,0.008,0.002,0.003,-0.001,0.008,0.002,1.5440
1785822503.994,0.000,WAIT,idle,2,0,0.008,0.003,0.003,-0.003,0.007,0.001,1.5441
1785822504.094,0.000,WAIT,idle,2,0,0.008,0.003,0.003,-0.003,0.008,0.003,1.5443
1785822504.194,0.000,WAIT,idle,2,0,0.008,0.003,0.003,-0.002,0.006,0.004,1.5444
1785822504.294,0.000,WAIT,idle,2,0,0.007,0.003,0.003,-0.002,0.006,0.006,1.5442
1785822504.394,0.000,WAIT,idle,2,0,0.007,0.002,0.003,-0.002,0.005,0.007,1.5442
1785822504.494,0.000,WAIT,idle,2,0,0.007,0.002,0.003,-0.003,0.003,0.004,1.5441
1785822504.594,0.000,WAIT,idle,2,0,0.007,0.002,0.002,-0.001,0.002,0.005,1.5439
1785822504.694,0.000,WAIT,idle,2,0,0.007,0.002,0.002,0.001,0.003,0.004,1.5441
1785822504.794,0.000,WAIT,idle,2,0,0.008,0.002,0.002,0.000,0.005,0.005,1.5442
1785822504.894,0.000,WAIT,idle,2,0,0.009,0.002,0.003,0.001,0.008,0.006,1.5440
1785822504.994,0.000,WAIT,idle,2,0,0.009,0.003,0.003,0.003,0.008,0.006,1.5438
1785822505.094,0.000,WAIT,idle,2,0,0.009,0.003,0.003,0.001,0.006,0.004,1.5436
1785822505.194,0.000,WAIT,idle,2,0,0.009,0.003,0.002,0.002,0.004,0.004,1.5434
1785822505.294,0.000,WAIT,idle,2,0,0.009,0.002,0.002,0.002,0.001,0.004,1.5432
1785822505.394,0.000,WAIT,idle,2,0,0.009,0.002,0.002,0.000,-0.000,0.006,1.5434
1785822505.494,0.000,WAIT,idle,2,0,0.008,0.001,0.003,-0.001,0.001,0.007,1.5434
1785822505.594,0.000,WAIT,idle,2,0,0.007,0.001,0.004,-0.004,0.003,0.007,1.5431
1785822505.694,0.000,WAIT,idle,2,0,0.007,0.001,0.004,-0.004,0.004,0.003,1.5431
1785822505.794,0.000,WAIT,idle,2,0,0.006,0.002,0.004,-0.007,0.004,0.003,1.5431
1785822505.894,0.000,WAIT,idle,2,0,0.005,0.002,0.005,-0.006,0.004,0.004,1.5433
1785822505.994,0.000,WAIT,idle,2,0,0.005,0.002,0.005,-0.006,0.006,0.002,1.5434
1785822506.094,0.000,WAIT,idle,2,0,0.005,0.003,0.006,-0.006,0.007,0.004,1.5434
1785822506.194,0.000,WAIT,idle,2,0,0.005,0.003,0.006,-0.006,0.008,0.006,1.5434
1785822506.294,0.000,WAIT,idle,2,0,0.005,0.004,0.007,-0.004,0.009,0.006,1.5435
1785822506.394,0.000,WAIT,idle,2,0,0.006,0.004,0.007,-0.004,0.007,0.006,1.5437
1785822506.494,0.000,WAIT,idle,2,0,0.006,0.004,0.008,-0.003,0.005,0.008,1.5437
1785822506.594,0.000,WAIT,idle,2,0,0.006,0.003,0.008,-0.007,0.004,0.007,1.5438
1785822506.694,0.000,WAIT,idle,2,0,0.006,0.002,0.008,-0.007,0.002,0.006,1.5438
1785822506.794,0.000,WAIT,idle,2,0,0.005,0.001,0.009,-0.008,-0.001,0.005,1.5439
1785822506.894,0.000,WAIT,idle,2,0,0.004,0.001,0.009,-0.010,-0.002,0.003,1.5439
1785822506.994,0.000,WAIT,idle,2,0,0.004,0.001,0.008,-0.011,-0.000,0.003,1.5440
1785822507.094,0.000,WAIT,idle,2,0,0.003,0.001,0.008,-0.011,0.002,0.001,1.5440
1785822507.194,0.000,WAIT,idle,2,0,0.003,0.001,0.008,-0.008,0.001,0.001,1.5442
1785822507.294,0.000,WAIT,idle,2,0,0.003,0.001,0.007,-0.010,-0.003,0.001,1.5445
1785822507.394,0.000,WAIT,idle,2,0,0.003,0.000,0.007,-0.009,-0.006,0.003,1.5446
1785822507.494,0.000,WAIT,idle,2,0,0.003,-0.001,0.007,-0.006,-0.007,0.001,1.5450
1785822507.594,0.000,WAIT,idle,2,0,0.004,-0.001,0.006,-0.003,-0.008,-0.001,1.5450
1785822507.694,0.000,WAIT,idle,2,0,0.004,-0.002,0.006,-0.001,-0.013,-0.002,1.5450
1785822507.794,0.000,WAIT,idle,2,0,0.005,-0.003,0.006,0.000,-0.016,-0.003,1.5451
1785822507.894,0.000,WAIT,idle,2,0,0.005,-0.005,0.005,-0.003,-0.018,-0.004,1.5451
1785822507.994,0.000,WAIT,idle,2,0,0.004,-0.006,0.005,-0.004,-0.017,-0.006,1.5453
1785822508.094,0.000,WAIT,idle,2,0,0.004,-0.006,0.004,-0.006,-0.014,-0.004,1.5458
1785822508.194,0.000,WAIT,idle,2,0,0.003,-0.006,0.004,-0.007,-0.012,-0.003,1.5462
1785822508.294,0.000,WAIT,idle,2,0,0.003,-0.005,0.004,-0.009,-0.011,-0.004,1.5462
1785822508.394,0.000,WAIT,idle,2,0,0.003,-0.005,0.004,-0.009,-0.013,-0.003,1.5464
1785822508.494,0.000,WAIT,idle,2,0,0.002,-0.005,0.004,-0.011,-0.010,-0.003,1.5463
1785822508.594,0.000,WAIT,idle,2,0,0.001,-0.004,0.004,-0.011,-0.011,-0.004,1.5461
1785822508.694,0.000,WAIT,idle,2,0,0.001,-0.004,0.004,-0.007,-0.011,-0.003,1.5461
1785822508.794,0.000,WAIT,idle,2,0,0.001,-0.004,0.004,-0.005,-0.013,-0.002,1.5462
1785822508.894,0.000,WAIT,idle,2,0,0.001,-0.004,0.005,-0.008,-0.014,-0.001,1.5462
1785822508.994,0.000,WAIT,idle,2,0,0.001,-0.004,0.006,-0.005,-0.011,0.001,1.5462
1785822509.094,0.000,WAIT,idle,2,0,0.001,-0.004,0.007,-0.008,-0.009,0.004,1.5463
1785822509.194,0.000,WAIT,idle,2,0,0.000,-0.004,0.008,-0.008,-0.007,0.004,1.5463
1785822509.294,0.000,WAIT,idle,2,0,0.000,-0.003,0.009,-0.009,-0.007,0.005,1.5464
1785822509.394,0.000,WAIT,idle,2,0,0.000,-0.003,0.010,-0.008,-0.004,0.005,1.5464
1785822509.494,0.000,WAIT,idle,2,0,0.000,-0.002,0.010,-0.009,-0.004,0.006,1.5462
1785822509.594,0.000,WAIT,idle,2,0,0.000,-0.001,0.011,-0.009,-0.003,0.004,1.5460
1785822509.694,0.000,WAIT,idle,2,0,-0.000,-0.001,0.011,-0.007,-0.004,0.002,1.5461
1785822509.794,0.000,WAIT,idle,2,0,0.000,-0.001,0.011,-0.004,-0.004,0.003,1.5462
1785822509.894,0.000,WAIT,idle,2,0,0.000,-0.001,0.012,-0.005,-0.006,0.003,1.5460
1785822509.994,0.000,WAIT,idle,2,0,0.001,-0.002,0.011,-0.005,-0.009,0.003,1.5460
1785822510.094,0.000,WAIT,idle,2,0,0.002,-0.002,0.011,-0.004,-0.006,0.002,1.5460
1785822510.194,0.000,WAIT,idle,2,0,0.002,-0.002,0.011,-0.003,-0.006,0.001,1.5459
1785822510.294,0.000,WAIT,idle,2,0,0.003,-0.002,0.011,-0.003,-0.006,0.001,1.5461
1785822510.394,0.000,WAIT,idle,2,0,0.004,-0.002,0.010,-0.003,-0.002,-0.001,1.5464
1785822510.494,0.000,WAIT,idle,2,0,0.004,-0.001,0.010,-0.004,-0.001,-0.001,1.5461
1785822510.594,0.000,WAIT,idle,2,0,0.005,-0.000,0.009,-0.000,0.001,-0.002,1.5461
1785822510.694,0.000,WAIT,idle,2,0,0.006,0.000,0.009,0.002,0.002,-0.001,1.5459
1785822510.794,0.000,WAIT,idle,2,0,0.007,0.001,0.009,0.003,0.002,-0.000,1.5458
1785822510.894,0.000,WAIT,idle,2,0,0.007,0.001,0.008,-0.001,0.000,0.000,1.5457
1785822510.994,0.000,WAIT,idle,2,0,0.007,0.001,0.008,-0.002,0.001,-0.001,1.5456
1785822511.094,0.000,WAIT,idle,2,0,0.006,0.001,0.008,-0.003,0.002,0.000,1.5456
1785822511.194,0.000,WAIT,idle,2,0,0.006,0.001,0.008,-0.003,0.003,0.004,1.5456
1785822511.294,0.000,WAIT,idle,2,0,0.005,0.001,0.008,-0.004,0.004,0.003,1.5454
1785822511.394,0.000,WAIT,idle,2,0,0.005,0.002,0.008,-0.002,0.003,0.001,1.5452
1785822511.494,0.000,WAIT,idle,2,0,0.004,0.001,0.008,-0.004,0.001,-0.002,1.5451
1785822511.594,0.000,WAIT,idle,2,0,0.003,0.001,0.008,-0.003,0.001,0.000,1.5451
1785822511.694,0.000,WAIT,idle,2,0,0.003,0.001,0.007,-0.002,0.001,-0.002,1.5450
1785822511.794,0.000,WAIT,idle,2,0,0.003,0.002,0.007,-0.001,0.001,-0.002,1.5449
1785822511.894,0.000,WAIT,idle,2,0,0.003,0.002,0.006,-0.001,0.000,-0.003,1.5449
1785822511.994,0.000,WAIT,idle,2,0,0.003,0.002,0.006,-0.002,0.003,-0.003,1.5449
1785822512.094,0.000,WAIT,idle,2,0,0.003,0.002,0.005,-0.001,0.000,-0.004,1.5449
1785822512.194,0.000,WAIT,idle,2,0,0.003,0.002,0.005,-0.001,-0.001,-0.004,1.5448
1785822512.294,0.000,WAIT,idle,2,0,0.003,0.001,0.005,-0.000,-0.000,-0.005,1.5445
1785822512.394,0.000,WAIT,idle,2,0,0.003,0.001,0.005,0.001,-0.001,-0.002,1.5445
1785822512.494,0.000,WAIT,idle,2,0,0.004,0.001,0.005,-0.001,-0.005,-0.003,1.5447
1785822512.594,0.000,WAIT,idle,2,0,0.004,-0.001,0.005,0.001,-0.009,-0.003,1.5445
1785822512.694,0.000,WAIT,idle,2,0,0.005,-0.001,0.005,-0.001,-0.006,-0.001,1.5442
1785822512.794,0.000,WAIT,idle,2,0,0.005,-0.001,0.005,-0.002,-0.005,-0.000,1.5440
1785822512.894,0.000,WAIT,idle,2,0,0.005,-0.001,0.006,-0.002,-0.003,0.002,1.5438
1785822512.994,0.000,WAIT,idle,2,0,0.005,-0.001,0.006,-0.001,-0.002,0.002,1.5436
1785822513.094,0.000,WAIT,idle,2,0,0.005,-0.000,0.007,0.000,-0.001,0.003,1.5437
1785822513.195,0.000,WAIT,idle,2,0,0.005,-0.000,0.007,0.002,-0.002,0.005,1.5437
1785822513.294,0.000,WAIT,idle,2,0,0.006,-0.000,0.008,0.005,-0.004,0.005,1.5436
1785822513.394,0.000,WAIT,idle,2,0,0.007,-0.001,0.009,0.008,-0.002,0.007,1.5438
1785822513.494,0.000,WAIT,idle,2,0,0.007,-0.000,0.009,0.009,-0.000,0.006,1.5440
1785822513.594,0.000,WAIT,idle,2,0,0.008,0.000,0.009,0.007,0.003,0.007,1.5441
1785822513.694,0.000,WAIT,idle,2,0,0.008,0.001,0.010,0.004,0.002,0.008,1.5444
1785822513.794,0.000,WAIT,idle,2,0,0.008,0.001,0.010,0.003,0.001,0.009,1.5444
1785822513.894,0.000,WAIT,idle,2,0,0.007,0.001,0.010,0.002,-0.001,0.008,1.5445
1785822513.994,0.000,WAIT,idle,2,0,0.006,0.000,0.010,0.002,-0.003,0.007,1.5445
1785822514.094,0.000,WAIT,idle,2,0,0.006,-0.000,0.010,0.002,-0.003,0.006,1.5442
1785822514.194,0.000,WAIT,idle,2,0,0.006,-0.001,0.010,0.000,-0.004,0.006,1.5443
1785822514.294,0.000,WAIT,idle,2,0,0.005,-0.001,0.010,-0.000,-0.003,0.006,1.5442
1785822514.394,0.000,WAIT,idle,2,0,0.005,-0.001,0.010,0.000,-0.004,0.006,1.5440
1785822514.494,0.000,WAIT,idle,2,0,0.005,-0.001,0.009,0.002,-0.004,0.007,1.5439
1785822514.594,0.000,WAIT,idle,2,0,0.005,-0.001,0.010,0.002,-0.002,0.007,1.5440
1785822514.694,0.000,WAIT,idle,2,0,0.005,-0.001,0.010,0.006,-0.001,0.008,1.5439
1785822514.794,0.000,WAIT,idle,2,0,0.006,-0.001,0.010,0.004,0.000,0.004,1.5440
1785822514.894,0.000,WAIT,idle,2,0,0.005,-0.000,0.009,0.001,-0.001,0.001,1.5440
1785822514.994,0.000,WAIT,idle,2,0,0.005,-0.000,0.009,-0.000,-0.003,-0.000,1.5442
1785822515.094,0.000,WAIT,idle,2,0,0.004,-0.001,0.008,-0.003,-0.003,0.002,1.5443
1785822515.194,0.000,WAIT,idle,2,0,0.003,-0.001,0.009,-0.002,-0.005,0.003,1.5443
1785822515.294,0.000,WAIT,idle,2,0,0.002,-0.002,0.010,-0.004,-0.005,0.004,1.5440
1785822515.394,0.000,WAIT,idle,2,0,0.001,-0.002,0.011,-0.006,-0.004,0.006,1.5442
1785822515.494,0.000,WAIT,idle,2,0,0.001,-0.002,0.012,-0.007,-0.003,0.009,1.5443
1785822515.594,0.000,WAIT,idle,2,0,-0.000,-0.001,0.013,-0.007,-0.001,0.008,1.5445
1785822515.694,0.000,WAIT,idle,2,0,-0.001,-0.001,0.013,-0.008,0.000,0.006,1.5445
1785822515.794,0.000,WAIT,idle,2,0,-0.001,-0.001,0.013,-0.005,0.003,0.007,1.5447
1785822515.894,0.000,WAIT,idle,2,0,-0.000,0.000,0.013,-0.007,0.004,0.008,1.5445
1785822515.994,0.000,WAIT,idle,2,0,-0.001,0.001,0.013,-0.008,0.004,0.005,1.5443
1785822516.094,0.000,WAIT,idle,2,0,-0.001,0.001,0.013,-0.008,0.002,0.003,1.5441
1785822516.194,0.000,WAIT,idle,2,0,-0.000,0.001,0.012,-0.006,-0.001,0.003,1.5441
1785822516.294,0.000,WAIT,idle,2,0,0.001,-0.000,0.012,-0.004,-0.000,0.004,1.5439
1785822516.394,0.000,WAIT,idle,2,0,0.001,-0.000,0.011,-0.003,0.000,0.007,1.5438
1785822516.494,0.000,WAIT,idle,2,0,0.002,-0.000,0.011,-0.001,-0.001,0.006,1.5436
1785822516.594,0.000,WAIT,idle,2,0,0.002,-0.001,0.011,0.000,-0.002,0.004,1.5437
1785822516.694,0.000,WAIT,idle,2,0,0.003,-0.001,0.011,-0.001,-0.003,0.005,1.5437
1785822516.794,0.000,WAIT,idle,2,0,0.004,-0.001,0.011,-0.000,-0.004,0.003,1.5438
1785822516.894,0.000,WAIT,idle,2,0,0.004,-0.001,0.010,-0.001,-0.002,0.005,1.5438
1785822516.994,0.000,WAIT,idle,2,0,0.005,-0.001,0.009,-0.001,-0.003,0.005,1.5437
1785822517.094,0.000,WAIT,idle,2,0,0.005,-0.001,0.010,-0.001,0.000,0.008,1.5435
1785822517.194,0.000,WAIT,idle,2,0,0.006,-0.000,0.010,0.002,0.001,0.007,1.5435
1785822517.294,0.000,WAIT,idle,2,0,0.006,0.001,0.010,0.003,0.004,0.004,1.5437
1785822517.394,0.000,WAIT,idle,2,0,0.007,0.002,0.011,0.004,0.002,0.004,1.5438
1785822517.494,0.000,WAIT,idle,2,0,0.008,0.002,0.011,0.003,-0.001,0.005,1.5436
1785822517.594,0.000,WAIT,idle,2,0,0.008,0.001,0.011,0.002,-0.002,0.002,1.5436
1785822517.694,0.000,WAIT,idle,2,0,0.007,0.001,0.011,0.003,-0.001,0.003,1.5437
1785822517.794,0.000,WAIT,idle,2,0,0.007,0.000,0.011,0.002,-0.002,0.001,1.5436
1785822517.894,0.000,WAIT,idle,2,0,0.007,-0.001,0.010,0.003,-0.004,-0.000,1.5439
1785822517.994,0.000,WAIT,idle,2,0,0.006,-0.001,0.010,0.002,-0.002,0.001,1.5441
1785822518.094,0.000,WAIT,idle,2,0,0.006,-0.001,0.010,0.003,-0.001,0.000,1.5441
1785822518.194,0.000,WAIT,idle,2,0,0.007,-0.000,0.009,0.002,0.002,0.002,1.5442
1785822518.294,0.000,WAIT,idle,2,0,0.007,0.000,0.009,0.003,0.001,-0.001,1.5443
1785822518.394,0.000,WAIT,idle,2,0,0.008,0.000,0.008,0.001,-0.000,-0.003,1.5442
1785822518.494,0.000,WAIT,idle,2,0,0.007,0.000,0.007,-0.003,0.001,-0.006,1.5443
1785822518.594,0.000,WAIT,idle,2,0,0.006,0.001,0.005,-0.003,0.001,-0.005,1.5444
1785822518.694,0.000,WAIT,idle,2,0,0.005,0.001,0.005,-0.004,0.004,-0.005,1.5445
1785822518.794,0.000,WAIT,idle,2,0,0.005,0.002,0.004,-0.002,0.001,-0.005,1.5446
1785822518.894,0.000,WAIT,idle,2,0,0.005,0.001,0.004,0.001,0.000,-0.003,1.5444
1785822518.994,0.000,WAIT,idle,2,0,0.006,0.001,0.004,0.002,0.000,-0.003,1.5445
1785822519.094,0.000,WAIT,idle,2,0,0.006,0.001,0.003,0.004,-0.001,-0.002,1.5444
1785822519.194,0.000,WAIT,idle,2,0,0.007,0.001,0.004,0.005,-0.000,0.001,1.5444
1785822519.294,0.000,WAIT,idle,2,0,0.008,0.001,0.005,0.006,0.001,0.004,1.5444
1785822519.394,0.000,WAIT,idle,2,0,0.009,0.001,0.006,0.009,0.001,0.002,1.5445
1785822519.494,0.000,WAIT,idle,2,0,0.010,0.001,0.006,0.010,0.004,0.003,1.5445
1785822519.594,0.000,WAIT,idle,2,0,0.010,0.001,0.007,0.009,0.002,0.000,1.5443
1785822519.694,0.000,WAIT,idle,2,0,0.010,0.001,0.006,0.009,0.004,-0.001,1.5444
1785822519.794,0.000,WAIT,idle,2,0,0.010,0.002,0.006,0.009,0.006,0.001,1.5445
1785822519.894,0.000,WAIT,idle,2,0,0.009,0.002,0.006,0.008,0.007,0.001,1.5446
1785822519.994,0.000,WAIT,idle,2,0,0.009,0.002,0.006,0.010,0.005,0.003,1.5445
1785822520.094,0.000,WAIT,idle,2,0,0.009,0.002,0.006,0.010,0.003,0.001,1.5445
1785822520.194,0.000,WAIT,idle,2,0,0.009,0.002,0.006,0.008,0.004,0.001,1.5443
1785822520.294,0.000,WAIT,idle,2,0,0.009,0.002,0.006,0.004,0.001,-0.000,1.5444
1785822520.394,0.000,WAIT,idle,2,0,0.008,0.001,0.006,0.001,0.000,0.003,1.5446
1785822520.494,0.000,WAIT,idle,2,0,0.008,0.001,0.007,0.003,-0.001,0.002,1.5449
1785822520.594,0.000,WAIT,idle,2,0,0.008,0.000,0.007,0.003,-0.001,0.004,1.5450
1785822520.694,0.000,WAIT,idle,2,0,0.008,0.000,0.007,0.005,0.001,0.004,1.5448
1785822520.794,0.000,WAIT,idle,2,0,0.008,0.001,0.007,0.006,0.004,0.003,1.5446
1785822520.894,0.000,WAIT,idle,2,0,0.008,0.002,0.007,0.006,0.010,0.002,1.5447
1785822520.994,0.000,WAIT,idle,2,0,0.007,0.002,0.006,0.006,0.008,0.000,1.5445
1785822521.094,0.000,WAIT,idle,2,0,0.007,0.003,0.006,0.007,0.009,0.002,1.5443
1785822521.194,0.000,WAIT,idle,2,0,0.007,0.004,0.005,0.004,0.009,0.001,1.5445
1785822521.294,0.000,WAIT,idle,2,0,0.007,0.004,0.005,0.003,0.008,-0.001,1.5445
1785822521.394,0.000,WAIT,idle,2,0,0.007,0.004,0.005,0.003,0.008,-0.000,1.5446
1785822521.494,0.000,WAIT,idle,2,0,0.007,0.003,0.005,0.006,0.006,0.000,1.5443
1785822521.594,0.000,WAIT,idle,2,0,0.008,0.003,0.005,0.004,0.008,-0.003,1.5441
1785822521.694,0.000,WAIT,idle,2,0,0.008,0.003,0.005,0.003,0.006,-0.004,1.5441
1785822521.794,0.000,WAIT,idle,2,0,0.008,0.003,0.005,0.000,0.006,-0.005,1.5443
1785822521.894,0.000,WAIT,idle,2,0,0.008,0.003,0.004,0.003,0.007,-0.005,1.5445
1785822521.994,0.000,WAIT,idle,2,0,0.007,0.003,0.004,0.006,0.009,-0.007,1.5445
1785822522.094,0.000,WAIT,idle,2,0,0.008,0.003,0.003,0.006,0.008,-0.008,1.5445
1785822522.194,0.000,WAIT,idle,2,0,0.007,0.003,0.002,0.005,0.008,-0.007,1.5444
1785822522.294,0.000,WAIT,idle,2,0,0.007,0.003,0.002,0.004,0.006,-0.006,1.5444
1785822522.394,0.000,WAIT,idle,2,0,0.008,0.003,0.003,0.004,0.006,-0.003,1.5446
1785822522.494,0.000,WAIT,idle,2,0,0.008,0.003,0.003,0.006,0.003,-0.001,1.5442
1785822522.594,0.000,WAIT,idle,2,0,0.008,0.002,0.004,0.003,0.002,-0.002,1.5444
1785822522.694,0.000,WAIT,idle,2,0,0.008,0.002,0.004,0.005,0.000,-0.005,1.5447
1785822522.794,0.000,WAIT,idle,2,0,0.009,0.001,0.003,0.006,0.002,-0.005,1.5448
1785822522.894,0.000,WAIT,idle,2,0,0.009,0.001,0.003,0.005,0.002,-0.005,1.5446
1785822522.994,0.000,WAIT,idle,2,0,0.008,0.001,0.003,0.003,0.001,-0.003,1.5444
1785822523.094,0.000,WAIT,idle,2,0,0.007,0.001,0.003,0.002,0.001,-0.001,1.5442
1785822523.194,0.000,WAIT,idle,2,0,0.006,0.001,0.004,0.000,0.001,-0.001,1.5442
1785822523.294,0.000,WAIT,idle,2,0,0.006,0.000,0.003,0.002,-0.001,-0.002,1.5442
1785822523.394,0.000,WAIT,idle,2,0,0.005,-0.000,0.003,0.004,-0.000,-0.003,1.5443
1785822523.494,0.000,WAIT,idle,2,0,0.005,-0.000,0.002,0.003,-0.001,-0.005,1.5444
1785822523.594,0.000,WAIT,idle,2,0,0.005,-0.000,0.001,0.001,-0.000,-0.005,1.5443
1785822523.694,0.000,WAIT,idle,2,0,0.004,0.000,0.000,-0.000,-0.000,-0.005,1.5443
1785822523.794,0.000,WAIT,idle,2,0,0.004,0.000,-0.000,-0.001,0.001,-0.005,1.5444
1785822523.894,0.000,WAIT,idle,2,0,0.004,0.001,-0.000,-0.001,0.003,-0.003,1.5444
1785822523.994,0.000,WAIT,idle,2,0,0.004,0.001,0.000,-0.001,0.000,-0.001,1.5445
1785822524.094,0.000,WAIT,idle,2,0,0.004,0.001,0.001,-0.002,-0.000,0.002,1.5447
1785822524.194,0.000,WAIT,idle,2,0,0.005,0.000,0.001,-0.002,-0.004,0.000,1.5448
1785822524.294,0.000,WAIT,idle,2,0,0.005,-0.000,0.002,-0.002,-0.002,-0.001,1.5448
1785822524.394,0.000,WAIT,idle,2,0,0.006,-0.001,0.002,0.002,-0.005,-0.002,1.5447
1785822524.494,0.000,WAIT,idle,2,0,0.007,-0.001,0.002,0.005,-0.005,-0.002,1.5447
1785822524.594,0.000,WAIT,idle,2,0,0.007,-0.002,0.002,0.005,-0.008,-0.003,1.5449
1785822524.694,0.000,WAIT,idle,2,0,0.008,-0.003,0.003,0.004,-0.009,-0.005,1.5449
1785822524.794,0.000,WAIT,idle,2,0,0.008,-0.004,0.003,0.006,-0.007,-0.005,1.5450
1785822524.894,0.000,WAIT,idle,2,0,0.009,-0.004,0.004,0.001,-0.009,-0.001,1.5451
1785822524.994,0.000,WAIT,idle,2,0,0.008,-0.004,0.005,-0.000,-0.010,0.000,1.5453
1785822525.094,0.000,WAIT,idle,2,0,0.008,-0.005,0.006,-0.001,-0.010,-0.001,1.5453
1785822525.194,0.000,WAIT,idle,2,0,0.008,-0.005,0.006,0.001,-0.008,0.002,1.5450
1785822525.294,0.000,WAIT,idle,2,0,0.008,-0.004,0.007,0.001,-0.007,0.002,1.5449
1785822525.394,0.000,WAIT,idle,2,0,0.008,-0.004,0.007,-0.000,-0.005,0.003,1.5450
1785822525.494,0.000,WAIT,idle,2,0,0.007,-0.003,0.007,-0.002,-0.006,0.001,1.5451
1785822525.594,0.000,WAIT,idle,2,0,0.007,-0.002,0.007,-0.001,-0.008,-0.000,1.5451
1785822525.694,0.000,WAIT,idle,2,0,0.006,-0.002,0.006,0.002,-0.007,0.001,1.5452
1785822525.794,0.000,WAIT,idle,2,0,0.006,-0.002,0.006,-0.001,-0.006,0.002,1.5450
1785822525.894,0.000,WAIT,idle,2,0,0.006,-0.002,0.005,-0.002,-0.006,-0.000,1.5449
1785822525.994,0.000,WAIT,idle,2,0,0.006,-0.002,0.004,-0.003,-0.007,-0.003,1.5446
1785822526.094,0.000,WAIT,idle,2,0,0.005,-0.001,0.002,0.001,-0.007,-0.003,1.5445
1785822526.194,0.000,WAIT,idle,2,0,0.005,-0.001,0.001,0.001,-0.005,-0.006,1.5443
1785822526.294,0.000,WAIT,idle,2,0,0.005,-0.001,0.000,0.002,-0.006,-0.008,1.5441
1785822526.394,0.000,WAIT,idle,2,0,0.005,-0.001,-0.001,0.003,-0.006,-0.007,1.5440
1785822526.494,0.000,WAIT,idle,2,0,0.006,-0.001,-0.001,0.006,-0.002,-0.007,1.5438
1785822526.594,0.000,WAIT,idle,2,0,0.006,-0.000,-0.001,0.005,-0.002,-0.007,1.5436
1785822526.694,0.000,WAIT,idle,2,0,0.006,0.000,-0.001,0.005,0.001,-0.006,1.5435
1785822526.794,0.000,WAIT,idle,2,0,0.006,0.001,-0.000,0.005,0.002,-0.005,1.5436
1785822526.894,0.000,WAIT,idle,2,0,0.006,0.002,0.000,0.004,0.002,-0.006,1.5437
1785822526.994,0.000,WAIT,idle,2,0,0.005,0.002,0.001,0.001,0.002,-0.007,1.5437
1785822527.094,0.000,WAIT,idle,2,0,0.004,0.002,0.001,0.002,-0.001,-0.006,1.5438
1785822527.194,0.000,WAIT,idle,2,0,0.005,0.002,0.001,0.005,-0.003,-0.007,1.5439
1785822527.294,0.000,WAIT,idle,2,0,0.006,0.001,0.002,0.005,-0.006,-0.005,1.5439
1785822527.394,0.000,WAIT,idle,2,0,0.007,-0.000,0.002,0.008,-0.008,-0.003,1.5441
1785822527.494,0.000,WAIT,idle,2,0,0.008,-0.001,0.003,0.008,-0.006,-0.000,1.5441
1785822527.594,0.000,WAIT,idle,2,0,0.009,-0.001,0.005,0.008,-0.008,0.002,1.5445
1785822527.694,0.000,WAIT,idle,2,0,0.009,-0.002,0.006,0.006,-0.006,-0.000,1.5445
1785822527.794,0.000,WAIT,idle,2,0,0.010,-0.002,0.006,0.006,-0.007,-0.002,1.5443
1785822527.894,0.000,WAIT,idle,2,0,0.010,-0.002,0.006,0.004,-0.007,0.001,1.5443
1785822527.994,0.000,WAIT,idle,2,0,0.009,-0.002,0.006,0.003,-0.004,0.001,1.5443
1785822528.094,0.000,WAIT,idle,2,0,0.008,-0.002,0.006,0.003,-0.004,0.001,1.5445
1785822528.194,0.000,WAIT,idle,2,0,0.008,-0.002,0.006,0.004,-0.002,-0.001,1.5446
1785822528.294,0.000,WAIT,idle,2,0,0.008,-0.001,0.005,0.007,-0.001,0.002,1.5447
1785822528.394,0.000,WAIT,idle,2,0,0.009,-0.000,0.006,0.004,-0.001,0.005,1.5449
1785822528.494,0.000,WAIT,idle,2,0,0.009,-0.000,0.007,0.005,-0.001,0.006,1.5447
1785822528.594,0.000,WAIT,idle,2,0,0.009,-0.000,0.007,0.002,-0.000,0.006,1.5447
1785822528.694,0.000,WAIT,idle,2,0,0.008,0.000,0.008,-0.001,0.001,0.007,1.5448
1785822528.794,0.000,WAIT,idle,2,0,0.008,0.000,0.009,-0.004,0.003,0.007,1.5451
1785822528.894,0.000,WAIT,idle,2,0,0.007,0.001,0.010,-0.003,0.004,0.007,1.5452
1785822528.994,0.000,WAIT,idle,2,0,0.007,0.001,0.011,-0.003,0.004,0.007,1.5453
1785822529.094,0.000,WAIT,idle,2,0,0.007,0.001,0.012,-0.003,0.002,0.008,1.5453
1785822529.194,0.000,WAIT,idle,2,0,0.006,0.001,0.012,-0.003,0.001,0.006,1.5452
1785822529.294,0.000,WAIT,idle,2,0,0.006,0.001,0.012,-0.003,0.002,0.005,1.5452
1785822529.394,0.000,WAIT,idle,2,0,0.006,0.000,0.012,-0.001,0.003,0.005,1.5453
1785822529.494,0.000,WAIT,idle,2,0,0.007,-0.000,0.011,0.001,0.003,0.003,1.5451
1785822529.594,0.000,WAIT,idle,2,0,0.007,-0.000,0.011,-0.000,0.002,0.004,1.5452
1785822529.694,0.000,WAIT,idle,2,0,0.008,-0.001,0.011,-0.002,0.001,0.002,1.5453
1785822529.794,0.000,WAIT,idle,2,0,0.007,-0.001,0.010,-0.000,-0.001,0.001,1.5453
1785822529.894,0.000,WAIT,idle,2,0,0.008,-0.001,0.010,0.001,0.001,0.001,1.5453
1785822529.994,0.000,WAIT,idle,2,0,0.008,-0.001,0.009,0.004,-0.001,0.001,1.5449
1785822530.094,0.000,WAIT,idle,2,0,0.009,-0.001,0.009,0.004,0.002,-0.002,1.5446
1785822530.194,0.000,WAIT,idle,2,0,0.009,-0.001,0.008,0.003,0.002,-0.000,1.5443
1785822530.294,0.000,WAIT,idle,2,0,0.010,-0.000,0.008,0.004,0.002,-0.003,1.5442
1785822530.394,0.000,WAIT,idle,2,0,0.010,0.000,0.008,0.006,0.003,-0.006,1.5443
1785822530.494,0.000,WAIT,idle,2,0,0.010,0.001,0.007,0.004,0.000,-0.006,1.5443
1785822530.594,0.000,WAIT,idle,2,0,0.009,0.001,0.007,0.004,-0.000,-0.004,1.5444
1785822530.694,0.000,WAIT,idle,2,0,0.009,0.000,0.006,0.002,-0.001,-0.005,1.5444
1785822530.794,0.000,WAIT,idle,2,0,0.009,-0.000,0.005,0.004,-0.001,-0.006,1.5444
1785822530.894,0.000,WAIT,idle,2,0,0.009,-0.000,0.005,0.005,0.000,-0.006,1.5445
1785822530.994,0.000,WAIT,idle,2,0,0.009,-0.000,0.004,0.004,-0.001,-0.006,1.5446
1785822531.094,0.000,WAIT,idle,2,0,0.009,-0.001,0.004,0.001,-0.003,-0.004,1.5446
1785822531.194,0.000,WAIT,idle,2,0,0.009,-0.001,0.005,0.002,-0.002,-0.004,1.5445
1785822531.294,0.000,WAIT,idle,2,0,0.009,-0.001,0.005,0.001,-0.006,-0.003,1.5444
1785822531.394,0.000,WAIT,idle,2,0,0.009,-0.002,0.005,-0.000,-0.009,-0.003,1.5443
1785822531.494,0.000,WAIT,idle,2,0,0.008,-0.003,0.006,0.000,-0.008,-0.000,1.5442
1785822531.594,0.000,WAIT,idle,2,0,0.008,-0.003,0.006,0.001,-0.009,-0.001,1.5441
1785822531.694,0.000,WAIT,idle,2,0,0.007,-0.004,0.007,0.000,-0.008,-0.002,1.5438
1785822531.794,0.000,WAIT,idle,2,0,0.007,-0.004,0.007,0.002,-0.008,-0.002,1.5439
1785822531.894,0.000,WAIT,idle,2,0,0.006,-0.003,0.006,0.001,-0.006,-0.003,1.5438
1785822531.994,0.000,WAIT,idle,2,0,0.006,-0.003,0.006,0.001,-0.004,-0.003,1.5437
1785822532.094,0.000,WAIT,idle,2,0,0.006,-0.003,0.006,0.001,-0.004,-0.003,1.5435
1785822532.194,0.000,WAIT,idle,2,0,0.006,-0.002,0.006,-0.000,-0.003,0.002,1.5436
1785822532.294,0.000,WAIT,idle,2,0,0.006,-0.002,0.007,-0.002,-0.005,0.003,1.5437
1785822532.394,0.000,WAIT,idle,2,0,0.006,-0.002,0.008,-0.002,-0.001,0.004,1.5440
1785822532.494,0.000,WAIT,idle,2,0,0.005,-0.001,0.009,-0.002,-0.000,0.002,1.5440
1785822532.594,0.000,WAIT,idle,2,0,0.005,-0.001,0.010,-0.001,0.001,0.003,1.5441
1785822532.694,0.000,WAIT,idle,2,0,0.005,-0.000,0.010,-0.000,0.001,0.001,1.5441
1785822532.794,0.000,WAIT,idle,2,0,0.005,0.000,0.010,0.000,0.001,0.001,1.5440
1785822532.894,0.000,WAIT,idle,2,0,0.004,0.001,0.011,-0.001,0.003,-0.000,1.5440
1785822532.994,0.000,WAIT,idle,2,0,0.004,0.001,0.010,0.002,0.006,-0.002,1.5439
1785822533.094,0.000,WAIT,idle,2,0,0.004,0.002,0.010,-0.001,0.007,-0.003,1.5440
1785822533.194,0.000,WAIT,idle,2,0,0.004,0.003,0.009,0.001,0.008,-0.003,1.5438
1785822533.294,0.000,WAIT,idle,2,0,0.004,0.003,0.008,0.003,0.009,-0.002,1.5438
1785822533.394,0.000,WAIT,idle,2,0,0.004,0.004,0.007,0.004,0.011,-0.003,1.5439
1785822533.494,0.000,WAIT,idle,2,0,0.004,0.004,0.006,0.002,0.013,-0.003,1.5438
1785822533.594,0.000,WAIT,idle,2,0,0.004,0.005,0.006,0.002,0.011,-0.002,1.5437
1785822533.694,0.000,WAIT,idle,2,0,0.004,0.005,0.005,0.004,0.010,-0.001,1.5439
1785822533.794,0.000,WAIT,idle,2,0,0.005,0.005,0.005,0.004,0.013,0.001,1.5438
1785822533.894,0.000,WAIT,idle,2,0,0.006,0.005,0.005,0.008,0.011,-0.002,1.5438
1785822533.994,0.000,WAIT,idle,2,0,0.007,0.005,0.005,0.007,0.010,-0.001,1.5438
1785822534.094,0.000,WAIT,idle,2,0,0.008,0.005,0.005,0.006,0.012,-0.003,1.5437
1785822534.194,0.000,WAIT,idle,2,0,0.008,0.005,0.004,0.003,0.011,-0.003,1.5439
1785822534.294,0.000,WAIT,idle,2,0,0.007,0.004,0.004,0.003,0.007,-0.004,1.5441
1785822534.394,0.000,WAIT,idle,2,0,0.007,0.003,0.004,0.003,0.005,-0.007,1.5440
1785822534.494,0.000,WAIT,idle,2,0,0.008,0.003,0.004,0.003,0.004,-0.006,1.5440
1785822534.594,0.000,WAIT,idle,2,0,0.008,0.002,0.004,0.005,0.003,-0.006,1.5440
1785822534.694,0.000,WAIT,idle,2,0,0.009,0.001,0.004,0.004,0.002,-0.003,1.5439
1785822534.794,0.000,WAIT,idle,2,0,0.009,0.000,0.005,0.007,-0.002,0.001,1.5438
1785822534.894,0.000,WAIT,idle,2,0,0.010,-0.000,0.006,0.010,-0.003,0.003,1.5437
1785822534.994,0.000,WAIT,idle,2,0,0.011,-0.001,0.007,0.010,0.001,0.006,1.5436
1785822535.094,0.000,WAIT,idle,2,0,0.011,-0.000,0.008,0.010,0.002,0.004,1.5434
1785822535.194,0.000,WAIT,idle,2,0,0.011,-0.000,0.008,0.008,-0.000,0.003,1.5430
1785822535.294,0.000,WAIT,idle,2,0,0.010,-0.000,0.008,0.009,0.000,0.004,1.5431
1785822535.394,0.000,WAIT,idle,2,0,0.010,0.000,0.008,0.008,0.003,0.004,1.5433
1785822535.494,0.000,WAIT,idle,2,0,0.009,0.001,0.007,0.008,0.004,0.005,1.5431
1785822535.594,0.000,WAIT,idle,2,0,0.009,0.001,0.007,0.010,0.004,0.006,1.5432
1785822535.694,0.000,WAIT,idle,2,0,0.009,0.001,0.007,0.010,0.003,0.004,1.5430
1785822535.794,0.000,WAIT,idle,2,0,0.009,0.002,0.007,0.008,0.003,-0.000,1.5428
1785822535.894,0.000,WAIT,idle,2,0,0.009,0.002,0.006,0.006,0.001,-0.000,1.5427
1785822535.994,0.000,WAIT,idle,2,0,0.009,0.001,0.006,0.005,0.002,-0.001,1.5426
1785822536.094,0.000,WAIT,idle,2,0,0.008,0.002,0.006,0.005,0.005,0.000,1.5426
1785822536.194,0.000,WAIT,idle,2,0,0.008,0.002,0.006,0.006,0.007,-0.002,1.5424
1785822536.294,0.000,WAIT,idle,2,0,0.007,0.003,0.006,0.004,0.008,-0.001,1.5426
1785822536.394,0.000,WAIT,idle,2,0,0.006,0.004,0.006,0.000,0.007,-0.002,1.5427
1785822536.494,0.000,WAIT,idle,2,0,0.005,0.003,0.007,0.003,0.006,-0.001,1.5427
1785822536.594,0.000,WAIT,idle,2,0,0.005,0.003,0.007,0.003,0.004,0.001,1.5430
1785822536.694,0.000,WAIT,idle,2,0,0.005,0.002,0.007,0.005,0.002,0.002,1.5430
1785822536.794,0.000,WAIT,idle,2,0,0.005,0.001,0.007,0.005,0.000,0.000,1.5433
1785822536.894,0.000,WAIT,idle,2,0,0.005,0.000,0.007,0.003,-0.002,0.001,1.5434
1785822536.994,0.000,WAIT,idle,2,0,0.005,-0.000,0.007,0.004,-0.002,0.000,1.5434
1785822537.094,0.000,WAIT,idle,2,0,0.005,-0.000,0.007,0.005,-0.002,0.001,1.5434
1785822537.194,0.000,WAIT,idle,2,0,0.005,-0.001,0.007,0.005,-0.001,0.004,1.5434
1785822537.294,0.000,WAIT,idle,2,0,0.005,-0.001,0.006,0.003,-0.002,0.002,1.5433
1785822537.394,0.000,WAIT,idle,2,0,0.005,-0.001,0.006,0.003,-0.005,0.004,1.5431
1785822537.494,0.000,WAIT,idle,2,0,0.005,-0.002,0.006,-0.000,-0.004,0.005,1.5430
1785822537.594,0.000,WAIT,idle,2,0,0.005,-0.002,0.007,0.000,-0.003,0.004,1.5428
1785822537.694,0.000,WAIT,idle,2,0,0.005,-0.002,0.006,0.000,-0.003,0.003,1.5427
1785822537.794,0.000,WAIT,idle,2,0,0.005,-0.002,0.006,-0.002,-0.002,0.000,1.5426
1785822537.894,0.000,WAIT,idle,2,0,0.005,-0.002,0.005,-0.004,-0.002,-0.001,1.5426
1785822537.994,0.000,WAIT,idle,2,0,0.005,-0.001,0.005,-0.004,-0.002,0.001,1.5428
1785822538.094,0.000,WAIT,idle,2,0,0.005,-0.001,0.005,-0.005,-0.003,-0.001,1.5428
1785822538.194,0.000,WAIT,idle,2,0,0.004,-0.001,0.005,-0.006,-0.003,-0.001,1.5425
1785822538.294,0.000,WAIT,idle,2,0,0.005,-0.001,0.004,-0.005,-0.006,0.001,1.5424
1785822538.394,0.000,WAIT,idle,2,0,0.005,-0.001,0.004,-0.003,-0.006,0.002,1.5424
1785822538.494,0.000,WAIT,idle,2,0,0.005,-0.002,0.005,-0.004,-0.006,0.001,1.5424
1785822538.594,0.000,WAIT,idle,2,0,0.005,-0.002,0.005,-0.005,-0.006,-0.000,1.5425
1785822538.694,0.000,WAIT,idle,2,0,0.005,-0.002,0.005,-0.003,-0.003,-0.001,1.5425
1785822538.794,0.000,WAIT,idle,2,0,0.006,-0.002,0.004,-0.001,-0.005,-0.002,1.5425
1785822538.894,0.000,WAIT,idle,2,0,0.006,-0.002,0.005,-0.001,-0.004,0.002,1.5427
1785822538.994,0.000,WAIT,idle,2,0,0.006,-0.002,0.006,-0.002,-0.004,0.005,1.5428
1785822539.094,0.000,WAIT,idle,2,0,0.006,-0.002,0.006,-0.001,-0.005,0.004,1.5426
1785822539.194,0.000,WAIT,idle,2,0,0.006,-0.002,0.007,-0.001,-0.005,0.004,1.5424
1785822539.294,0.000,WAIT,idle,2,0,0.006,-0.002,0.008,-0.002,-0.005,0.005,1.5422
1785822539.394,0.000,WAIT,idle,2,0,0.006,-0.002,0.008,-0.002,-0.005,0.004,1.5422
1785822539.494,0.000,WAIT,idle,2,0,0.006,-0.002,0.008,-0.003,-0.008,0.003,1.5421
1785822539.594,0.000,WAIT,idle,2,0,0.005,-0.003,0.008,-0.003,-0.008,-0.000,1.5420
1785822539.694,0.000,WAIT,idle,2,0,0.004,-0.003,0.007,-0.003,-0.006,-0.002,1.5419
1785822539.794,0.000,WAIT,idle,2,0,0.004,-0.002,0.007,-0.001,-0.003,-0.003,1.5419
1785822539.894,0.000,WAIT,idle,2,0,0.004,-0.002,0.006,-0.001,-0.003,-0.004,1.5418
1785822539.994,0.000,WAIT,idle,2,0,0.004,-0.002,0.006,-0.002,-0.005,-0.003,1.5417
1785822540.094,0.000,WAIT,idle,2,0,0.004,-0.002,0.006,-0.004,-0.005,-0.000,1.5416
1785822540.194,0.000,WAIT,idle,2,0,0.003,-0.002,0.006,-0.006,-0.002,-0.001,1.5417
1785822540.294,0.000,WAIT,idle,2,0,0.003,-0.001,0.006,-0.006,-0.004,-0.002,1.5418
1785822540.394,0.000,WAIT,idle,2,0,0.003,-0.001,0.006,-0.003,-0.001,-0.002,1.5418
1785822540.494,0.000,WAIT,idle,2,0,0.003,-0.001,0.006,-0.000,-0.001,-0.003,1.5418
1785822540.594,0.000,WAIT,idle,2,0,0.004,-0.000,0.005,0.002,-0.000,-0.004,1.5421
1785822540.694,0.000,WAIT,idle,2,0,0.004,0.000,0.006,0.001,-0.003,-0.002,1.5421
1785822540.794,0.000,WAIT,idle,2,0,0.004,-0.000,0.006,0.001,-0.005,-0.002,1.5422
1785822540.894,0.000,WAIT,idle,2,0,0.004,-0.001,0.007,-0.000,-0.003,-0.002,1.5424
1785822540.994,0.000,WAIT,idle,2,0,0.003,-0.001,0.007,-0.003,-0.004,-0.000,1.5424
1785822541.094,0.000,WAIT,idle,2,0,0.002,-0.001,0.008,-0.005,-0.005,0.000,1.5423
1785822541.194,0.000,WAIT,idle,2,0,0.002,-0.001,0.008,-0.002,-0.008,-0.002,1.5423
1785822541.294,0.000,WAIT,idle,2,0,0.002,-0.002,0.007,-0.001,-0.009,-0.003,1.5423
1785822541.394,0.000,WAIT,idle,2,0,0.003,-0.002,0.006,-0.001,-0.008,-0.006,1.5422
1785822541.494,0.000,WAIT,idle,2,0,0.003,-0.002,0.006,-0.001,-0.008,-0.006,1.5423
1785822541.594,0.000,WAIT,idle,2,0,0.003,-0.002,0.005,-0.002,-0.006,-0.004,1.5425
1785822541.694,0.000,WAIT,idle,2,0,0.003,-0.002,0.005,-0.000,-0.005,-0.005,1.5424
1785822541.794,0.000,WAIT,idle,2,0,0.003,-0.002,0.004,0.001,-0.005,-0.004,1.5424
1785822541.894,0.000,WAIT,idle,2,0,0.004,-0.002,0.004,0.001,-0.005,-0.004,1.5426
1785822541.994,0.000,WAIT,idle,2,0,0.004,-0.002,0.004,0.002,-0.002,-0.004,1.5426
1785822542.094,0.000,WAIT,idle,2,0,0.005,-0.001,0.004,0.001,0.001,-0.002,1.5426
1785822542.194,0.000,WAIT,idle,2,0,0.006,-0.001,0.004,0.001,-0.001,-0.002,1.5427
1785822542.294,0.000,WAIT,idle,2,0,0.006,-0.000,0.004,0.002,-0.002,-0.000,1.5426
1785822542.394,0.000,WAIT,idle,2,0,0.007,-0.001,0.004,0.003,-0.004,-0.003,1.5427
1785822542.494,0.000,WAIT,idle,2,0,0.008,-0.001,0.004,0.005,-0.004,-0.003,1.5428
1785822542.594,0.000,WAIT,idle,2,0,0.008,-0.001,0.004,0.004,-0.002,-0.004,1.5429
1785822542.694,0.000,WAIT,idle,2,0,0.008,-0.000,0.004,0.003,0.003,-0.006,1.5432
1785822542.794,0.000,WAIT,idle,2,0,0.007,0.001,0.004,0.000,0.004,-0.006,1.5430
1785822542.894,0.000,WAIT,idle,2,0,0.007,0.001,0.004,0.000,0.006,-0.006,1.5430
1785822542.994,0.000,WAIT,idle,2,0,0.006,0.002,0.004,-0.001,0.005,-0.007,1.5428
1785822543.094,0.000,WAIT,idle,2,0,0.006,0.002,0.003,-0.000,0.004,-0.005,1.5430
1785822543.194,0.000,WAIT,idle,2,0,0.006,0.002,0.003,0.002,0.002,-0.006,1.5431
1785822543.294,0.000,WAIT,idle,2,0,0.006,0.002,0.003,0.003,0.002,-0.005,1.5435
1785822543.394,0.000,WAIT,idle,2,0,0.006,0.001,0.003,0.001,0.001,-0.005,1.5438
1785822543.494,0.000,WAIT,idle,2,0,0.005,0.001,0.003,-0.002,0.000,-0.002,1.5436
1785822543.594,0.000,WAIT,idle,2,0,0.004,0.001,0.004,-0.002,0.001,-0.002,1.5436
1785822543.694,0.000,WAIT,idle,2,0,0.004,0.001,0.004,-0.004,0.003,-0.002,1.5435
1785822543.794,0.000,WAIT,idle,2,0,0.003,0.001,0.005,-0.005,0.002,-0.000,1.5434
1785822543.894,0.000,WAIT,idle,2,0,0.003,0.001,0.005,-0.005,0.003,-0.002,1.5431
1785822543.994,0.000,WAIT,idle,2,0,0.003,0.001,0.005,-0.003,0.002,-0.002,1.5433
1785822544.094,0.000,WAIT,idle,2,0,0.003,0.001,0.005,-0.001,0.005,0.000,1.5434
1785822544.194,0.000,WAIT,idle,2,0,0.003,0.001,0.005,-0.003,0.004,0.001,1.5434
1785822544.294,0.000,WAIT,idle,2,0,0.002,0.000,0.005,-0.002,0.000,-0.002,1.5434
1785822544.394,0.000,WAIT,idle,2,0,0.003,-0.001,0.005,-0.002,-0.003,-0.004,1.5433
1785822544.494,0.000,WAIT,idle,2,0,0.003,-0.002,0.004,-0.003,-0.002,-0.005,1.5434
1785822544.594,0.000,WAIT,idle,2,0,0.002,-0.002,0.003,-0.003,0.001,-0.003,1.5434
1785822544.694,0.000,WAIT,idle,2,0,0.002,-0.002,0.004,0.000,0.001,-0.001,1.5436
1785822544.794,0.000,WAIT,idle,2,0,0.003,-0.001,0.004,-0.000,0.000,0.000,1.5438
1785822544.894,0.000,WAIT,idle,2,0,0.002,-0.001,0.004,-0.003,-0.002,-0.000,1.5438
1785822544.994,0.000,WAIT,idle,2,0,0.002,-0.002,0.004,-0.003,-0.000,0.000,1.5436
1785822545.094,0.000,WAIT,idle,2,0,0.001,-0.002,0.005,-0.003,-0.002,0.001,1.5436
1785822545.194,0.000,WAIT,idle,2,0,0.001,-0.002,0.006,-0.001,-0.003,0.001,1.5437
1785822545.294,0.000,WAIT,idle,2,0,0.001,-0.002,0.006,-0.002,-0.003,0.003,1.5437
1785822545.394,0.000,WAIT,idle,2,0,0.001,-0.002,0.007,-0.002,-0.005,0.002,1.5436
1785822545.494,0.000,WAIT,idle,2,0,0.001,-0.002,0.007,-0.003,-0.007,-0.000,1.5435
1785822545.594,0.000,WAIT,idle,2,0,0.001,-0.003,0.007,-0.001,-0.008,0.002,1.5436
1785822545.694,0.000,WAIT,idle,2,0,0.001,-0.003,0.007,0.004,-0.009,0.001,1.5436
1785822545.794,0.000,WAIT,idle,2,0,0.002,-0.003,0.007,0.005,-0.010,0.000,1.5436
1785822545.894,0.000,WAIT,idle,2,0,0.004,-0.003,0.007,0.008,-0.006,0.000,1.5440
1785822545.994,0.000,WAIT,idle,2,0,0.005,-0.003,0.007,0.007,-0.004,0.001,1.5442
1785822546.094,0.000,WAIT,idle,2,0,0.005,-0.002,0.007,0.008,-0.003,-0.002,1.5442
1785822546.194,0.000,WAIT,idle,2,0,0.006,-0.002,0.007,0.009,-0.004,0.001,1.5443
1785822546.294,0.000,WAIT,idle,2,0,0.006,-0.002,0.007,0.009,-0.003,0.002,1.5441
1785822546.394,0.000,WAIT,idle,2,0,0.006,-0.002,0.008,0.009,-0.005,0.001,1.5441
1785822546.494,0.000,WAIT,idle,2,0,0.006,-0.002,0.008,0.005,-0.004,0.001,1.5443
1785822546.594,0.000,WAIT,idle,2,0,0.005,-0.002,0.008,0.003,-0.005,0.000,1.5448
1785822546.694,0.000,WAIT,idle,2,0,0.005,-0.002,0.008,0.004,-0.004,0.001,1.5452
1785822546.794,0.000,WAIT,idle,2,0,0.004,-0.002,0.008,0.004,-0.001,0.001,1.5455
1785822546.894,0.000,WAIT,idle,2,0,0.004,-0.001,0.007,0.005,0.001,0.001,1.5456
1785822546.994,0.000,WAIT,idle,2,0,0.004,-0.000,0.007,0.002,0.001,0.000,1.5455
1785822547.094,0.000,WAIT,idle,2,0,0.005,0.000,0.007,0.001,0.003,0.001,1.5452
1785822547.194,0.000,WAIT,idle,2,0,0.005,0.001,0.007,0.005,0.002,0.003,1.5452
1785822547.294,0.000,WAIT,idle,2,0,0.006,0.001,0.007,0.004,0.002,0.005,1.5452
1785822547.394,0.000,WAIT,idle,2,0,0.007,0.001,0.007,0.003,0.000,0.005,1.5452
1785822547.494,0.000,WAIT,idle,2,0,0.006,0.000,0.007,0.003,-0.001,0.004,1.5453
1785822547.594,0.000,WAIT,idle,2,0,0.006,0.000,0.007,0.002,-0.002,0.003,1.5455
1785822547.694,0.000,WAIT,idle,2,0,0.006,-0.000,0.007,0.001,-0.004,0.004,1.5457
1785822547.794,0.000,WAIT,idle,2,0,0.006,-0.001,0.006,0.001,-0.007,0.005,1.5456
1785822547.894,0.000,WAIT,idle,2,0,0.005,-0.002,0.006,-0.002,-0.007,0.004,1.5455
1785822547.994,0.000,WAIT,idle,2,0,0.005,-0.002,0.006,-0.001,-0.007,0.006,1.5454
1785822548.094,0.000,WAIT,idle,2,0,0.005,-0.002,0.006,-0.000,-0.004,0.005,1.5455
1785822548.194,0.000,WAIT,idle,2,0,0.006,-0.002,0.006,-0.001,-0.003,0.005,1.5453
1785822548.294,0.000,WAIT,idle,2,0,0.006,-0.002,0.006,-0.003,-0.003,0.003,1.5454
1785822548.394,0.000,WAIT,idle,2,0,0.005,-0.001,0.006,-0.002,-0.003,-0.000,1.5454
1785822548.494,0.000,WAIT,idle,2,0,0.005,-0.001,0.005,-0.000,-0.004,-0.000,1.5452
1785822548.594,0.000,WAIT,idle,2,0,0.005,-0.002,0.005,-0.002,-0.006,-0.000,1.5448
1785822548.694,0.000,WAIT,idle,2,0,0.005,-0.002,0.004,-0.001,-0.006,-0.001,1.5445
1785822548.794,0.000,WAIT,idle,2,0,0.005,-0.002,0.003,-0.001,-0.003,-0.003,1.5445
1785822548.894,0.000,WAIT,idle,2,0,0.005,-0.002,0.002,0.003,-0.002,-0.005,1.5443
1785822548.994,0.000,WAIT,idle,2,0,0.005,-0.001,0.001,0.003,-0.004,-0.007,1.5442
1785822549.094,0.000,WAIT,idle,2,0,0.006,-0.001,0.001,0.004,-0.004,-0.007,1.5444
1785822549.194,0.000,WAIT,idle,2,0,0.006,-0.001,0.001,0.002,-0.004,-0.006,1.5445
1785822549.294,0.000,WAIT,idle,2,0,0.005,-0.002,0.001,0.001,-0.003,-0.005,1.5444
1785822549.394,0.000,WAIT,idle,2,0,0.005,-0.002,0.002,-0.002,-0.002,-0.004,1.5445
1785822549.494,0.000,WAIT,idle,2,0,0.004,-0.002,0.003,-0.003,-0.002,-0.002,1.5447
1785822549.594,0.000,WAIT,idle,2,0,0.004,-0.002,0.004,-0.005,-0.000,0.001,1.5446
1785822549.694,0.000,WAIT,idle,2,0,0.002,-0.002,0.005,-0.009,0.002,-0.002,1.5445
1785822549.794,0.000,WAIT,idle,2,0,0.001,-0.001,0.005,-0.010,0.004,0.000,1.5443
1785822549.894,0.000,WAIT,idle,2,0,0.001,-0.000,0.005,-0.011,0.008,-0.003,1.5443
1785822549.994,0.000,WAIT,idle,2,0,0.000,0.001,0.005,-0.011,0.012,-0.001,1.5444
1785822550.094,0.000,WAIT,idle,2,0,0.000,0.002,0.005,-0.009,0.008,0.001,1.5443
1785822550.194,0.000,WAIT,idle,2,0,0.001,0.002,0.006,-0.007,0.005,0.000,1.5441
1785822550.294,0.000,WAIT,idle,2,0,0.002,0.002,0.006,-0.004,0.005,0.003,1.5439
1785822550.394,0.000,WAIT,idle,2,0,0.003,0.002,0.007,-0.004,0.006,0.003,1.5437
1785822550.494,0.000,WAIT,idle,2,0,0.004,0.002,0.007,-0.004,0.005,0.000,1.5437
1785822550.594,0.000,WAIT,idle,2,0,0.005,0.001,0.006,-0.005,0.003,-0.000,1.5437
1785822550.694,0.000,WAIT,idle,2,0,0.005,0.001,0.006,-0.004,0.000,0.000,1.5437
1785822550.794,0.000,WAIT,idle,2,0,0.005,-0.000,0.005,-0.004,-0.002,0.001,1.5436
1785822550.894,0.000,WAIT,idle,2,0,0.005,-0.001,0.004,-0.002,-0.003,0.001,1.5435
1785822550.994,0.000,WAIT,idle,2,0,0.006,-0.001,0.004,0.001,-0.001,0.002,1.5435
1785822551.094,0.000,WAIT,idle,2,0,0.006,-0.001,0.004,0.002,-0.001,0.001,1.5437
1785822551.194,0.000,WAIT,idle,2,0,0.006,-0.001,0.004,0.001,0.002,-0.002,1.5436
1785822551.294,0.000,WAIT,idle,2,0,0.006,-0.001,0.003,0.003,-0.001,-0.003,1.5437
1785822551.394,0.000,WAIT,idle,2,0,0.007,-0.001,0.002,0.002,-0.001,-0.003,1.5438
1785822551.494,0.000,WAIT,idle,2,0,0.006,-0.001,0.002,0.001,-0.001,-0.002,1.5438
1785822551.594,0.000,WAIT,idle,2,0,0.006,-0.000,0.002,0.003,0.002,-0.002,1.5439
1785822551.694,0.000,WAIT,idle,2,0,0.006,0.000,0.002,0.002,0.002,-0.003,1.5437
1785822551.794,0.000,WAIT,idle,2,0,0.006,0.001,0.002,0.003,0.004,-0.003,1.5435
1785822551.894,0.000,WAIT,idle,2,0,0.006,0.001,0.002,0.005,0.005,-0.001,1.5434
1785822551.994,0.000,WAIT,idle,2,0,0.006,0.002,0.003,0.002,0.003,-0.001,1.5432
1785822552.094,0.000,WAIT,idle,2,0,0.005,0.002,0.003,0.001,-0.001,-0.003,1.5432
1785822552.194,0.000,WAIT,idle,2,0,0.005,0.001,0.003,0.001,-0.001,-0.005,1.5432
1785822552.295,0.000,WAIT,idle,2,0,0.006,0.001,0.003,0.003,0.000,-0.008,1.5431
1785822552.394,0.000,WAIT,idle,2,0,0.007,0.001,0.002,0.005,-0.000,-0.008,1.5431
1785822552.494,0.000,WAIT,idle,2,0,0.008,0.001,0.002,0.005,0.002,-0.007,1.5428
1785822552.594,0.000,WAIT,idle,2,0,0.008,0.002,0.002,0.004,0.005,-0.007,1.5429
1785822552.694,0.000,WAIT,idle,2,0,0.009,0.003,0.002,0.004,0.004,-0.007,1.5427
1785822552.794,0.000,WAIT,idle,2,0,0.009,0.003,0.002,0.007,0.003,-0.007,1.5426
1785822552.894,0.000,WAIT,idle,2,0,0.009,0.003,0.002,0.004,0.000,-0.004,1.5426
1785822552.994,0.000,WAIT,idle,2,0,0.009,0.002,0.002,0.007,-0.001,-0.005,1.5426
1785822553.094,0.000,WAIT,idle,2,0,0.010,0.001,0.002,0.006,-0.001,-0.002,1.5423
1785822553.194,0.000,WAIT,idle,2,0,0.010,0.001,0.003,0.006,-0.001,-0.003,1.5423
1785822553.294,0.000,WAIT,idle,2,0,0.011,0.001,0.004,0.008,0.000,-0.000,1.5420
1785822553.394,0.000,WAIT,idle,2,0,0.011,0.001,0.005,0.007,0.001,0.002,1.5419
1785822553.494,0.000,WAIT,idle,2,0,0.010,0.001,0.005,0.006,0.001,-0.000,1.5419
1785822553.594,0.000,WAIT,idle,2,0,0.010,0.001,0.005,0.007,-0.001,-0.002,1.5419
1785822553.694,0.000,WAIT,idle,2,0,0.010,0.001,0.004,0.006,0.001,-0.005,1.5421
1785822553.794,0.000,WAIT,idle,2,0,0.010,0.001,0.004,0.006,0.000,-0.004,1.5420
1785822553.894,0.000,WAIT,idle,2,0,0.009,0.001,0.003,0.006,-0.001,-0.005,1.5419
1785822553.994,0.000,WAIT,idle,2,0,0.009,0.001,0.003,0.005,0.001,-0.006,1.5416
1785822554.094,0.000,WAIT,idle,2,0,0.008,0.001,0.003,0.005,0.002,-0.006,1.5414
1785822554.194,0.000,WAIT,idle,2,0,0.008,0.001,0.003,0.006,0.003,-0.006,1.5415
1785822554.294,0.000,WAIT,idle,2,0,0.007,0.001,0.004,0.006,0.004,-0.006,1.5413
1785822554.394,0.000,WAIT,idle,2,0,0.007,0.002,0.004,0.006,0.005,-0.003,1.5413
1785822554.494,0.000,WAIT,idle,2,0,0.007,0.002,0.005,0.005,0.006,-0.003,1.5415
1785822554.594,0.000,WAIT,idle,2,0,0.006,0.002,0.006,0.005,0.004,-0.005,1.5416
1785822554.694,0.000,WAIT,idle,2,0,0.006,0.003,0.006,0.003,0.006,-0.004,1.5417
1785822554.794,0.000,WAIT,idle,2,0,0.006,0.003,0.006,0.002,0.005,-0.004,1.5419
1785822554.894,0.000,WAIT,idle,2,0,0.005,0.003,0.005,0.003,0.007,-0.006,1.5421
1785822554.994,0.000,WAIT,idle,2,0,0.006,0.003,0.005,0.003,0.003,-0.004,1.5422
1785822555.094,0.000,WAIT,idle,2,0,0.006,0.003,0.005,0.001,0.005,-0.003,1.5421
1785822555.194,0.000,WAIT,idle,2,0,0.006,0.003,0.005,-0.000,0.006,-0.001,1.5421
1785822555.294,0.000,WAIT,idle,2,0,0.006,0.003,0.005,-0.004,0.004,-0.003,1.5424
1785822555.394,0.000,WAIT,idle,2,0,0.006,0.002,0.004,-0.005,0.004,-0.005,1.5425
1785822555.494,0.000,WAIT,idle,2,0,0.005,0.002,0.003,-0.008,0.005,-0.003,1.5424
1785822555.594,0.000,WAIT,idle,2,0,0.005,0.002,0.003,-0.009,0.007,-0.003,1.5428
1785822555.694,0.000,WAIT,idle,2,0,0.005,0.003,0.003,-0.009,0.009,-0.002,1.5430
1785822555.794,0.000,WAIT,idle,2,0,0.004,0.003,0.004,-0.012,0.009,0.001,1.5429
1785822555.894,0.000,WAIT,idle,2,0,0.004,0.003,0.005,-0.012,0.006,0.002,1.5430
1785822555.994,0.000,WAIT,idle,2,0,0.004,0.003,0.006,-0.011,0.008,0.005,1.5432
1785822556.094,0.000,WAIT,idle,2,0,0.004,0.003,0.007,-0.007,0.008,0.006,1.5432
1785822556.194,0.000,WAIT,idle,2,0,0.005,0.003,0.008,-0.008,0.007,0.006,1.5435
1785822556.294,0.000,WAIT,idle,2,0,0.006,0.003,0.008,-0.008,0.005,0.008,1.5437
1785822556.394,0.000,WAIT,idle,2,0,0.006,0.002,0.008,-0.009,0.004,0.006,1.5437
1785822556.494,0.000,WAIT,idle,2,0,0.006,0.002,0.008,-0.007,0.002,0.007,1.5436
1785822556.594,0.000,WAIT,idle,2,0,0.006,0.001,0.008,-0.005,-0.000,0.007,1.5438
1785822556.694,0.000,WAIT,idle,2,0,0.007,0.000,0.008,-0.007,0.001,0.006,1.5439
1785822556.794,0.000,WAIT,idle,2,0,0.007,0.000,0.007,-0.005,-0.000,0.005,1.5440
1785822556.894,0.000,WAIT,idle,2,0,0.006,-0.000,0.006,-0.002,-0.000,0.004,1.5441
1785822556.994,0.000,WAIT,idle,2,0,0.006,-0.000,0.006,-0.002,0.000,0.005,1.5441
1785822557.094,0.000,WAIT,idle,2,0,0.006,0.000,0.005,-0.003,0.004,0.006,1.5443
1785822557.194,0.000,WAIT,idle,2,0,0.006,0.001,0.004,-0.006,0.003,0.007,1.5442
1785822557.294,0.000,WAIT,idle,2,0,0.005,0.001,0.004,-0.008,0.002,0.006,1.5442
1785822557.394,0.000,WAIT,idle,2,0,0.005,0.001,0.003,-0.007,0.004,0.005,1.5443
1785822557.494,0.000,WAIT,idle,2,0,0.005,0.001,0.002,-0.007,0.005,0.003,1.5446
1785822557.594,0.000,WAIT,idle,2,0,0.005,0.001,0.002,-0.007,0.004,0.004,1.5448
1785822557.694,0.000,WAIT,idle,2,0,0.005,0.001,0.002,-0.008,0.002,0.002,1.5449
1785822557.794,0.000,WAIT,idle,2,0,0.005,0.001,0.002,-0.009,0.004,-0.001,1.5448
1785822557.894,0.000,WAIT,idle,2,0,0.005,0.001,0.003,-0.007,0.007,0.001,1.5448
1785822557.994,0.000,WAIT,idle,2,0,0.006,0.002,0.003,-0.008,0.011,-0.001,1.5449
1785822558.094,0.000,WAIT,idle,2,0,0.006,0.003,0.003,-0.006,0.011,0.001,1.5450
1785822558.194,0.000,WAIT,idle,2,0,0.006,0.003,0.004,-0.005,0.009,0.001,1.5448
1785822558.294,0.000,WAIT,idle,2,0,0.007,0.003,0.004,-0.004,0.010,0.001,1.5449
1785822558.394,0.000,WAIT,idle,2,0,0.007,0.004,0.005,-0.003,0.012,0.002,1.5446
1785822558.494,0.000,WAIT,idle,2,0,0.008,0.004,0.005,-0.001,0.013,0.003,1.5445
1785822558.594,0.000,WAIT,idle,2,0,0.009,0.005,0.006,0.001,0.011,0.003,1.5447
1785822558.694,0.000,WAIT,idle,2,0,0.010,0.005,0.006,0.002,0.015,0.003,1.5446
1785822558.794,0.000,WAIT,idle,2,0,0.010,0.005,0.007,-0.000,0.017,0.002,1.5446
1785822558.894,0.000,WAIT,idle,2,0,0.010,0.006,0.007,-0.001,0.018,0.000,1.5445
1785822558.994,0.000,WAIT,idle,2,0,0.010,0.006,0.007,-0.000,0.017,0.004,1.5442
1785822559.094,0.000,WAIT,idle,2,0,0.010,0.006,0.007,-0.001,0.016,0.007,1.5440
1785822559.194,0.000,WAIT,idle,2,0,0.010,0.006,0.008,-0.003,0.016,0.006,1.5439
1785822559.294,0.000,WAIT,idle,2,0,0.009,0.005,0.008,-0.004,0.017,0.006,1.5437
1785822559.394,0.000,WAIT,idle,2,0,0.008,0.005,0.009,-0.005,0.015,0.007,1.5436
1785822559.494,0.000,WAIT,idle,2,0,0.007,0.005,0.009,-0.004,0.015,0.006,1.5435
1785822559.594,0.000,WAIT,idle,2,0,0.006,0.005,0.009,-0.005,0.010,0.005,1.5434
1785822559.694,0.000,WAIT,idle,2,0,0.005,0.004,0.010,-0.006,0.010,0.006,1.5432
1785822559.794,0.000,WAIT,idle,2,0,0.004,0.004,0.010,-0.010,0.010,0.002,1.5432
1785822559.894,0.000,WAIT,idle,2,0,0.002,0.004,0.010,-0.010,0.009,-0.000,1.5432
1785822559.994,0.000,WAIT,idle,2,0,0.001,0.004,0.009,-0.010,0.009,-0.002,1.5433
1785822560.094,0.000,WAIT,idle,2,0,0.000,0.003,0.007,-0.009,0.008,-0.005,1.5435
1785822560.194,0.000,WAIT,idle,2,0,0.000,0.003,0.007,-0.009,0.008,-0.003,1.5437
1785822560.294,0.000,WAIT,idle,2,0,-0.000,0.003,0.006,-0.010,0.009,-0.005,1.5439
1785822560.394,0.000,WAIT,idle,2,0,-0.001,0.003,0.006,-0.009,0.008,-0.004,1.5439
1785822560.494,0.000,WAIT,idle,2,0,-0.001,0.003,0.006,-0.010,0.009,-0.003,1.5441
1785822560.594,0.000,WAIT,idle,2,0,-0.002,0.003,0.007,-0.010,0.006,-0.002,1.5445
1785822560.694,0.000,WAIT,idle,2,0,-0.002,0.003,0.007,-0.009,0.004,-0.003,1.5447
1785822560.794,0.000,WAIT,idle,2,0,-0.001,0.002,0.007,-0.007,0.003,-0.006,1.5449
1785822560.894,0.000,WAIT,idle,2,0,-0.001,0.001,0.005,-0.010,0.000,-0.006,1.5451
1785822560.994,0.000,WAIT,idle,2,0,-0.001,0.000,0.005,-0.008,-0.000,-0.003,1.5453
1785822561.094,0.000,WAIT,idle,2,0,-0.000,-0.000,0.005,-0.009,-0.001,-0.006,1.5457
1785822561.194,0.000,WAIT,idle,2,0,0.000,-0.001,0.004,-0.010,-0.002,-0.005,1.5461
1785822561.294,0.000,WAIT,idle,2,0,0.001,-0.001,0.004,-0.007,-0.003,-0.004,1.5463
1785822561.394,0.000,WAIT,idle,2,0,0.001,-0.001,0.003,-0.008,-0.001,-0.006,1.5463
1785822561.494,0.000,WAIT,idle,2,0,0.001,-0.001,0.003,-0.012,-0.001,-0.005,1.5466
1785822561.594,0.000,WAIT,idle,2,0,0.001,-0.000,0.003,-0.009,0.003,-0.004,1.5466
1785822561.694,0.000,WAIT,idle,2,0,0.001,0.001,0.004,-0.006,0.005,-0.001,1.5469
1785822561.794,0.000,WAIT,idle,2,0,0.002,0.002,0.004,-0.006,0.008,0.002,1.5470
1785822561.894,0.000,WAIT,idle,2,0,0.002,0.003,0.005,-0.004,0.007,0.000,1.5471
1785822561.994,0.000,WAIT,idle,2,0,0.003,0.003,0.006,-0.005,0.008,0.002,1.5471
1785822562.094,0.000,WAIT,idle,2,0,0.004,0.003,0.006,-0.005,0.007,0.002,1.5472
1785822562.194,0.000,WAIT,idle,2,0,0.004,0.003,0.007,-0.005,0.005,0.002,1.5472
1785822562.294,0.000,WAIT,idle,2,0,0.004,0.003,0.007,-0.006,0.004,0.003,1.5473
1785822562.394,0.000,WAIT,idle,2,0,0.004,0.002,0.007,-0.007,0.001,0.005,1.5475
1785822562.494,0.000,WAIT,idle,2,0,0.003,0.001,0.007,-0.007,-0.003,0.006,1.5477
1785822562.594,0.000,WAIT,idle,2,0,0.002,0.000,0.008,-0.008,-0.005,0.005,1.5479
1785822562.694,0.000,WAIT,idle,2,0,0.002,-0.001,0.008,-0.009,-0.003,0.005,1.5480
1785822562.794,0.000,WAIT,idle,2,0,0.001,-0.001,0.009,-0.009,-0.002,0.004,1.5483
1785822562.894,0.000,WAIT,idle,2,0,0.001,-0.001,0.009,-0.008,0.002,0.004,1.5486
1785822562.994,0.000,WAIT,idle,2,0,0.001,0.001,0.009,-0.004,0.005,0.005,1.5486
1785822563.094,0.000,WAIT,idle,2,0,0.002,0.001,0.009,0.000,0.005,0.006,1.5487
1785822563.194,0.000,WAIT,idle,2,0,0.003,0.002,0.009,0.000,0.006,0.006,1.5487
1785822563.294,0.000,WAIT,idle,2,0,0.003,0.002,0.009,0.000,0.006,0.005,1.5486
1785822563.394,0.000,WAIT,idle,2,0,0.003,0.003,0.009,-0.000,0.005,0.004,1.5484
1785822563.494,0.000,WAIT,idle,2,0,0.003,0.003,0.009,-0.001,0.007,0.004,1.5484
1785822563.594,0.000,WAIT,idle,2,0,0.003,0.003,0.010,-0.001,0.005,0.003,1.5483
1785822563.694,0.000,WAIT,idle,2,0,0.003,0.002,0.010,-0.003,0.003,0.004,1.5481
1785822563.794,0.000,WAIT,idle,2,0,0.003,0.002,0.010,-0.004,0.002,-0.001,1.5479
1785822563.894,0.000,WAIT,idle,2,0,0.004,0.003,0.009,-0.002,0.002,-0.002,1.5478
1785822563.994,0.000,WAIT,idle,2,0,0.004,0.003,0.009,-0.004,0.002,0.001,1.5477
1785822564.094,0.000,WAIT,idle,2,0,0.004,0.003,0.009,-0.003,0.002,0.003,1.5477
1785822564.194,0.000,WAIT,idle,2,0,0.004,0.004,0.009,-0.006,0.001,0.003,1.5479
1785822564.294,0.000,WAIT,idle,2,0,0.004,0.004,0.009,-0.003,0.003,0.004,1.5476
1785822564.394,0.000,WAIT,idle,2,0,0.004,0.004,0.009,-0.003,0.002,0.004,1.5475
1785822564.494,0.000,WAIT,idle,2,0,0.004,0.004,0.009,-0.003,0.006,0.005,1.5475
1785822564.594,0.000,WAIT,idle,2,0,0.003,0.004,0.010,-0.002,0.004,0.005,1.5473
1785822564.694,0.000,WAIT,idle,2,0,0.003,0.004,0.010,-0.000,0.003,0.003,1.5473
1785822564.794,0.000,WAIT,idle,2,0,0.004,0.004,0.010,0.003,0.004,0.002,1.5472
1785822564.894,0.000,WAIT,idle,2,0,0.004,0.003,0.009,0.003,0.003,-0.001,1.5473
1785822564.994,0.000,WAIT,idle,2,0,0.004,0.003,0.009,0.002,0.001,-0.001,1.5471
1785822565.094,0.000,WAIT,idle,2,0,0.004,0.002,0.008,0.002,-0.000,-0.001,1.5470
1785822565.194,0.000,WAIT,idle,2,0,0.004,0.002,0.008,0.002,-0.001,-0.000,1.5472
1785822565.294,0.000,WAIT,idle,2,0,0.003,0.001,0.007,0.000,0.002,0.002,1.5468
1785822565.394,0.000,WAIT,idle,2,0,0.002,0.001,0.007,-0.003,0.001,-0.002,1.5467
1785822565.494,0.000,WAIT,idle,2,0,0.002,0.001,0.007,-0.002,-0.001,-0.003,1.5466
1785822565.594,0.000,WAIT,idle,2,0,0.002,0.001,0.006,-0.002,0.001,-0.004,1.5465
1785822565.694,0.000,WAIT,idle,2,0,0.001,0.001,0.006,0.000,0.003,-0.002,1.5466
1785822565.794,0.000,WAIT,idle,2,0,0.001,0.001,0.006,-0.003,0.005,-0.002,1.5467
1785822565.894,0.000,WAIT,idle,2,0,0.000,0.002,0.007,-0.006,0.006,0.001,1.5467
1785822565.994,0.000,WAIT,idle,2,0,-0.000,0.002,0.007,-0.007,0.005,-0.000,1.5466
1785822566.094,0.000,WAIT,idle,2,0,-0.001,0.002,0.008,-0.008,0.006,0.001,1.5465
1785822566.194,0.000,WAIT,idle,2,0,-0.001,0.003,0.008,-0.008,0.010,0.000,1.5465
1785822566.294,0.000,WAIT,idle,2,0,-0.001,0.004,0.009,-0.008,0.010,0.001,1.5466
1785822566.394,0.000,WAIT,idle,2,0,-0.002,0.004,0.009,-0.008,0.011,-0.000,1.5465
1785822566.494,0.000,WAIT,idle,2,0,-0.002,0.005,0.008,-0.009,0.014,-0.003,1.5466
1785822566.594,0.000,WAIT,idle,2,0,-0.002,0.005,0.007,-0.008,0.015,-0.000,1.5467
1785822566.694,0.000,WAIT,idle,2,0,-0.002,0.006,0.007,-0.008,0.016,0.004,1.5466
1785822566.794,0.000,WAIT,idle,2,0,-0.001,0.006,0.008,-0.005,0.017,0.004,1.5467
1785822566.894,0.000,WAIT,idle,2,0,-0.000,0.006,0.008,-0.003,0.013,0.005,1.5467
1785822566.994,0.000,WAIT,idle,2,0,0.001,0.006,0.009,-0.002,0.012,0.005,1.5467
1785822567.094,0.000,WAIT,idle,2,0,0.002,0.005,0.009,0.000,0.011,0.006,1.5466
1785822567.194,0.000,WAIT,idle,2,0,0.003,0.005,0.009,0.002,0.009,0.003,1.5466
1785822567.294,0.000,WAIT,idle,2,0,0.003,0.004,0.009,0.001,0.008,0.001,1.5464
1785822567.394,0.000,WAIT,idle,2,0,0.003,0.004,0.008,-0.000,0.008,-0.001,1.5463
1785822567.494,0.000,WAIT,idle,2,0,0.003,0.004,0.007,0.000,0.007,-0.002,1.5463
1785822567.594,0.000,WAIT,idle,2,0,0.004,0.003,0.006,0.001,0.005,-0.003,1.5461
1785822567.694,0.000,WAIT,idle,2,0,0.004,0.002,0.006,0.000,0.005,-0.001,1.5461
1785822567.794,0.000,WAIT,idle,2,0,0.005,0.002,0.006,0.001,0.004,0.002,1.5460
1785822567.894,0.000,WAIT,idle,2,0,0.005,0.002,0.006,0.003,0.002,-0.001,1.5460
1785822567.994,0.000,WAIT,idle,2,0,0.006,0.001,0.005,0.002,0.001,-0.004,1.5458
1785822568.094,0.000,WAIT,idle,2,0,0.005,0.001,0.004,0.002,0.001,-0.004,1.5458
1785822568.194,0.000,WAIT,idle,2,0,0.005,0.000,0.004,0.000,0.000,-0.006,1.5458
1785822568.294,0.000,WAIT,idle,2,0,0.004,0.000,0.003,-0.000,-0.002,-0.007,1.5459
1785822568.394,0.000,WAIT,idle,2,0,0.004,-0.000,0.003,0.000,-0.001,-0.004,1.5459
1785822568.494,0.000,WAIT,idle,2,0,0.004,-0.000,0.004,0.002,-0.002,-0.001,1.5458
1785822568.594,0.000,WAIT,idle,2,0,0.005,-0.001,0.005,0.001,-0.003,0.001,1.5456
1785822568.694,0.000,WAIT,idle,2,0,0.005,-0.001,0.006,0.001,-0.003,0.001,1.5454
1785822568.794,0.000,WAIT,idle,2,0,0.006,-0.001,0.007,0.002,-0.003,0.000,1.5455
1785822568.894,0.000,WAIT,idle,2,0,0.006,-0.001,0.008,-0.001,-0.003,0.001,1.5456
1785822568.994,0.000,WAIT,idle,2,0,0.007,-0.001,0.007,0.001,-0.003,0.001,1.5454
1785822569.094,0.000,WAIT,idle,2,0,0.007,-0.001,0.007,0.003,-0.001,0.000,1.5454
1785822569.194,0.000,WAIT,idle,2,0,0.008,-0.001,0.007,0.004,0.000,-0.000,1.5451
1785822569.294,0.000,WAIT,idle,2,0,0.008,-0.000,0.006,0.002,0.001,-0.001,1.5452
1785822569.394,0.000,WAIT,idle,2,0,0.007,0.000,0.005,0.002,0.002,-0.000,1.5453
1785822569.494,0.000,WAIT,idle,2,0,0.008,0.001,0.005,0.004,0.002,0.002,1.5450
1785822569.594,0.000,WAIT,idle,2,0,0.008,0.001,0.005,0.005,0.001,0.002,1.5449
1785822569.694,0.000,WAIT,idle,2,0,0.008,0.001,0.005,0.003,-0.001,-0.000,1.5446
1785822569.794,0.000,WAIT,idle,2,0,0.007,0.001,0.005,0.001,-0.001,0.001,1.5448
1785822569.894,0.000,WAIT,idle,2,0,0.007,0.001,0.005,0.001,-0.001,-0.002,1.5448
1785822569.994,0.000,WAIT,idle,2,0,0.007,0.000,0.004,0.004,-0.002,-0.000,1.5449
1785822570.094,0.000,WAIT,idle,2,0,0.007,-0.000,0.004,0.003,-0.007,0.001,1.5449
1785822570.194,0.000,WAIT,idle,2,0,0.007,-0.001,0.005,0.005,-0.005,-0.000,1.5448
1785822570.294,0.000,WAIT,idle,2,0,0.008,-0.001,0.005,0.007,-0.004,-0.001,1.5449
1785822570.394,0.000,WAIT,idle,2,0,0.009,-0.002,0.004,0.009,-0.006,-0.004,1.5449
1785822570.494,0.000,WAIT,idle,2,0,0.010,-0.002,0.004,0.011,-0.005,-0.005,1.5447
1785822570.594,0.000,WAIT,idle,2,0,0.010,-0.002,0.004,0.014,-0.002,-0.005,1.5445
1785822570.694,0.000,WAIT,idle,2,0,0.010,-0.001,0.003,0.014,-0.002,-0.005,1.5445
1785822570.794,0.000,WAIT,idle,2,0,0.011,-0.001,0.003,0.012,-0.001,-0.004,1.5443
1785822570.894,0.000,WAIT,idle,2,0,0.011,-0.001,0.003,0.010,-0.004,-0.003,1.5442
1785822570.994,0.000,WAIT,idle,2,0,0.011,-0.001,0.003,0.012,-0.005,-0.004,1.5443
1785822571.094,0.000,WAIT,idle,2,0,0.011,-0.001,0.003,0.014,-0.005,-0.003,1.5440
1785822571.194,0.000,WAIT,idle,2,0,0.012,-0.002,0.003,0.015,-0.003,-0.002,1.5436
1785822571.294,0.000,WAIT,idle,2,0,0.012,-0.001,0.003,0.011,-0.002,-0.002,1.5433
1785822571.394,0.000,WAIT,idle,2,0,0.011,-0.001,0.003,0.009,0.000,-0.003,1.5432
1785822571.494,0.000,WAIT,idle,2,0,0.010,-0.000,0.003,0.006,0.003,-0.004,1.5431
1785822571.594,0.000,WAIT,idle,2,0,0.008,0.000,0.003,0.004,0.001,-0.004,1.5431
1785822571.694,0.000,WAIT,idle,2,0,0.007,0.001,0.004,0.001,0.002,-0.003,1.5431
1785822571.794,0.000,WAIT,idle,2,0,0.005,0.001,0.004,-0.001,0.004,-0.004,1.5436
1785822571.894,0.000,WAIT,idle,2,0,0.004,0.002,0.004,-0.001,0.003,-0.006,1.5437
1785822571.994,0.000,WAIT,idle,2,0,0.004,0.002,0.003,0.002,0.002,-0.006,1.5437
1785822572.094,0.000,WAIT,idle,2,0,0.004,0.002,0.002,0.001,-0.000,-0.007,1.5439
1785822572.194,0.000,WAIT,idle,2,0,0.004,0.001,0.001,0.002,-0.002,-0.006,1.5437
1785822572.294,0.000,WAIT,idle,2,0,0.003,0.001,0.000,-0.001,-0.001,-0.006,1.5436
1785822572.394,0.000,WAIT,idle,2,0,0.002,0.001,0.000,-0.001,0.001,-0.006,1.5433
1785822572.494,0.000,WAIT,idle,2,0,0.002,0.001,0.001,0.001,0.002,-0.004,1.5431
1785822572.594,0.000,WAIT,idle,2,0,0.002,0.002,0.001,-0.000,0.002,-0.006,1.5430
1785822572.694,0.000,WAIT,idle,2,0,0.002,0.002,0.002,-0.000,0.000,-0.003,1.5429
1785822572.794,0.000,WAIT,idle,2,0,0.002,0.002,0.002,0.002,-0.001,0.001,1.5429
1785822572.894,0.000,WAIT,idle,2,0,0.003,0.001,0.003,0.001,0.000,-0.002,1.5430
1785822572.994,0.000,WAIT,idle,2,0,0.004,0.001,0.003,0.002,0.004,0.000,1.5432
1785822573.094,0.000,WAIT,idle,2,0,0.005,0.002,0.004,0.001,0.003,0.000,1.5431
1785822573.194,0.000,WAIT,idle,2,0,0.005,0.002,0.004,0.001,0.003,0.001,1.5429
1785822573.294,0.000,WAIT,idle,2,0,0.005,0.002,0.004,-0.004,0.004,0.001,1.5430
1785822573.394,0.000,WAIT,idle,2,0,0.004,0.002,0.005,-0.006,0.001,0.004,1.5430
1785822573.494,0.000,WAIT,idle,2,0,0.003,0.001,0.006,-0.007,-0.000,0.003,1.5432
1785822573.594,0.000,WAIT,idle,2,0,0.002,0.001,0.006,-0.008,0.001,0.004,1.5432
1785822573.694,0.000,WAIT,idle,2,0,0.001,0.001,0.006,-0.013,-0.001,0.004,1.5432
1785822573.794,0.000,WAIT,idle,2,0,0.000,0.001,0.006,-0.013,-0.000,0.004,1.5431
1785822573.894,0.000,WAIT,idle,2,0,-0.001,0.002,0.007,-0.014,0.002,0.007,1.5431
1785822573.994,0.000,WAIT,idle,2,0,-0.001,0.003,0.008,-0.010,0.006,0.005,1.5433
1785822574.094,0.000,WAIT,idle,2,0,-0.001,0.003,0.008,-0.009,0.007,0.003,1.5434
1785822574.194,0.000,WAIT,idle,2,0,-0.001,0.004,0.008,-0.006,0.008,0.004,1.5435
1785822574.294,0.000,WAIT,idle,2,0,-0.001,0.004,0.008,-0.008,0.011,0.004,1.5436
1785822574.394,0.000,WAIT,idle,2,0,-0.000,0.005,0.009,-0.005,0.009,0.004,1.5438
1785822574.494,0.000,WAIT,idle,2,0,0.000,0.005,0.009,-0.005,0.010,0.001,1.5436
1785822574.594,0.000,WAIT,idle,2,0,0.000,0.005,0.008,-0.005,0.011,-0.001,1.5436
1785822574.694,0.000,WAIT,idle,2,0,0.001,0.005,0.008,-0.006,0.010,-0.002,1.5436
1785822574.794,0.000,WAIT,idle,2,0,0.000,0.005,0.007,-0.010,0.009,0.001,1.5438
1785822574.894,0.000,WAIT,idle,2,0,-0.000,0.005,0.007,-0.008,0.008,0.002,1.5435
1785822574.994,0.000,WAIT,idle,2,0,-0.001,0.005,0.007,-0.009,0.007,0.001,1.5431
1785822575.094,0.000,WAIT,idle,2,0,-0.000,0.004,0.006,-0.008,0.007,0.002,1.5429
1785822575.194,0.000,WAIT,idle,2,0,0.000,0.004,0.007,-0.008,0.004,0.003,1.5431
1785822575.294,0.000,WAIT,idle,2,0,0.000,0.003,0.007,-0.007,0.004,0.004,1.5432
1785822575.394,0.000,WAIT,idle,2,0,0.001,0.002,0.007,-0.006,0.002,0.003,1.5432
1785822575.494,0.000,WAIT,idle,2,0,0.001,0.002,0.007,-0.004,0.003,0.003,1.5434
1785822575.594,0.000,WAIT,idle,2,0,0.001,0.002,0.007,-0.005,0.003,0.002,1.5434
1785822575.694,0.000,WAIT,idle,2,0,0.001,0.001,0.007,-0.003,0.002,0.003,1.5431
1785822575.794,0.000,WAIT,idle,2,0,0.002,0.001,0.007,-0.001,0.002,0.005,1.5432
1785822575.894,0.000,WAIT,idle,2,0,0.003,0.001,0.008,0.001,-0.001,0.007,1.5433
1785822575.994,0.000,WAIT,idle,2,0,0.004,0.000,0.009,0.003,-0.003,0.004,1.5432
1785822576.094,0.000,WAIT,idle,2,0,0.005,-0.001,0.008,0.004,-0.004,0.005,1.5431
1785822576.194,0.000,WAIT,idle,2,0,0.006,-0.001,0.008,0.006,-0.006,0.008,1.5430
1785822576.294,0.000,WAIT,idle,2,0,0.007,-0.002,0.008,0.007,-0.006,0.007,1.5430
1785822576.394,0.000,WAIT,idle,2,0,0.007,-0.002,0.009,0.007,-0.005,0.007,1.5428
1785822576.494,0.000,WAIT,idle,2,0,0.007,-0.002,0.009,0.006,-0.006,0.007,1.5428
1785822576.594,0.000,WAIT,idle,2,0,0.007,-0.003,0.009,0.003,-0.007,0.007,1.5428
1785822576.694,0.000,WAIT,idle,2,0,0.006,-0.003,0.010,0.005,-0.006,0.006,1.5429
1785822576.794,0.000,WAIT,idle,2,0,0.006,-0.003,0.010,0.006,-0.009,0.007,1.5431
1785822576.894,0.000,WAIT,idle,2,0,0.005,-0.003,0.010,0.003,-0.008,0.007,1.5434
1785822576.994,0.000,WAIT,idle,2,0,0.005,-0.003,0.010,0.000,-0.008,0.006,1.5432
1785822577.094,0.000,WAIT,idle,2,0,0.004,-0.003,0.010,-0.000,-0.005,0.004,1.5431
1785822577.194,0.000,WAIT,idle,2,0,0.003,-0.002,0.009,-0.003,-0.007,0.002,1.5433
1785822577.294,0.000,WAIT,idle,2,0,0.002,-0.002,0.009,-0.004,-0.005,-0.000,1.5434
1785822577.394,0.000,WAIT,idle,2,0,0.002,-0.001,0.009,-0.005,-0.005,0.001,1.5436
1785822577.494,0.000,WAIT,idle,2,0,0.002,-0.001,0.008,-0.003,-0.004,-0.002,1.5438
1785822577.594,0.000,WAIT,idle,2,0,0.002,-0.001,0.007,-0.003,-0.007,-0.002,1.5440
1785822577.694,0.000,WAIT,idle,2,0,0.002,-0.002,0.007,-0.000,-0.006,-0.002,1.5440
1785822577.794,0.000,WAIT,idle,2,0,0.003,-0.001,0.006,0.001,-0.005,-0.002,1.5440
1785822577.894,0.000,WAIT,idle,2,0,0.004,-0.000,0.006,0.000,-0.005,-0.003,1.5441
1785822577.994,0.000,WAIT,idle,2,0,0.004,-0.000,0.005,-0.002,-0.004,-0.005,1.5441
1785822578.094,0.000,WAIT,idle,2,0,0.004,0.000,0.004,-0.003,-0.004,-0.004,1.5442
1785822578.194,0.000,WAIT,idle,2,0,0.004,0.000,0.003,-0.004,-0.002,-0.002,1.5442
1785822578.294,0.000,WAIT,idle,2,0,0.004,0.001,0.003,-0.003,-0.002,-0.002,1.5442
1785822578.394,0.000,WAIT,idle,2,0,0.004,0.001,0.003,-0.004,-0.002,-0.001,1.5443
1785822578.494,0.000,WAIT,idle,2,0,0.004,0.001,0.002,-0.005,-0.003,-0.003,1.5443
1785822578.594,0.000,WAIT,idle,2,0,0.004,0.001,0.002,-0.002,-0.005,-0.006,1.5441
1785822578.694,0.000,WAIT,idle,2,0,0.004,0.000,0.001,-0.004,-0.006,-0.005,1.5442
1785822578.794,0.000,WAIT,idle,2,0,0.004,-0.001,-0.000,-0.003,-0.006,-0.007,1.5440
1785822578.894,0.000,WAIT,idle,2,0,0.004,-0.001,-0.001,-0.004,-0.006,-0.007,1.5442
1785822578.994,0.000,WAIT,idle,2,0,0.004,-0.002,-0.001,-0.005,-0.006,-0.007,1.5444
1785822579.094,0.000,WAIT,idle,2,0,0.004,-0.002,-0.001,-0.003,-0.007,-0.006,1.5446
1785822579.194,0.000,WAIT,idle,2,0,0.003,-0.002,-0.000,-0.003,-0.006,-0.008,1.5447
1785822579.294,0.000,WAIT,idle,2,0,0.003,-0.002,-0.001,0.001,-0.004,-0.007,1.5446
1785822579.394,0.000,WAIT,idle,2,0,0.004,-0.001,-0.001,0.002,-0.003,-0.006,1.5445
1785822579.494,0.000,WAIT,idle,2,0,0.004,-0.001,-0.001,0.003,-0.003,-0.005,1.5444
1785822579.594,0.000,WAIT,idle,2,0,0.005,-0.001,-0.002,0.003,-0.000,-0.008,1.5441
1785822579.694,0.000,WAIT,idle,2,0,0.005,-0.000,-0.003,0.001,-0.001,-0.007,1.5439
1785822579.794,0.000,WAIT,idle,2,0,0.004,-0.000,-0.003,0.000,-0.000,-0.009,1.5439
1785822579.894,0.000,WAIT,idle,2,0,0.003,0.000,-0.003,-0.000,0.001,-0.008,1.5441
1785822579.994,0.000,WAIT,idle,2,0,0.003,0.000,-0.003,-0.001,-0.001,-0.006,1.5441
1785822580.094,0.000,WAIT,idle,2,0,0.002,0.000,-0.002,-0.004,-0.001,-0.001,1.5438
1785822580.194,0.000,WAIT,idle,2,0,0.001,0.000,-0.001,-0.006,-0.001,0.000,1.5437
1785822580.294,0.000,WAIT,idle,2,0,0.001,0.000,0.001,-0.003,-0.000,0.001,1.5436
1785822580.394,0.000,WAIT,idle,2,0,0.001,0.000,0.001,-0.002,0.002,0.002,1.5437
1785822580.494,0.000,WAIT,idle,2,0,0.002,0.001,0.002,-0.001,0.005,0.001,1.5437
1785822580.594,0.000,WAIT,idle,2,0,0.002,0.001,0.002,0.001,0.005,0.002,1.5437
1785822580.694,0.000,WAIT,idle,2,0,0.003,0.002,0.002,0.001,0.005,0.001,1.5437
1785822580.794,0.000,WAIT,idle,2,0,0.004,0.001,0.002,0.003,0.004,0.001,1.5437
1785822580.894,0.000,WAIT,idle,2,0,0.005,0.001,0.002,0.008,0.004,0.002,1.5438
1785822580.994,0.000,WAIT,idle,2,0,0.007,0.000,0.003,0.009,0.003,0.004,1.5437
1785822581.094,0.000,WAIT,idle,2,0,0.008,0.000,0.004,0.010,0.002,0.005,1.5435
1785822581.194,0.000,WAIT,idle,2,0,0.010,0.000,0.005,0.011,0.002,0.008,1.5435
1785822581.294,0.000,WAIT,idle,2,0,0.011,0.001,0.007,0.012,0.002,0.006,1.5435
1785822581.394,0.000,WAIT,idle,2,0,0.012,0.001,0.007,0.012,0.003,0.005,1.5434
1785822581.494,0.000,WAIT,idle,2,0,0.012,0.002,0.008,0.012,0.003,0.003,1.5433
1785822581.594,0.000,WAIT,idle,2,0,0.013,0.002,0.008,0.012,0.001,0.003,1.5431
1785822581.694,0.000,WAIT,idle,2,0,0.013,0.003,0.008,0.012,0.002,0.001,1.5430
1785822581.794,0.000,WAIT,idle,2,0,0.013,0.003,0.007,0.012,0.001,0.002,1.5432
1785822581.894,0.000,WAIT,idle,2,0,0.013,0.003,0.007,0.009,0.002,0.000,1.5433
1785822581.994,0.000,WAIT,idle,2,0,0.012,0.003,0.007,0.006,0.003,-0.001,1.5431
1785822582.094,0.000,WAIT,idle,2,0,0.011,0.003,0.006,0.003,0.008,-0.000,1.5434
1785822582.194,0.000,WAIT,idle,2,0,0.009,0.004,0.006,0.001,0.009,-0.001,1.5437
1785822582.294,0.000,WAIT,idle,2,0,0.008,0.004,0.006,0.001,0.010,0.002,1.5441
1785822582.394,0.000,WAIT,idle,2,0,0.007,0.005,0.007,0.000,0.010,0.002,1.5441
1785822582.494,0.000,WAIT,idle,2,0,0.006,0.005,0.007,0.003,0.008,-0.001,1.5445
1785822582.594,0.000,WAIT,idle,2,0,0.006,0.004,0.007,-0.000,0.005,0.003,1.5445
1785822582.694,0.000,WAIT,idle,2,0,0.005,0.004,0.008,-0.001,0.003,0.004,1.5444
1785822582.794,0.000,WAIT,idle,2,0,0.004,0.002,0.008,-0.001,-0.005,0.004,1.5442
1785822582.894,0.000,WAIT,idle,2,0,0.004,0.001,0.009,-0.001,-0.003,0.003,1.5442
1785822582.994,0.000,WAIT,idle,2,0,0.004,0.001,0.009,0.001,-0.001,0.004,1.5441
1785822583.094,0.000,WAIT,idle,2,0,0.004,0.001,0.010,0.002,0.000,0.006,1.5441
1785822583.194,0.000,WAIT,idle,2,0,0.004,0.001,0.011,0.001,-0.000,0.007,1.5438
1785822583.294,0.000,WAIT,idle,2,0,0.004,0.001,0.012,0.002,-0.000,0.008,1.5439
1785822583.394,0.000,WAIT,idle,2,0,0.004,0.001,0.012,0.005,-0.001,0.007,1.5438
1785822583.494,0.000,WAIT,idle,2,0,0.004,0.001,0.013,0.003,0.000,0.006,1.5439
1785822583.594,0.000,WAIT,idle,2,0,0.004,0.001,0.013,0.002,0.003,0.003,1.5440
1785822583.694,0.000,WAIT,idle,2,0,0.004,0.001,0.013,0.002,0.003,0.004,1.5441
1785822583.794,0.000,WAIT,idle,2,0,0.004,0.001,0.012,0.001,0.003,0.003,1.5445
1785822583.894,0.000,WAIT,idle,2,0,0.003,0.002,0.012,0.000,0.005,0.005,1.5444
1785822583.994,0.000,WAIT,idle,2,0,0.003,0.003,0.012,-0.002,0.009,0.003,1.5444
1785822584.094,0.000,WAIT,idle,2,0,0.002,0.004,0.012,-0.004,0.011,0.000,1.5445
1785822584.194,0.000,WAIT,idle,2,0,0.001,0.004,0.011,-0.005,0.010,-0.001,1.5446
1785822584.294,0.000,WAIT,idle,2,0,0.001,0.004,0.010,-0.002,0.008,0.001,1.5446
1785822584.394,0.000,WAIT,idle,2,0,0.001,0.004,0.010,-0.002,0.006,0.004,1.5448
1785822584.494,0.000,WAIT,idle,2,0,0.002,0.004,0.011,-0.003,0.007,0.006,1.5447
1785822584.594,0.000,WAIT,idle,2,0,0.001,0.004,0.012,-0.006,0.006,0.006,1.5447
1785822584.694,0.000,WAIT,idle,2,0,0.001,0.004,0.012,-0.010,0.006,0.007,1.5449
1785822584.794,0.000,WAIT,idle,2,0,-0.000,0.004,0.012,-0.009,0.007,0.005,1.5449
1785822584.894,0.000,WAIT,idle,2,0,-0.001,0.004,0.012,-0.007,0.009,0.005,1.5449
1785822584.994,0.000,WAIT,idle,2,0,-0.001,0.004,0.012,-0.006,0.008,0.004,1.5450
1785822585.094,0.000,WAIT,idle,2,0,-0.000,0.004,0.012,-0.004,0.007,0.003,1.5448
1785822585.194,0.000,WAIT,idle,2,0,0.001,0.004,0.012,-0.005,0.009,0.001,1.5447
1785822585.294,0.000,WAIT,idle,2,0,0.002,0.004,0.012,-0.002,0.010,0.002,1.5446
1785822585.394,0.000,WAIT,idle,2,0,0.003,0.005,0.012,-0.001,0.014,0.002,1.5447
1785822585.494,0.000,WAIT,idle,2,0,0.004,0.005,0.012,0.000,0.012,0.006,1.5447
1785822585.594,0.000,WAIT,idle,2,0,0.005,0.006,0.012,-0.001,0.011,0.007,1.5447
1785822585.694,0.000,WAIT,idle,2,0,0.005,0.005,0.011,-0.001,0.010,0.006,1.5447
1785822585.794,0.000,WAIT,idle,2,0,0.004,0.005,0.011,-0.004,0.011,0.003,1.5448
1785822585.894,0.000,WAIT,idle,2,0,0.003,0.005,0.011,-0.009,0.010,0.004,1.5449
1785822585.994,0.000,WAIT,idle,2,0,0.002,0.005,0.010,-0.007,0.010,0.005,1.5450
1785822586.094,0.000,WAIT,idle,2,0,0.002,0.004,0.010,-0.009,0.011,0.004,1.5447
1785822586.194,0.000,WAIT,idle,2,0,0.002,0.004,0.010,-0.009,0.011,0.003,1.5447
1785822586.294,0.000,WAIT,idle,2,0,0.001,0.004,0.010,-0.009,0.007,0.003,1.5448
1785822586.394,0.000,WAIT,idle,2,0,0.001,0.004,0.009,-0.006,0.009,-0.001,1.5449
1785822586.494,0.000,WAIT,idle,2,0,0.001,0.004,0.008,-0.005,0.008,-0.000,1.5450
1785822586.594,0.000,WAIT,idle,2,0,0.001,0.004,0.008,-0.004,0.008,0.000,1.5449
1785822586.694,0.000,WAIT,idle,2,0,0.002,0.003,0.008,0.002,0.004,0.002,1.5449
1785822586.794,0.000,WAIT,idle,2,0,0.003,0.003,0.007,0.003,0.005,-0.001,1.5449
1785822586.894,0.000,WAIT,idle,2,0,0.004,0.003,0.007,0.003,0.006,-0.002,1.5447
1785822586.994,0.000,WAIT,idle,2,0,0.005,0.003,0.007,0.004,0.007,-0.003,1.5446
1785822587.094,0.000,WAIT,idle,2,0,0.005,0.003,0.006,0.002,0.010,-0.003,1.5445
1785822587.194,0.000,WAIT,idle,2,0,0.005,0.004,0.006,0.001,0.011,-0.003,1.5443
1785822587.294,0.000,WAIT,idle,2,0,0.005,0.005,0.007,0.002,0.011,-0.002,1.5440
1785822587.394,0.000,WAIT,idle,2,0,0.006,0.006,0.007,0.005,0.013,-0.000,1.5441
1785822587.494,0.000,WAIT,idle,2,0,0.006,0.006,0.008,0.003,0.014,0.002,1.5441
1785822587.594,0.000,WAIT,idle,2,0,0.007,0.007,0.008,0.002,0.013,0.003,1.5439
1785822587.694,0.000,WAIT,idle,2,0,0.007,0.007,0.008,0.000,0.013,0.002,1.5438
1785822587.794,0.000,WAIT,idle,2,0,0.007,0.007,0.008,-0.002,0.010,-0.001,1.5439
1785822587.894,0.000,WAIT,idle,2,0,0.006,0.006,0.007,-0.004,0.008,-0.003,1.5436
1785822587.994,0.000,WAIT,idle,2,0,0.006,0.006,0.006,-0.006,0.010,-0.003,1.5437
1785822588.094,0.000,WAIT,idle,2,0,0.005,0.006,0.005,-0.005,0.009,-0.005,1.5435
1785822588.194,0.000,WAIT,idle,2,0,0.006,0.006,0.004,-0.002,0.008,-0.005,1.5436
1785822588.294,0.000,WAIT,idle,2,0,0.006,0.005,0.003,-0.001,0.007,-0.006,1.5438
1785822588.394,0.000,WAIT,idle,2,0,0.006,0.004,0.002,-0.002,0.005,-0.006,1.5439
1785822588.494,0.000,WAIT,idle,2,0,0.007,0.004,0.001,-0.002,0.008,-0.004,1.5440
1785822588.594,0.000,WAIT,idle,2,0,0.007,0.004,0.001,-0.001,0.006,-0.002,1.5440
1785822588.694,0.000,WAIT,idle,2,0,0.008,0.003,0.001,-0.000,0.005,0.000,1.5440
1785822588.794,0.000,WAIT,idle,2,0,0.008,0.003,0.002,-0.001,0.004,0.000,1.5440
1785822588.894,0.000,WAIT,idle,2,0,0.007,0.002,0.002,-0.003,0.001,0.001,1.5440
1785822588.994,0.000,WAIT,idle,2,0,0.006,0.002,0.003,-0.005,0.002,0.001,1.5438
1785822589.094,0.000,WAIT,idle,2,0,0.005,0.002,0.003,-0.004,0.001,0.002,1.5441
1785822589.194,0.000,WAIT,idle,2,0,0.005,0.001,0.003,-0.003,-0.000,0.001,1.5442
1785822589.294,0.000,WAIT,idle,2,0,0.004,0.001,0.003,-0.001,-0.003,0.003,1.5444
1785822589.394,0.000,WAIT,idle,2,0,0.004,-0.000,0.003,-0.001,-0.002,0.005,1.5445
1785822589.494,0.000,WAIT,idle,2,0,0.004,-0.001,0.004,-0.002,-0.002,0.005,1.5443
1785822589.594,0.000,WAIT,idle,2,0,0.003,-0.001,0.004,-0.004,0.000,0.002,1.5442
1785822589.694,0.000,WAIT,idle,2,0,0.002,-0.001,0.004,-0.004,0.000,-0.001,1.5441
1785822589.794,0.000,WAIT,idle,2,0,0.002,-0.000,0.004,-0.005,0.002,-0.004,1.5441
1785822589.894,0.000,WAIT,idle,2,0,0.001,0.000,0.003,-0.005,0.004,-0.004,1.5439
1785822589.994,0.000,WAIT,idle,2,0,0.002,0.001,0.003,-0.003,0.004,-0.003,1.5436
1785822590.094,0.000,WAIT,idle,2,0,0.002,0.002,0.003,-0.004,0.007,-0.005,1.5436
1785822590.194,0.000,WAIT,idle,2,0,0.001,0.002,0.003,-0.004,0.007,-0.005,1.5439
1785822590.294,0.000,WAIT,idle,2,0,0.002,0.003,0.003,0.000,0.004,-0.004,1.5440
1785822590.394,0.000,WAIT,idle,2,0,0.003,0.002,0.003,0.002,0.002,-0.003,1.5441
1785822590.494,0.000,WAIT,idle,2,0,0.004,0.002,0.004,-0.002,0.002,-0.001,1.5441
1785822590.594,0.000,WAIT,idle,2,0,0.004,0.001,0.005,0.001,0.000,0.001,1.5441
1785822590.694,0.000,WAIT,idle,2,0,0.004,0.001,0.006,-0.002,-0.002,0.002,1.5444
1785822590.794,0.000,WAIT,idle,2,0,0.004,-0.000,0.007,-0.004,-0.005,0.004,1.5445
1785822590.894,0.000,WAIT,idle,2,0,0.003,-0.001,0.008,-0.004,-0.006,0.001,1.5448
1785822590.994,0.000,WAIT,idle,2,0,0.003,-0.002,0.008,-0.005,-0.010,-0.001,1.5446
1785822591.094,0.000,WAIT,idle,2,0,0.003,-0.003,0.007,-0.004,-0.008,-0.002,1.5448
1785822591.194,0.000,WAIT,idle,2,0,0.004,-0.003,0.007,-0.003,-0.008,-0.002,1.5453
1785822591.294,0.000,WAIT,idle,2,0,0.004,-0.003,0.007,-0.004,-0.005,0.001,1.5453
1785822591.394,0.000,WAIT,idle,2,0,0.004,-0.002,0.008,-0.005,-0.001,-0.001,1.5455
1785822591.494,0.000,WAIT,idle,2,0,0.005,-0.001,0.008,-0.004,-0.002,-0.003,1.5453
1785822591.594,0.000,WAIT,idle,2,0,0.005,-0.000,0.008,-0.003,-0.000,-0.003,1.5451
1785822591.694,0.000,WAIT,idle,2,0,0.005,-0.000,0.007,-0.006,-0.003,-0.003,1.5450
1785822591.794,0.000,WAIT,idle,2,0,0.004,-0.000,0.007,-0.006,-0.002,-0.005,1.5450
1785822591.894,0.000,WAIT,idle,2,0,0.004,-0.000,0.007,-0.006,-0.002,-0.005,1.5451
1785822591.994,0.000,WAIT,idle,2,0,0.004,-0.000,0.007,-0.006,-0.002,-0.007,1.5453
1785822592.094,0.000,WAIT,idle,2,0,0.004,-0.000,0.006,-0.006,0.000,-0.009,1.5453
1785822592.194,0.000,WAIT,idle,2,0,0.005,0.000,0.006,-0.003,0.004,-0.008,1.5453
1785822592.294,0.000,WAIT,idle,2,0,0.005,0.001,0.005,-0.002,0.004,-0.009,1.5453
1785822592.394,0.000,WAIT,idle,2,0,0.006,0.002,0.005,-0.001,0.005,-0.010,1.5453
1785822592.494,0.000,WAIT,idle,2,0,0.007,0.002,0.004,0.002,0.002,-0.009,1.5453
1785822592.594,0.000,WAIT,idle,2,0,0.008,0.002,0.005,0.002,0.003,-0.005,1.5452
1785822592.694,0.000,WAIT,idle,2,0,0.009,0.002,0.005,0.005,0.003,-0.003,1.5451
1785822592.794,0.000,WAIT,idle,2,0,0.009,0.002,0.006,0.005,0.002,-0.002,1.5450
1785822592.894,0.000,WAIT,idle,2,0,0.010,0.002,0.006,0.007,0.004,-0.002,1.5448
1785822592.994,0.000,WAIT,idle,2,0,0.010,0.002,0.006,0.006,0.005,-0.003,1.5449
1785822593.094,0.000,WAIT,idle,2,0,0.010,0.002,0.006,0.007,0.003,-0.004,1.5448
1785822593.194,0.000,WAIT,idle,2,0,0.010,0.002,0.005,0.006,0.002,-0.004,1.5447
1785822593.294,0.000,WAIT,idle,2,0,0.009,0.002,0.004,0.005,0.002,-0.005,1.5446
1785822593.394,0.000,WAIT,idle,2,0,0.009,0.002,0.004,0.004,0.004,-0.004,1.5446
1785822593.494,0.000,WAIT,idle,2,0,0.009,0.002,0.003,0.004,0.005,-0.005,1.5447
1785822593.594,0.000,WAIT,idle,2,0,0.009,0.003,0.003,0.005,0.007,-0.006,1.5449
1785822593.694,0.000,WAIT,idle,2,0,0.010,0.004,0.002,0.009,0.007,-0.007,1.5451
1785822593.794,0.000,WAIT,idle,2,0,0.010,0.004,0.001,0.009,0.007,-0.009,1.5455
1785822593.894,0.000,WAIT,idle,2,0,0.011,0.004,0.001,0.010,0.007,-0.007,1.5456
1785822593.994,0.000,WAIT,idle,2,0,0.011,0.004,0.001,0.009,0.006,-0.007,1.5458
1785822594.094,0.000,WAIT,idle,2,0,0.012,0.004,0.001,0.011,0.008,-0.008,1.5454
1785822594.194,0.000,WAIT,idle,2,0,0.012,0.004,0.001,0.011,0.005,-0.004,1.5454
1785822594.294,0.000,WAIT,idle,2,0,0.012,0.004,0.002,0.012,0.006,-0.002,1.5452
1785822594.394,0.000,WAIT,idle,2,0,0.013,0.003,0.002,0.010,0.006,-0.001,1.5450
1785822594.494,0.000,WAIT,idle,2,0,0.012,0.003,0.003,0.009,0.004,0.001,1.5448
1785822594.594,0.000,WAIT,idle,2,0,0.012,0.003,0.004,0.011,0.004,0.000,1.5449
1785822594.694,0.000,WAIT,idle,2,0,0.013,0.002,0.005,0.009,0.001,-0.001,1.5450
1785822594.794,0.000,WAIT,idle,2,0,0.012,0.002,0.005,0.009,0.006,0.002,1.5449
1785822594.894,0.000,WAIT,idle,2,0,0.012,0.002,0.005,0.008,0.007,0.002,1.5449
1785822594.994,0.000,WAIT,idle,2,0,0.011,0.003,0.006,0.009,0.007,0.005,1.5449
1785822595.094,0.000,WAIT,idle,2,0,0.011,0.003,0.006,0.011,0.005,0.003,1.5448
1785822595.194,0.000,WAIT,idle,2,0,0.012,0.003,0.005,0.011,0.006,-0.001,1.5445
1785822595.294,0.000,WAIT,idle,2,0,0.012,0.003,0.005,0.010,0.006,-0.000,1.5445
1785822595.394,0.000,WAIT,idle,2,0,0.012,0.003,0.005,0.009,0.005,-0.001,1.5444
1785822595.494,0.000,WAIT,idle,2,0,0.012,0.002,0.004,0.011,0.004,0.001,1.5441
1785822595.594,0.000,WAIT,idle,2,0,0.012,0.002,0.004,0.008,0.000,-0.000,1.5440
1785822595.694,0.000,WAIT,idle,2,0,0.012,0.001,0.003,0.009,0.001,0.001,1.5439
1785822595.794,0.000,WAIT,idle,2,0,0.012,0.001,0.003,0.008,-0.004,0.001,1.5438
1785822595.894,0.000,WAIT,idle,2,0,0.012,-0.000,0.003,0.007,-0.007,-0.000,1.5436
1785822595.994,0.000,WAIT,idle,2,0,0.011,-0.001,0.002,0.007,-0.007,-0.003,1.5436
1785822596.094,0.000,WAIT,idle,2,0,0.011,-0.002,0.001,0.007,-0.004,-0.006,1.5435
1785822596.194,0.000,WAIT,idle,2,0,0.010,-0.002,0.000,0.007,-0.004,-0.007,1.5433
1785822596.294,0.000,WAIT,idle,2,0,0.009,-0.002,-0.001,0.007,-0.007,-0.009,1.5433
1785822596.394,0.000,WAIT,idle,2,0,0.009,-0.002,-0.001,0.008,-0.009,-0.007,1.5434
1785822596.494,0.000,WAIT,idle,2,0,0.008,-0.003,-0.001,0.009,-0.011,-0.006,1.5436
1785822596.594,0.000,WAIT,idle,2,0,0.008,-0.004,-0.001,0.009,-0.011,-0.006,1.5435
1785822596.694,0.000,WAIT,idle,2,0,0.008,-0.004,-0.000,0.007,-0.010,-0.005,1.5431
1785822596.794,0.000,WAIT,idle,2,0,0.008,-0.004,-0.000,0.009,-0.009,-0.005,1.5428
1785822596.894,0.000,WAIT,idle,2,0,0.008,-0.004,0.000,0.006,-0.007,-0.004,1.5425
1785822596.994,0.000,WAIT,idle,2,0,0.007,-0.003,-0.000,0.006,-0.005,-0.004,1.5421
1785822597.094,0.000,WAIT,idle,2,0,0.006,-0.003,-0.000,0.002,-0.004,-0.004,1.5415
1785822597.194,0.000,WAIT,idle,2,0,0.005,-0.002,-0.000,0.001,-0.005,-0.005,1.5413
1785822597.294,0.000,WAIT,idle,2,0,0.005,-0.002,-0.001,0.004,-0.005,-0.004,1.5414
1785822597.394,0.000,WAIT,idle,2,0,0.006,-0.002,-0.001,0.003,-0.007,-0.004,1.5414
1785822597.494,0.000,WAIT,idle,2,0,0.006,-0.002,-0.000,0.005,-0.008,-0.003,1.5413
1785822597.594,0.000,WAIT,idle,2,0,0.006,-0.003,-0.000,0.003,-0.006,-0.003,1.5413
1785822597.694,0.000,WAIT,idle,2,0,0.006,-0.003,-0.000,0.003,-0.006,-0.001,1.5412
1785822597.794,0.000,WAIT,idle,2,0,0.005,-0.002,0.000,0.004,-0.003,0.001,1.5412
1785822597.894,0.000,WAIT,idle,2,0,0.005,-0.002,0.001,0.005,-0.001,0.002,1.5410
1785822597.994,0.000,WAIT,idle,2,0,0.005,-0.001,0.002,0.006,-0.002,0.005,1.5411
1785822598.094,0.000,WAIT,idle,2,0,0.006,-0.001,0.003,0.004,-0.002,0.005,1.5410
1785822598.194,0.000,WAIT,idle,2,0,0.006,-0.001,0.003,0.004,-0.002,0.006,1.5408
1785822598.294,0.000,WAIT,idle,2,0,0.006,-0.001,0.004,0.001,-0.002,0.008,1.5409
1785822598.394,0.000,WAIT,idle,2,0,0.006,-0.001,0.004,-0.001,-0.003,0.008,1.5412
1785822598.494,0.000,WAIT,idle,2,0,0.005,-0.001,0.005,-0.002,-0.003,0.005,1.5413
1785822598.594,0.000,WAIT,idle,2,0,0.005,-0.002,0.005,-0.004,-0.004,0.005,1.5412
1785822598.694,0.000,WAIT,idle,2,0,0.004,-0.002,0.006,-0.006,-0.005,0.007,1.5409
1785822598.794,0.000,WAIT,idle,2,0,0.003,-0.002,0.006,-0.009,-0.004,0.009,1.5409
1785822598.894,0.000,WAIT,idle,2,0,0.002,-0.002,0.007,-0.007,-0.003,0.009,1.5409
1785822598.994,0.000,WAIT,idle,2,0,0.001,-0.002,0.008,-0.006,-0.003,0.008,1.5408
1785822599.094,0.000,WAIT,idle,2,0,0.001,-0.002,0.008,-0.004,-0.002,0.011,1.5408
1785822599.194,0.000,WAIT,idle,2,0,0.002,-0.002,0.009,-0.002,-0.001,0.010,1.5409
1785822599.294,0.000,WAIT,idle,2,0,0.002,-0.001,0.009,-0.000,-0.001,0.007,1.5407
1785822599.394,0.000,WAIT,idle,2,0,0.004,-0.001,0.009,0.004,-0.002,0.006,1.5408
1785822599.494,0.000,WAIT,idle,2,0,0.005,-0.001,0.009,0.002,-0.001,0.005,1.5409
1785822599.594,0.000,WAIT,idle,2,0,0.006,-0.001,0.008,0.003,-0.002,0.002,1.5410
1785822599.694,0.000,WAIT,idle,2,0,0.007,-0.001,0.008,0.006,-0.003,0.005,1.5411
1785822599.794,0.000,WAIT,idle,2,0,0.008,-0.001,0.008,0.007,-0.005,0.004,1.5413
1785822599.894,0.000,WAIT,idle,2,0,0.008,-0.002,0.008,0.006,-0.007,0.002,1.5415
1785822599.994,0.000,WAIT,idle,2,0,0.009,-0.002,0.007,0.005,-0.007,0.001,1.5415
1785822600.094,0.000,WAIT,idle,2,0,0.009,-0.002,0.007,0.003,-0.005,0.001,1.5416
1785822600.194,0.000,WAIT,idle,2,0,0.008,-0.002,0.007,0.003,-0.002,0.001,1.5416
1785822600.294,0.000,WAIT,idle,2,0,0.008,-0.001,0.007,0.002,-0.000,0.001,1.5415
1785822600.394,0.000,WAIT,idle,2,0,0.007,-0.001,0.008,0.001,-0.001,-0.000,1.5414
1785822600.494,0.000,WAIT,idle,2,0,0.007,-0.000,0.007,0.000,0.002,-0.001,1.5415
1785822600.594,0.000,WAIT,idle,2,0,0.006,-0.000,0.007,-0.001,0.001,-0.001,1.5417
1785822600.694,0.000,WAIT,idle,2,0,0.005,0.001,0.006,-0.000,0.002,-0.004,1.5417
1785822600.794,0.000,WAIT,idle,2,0,0.005,0.001,0.005,-0.002,0.003,-0.005,1.5417
1785822600.894,0.000,WAIT,idle,2,0,0.005,0.001,0.005,-0.002,0.004,-0.004,1.5417
1785822600.994,0.000,WAIT,idle,2,0,0.004,0.002,0.005,-0.002,0.006,-0.004,1.5417
1785822601.094,0.000,WAIT,idle,2,0,0.004,0.002,0.005,-0.003,0.006,-0.004,1.5419
1785822601.194,0.000,WAIT,idle,2,0,0.004,0.002,0.005,-0.004,0.004,-0.006,1.5419
1785822601.294,0.000,WAIT,idle,2,0,0.004,0.002,0.004,-0.001,0.005,-0.007,1.5422
1785822601.394,0.000,WAIT,idle,2,0,0.004,0.002,0.004,0.000,0.006,-0.007,1.5423
1785822601.494,0.000,WAIT,idle,2,0,0.005,0.002,0.003,0.002,0.004,-0.008,1.5424
1785822601.594,0.000,WAIT,idle,2,0,0.005,0.002,0.003,0.003,0.004,-0.005,1.5426
1785822601.694,0.000,WAIT,idle,2,0,0.005,0.002,0.002,0.002,0.001,-0.006,1.5425
1785822601.794,0.000,WAIT,idle,2,0,0.005,0.001,0.001,0.001,0.002,-0.005,1.5426
1785822601.894,0.000,WAIT,idle,2,0,0.005,0.001,0.001,0.002,0.004,-0.006,1.5423
1785822601.994,0.000,WAIT,idle,2,0,0.004,0.001,0.000,0.000,0.001,-0.006,1.5424
1785822602.094,0.000,WAIT,idle,2,0,0.004,0.001,-0.000,0.001,0.002,-0.006,1.5424
1785822602.194,0.000,WAIT,idle,2,0,0.004,0.001,-0.001,0.003,0.002,-0.007,1.5425
1785822602.294,0.000,WAIT,idle,2,0,0.005,0.001,-0.001,0.003,-0.000,-0.009,1.5425
1785822602.394,0.000,WAIT,idle,2,0,0.005,0.000,-0.001,0.001,0.000,-0.007,1.5424
1785822602.494,0.000,WAIT,idle,2,0,0.005,-0.000,-0.002,-0.000,-0.001,-0.008,1.5424
1785822602.594,0.000,WAIT,idle,2,0,0.004,-0.000,-0.002,-0.004,-0.000,-0.006,1.5422
1785822602.694,0.000,WAIT,idle,2,0,0.003,-0.001,-0.002,-0.002,-0.003,-0.005,1.5421
1785822602.794,0.000,WAIT,idle,2,0,0.003,-0.001,-0.002,-0.002,-0.003,-0.005,1.5421
1785822602.894,0.000,WAIT,idle,2,0,0.004,-0.001,-0.001,-0.001,-0.001,-0.004,1.5423
1785822602.994,0.000,WAIT,idle,2,0,0.004,-0.001,-0.001,-0.001,0.004,-0.001,1.5425
1785822603.094,0.000,WAIT,idle,2,0,0.005,0.000,-0.001,0.000,0.002,-0.003,1.5425
1785822603.194,0.000,WAIT,idle,2,0,0.006,0.000,-0.001,-0.001,0.000,-0.003,1.5424
1785822603.294,0.000,WAIT,idle,2,0,0.006,0.000,-0.001,-0.001,-0.001,-0.004,1.5424
1785822603.394,0.000,WAIT,idle,2,0,0.006,-0.000,-0.000,-0.001,-0.000,-0.002,1.5424
1785822603.494,0.000,WAIT,idle,2,0,0.007,-0.000,0.001,-0.001,0.001,-0.004,1.5426
1785822603.594,0.000,WAIT,idle,2,0,0.007,-0.000,0.001,0.001,0.002,-0.002,1.5426
1785822603.694,0.000,WAIT,idle,2,0,0.008,0.000,0.002,0.001,0.002,-0.002,1.5423
1785822603.794,0.000,WAIT,idle,2,0,0.008,0.000,0.003,-0.001,0.000,0.000,1.5425
1785822603.894,0.000,WAIT,idle,2,0,0.008,-0.000,0.005,-0.001,-0.001,0.001,1.5428
1785822603.994,0.000,WAIT,idle,2,0,0.008,-0.000,0.006,-0.000,-0.001,0.003,1.5426
1785822604.094,0.000,WAIT,idle,2,0,0.007,-0.000,0.007,0.000,-0.002,0.002,1.5428
1785822604.194,0.000,WAIT,idle,2,0,0.007,-0.001,0.007,0.000,-0.002,0.002,1.5427
1785822604.294,0.000,WAIT,idle,2,0,0.007,-0.001,0.007,-0.001,-0.002,0.001,1.5429
1785822604.394,0.000,WAIT,idle,2,0,0.006,-0.000,0.007,-0.001,0.003,-0.002,1.5428
1785822604.494,0.000,WAIT,idle,2,0,0.006,0.001,0.007,0.001,0.004,-0.003,1.5426
1785822604.594,0.000,WAIT,idle,2,0,0.007,0.002,0.006,0.004,0.004,-0.003,1.5428
1785822604.694,0.000,WAIT,idle,2,0,0.008,0.003,0.006,0.003,0.006,-0.001,1.5427
1785822604.794,0.000,WAIT,idle,2,0,0.008,0.003,0.005,0.006,0.007,-0.001,1.5427
1785822604.894,0.000,WAIT,idle,2,0,0.009,0.004,0.005,0.009,0.007,-0.001,1.5428
1785822604.994,0.000,WAIT,idle,2,0,0.010,0.004,0.005,0.007,0.007,0.001,1.5430
1785822605.094,0.000,WAIT,idle,2,0,0.011,0.004,0.005,0.007,0.007,0.003,1.5430
1785822605.194,0.000,WAIT,idle,2,0,0.011,0.004,0.006,0.008,0.009,0.005,1.5429
1785822605.294,0.000,WAIT,idle,2,0,0.011,0.004,0.006,0.008,0.007,0.003,1.5426
1785822605.394,0.000,WAIT,idle,2,0,0.011,0.004,0.006,0.007,0.006,0.004,1.5426
1785822605.494,0.000,WAIT,idle,2,0,0.010,0.004,0.007,0.006,0.007,0.006,1.5427
1785822605.594,0.000,WAIT,idle,2,0,0.010,0.004,0.008,0.006,0.006,0.006,1.5427
1785822605.694,0.000,WAIT,idle,2,0,0.009,0.004,0.008,0.007,0.007,0.006,1.5424
1785822605.794,0.000,WAIT,idle,2,0,0.009,0.004,0.009,0.007,0.008,0.006,1.5424
1785822605.894,0.000,WAIT,idle,2,0,0.009,0.004,0.010,0.008,0.007,0.005,1.5425
1785822605.994,0.000,WAIT,idle,2,0,0.009,0.004,0.010,0.006,0.006,0.004,1.5426
1785822606.094,0.000,WAIT,idle,2,0,0.009,0.004,0.009,0.006,0.009,0.005,1.5427
1785822606.194,0.000,WAIT,idle,2,0,0.009,0.004,0.009,0.005,0.007,0.004,1.5427
1785822606.294,0.000,WAIT,idle,2,0,0.009,0.004,0.009,0.005,0.004,0.006,1.5429
1785822606.394,0.000,WAIT,idle,2,0,0.008,0.004,0.009,0.003,0.004,0.006,1.5430
1785822606.494,0.000,WAIT,idle,2,0,0.007,0.003,0.010,0.003,0.004,0.007,1.5429
1785822606.594,0.000,WAIT,idle,2,0,0.006,0.003,0.011,0.001,0.007,0.005,1.5429
1785822606.694,0.000,WAIT,idle,2,0,0.005,0.003,0.011,0.005,0.005,0.004,1.5431
1785822606.794,0.000,WAIT,idle,2,0,0.006,0.003,0.011,0.003,0.006,0.005,1.5433
1785822606.894,0.000,WAIT,idle,2,0,0.006,0.003,0.011,0.003,0.008,0.004,1.5434
1785822606.994,0.000,WAIT,idle,2,0,0.006,0.004,0.011,0.002,0.009,0.004,1.5436
1785822607.094,0.000,WAIT,idle,2,0,0.006,0.004,0.011,0.002,0.006,0.005,1.5436
1785822607.194,0.000,WAIT,idle,2,0,0.005,0.003,0.010,-0.001,0.005,0.001,1.5437
1785822607.294,0.000,WAIT,idle,2,0,0.005,0.003,0.010,-0.002,0.003,0.002,1.5439
1785822607.394,0.000,WAIT,idle,2,0,0.005,0.002,0.009,0.000,0.005,0.003,1.5439
1785822607.494,0.000,WAIT,idle,2,0,0.006,0.002,0.009,0.002,0.007,0.002,1.5436
1785822607.594,0.000,WAIT,idle,2,0,0.006,0.003,0.010,0.001,0.008,0.001,1.5437
1785822607.694,0.000,WAIT,idle,2,0,0.007,0.003,0.009,0.003,0.009,0.003,1.5440
1785822607.794,0.000,WAIT,idle,2,0,0.007,0.003,0.010,0.001,0.009,0.003,1.5439
1785822607.894,0.000,WAIT,idle,2,0,0.007,0.004,0.010,0.002,0.008,0.000,1.5441
1785822607.994,0.000,WAIT,idle,2,0,0.007,0.004,0.009,0.002,0.008,0.002,1.5441
1785822608.094,0.000,WAIT,idle,2,0,0.006,0.004,0.009,0.002,0.008,0.002,1.5442
1785822608.194,0.000,WAIT,idle,2,0,0.006,0.004,0.009,0.003,0.007,0.002,1.5442
1785822608.294,0.000,WAIT,idle,2,0,0.006,0.005,0.010,0.003,0.009,0.004,1.5443
1785822608.394,0.000,WAIT,idle,2,0,0.006,0.006,0.010,0.004,0.010,0.005,1.5443
1785822608.494,0.000,WAIT,idle,2,0,0.006,0.006,0.011,0.006,0.008,0.004,1.5443
1785822608.594,0.000,WAIT,idle,2,0,0.006,0.006,0.010,0.006,0.008,0.004,1.5442
1785822608.694,0.000,WAIT,idle,2,0,0.006,0.006,0.010,0.004,0.005,0.005,1.5438
1785822608.794,0.000,WAIT,idle,2,0,0.006,0.005,0.010,0.003,0.004,0.005,1.5436
1785822608.894,0.000,WAIT,idle,2,0,0.005,0.005,0.010,-0.002,0.002,0.003,1.5437
1785822608.994,0.000,WAIT,idle,2,0,0.004,0.004,0.009,-0.003,0.004,0.004,1.5437
1785822609.094,0.000,WAIT,idle,2,0,0.003,0.004,0.009,0.000,0.003,0.001,1.5438
1785822609.194,0.000,WAIT,idle,2,0,0.003,0.004,0.008,-0.000,0.003,-0.000,1.5439
1785822609.294,0.000,WAIT,idle,2,0,0.003,0.003,0.008,-0.000,0.002,-0.002,1.5438
1785822609.394,0.000,WAIT,idle,2,0,0.003,0.003,0.008,-0.003,0.003,-0.001,1.5441
1785822609.494,0.000,WAIT,idle,2,0,0.002,0.003,0.008,-0.003,0.002,0.001,1.5442
1785822609.594,0.000,WAIT,idle,2,0,0.002,0.002,0.008,-0.003,-0.003,0.000,1.5442
1785822609.694,0.000,WAIT,idle,2,0,0.001,0.001,0.008,-0.006,-0.003,-0.003,1.5439
1785822609.794,0.000,WAIT,idle,2,0,0.000,0.001,0.007,-0.006,-0.003,-0.004,1.5437
1785822609.894,0.000,WAIT,idle,2,0,-0.000,0.001,0.007,-0.009,-0.005,-0.004,1.5436
1785822609.994,0.000,WAIT,idle,2,0,-0.001,0.000,0.007,-0.009,-0.005,-0.005,1.5436
1785822610.094,0.000,WAIT,idle,2,0,-0.001,-0.000,0.007,-0.011,-0.008,-0.006,1.5436
1785822610.194,0.000,WAIT,idle,2,0,-0.001,-0.001,0.007,-0.010,-0.009,-0.003,1.5437
1785822610.294,0.000,WAIT,idle,2,0,-0.001,-0.002,0.007,-0.007,-0.009,-0.003,1.5438
1785822610.394,0.000,WAIT,idle,2,0,-0.001,-0.002,0.007,-0.006,-0.006,-0.003,1.5437
1785822610.494,0.000,WAIT,idle,2,0,0.000,-0.002,0.007,-0.004,-0.005,-0.003,1.5438
1785822610.594,0.000,WAIT,idle,2,0,0.001,-0.001,0.007,-0.004,-0.001,-0.001,1.5438
1785822610.694,0.000,WAIT,idle,2,0,0.002,0.000,0.007,-0.007,-0.001,-0.001,1.5438
1785822610.794,0.000,WAIT,idle,2,0,0.001,0.001,0.007,-0.007,-0.002,-0.001,1.5436
1785822610.894,0.000,WAIT,idle,2,0,0.001,0.001,0.007,-0.007,-0.002,0.001,1.5436
1785822610.994,0.000,WAIT,idle,2,0,0.000,0.001,0.007,-0.006,0.000,-0.001,1.5437
1785822611.094,0.000,WAIT,idle,2,0,0.001,0.001,0.007,-0.006,-0.002,-0.002,1.5437
1785822611.194,0.000,WAIT,idle,2,0,0.001,0.001,0.007,-0.008,-0.002,-0.002,1.5436
1785822611.294,0.000,WAIT,idle,2,0,0.001,0.001,0.007,-0.010,-0.001,-0.002,1.5436
1785822611.394,0.000,WAIT,idle,2,0,0.001,0.001,0.007,-0.011,-0.003,-0.004,1.5436
1785822611.494,0.000,WAIT,idle,2,0,0.001,0.001,0.007,-0.011,-0.002,-0.005,1.5439
1785822611.594,0.000,WAIT,idle,2,0,0.001,0.001,0.006,-0.010,-0.002,-0.004,1.5441
1785822611.694,0.000,WAIT,idle,2,0,0.001,0.001,0.005,-0.007,-0.000,-0.006,1.5440
1785822611.794,0.000,WAIT,idle,2,0,0.002,0.001,0.004,-0.005,-0.000,-0.010,1.5442
1785822611.894,0.000,WAIT,idle,2,0,0.004,0.001,0.004,-0.000,-0.000,-0.009,1.5440
1785822611.994,0.000,WAIT,idle,2,0,0.005,0.002,0.003,-0.002,0.002,-0.008,1.5440
1785822612.094,0.000,WAIT,idle,2,0,0.005,0.002,0.003,-0.003,0.001,-0.010,1.5441
1785822612.194,0.000,WAIT,idle,2,0,0.005,0.002,0.002,-0.002,0.002,-0.010,1.5441
1785822612.294,0.000,WAIT,idle,2,0,0.005,0.002,0.002,-0.003,0.001,-0.010,1.5443
1785822612.394,0.000,WAIT,idle,2,0,0.005,0.002,0.002,-0.003,0.002,-0.009,1.5439
1785822612.494,0.000,WAIT,idle,2,0,0.005,0.002,0.002,-0.003,0.002,-0.010,1.5440
1785822612.594,0.000,WAIT,idle,2,0,0.005,0.002,0.002,-0.002,0.001,-0.010,1.5440
1785822612.694,0.000,WAIT,idle,2,0,0.006,0.002,0.003,-0.002,-0.002,-0.007,1.5440
1785822612.794,0.000,WAIT,idle,2,0,0.006,0.002,0.003,-0.003,-0.000,-0.007,1.5440
1785822612.894,0.000,WAIT,idle,2,0,0.006,0.002,0.003,-0.003,0.002,-0.005,1.5437
1785822612.994,0.000,WAIT,idle,2,0,0.006,0.003,0.004,-0.003,0.004,-0.003,1.5436
1785822613.094,0.000,WAIT,idle,2,0,0.006,0.003,0.004,-0.002,0.003,-0.004,1.5436
1785822613.194,0.000,WAIT,idle,2,0,0.005,0.003,0.004,-0.001,0.004,-0.002,1.5436
1785822613.294,0.000,WAIT,idle,2,0,0.005,0.003,0.004,-0.002,0.004,-0.001,1.5435
1785822613.394,0.000,WAIT,idle,2,0,0.004,0.003,0.005,-0.000,0.005,0.002,1.5436
1785822613.494,0.000,WAIT,idle,2,0,0.005,0.003,0.006,0.002,0.005,0.001,1.5436
1785822613.594,0.000,WAIT,idle,2,0,0.006,0.003,0.006,0.005,0.006,0.001,1.5435
1785822613.694,0.000,WAIT,idle,2,0,0.007,0.003,0.006,0.002,0.006,-0.001,1.5432
1785822613.794,0.000,WAIT,idle,2,0,0.007,0.003,0.006,0.001,0.004,-0.000,1.5430
1785822613.894,0.000,WAIT,idle,2,0,0.007,0.002,0.006,0.000,-0.000,-0.000,1.5428
1785822613.994,0.000,WAIT,idle,2,0,0.006,0.001,0.006,-0.001,-0.002,-0.003,1.5429
1785822614.094,0.000,WAIT,idle,2,0,0.005,0.001,0.005,-0.003,-0.004,-0.004,1.5431
1785822614.194,0.000,WAIT,idle,2,0,0.005,0.000,0.004,-0.003,0.001,-0.006,1.5434
1785822614.294,0.000,WAIT,idle,2,0,0.005,0.000,0.004,-0.002,-0.000,-0.004,1.5435
1785822614.394,0.000,WAIT,idle,2,0,0.005,0.001,0.003,0.000,0.004,-0.006,1.5433
1785822614.494,0.000,WAIT,idle,2,0,0.006,0.001,0.002,0.001,0.003,-0.004,1.5431
1785822614.594,0.000,WAIT,idle,2,0,0.006,0.001,0.001,0.001,-0.002,-0.006,1.5431
1785822614.694,0.000,WAIT,idle,2,0,0.006,0.000,-0.000,0.001,-0.004,-0.007,1.5432
1785822614.794,0.000,WAIT,idle,2,0,0.006,-0.001,-0.001,0.003,-0.005,-0.007,1.5434
1785822614.894,0.000,WAIT,idle,2,0,0.007,-0.001,-0.001,0.007,-0.005,-0.006,1.5432
1785822614.994,0.000,WAIT,idle,2,0,0.008,-0.001,-0.001,0.008,-0.004,-0.004,1.5434
1785822615.094,0.000,WAIT,idle,2,0,0.009,-0.001,-0.000,0.007,-0.002,-0.001,1.5434
1785822615.194,0.000,WAIT,idle,2,0,0.009,-0.001,0.001,0.006,-0.004,0.001,1.5434
1785822615.294,0.000,WAIT,idle,2,0,0.009,-0.001,0.003,0.005,-0.002,0.004,1.5433
1785822615.394,0.000,WAIT,idle,2,0,0.008,-0.001,0.004,0.003,-0.000,0.004,1.5434
1785822615.494,0.000,WAIT,idle,2,0,0.007,-0.000,0.006,-0.003,0.002,0.008,1.5434
1785822615.594,0.000,WAIT,idle,2,0,0.006,-0.000,0.007,-0.004,0.002,0.007,1.5435
1785822615.694,0.000,WAIT,idle,2,0,0.004,0.000,0.008,-0.004,0.003,0.005,1.5436
1785822615.794,0.000,WAIT,idle,2,0,0.003,0.001,0.008,-0.005,0.002,0.004,1.5437
1785822615.894,0.000,WAIT,idle,2,0,0.003,0.001,0.008,-0.005,0.001,0.004,1.5436
1785822615.994,0.000,WAIT,idle,2,0,0.002,0.001,0.009,-0.005,0.003,0.004,1.5434
1785822616.094,0.000,WAIT,idle,2,0,0.002,0.001,0.009,-0.004,0.005,0.002,1.5435
1785822616.194,0.000,WAIT,idle,2,0,0.002,0.002,0.009,-0.005,0.008,-0.001,1.5435
1785822616.294,0.000,WAIT,idle,2,0,0.002,0.003,0.009,-0.004,0.006,0.002,1.5435
1785822616.394,0.000,WAIT,idle,2,0,0.003,0.003,0.009,-0.003,0.008,0.004,1.5437
1785822616.494,0.000,WAIT,idle,2,0,0.003,0.003,0.009,-0.002,0.008,0.002,1.5437
1785822616.595,0.000,WAIT,idle,2,0,0.004,0.003,0.009,-0.003,0.004,0.001,1.5437
1785822616.694,0.000,WAIT,idle,2,0,0.004,0.003,0.009,-0.002,0.002,0.001,1.5437
1785822616.794,0.000,WAIT,idle,2,0,0.005,0.002,0.008,0.000,-0.001,-0.000,1.5438
1785822616.894,0.000,WAIT,idle,2,0,0.005,0.000,0.007,-0.000,-0.005,-0.002,1.5440
1785822616.994,0.000,WAIT,idle,2,0,0.005,-0.001,0.006,-0.000,-0.006,-0.003,1.5439
1785822617.094,0.000,WAIT,idle,2,0,0.005,-0.002,0.006,-0.001,-0.009,-0.001,1.5439
1785822617.194,0.000,WAIT,idle,2,0,0.005,-0.003,0.006,0.000,-0.008,0.001,1.5438
1785822617.294,0.000,WAIT,idle,2,0,0.006,-0.003,0.006,-0.000,-0.006,-0.000,1.5438
1785822617.394,0.000,WAIT,idle,2,0,0.006,-0.003,0.007,-0.000,-0.002,0.000,1.5436
1785822617.494,0.000,WAIT,idle,2,0,0.006,-0.002,0.007,0.003,-0.001,0.002,1.5435
1785822617.594,0.000,WAIT,idle,2,0,0.007,-0.001,0.008,0.003,-0.002,0.002,1.5435
1785822617.694,0.000,WAIT,idle,2,0,0.008,-0.001,0.008,0.003,-0.003,0.001,1.5435
1785822617.794,0.000,WAIT,idle,2,0,0.008,-0.001,0.008,0.004,-0.003,-0.000,1.5434
1785822617.894,0.000,WAIT,idle,2,0,0.008,-0.001,0.008,0.003,-0.002,-0.002,1.5434
1785822617.994,0.000,WAIT,idle,2,0,0.008,-0.000,0.007,0.001,-0.002,-0.000,1.5436
1785822618.094,0.000,WAIT,idle,2,0,0.007,-0.000,0.007,0.000,-0.001,-0.001,1.5435
1785822618.194,0.000,WAIT,idle,2,0,0.007,0.000,0.007,-0.001,-0.001,-0.002,1.5435
1785822618.294,0.000,WAIT,idle,2,0,0.007,0.000,0.006,-0.001,0.001,-0.002,1.5437
1785822618.394,0.000,WAIT,idle,2,0,0.007,0.001,0.006,-0.001,0.001,-0.003,1.5436
1785822618.494,0.000,WAIT,idle,2,0,0.007,0.001,0.005,-0.002,-0.001,-0.002,1.5435
1785822618.594,0.000,WAIT,idle,2,0,0.007,0.000,0.004,-0.002,-0.002,-0.005,1.5433
1785822618.694,0.000,WAIT,idle,2,0,0.007,-0.000,0.003,-0.003,-0.005,-0.002,1.5434
1785822618.794,0.000,WAIT,idle,2,0,0.007,-0.000,0.003,-0.004,-0.003,-0.001,1.5435
1785822618.894,0.000,WAIT,idle,2,0,0.007,-0.000,0.003,-0.001,-0.001,-0.002,1.5434
1785822618.994,0.000,WAIT,idle,2,0,0.008,0.000,0.004,0.000,-0.001,-0.001,1.5434
1785822619.094,0.000,WAIT,idle,2,0,0.008,0.000,0.004,0.003,-0.002,0.001,1.5434
1785822619.194,0.000,WAIT,idle,2,0,0.009,0.000,0.005,0.005,0.000,0.003,1.5436
1785822619.294,0.000,WAIT,idle,2,0,0.009,0.001,0.006,0.005,0.001,0.003,1.5435
1785822619.394,0.000,WAIT,idle,2,0,0.009,0.001,0.007,0.005,-0.001,0.004,1.5431
1785822619.494,0.000,WAIT,idle,2,0,0.010,0.001,0.007,0.006,-0.000,0.001,1.5431
1785822619.594,0.000,WAIT,idle,2,0,0.010,0.000,0.007,0.006,-0.002,0.000,1.5433
1785822619.694,0.000,WAIT,idle,2,0,0.010,-0.000,0.007,0.007,-0.003,0.003,1.5433
1785822619.794,0.000,WAIT,idle,2,0,0.010,-0.000,0.007,0.011,-0.003,-0.000,1.5435
1785822619.894,0.000,WAIT,idle,2,0,0.010,-0.000,0.007,0.012,-0.001,0.000,1.5436
1785822619.994,0.000,WAIT,idle,2,0,0.011,0.000,0.006,0.013,0.001,0.002,1.5437
1785822620.094,0.000,WAIT,idle,2,0,0.011,0.000,0.006,0.015,0.000,0.001,1.5436
1785822620.194,0.000,WAIT,idle,2,0,0.011,0.001,0.006,0.014,0.000,0.005,1.5435
1785822620.294,0.000,WAIT,idle,2,0,0.011,0.000,0.007,0.014,-0.003,0.004,1.5435
1785822620.394,0.000,WAIT,idle,2,0,0.011,-0.000,0.007,0.014,-0.004,0.003,1.5436
1785822620.494,0.000,WAIT,idle,2,0,0.010,-0.000,0.008,0.009,-0.003,0.003,1.5439
1785822620.594,0.000,WAIT,idle,2,0,0.009,-0.001,0.008,0.006,-0.005,0.003,1.5439
1785822620.694,0.000,WAIT,idle,2,0,0.007,-0.001,0.008,0.006,-0.005,0.004,1.5439
1785822620.794,0.000,WAIT,idle,2,0,0.007,-0.002,0.008,0.008,-0.009,0.001,1.5439
1785822620.894,0.000,WAIT,idle,2,0,0.007,-0.003,0.008,0.005,-0.010,0.001,1.5441
1785822620.994,0.000,WAIT,idle,2,0,0.006,-0.003,0.008,0.005,-0.009,0.001,1.5440
1785822621.094,0.000,WAIT,idle,2,0,0.006,-0.003,0.007,0.006,-0.007,0.000,1.5438
1785822621.194,0.000,WAIT,idle,2,0,0.005,-0.003,0.007,0.006,-0.005,0.000,1.5437
1785822621.294,0.000,WAIT,idle,2,0,0.005,-0.002,0.006,0.004,-0.003,-0.000,1.5437
1785822621.394,0.000,WAIT,idle,2,0,0.005,-0.002,0.006,0.005,-0.001,0.000,1.5435
1785822621.494,0.000,WAIT,idle,2,0,0.005,-0.001,0.006,0.006,-0.003,-0.000,1.5435
1785822621.594,0.000,WAIT,idle,2,0,0.006,-0.001,0.006,0.005,-0.001,0.002,1.5434
1785822621.694,0.000,WAIT,idle,2,0,0.007,0.000,0.006,0.006,0.001,0.002,1.5434
1785822621.794,0.000,WAIT,idle,2,0,0.007,0.001,0.006,0.007,0.000,0.001,1.5433
1785822621.894,0.000,WAIT,idle,2,0,0.008,0.001,0.005,0.005,0.001,0.002,1.5433
1785822621.994,0.000,WAIT,idle,2,0,0.007,0.001,0.005,0.003,0.001,0.003,1.5433
1785822622.094,0.000,WAIT,idle,2,0,0.007,0.001,0.005,0.003,-0.002,0.002,1.5435
1785822622.194,0.000,WAIT,idle,2,0,0.007,0.000,0.005,0.003,-0.003,0.002,1.5437
1785822622.294,0.000,WAIT,idle,2,0,0.007,-0.000,0.005,0.002,-0.004,-0.000,1.5436
1785822622.394,0.000,WAIT,idle,2,0,0.007,-0.001,0.005,0.001,-0.007,0.002,1.5436
1785822622.494,0.000,WAIT,idle,2,0,0.007,-0.001,0.005,0.001,-0.006,0.002,1.5436
1785822622.594,0.000,WAIT,idle,2,0,0.007,-0.001,0.005,0.001,-0.005,0.003,1.5435
1785822622.694,0.000,WAIT,idle,2,0,0.007,-0.001,0.005,-0.000,-0.005,0.003,1.5434
1785822622.794,0.000,WAIT,idle,2,0,0.007,-0.002,0.005,-0.003,-0.007,0.002,1.5432
1785822622.894,0.000,WAIT,idle,2,0,0.007,-0.002,0.006,-0.005,-0.008,0.002,1.5430
1785822622.994,0.000,WAIT,idle,2,0,0.006,-0.002,0.006,-0.005,-0.004,0.002,1.5427
1785822623.094,0.000,WAIT,idle,2,0,0.006,-0.002,0.007,-0.005,-0.004,0.001,1.5426
1785822623.194,0.000,WAIT,idle,2,0,0.006,-0.002,0.007,-0.006,-0.002,0.001,1.5423
1785822623.294,0.000,WAIT,idle,2,0,0.006,-0.001,0.007,-0.010,0.001,0.002,1.5425
1785822623.394,0.000,WAIT,idle,2,0,0.005,-0.000,0.008,-0.011,0.001,0.001,1.5424
1785822623.494,0.000,WAIT,idle,2,0,0.004,0.000,0.008,-0.010,-0.003,-0.001,1.5422
1785822623.594,0.000,WAIT,idle,2,0,0.004,-0.000,0.007,-0.008,-0.004,-0.001,1.5421
1785822623.694,0.000,WAIT,idle,2,0,0.004,-0.001,0.007,-0.009,-0.006,-0.004,1.5420
1785822623.794,0.000,WAIT,idle,2,0,0.005,-0.001,0.005,-0.009,-0.004,-0.006,1.5421
1785822623.894,0.000,WAIT,idle,2,0,0.005,-0.002,0.004,-0.011,-0.006,-0.003,1.5421
1785822623.994,0.000,WAIT,idle,2,0,0.004,-0.002,0.003,-0.010,-0.004,-0.002,1.5418
1785822624.094,0.000,WAIT,idle,2,0,0.005,-0.002,0.002,-0.010,-0.005,-0.001,1.5418
1785822624.194,0.000,WAIT,idle,2,0,0.005,-0.002,0.002,-0.011,-0.004,-0.001,1.5416
1785822624.294,0.000,WAIT,idle,2,0,0.005,-0.002,0.001,-0.007,-0.000,-0.002,1.5415
1785822624.394,0.000,WAIT,idle,2,0,0.006,-0.001,0.001,-0.005,-0.000,-0.002,1.5414
1785822624.494,0.000,WAIT,idle,2,0,0.006,-0.001,0.001,-0.002,-0.000,-0.001,1.5412
1785822624.594,0.000,WAIT,idle,2,0,0.007,-0.001,0.001,-0.004,-0.001,-0.002,1.5412
1785822624.694,0.000,WAIT,idle,2,0,0.007,-0.001,0.001,-0.003,-0.000,-0.002,1.5412
1785822624.794,0.000,WAIT,idle,2,0,0.008,-0.000,0.001,-0.004,0.001,-0.002,1.5411
1785822624.894,0.000,WAIT,idle,2,0,0.008,-0.000,0.001,-0.004,0.002,-0.004,1.5411
1785822624.994,0.000,WAIT,idle,2,0,0.008,0.000,0.001,-0.004,0.002,-0.004,1.5410
1785822625.094,0.000,WAIT,idle,2,0,0.008,0.001,0.000,-0.004,0.001,-0.003,1.5410
1785822625.194,0.000,WAIT,idle,2,0,0.008,0.001,0.001,-0.005,0.001,-0.001,1.5408
1785822625.294,0.000,WAIT,idle,2,0,0.008,0.001,0.001,-0.004,0.000,-0.002,1.5408
1785822625.394,0.000,WAIT,idle,2,0,0.008,0.000,0.002,-0.001,-0.001,-0.003,1.5406
1785822625.494,0.000,WAIT,idle,2,0,0.008,0.000,0.002,0.000,-0.001,-0.002,1.5408
1785822625.594,0.000,WAIT,idle,2,0,0.008,-0.000,0.003,0.003,0.000,-0.003,1.5410
1785822625.694,0.000,WAIT,idle,2,0,0.008,0.000,0.003,0.001,0.000,0.001,1.5412
1785822625.794,0.000,WAIT,idle,2,0,0.008,0.000,0.004,-0.001,0.001,-0.000,1.5413
1785822625.894,0.000,WAIT,idle,2,0,0.008,0.001,0.004,-0.003,-0.000,0.000,1.5411
1785822625.994,0.000,WAIT,idle,2,0,0.008,0.000,0.004,-0.002,-0.002,0.001,1.5411
1785822626.094,0.000,WAIT,idle,2,0,0.008,0.000,0.004,-0.001,0.001,0.002,1.5411
1785822626.194,0.000,WAIT,idle,2,0,0.008,0.000,0.004,-0.002,0.001,0.002,1.5411
1785822626.294,0.000,WAIT,idle,2,0,0.008,0.000,0.004,0.001,-0.000,0.004,1.5412
1785822626.394,0.000,WAIT,idle,2,0,0.009,-0.000,0.005,0.001,-0.002,0.006,1.5413
1785822626.494,0.000,WAIT,idle,2,0,0.009,-0.001,0.006,0.001,-0.001,0.005,1.5414
1785822626.594,0.000,WAIT,idle,2,0,0.009,-0.001,0.006,0.001,-0.004,0.007,1.5413
1785822626.694,0.000,WAIT,idle,2,0,0.008,-0.002,0.007,-0.001,-0.005,0.003,1.5412
1785822626.794,0.000,WAIT,idle,2,0,0.008,-0.003,0.007,-0.000,-0.007,0.002,1.5411
1785822626.894,0.000,WAIT,idle,2,0,0.008,-0.004,0.007,0.005,-0.011,0.001,1.5412
1785822626.994,0.000,WAIT,idle,2,0,0.009,-0.005,0.007,0.006,-0.011,0.004,1.5412
1785822627.094,0.000,WAIT,idle,2,0,0.009,-0.005,0.008,0.006,-0.013,0.003,1.5410
1785822627.194,0.000,WAIT,idle,2,0,0.009,-0.006,0.008,0.008,-0.014,0.004,1.5410
1785822627.294,0.000,WAIT,idle,2,0,0.009,-0.006,0.009,0.006,-0.014,0.003,1.5409
1785822627.394,0.000,WAIT,idle,2,0,0.008,-0.007,0.009,0.005,-0.014,0.004,1.5412
1785822627.494,0.000,WAIT,idle,2,0,0.008,-0.006,0.010,0.004,-0.012,0.005,1.5413
1785822627.594,0.000,WAIT,idle,2,0,0.007,-0.006,0.010,0.005,-0.011,0.001,1.5415
1785822627.694,0.000,WAIT,idle,2,0,0.008,-0.005,0.009,0.004,-0.008,-0.001,1.5414
1785822627.794,0.000,WAIT,idle,2,0,0.008,-0.004,0.008,0.004,-0.008,-0.004,1.5413
1785822627.894,0.000,WAIT,idle,2,0,0.008,-0.003,0.006,0.005,-0.006,-0.004,1.5417
1785822627.994,0.000,WAIT,idle,2,0,0.008,-0.002,0.005,0.004,-0.004,-0.004,1.5418
1785822628.094,0.000,WAIT,idle,2,0,0.008,-0.001,0.005,0.005,-0.002,-0.004,1.5416
1785822628.194,0.000,WAIT,idle,2,0,0.008,-0.001,0.004,0.006,-0.001,-0.005,1.5420
1785822628.294,0.000,WAIT,idle,2,0,0.008,-0.000,0.004,0.008,-0.002,-0.004,1.5420
1785822628.394,0.000,WAIT,idle,2,0,0.009,-0.000,0.004,0.008,-0.001,-0.006,1.5421
1785822628.494,0.000,WAIT,idle,2,0,0.010,-0.000,0.004,0.010,-0.002,-0.005,1.5423
1785822628.594,0.000,WAIT,idle,2,0,0.010,0.000,0.004,0.009,-0.001,-0.007,1.5425
1785822628.694,0.000,WAIT,idle,2,0,0.010,0.000,0.004,0.009,0.001,-0.008,1.5428
1785822628.794,0.000,WAIT,idle,2,0,0.010,0.001,0.003,0.010,0.002,-0.004,1.5431
1785822628.894,0.000,WAIT,idle,2,0,0.010,0.001,0.004,0.009,0.003,-0.000,1.5431
1785822628.994,0.000,WAIT,idle,2,0,0.009,0.001,0.005,0.010,0.002,0.002,1.5430
1785822629.094,0.000,WAIT,idle,2,0,0.009,0.002,0.005,0.007,0.007,-0.002,1.5429
1785822629.194,0.000,WAIT,idle,2,0,0.008,0.002,0.005,0.006,0.006,-0.001,1.5431
1785822629.294,0.000,WAIT,idle,2,0,0.008,0.002,0.005,0.003,0.004,0.002,1.5432
1785822629.394,0.000,WAIT,idle,2,0,0.007,0.002,0.005,0.002,0.001,0.004,1.5434
1785822629.494,0.000,WAIT,idle,2,0,0.007,0.001,0.005,0.003,-0.000,0.005,1.5437
1785822629.594,0.000,WAIT,idle,2,0,0.007,0.001,0.005,0.004,-0.002,0.004,1.5435
1785822629.694,0.000,WAIT,idle,2,0,0.007,-0.000,0.005,0.003,-0.004,0.002,1.5435
1785822629.794,0.000,WAIT,idle,2,0,0.007,-0.001,0.004,0.002,-0.007,0.003,1.5435
1785822629.894,0.000,WAIT,idle,2,0,0.007,-0.002,0.004,-0.000,-0.006,0.001,1.5434
1785822629.994,0.000,WAIT,idle,2,0,0.006,-0.003,0.004,0.001,-0.003,0.001,1.5432
1785822630.094,0.000,WAIT,idle,2,0,0.006,-0.003,0.004,0.000,0.000,0.002,1.5433
1785822630.194,0.000,WAIT,idle,2,0,0.005,-0.002,0.004,-0.001,0.005,0.001,1.5431
1785822630.294,0.000,WAIT,idle,2,0,0.005,-0.001,0.004,-0.001,0.006,0.001,1.5428
1785822630.394,0.000,WAIT,idle,2,0,0.005,0.000,0.004,-0.000,0.009,0.005,1.5427
1785822630.494,0.000,WAIT,idle,2,0,0.005,0.001,0.005,-0.004,0.008,0.002,1.5430
1785822630.594,0.000,WAIT,idle,2,0,0.005,0.001,0.005,-0.004,0.009,0.002,1.5431
1785822630.694,0.000,WAIT,idle,2,0,0.005,0.001,0.006,-0.003,0.006,0.001,1.5433
1785822630.794,0.000,WAIT,idle,2,0,0.005,0.001,0.006,-0.003,0.003,-0.001,1.5434
1785822630.894,0.000,WAIT,idle,2,0,0.005,0.000,0.005,-0.003,0.001,-0.001,1.5434
1785822630.994,0.000,WAIT,idle,2,0,0.005,-0.001,0.005,-0.003,-0.003,-0.002,1.5437
1785822631.094,0.000,WAIT,idle,2,0,0.004,-0.001,0.005,-0.003,-0.004,0.001,1.5437
1785822631.194,0.000,WAIT,idle,2,0,0.004,-0.002,0.005,-0.003,-0.004,-0.001,1.5436
1785822631.294,0.000,WAIT,idle,2,0,0.003,-0.003,0.006,-0.005,-0.005,-0.001,1.5437
1785822631.394,0.000,WAIT,idle,2,0,0.003,-0.003,0.005,-0.009,-0.004,-0.001,1.5437
1785822631.494,0.000,WAIT,idle,2,0,0.001,-0.003,0.005,-0.013,-0.002,0.000,1.5439
1785822631.594,0.000,WAIT,idle,2,0,0.000,-0.002,0.005,-0.013,-0.004,-0.000,1.5439
1785822631.694,0.000,WAIT,idle,2,0,-0.001,-0.003,0.005,-0.015,-0.005,-0.001,1.5439
1785822631.794,0.000,WAIT,idle,2,0,-0.001,-0.003,0.004,-0.013,-0.006,-0.001,1.5437
1785822631.894,0.000,WAIT,idle,2,0,-0.001,-0.003,0.004,-0.012,-0.006,-0.004,1.5436
1785822631.994,0.000,WAIT,idle,2,0,-0.001,-0.003,0.003,-0.012,-0.006,-0.005,1.5435
1785822632.094,0.000,WAIT,idle,2,0,-0.001,-0.003,0.002,-0.013,-0.006,-0.003,1.5435
1785822632.194,0.000,WAIT,idle,2,0,-0.001,-0.002,0.002,-0.011,-0.006,-0.003,1.5438
1785822632.294,0.000,WAIT,idle,2,0,-0.000,-0.002,0.001,-0.011,-0.005,-0.003,1.5440
1785822632.394,0.000,WAIT,idle,2,0,-0.000,-0.001,0.001,-0.010,-0.005,-0.005,1.5439
1785822632.494,0.000,WAIT,idle,2,0,0.000,-0.001,0.000,-0.009,-0.004,-0.005,1.5442
1785822632.594,0.000,WAIT,idle,2,0,0.000,-0.000,-0.000,-0.010,-0.007,-0.006,1.5443
1785822632.694,0.000,WAIT,idle,2,0,0.001,-0.001,-0.000,-0.008,-0.008,-0.006,1.5444
1785822632.794,0.000,WAIT,idle,2,0,0.002,-0.001,-0.000,-0.007,-0.007,-0.005,1.5445
1785822632.894,0.000,WAIT,idle,2,0,0.002,-0.001,0.000,-0.007,-0.008,-0.004,1.5446
1785822632.994,0.000,WAIT,idle,2,0,0.003,-0.001,0.001,-0.007,-0.004,-0.005,1.5450
1785822633.094,0.000,WAIT,idle,2,0,0.002,-0.001,0.001,-0.009,-0.004,-0.005,1.5452
1785822633.194,0.000,WAIT,idle,2,0,0.002,-0.001,0.002,-0.009,-0.004,-0.002,1.5454
1785822633.294,0.000,WAIT,idle,2,0,0.002,-0.001,0.002,-0.009,-0.005,-0.003,1.5454
1785822633.394,0.000,WAIT,idle,2,0,0.002,-0.001,0.003,-0.008,-0.005,-0.001,1.5455
1785822633.494,0.000,WAIT,idle,2,0,0.003,-0.001,0.003,-0.005,-0.006,0.002,1.5456
1785822633.594,0.000,WAIT,idle,2,0,0.003,-0.001,0.004,-0.005,-0.003,-0.002,1.5455
1785822633.694,0.000,WAIT,idle,2,0,0.003,-0.001,0.004,-0.004,-0.001,0.000,1.5454
1785822633.794,0.000,WAIT,idle,2,0,0.003,-0.000,0.005,-0.003,0.000,-0.001,1.5454
1785822633.894,0.000,WAIT,idle,2,0,0.003,0.000,0.005,-0.004,0.001,0.002,1.5454
1785822633.994,0.000,WAIT,idle,2,0,0.003,0.001,0.006,-0.000,-0.000,0.003,1.5456
1785822634.094,0.000,WAIT,idle,2,0,0.003,0.001,0.006,-0.002,-0.001,0.001,1.5455
1785822634.194,0.000,WAIT,idle,2,0,0.004,0.000,0.006,-0.003,-0.002,-0.000,1.5454
1785822634.294,0.000,WAIT,idle,2,0,0.004,0.000,0.005,-0.003,-0.001,-0.004,1.5457
1785822634.394,0.000,WAIT,idle,2,0,0.004,0.000,0.005,-0.003,-0.002,-0.004,1.5457
1785822634.494,0.000,WAIT,idle,2,0,0.005,-0.000,0.004,-0.002,-0.002,-0.003,1.5455
1785822634.594,0.000,WAIT,idle,2,0,0.005,-0.000,0.004,0.000,-0.001,-0.003,1.5455
1785822634.694,0.000,WAIT,idle,2,0,0.005,-0.000,0.003,-0.002,-0.002,-0.003,1.5455
1785822634.794,0.000,WAIT,idle,2,0,0.005,-0.000,0.003,-0.003,-0.000,0.001,1.5453
1785822634.894,0.000,WAIT,idle,2,0,0.004,0.000,0.003,-0.003,-0.000,0.001,1.5454
1785822634.994,0.000,WAIT,idle,2,0,0.004,0.000,0.004,-0.001,0.001,-0.002,1.5453
1785822635.094,0.000,WAIT,idle,2,0,0.004,0.001,0.004,-0.003,-0.001,-0.000,1.5454
1785822635.194,0.000,WAIT,idle,2,0,0.003,0.000,0.005,-0.005,-0.005,0.004,1.5457
1785822635.294,0.000,WAIT,idle,2,0,0.003,-0.000,0.006,-0.008,-0.005,0.001,1.5457
1785822635.394,0.000,WAIT,idle,2,0,0.002,-0.001,0.006,-0.009,-0.007,0.002,1.5457
1785822635.494,0.000,WAIT,idle,2,0,0.002,-0.001,0.007,-0.007,-0.007,0.003,1.5456
1785822635.594,0.000,WAIT,idle,2,0,0.002,-0.001,0.007,-0.006,-0.008,0.002,1.5457
1785822635.694,0.000,WAIT,idle,2,0,0.002,-0.001,0.008,-0.006,-0.004,0.003,1.5461
1785822635.794,0.000,WAIT,idle,2,0,0.002,-0.001,0.008,-0.006,-0.002,0.002,1.5463
1785822635.894,0.000,WAIT,idle,2,0,0.001,0.000,0.008,-0.006,0.001,0.002,1.5462
1785822635.994,0.000,WAIT,idle,2,0,0.001,0.001,0.008,-0.005,0.002,0.003,1.5463
1785822636.094,0.000,WAIT,idle,2,0,0.001,0.001,0.008,-0.003,0.001,0.001,1.5463
1785822636.194,0.000,WAIT,idle,2,0,0.002,0.001,0.007,-0.003,0.000,-0.001,1.5461
1785822636.294,0.000,WAIT,idle,2,0,0.002,0.001,0.007,-0.003,0.003,-0.001,1.5461
1785822636.394,0.000,WAIT,idle,2,0,0.002,0.002,0.007,-0.002,0.004,0.000,1.5462
1785822636.494,0.000,WAIT,idle,2,0,0.002,0.002,0.007,-0.002,0.004,-0.000,1.5462
1785822636.594,0.000,WAIT,idle,2,0,0.003,0.002,0.007,0.000,0.005,0.000,1.5462
1785822636.694,0.000,WAIT,idle,2,0,0.004,0.002,0.007,-0.000,0.005,-0.001,1.5461
1785822636.794,0.000,WAIT,idle,2,0,0.004,0.002,0.007,-0.001,0.004,-0.003,1.5462
1785822636.894,0.000,WAIT,idle,2,0,0.004,0.002,0.006,-0.002,0.004,-0.006,1.5460
1785822636.994,0.000,WAIT,idle,2,0,0.004,0.002,0.004,-0.001,0.003,-0.006,1.5460
1785822637.094,0.000,WAIT,idle,2,0,0.004,0.002,0.003,0.001,0.002,-0.005,1.5461
1785822637.194,0.000,WAIT,idle,2,0,0.004,0.002,0.002,0.002,0.004,-0.005,1.5461
1785822637.294,0.000,WAIT,idle,2,0,0.004,0.002,0.001,0.002,0.003,-0.004,1.5463
1785822637.394,0.000,WAIT,idle,2,0,0.005,0.002,0.001,0.004,0.006,-0.005,1.5461
1785822637.494,0.000,WAIT,idle,2,0,0.005,0.002,0.000,0.004,0.006,-0.005,1.5461
1785822637.594,0.000,WAIT,idle,2,0,0.004,0.002,0.000,0.000,0.006,-0.003,1.5462
1785822637.694,0.000,WAIT,idle,2,0,0.004,0.002,-0.000,-0.001,0.003,-0.004,1.5461
1785822637.794,0.000,WAIT,idle,2,0,0.003,0.002,-0.000,-0.001,0.001,-0.004,1.5461
1785822637.894,0.000,WAIT,idle,2,0,0.002,0.001,-0.000,-0.001,0.000,-0.004,1.5461
1785822637.994,0.000,WAIT,idle,2,0,0.002,0.001,-0.000,-0.001,0.000,-0.001,1.5461
1785822638.094,0.000,WAIT,idle,2,0,0.002,0.001,0.000,-0.003,0.001,-0.001,1.5463
1785822638.194,0.000,WAIT,idle,2,0,0.001,0.001,0.001,-0.002,0.003,0.001,1.5465
1785822638.294,0.000,WAIT,idle,2,0,0.002,0.001,0.002,0.001,0.002,0.003,1.5462
1785822638.394,0.000,WAIT,idle,2,0,0.002,0.001,0.003,-0.000,0.001,0.004,1.5463
1785822638.494,0.000,WAIT,idle,2,0,0.002,0.001,0.004,-0.001,0.001,0.006,1.5464
1785822638.594,0.000,WAIT,idle,2,0,0.002,0.001,0.005,-0.001,0.004,0.010,1.5468
1785822638.694,0.000,WAIT,idle,2,0,0.002,0.001,0.006,-0.000,0.002,0.008,1.5469
1785822638.794,0.000,WAIT,idle,2,0,0.002,0.001,0.007,-0.005,-0.002,0.008,1.5469
1785822638.894,0.000,WAIT,idle,2,0,0.001,0.000,0.007,-0.007,-0.002,0.007,1.5470
1785822638.994,0.000,WAIT,idle,2,0,0.000,0.000,0.007,-0.009,-0.001,0.007,1.5471
1785822639.094,0.000,WAIT,idle,2,0,-0.000,-0.000,0.007,-0.007,-0.001,0.006,1.5470
1785822639.194,0.000,WAIT,idle,2,0,-0.001,-0.000,0.007,-0.008,-0.001,0.006,1.5469
1785822639.294,0.000,WAIT,idle,2,0,-0.001,-0.000,0.007,-0.008,-0.004,0.007,1.5468
1785822639.394,0.000,WAIT,idle,2,0,-0.002,-0.001,0.008,-0.010,-0.003,0.007,1.5468
1785822639.494,0.000,WAIT,idle,2,0,-0.002,-0.001,0.008,-0.010,-0.004,0.008,1.5468
1785822639.594,0.000,WAIT,idle,2,0,-0.002,-0.002,0.008,-0.009,-0.004,0.008,1.5470
1785822639.694,0.000,WAIT,idle,2,0,-0.002,-0.002,0.008,-0.008,-0.006,0.009,1.5470
1785822639.794,0.000,WAIT,idle,2,0,-0.002,-0.002,0.008,-0.007,-0.007,0.007,1.5472
1785822639.894,0.000,WAIT,idle,2,0,-0.002,-0.003,0.007,-0.008,-0.002,0.004,1.5475
1785822639.994,0.000,WAIT,idle,2,0,-0.001,-0.002,0.007,-0.007,-0.002,0.005,1.5478
1785822640.094,0.000,WAIT,idle,2,0,-0.001,-0.002,0.006,-0.004,0.000,0.007,1.5479
1785822640.194,0.000,WAIT,idle,2,0,0.000,-0.001,0.006,-0.001,-0.000,0.005,1.5482
1785822640.294,0.000,WAIT,idle,2,0,0.001,-0.001,0.005,-0.002,0.001,0.001,1.5481
1785822640.394,0.000,WAIT,idle,2,0,0.001,-0.000,0.005,-0.003,-0.002,0.000,1.5481
1785822640.494,0.000,WAIT,idle,2,0,0.001,-0.000,0.004,-0.003,-0.002,-0.002,1.5483
1785822640.594,0.000,WAIT,idle,2,0,0.001,-0.001,0.004,-0.002,-0.001,-0.003,1.5486
1785822640.694,0.000,WAIT,idle,2,0,0.001,-0.001,0.004,-0.005,-0.001,-0.006,1.5489
1785822640.794,0.000,WAIT,idle,2,0,0.000,-0.001,0.003,-0.006,-0.001,-0.006,1.5492
1785822640.894,0.000,WAIT,idle,2,0,-0.000,-0.001,0.003,-0.006,0.001,-0.007,1.5496
1785822640.994,0.000,WAIT,idle,2,0,-0.001,-0.001,0.002,-0.006,-0.001,-0.004,1.5498
1785822641.094,0.000,WAIT,idle,2,0,-0.001,-0.001,0.002,-0.005,-0.001,-0.004,1.5499
1785822641.194,0.000,WAIT,idle,2,0,-0.000,-0.002,0.002,-0.006,0.002,-0.004,1.5499
1785822641.294,0.000,WAIT,idle,2,0,-0.000,-0.001,0.001,-0.006,0.007,-0.003,1.5499
1785822641.394,0.000,WAIT,idle,2,0,-0.001,-0.000,0.001,-0.008,0.006,-0.003,1.5498
1785822641.494,0.000,WAIT,idle,2,0,-0.001,0.000,0.001,-0.006,0.004,-0.003,1.5502
1785822641.594,0.000,WAIT,idle,2,0,-0.000,0.000,0.001,-0.005,0.004,-0.001,1.5501
1785822641.694,0.000,WAIT,idle,2,0,-0.000,0.001,0.002,-0.007,0.005,0.001,1.5502
1785822641.794,0.000,WAIT,idle,2,0,0.000,0.001,0.002,-0.005,0.003,0.000,1.5505
1785822641.894,0.000,WAIT,idle,2,0,0.001,0.000,0.002,-0.004,0.004,0.000,1.5505
1785822641.994,0.000,WAIT,idle,2,0,0.002,0.000,0.002,-0.003,0.002,-0.002,1.5507
1785822642.094,0.000,WAIT,idle,2,0,0.003,0.000,0.002,-0.003,0.002,-0.002,1.5506
1785822642.194,0.000,WAIT,idle,2,0,0.003,0.000,0.002,-0.003,0.003,-0.001,1.5508
1785822642.294,0.000,WAIT,idle,2,0,0.004,0.000,0.003,-0.003,0.000,0.000,1.5509
1785822642.394,0.000,WAIT,idle,2,0,0.004,-0.000,0.004,-0.001,-0.002,0.001,1.5510
1785822642.494,0.000,WAIT,idle,2,0,0.004,-0.001,0.004,-0.003,-0.002,0.001,1.5509
1785822642.594,0.000,WAIT,idle,2,0,0.004,-0.001,0.005,-0.004,-0.006,0.002,1.5509
1785822642.694,0.000,WAIT,idle,2,0,0.004,-0.002,0.005,-0.002,-0.005,0.003,1.5507
1785822642.794,0.000,WAIT,idle,2,0,0.005,-0.002,0.005,-0.003,-0.004,0.001,1.5508
1785822642.894,0.000,WAIT,idle,2,0,0.005,-0.002,0.005,-0.005,-0.004,0.001,1.5508
1785822642.994,0.000,WAIT,idle,2,0,0.005,-0.002,0.005,-0.006,-0.004,0.001,1.5508
1785822643.094,0.000,WAIT,idle,2,0,0.005,-0.003,0.005,-0.008,-0.006,0.001,1.5509
1785822643.194,0.000,WAIT,idle,2,0,0.005,-0.003,0.005,-0.009,-0.006,0.003,1.5509
1785822643.294,0.000,WAIT,idle,2,0,0.004,-0.003,0.005,-0.010,-0.005,0.002,1.5513
1785822643.394,0.000,WAIT,idle,2,0,0.004,-0.003,0.006,-0.008,-0.005,0.002,1.5514
1785822643.494,0.000,WAIT,idle,2,0,0.004,-0.003,0.006,-0.009,-0.005,0.003,1.5518
1785822643.594,0.000,WAIT,idle,2,0,0.003,-0.003,0.006,-0.007,-0.004,0.002,1.5518
1785822643.694,0.000,WAIT,idle,2,0,0.003,-0.002,0.006,-0.005,-0.005,0.002,1.5521
1785822643.794,0.000,WAIT,idle,2,0,0.004,-0.002,0.006,-0.005,-0.004,0.000,1.5521
1785822643.894,0.000,WAIT,idle,2,0,0.003,-0.002,0.005,-0.004,-0.001,-0.000,1.5520
1785822643.994,0.000,WAIT,idle,2,0,0.003,-0.001,0.005,-0.001,-0.001,0.001,1.5522
1785822644.094,0.000,WAIT,idle,2,0,0.004,-0.001,0.006,0.001,-0.001,0.002,1.5521
1785822644.194,0.000,WAIT,idle,2,0,0.004,-0.001,0.006,0.000,-0.002,0.001,1.5521
1785822644.294,0.000,WAIT,idle,2,0,0.004,-0.001,0.005,-0.001,-0.002,0.000,1.5520
1785822644.394,0.000,WAIT,idle,2,0,0.004,-0.001,0.005,-0.001,-0.002,-0.000,1.5520
1785822644.494,0.000,WAIT,idle,2,0,0.005,-0.001,0.004,-0.002,-0.001,-0.000,1.5518
1785822644.594,0.000,WAIT,idle,2,0,0.004,-0.000,0.004,-0.001,-0.001,0.001,1.5518
1785822644.694,0.000,WAIT,idle,2,0,0.004,-0.000,0.004,-0.004,0.001,-0.001,1.5516
1785822644.794,0.000,WAIT,idle,2,0,0.003,0.000,0.005,-0.006,0.001,-0.000,1.5516
1785822644.894,0.000,WAIT,idle,2,0,0.003,0.000,0.005,-0.006,0.000,-0.000,1.5515
1785822644.994,0.000,WAIT,idle,2,0,0.003,-0.000,0.005,-0.005,-0.003,-0.000,1.5515
1785822645.094,0.000,WAIT,idle,2,0,0.003,-0.001,0.006,-0.004,-0.004,0.000,1.5516
1785822645.194,0.000,WAIT,idle,2,0,0.003,-0.001,0.006,-0.006,-0.005,0.004,1.5513
1785822645.294,0.000,WAIT,idle,2,0,0.003,-0.002,0.007,-0.004,-0.008,0.004,1.5512
1785822645.394,0.000,WAIT,idle,2,0,0.003,-0.003,0.007,-0.004,-0.012,0.003,1.5513
1785822645.494,0.000,WAIT,idle,2,0,0.003,-0.004,0.007,-0.005,-0.015,0.002,1.5513
1785822645.594,0.000,WAIT,idle,2,0,0.003,-0.005,0.007,-0.007,-0.015,0.001,1.5513
1785822645.694,0.000,WAIT,idle,2,0,0.003,-0.006,0.006,-0.008,-0.013,-0.001,1.5514
1785822645.794,0.000,WAIT,idle,2,0,0.003,-0.006,0.005,-0.006,-0.013,-0.003,1.5513
1785822645.894,0.000,WAIT,idle,2,0,0.003,-0.006,0.005,-0.006,-0.013,-0.003,1.5513
1785822645.994,0.000,WAIT,idle,2,0,0.003,-0.006,0.005,-0.007,-0.013,-0.002,1.5512
1785822646.094,0.000,WAIT,idle,2,0,0.003,-0.006,0.005,-0.008,-0.014,-0.001,1.5514
1785822646.194,0.000,WAIT,idle,2,0,0.003,-0.006,0.005,-0.009,-0.014,0.002,1.5517
1785822646.294,0.000,WAIT,idle,2,0,0.003,-0.006,0.006,-0.010,-0.016,0.002,1.5516
1785822646.394,0.000,WAIT,idle,2,0,0.003,-0.006,0.007,-0.009,-0.015,0.004,1.5518
1785822646.494,0.000,WAIT,idle,2,0,0.003,-0.006,0.007,-0.009,-0.014,0.004,1.5519
1785822646.594,0.000,WAIT,idle,2,0,0.004,-0.006,0.008,-0.010,-0.011,0.005,1.5519
1785822646.694,0.000,WAIT,idle,2,0,0.004,-0.006,0.008,-0.009,-0.013,0.006,1.5519
1785822646.794,0.000,WAIT,idle,2,0,0.003,-0.006,0.008,-0.008,-0.012,0.007,1.5518
1785822646.894,0.000,WAIT,idle,2,0,0.003,-0.006,0.008,-0.006,-0.014,0.005,1.5517
1785822646.994,0.000,WAIT,idle,2,0,0.003,-0.006,0.008,-0.006,-0.014,0.007,1.5516
1785822647.094,0.000,WAIT,idle,2,0,0.003,-0.006,0.008,-0.007,-0.010,0.003,1.5519
1785822647.194,0.000,WAIT,idle,2,0,0.003,-0.005,0.007,-0.003,-0.009,0.004,1.5521
1785822647.294,0.000,WAIT,idle,2,0,0.003,-0.005,0.007,-0.002,-0.008,0.003,1.5521
1785822647.394,0.000,WAIT,idle,2,0,0.004,-0.005,0.007,-0.003,-0.009,0.003,1.5525
1785822647.494,0.000,WAIT,idle,2,0,0.004,-0.004,0.007,-0.002,-0.008,0.003,1.5528
1785822647.594,0.000,WAIT,idle,2,0,0.005,-0.004,0.007,0.001,-0.008,0.003,1.5529
1785822647.694,0.000,WAIT,idle,2,0,0.006,-0.004,0.007,0.004,-0.008,0.001,1.5526
1785822647.794,0.000,WAIT,idle,2,0,0.007,-0.004,0.007,0.003,-0.008,-0.002,1.5525
1785822647.894,0.000,WAIT,idle,2,0,0.007,-0.004,0.006,0.003,-0.011,-0.003,1.5527
1785822647.994,0.000,WAIT,idle,2,0,0.008,-0.004,0.006,0.003,-0.009,-0.001,1.5528
1785822648.094,0.000,WAIT,idle,2,0,0.008,-0.004,0.006,0.004,-0.008,-0.001,1.5529
1785822648.194,0.000,WAIT,idle,2,0,0.008,-0.004,0.005,0.005,-0.008,-0.002,1.5531
1785822648.294,0.000,WAIT,idle,2,0,0.008,-0.003,0.005,-0.000,-0.004,-0.005,1.5532
1785822648.394,0.000,WAIT,idle,2,0,0.007,-0.002,0.005,-0.002,-0.004,-0.004,1.5534
1785822648.494,0.000,WAIT,idle,2,0,0.006,-0.001,0.004,-0.001,-0.001,-0.006,1.5536
1785822648.594,0.000,WAIT,idle,2,0,0.006,-0.000,0.004,-0.000,0.000,-0.005,1.5538
1785822648.694,0.000,WAIT,idle,2,0,0.006,0.000,0.003,0.000,-0.003,-0.007,1.5539
1785822648.794,0.000,WAIT,idle,2,0,0.006,0.000,0.003,-0.002,-0.003,-0.006,1.5539
1785822648.894,0.000,WAIT,idle,2,0,0.006,0.000,0.003,-0.005,-0.005,-0.006,1.5538
1785822648.994,0.000,WAIT,idle,2,0,0.005,-0.000,0.003,-0.006,-0.007,-0.005,1.5540
1785822649.094,0.000,WAIT,idle,2,0,0.004,-0.001,0.003,-0.006,-0.006,-0.005,1.5540
1785822649.194,0.000,WAIT,idle,2,0,0.004,-0.001,0.003,-0.007,-0.004,-0.009,1.5538
1785822649.294,0.000,WAIT,idle,2,0,0.003,-0.001,0.002,-0.007,-0.003,-0.008,1.5537
1785822649.394,0.000,WAIT,idle,2,0,0.003,-0.001,0.001,-0.005,-0.003,-0.008,1.5539
1785822649.494,0.000,WAIT,idle,2,0,0.003,-0.000,0.001,-0.003,0.000,-0.007,1.5541
1785822649.594,0.000,WAIT,idle,2,0,0.003,0.000,0.001,-0.003,0.000,-0.006,1.5538
1785822649.694,0.000,WAIT,idle,2,0,0.003,0.001,0.002,-0.005,0.001,-0.003,1.5533
1785822649.794,0.000,WAIT,idle,2,0,0.003,0.002,0.002,-0.005,0.001,-0.002,1.5532
1785822649.894,0.000,WAIT,idle,2,0,0.003,0.002,0.003,-0.006,0.001,-0.001,1.5529
1785822649.994,0.000,WAIT,idle,2,0,0.002,0.002,0.003,-0.008,0.000,0.001,1.5531
1785822650.094,0.000,WAIT,idle,2,0,0.002,0.002,0.004,-0.008,0.000,0.001,1.5532
1785822650.194,0.000,WAIT,idle,2,0,0.001,0.002,0.004,-0.010,-0.000,0.001,1.5533
1785822650.294,0.000,WAIT,idle,2,0,-0.000,0.002,0.004,-0.011,0.001,0.001,1.5534
1785822650.394,0.000,WAIT,idle,2,0,-0.001,0.002,0.004,-0.012,-0.004,0.000,1.5534
1785822650.494,0.000,WAIT,idle,2,0,-0.001,0.001,0.004,-0.010,-0.001,-0.000,1.5531
1785822650.594,0.000,WAIT,idle,2,0,-0.002,0.001,0.004,-0.008,-0.002,-0.000,1.5530
1785822650.694,0.000,WAIT,idle,2,0,-0.001,0.001,0.004,-0.008,-0.002,-0.002,1.5529
1785822650.794,0.000,WAIT,idle,2,0,-0.002,0.001,0.004,-0.008,-0.001,-0.002,1.5528
1785822650.894,0.000,WAIT,idle,2,0,-0.002,0.000,0.003,-0.007,-0.003,-0.003,1.5530
1785822650.994,0.000,WAIT,idle,2,0,-0.001,0.000,0.003,-0.007,-0.004,-0.003,1.5530
1785822651.094,0.000,WAIT,idle,2,0,-0.001,-0.000,0.003,-0.008,-0.004,-0.003,1.5527
1785822651.194,0.000,WAIT,idle,2,0,-0.001,-0.000,0.002,-0.006,-0.001,-0.006,1.5526
1785822651.294,0.000,WAIT,idle,2,0,-0.001,-0.000,0.002,-0.004,0.000,-0.003,1.5527
1785822651.394,0.000,WAIT,idle,2,0,-0.001,0.000,0.002,-0.004,0.001,-0.005,1.5525
1785822651.494,0.000,WAIT,idle,2,0,-0.001,0.001,0.001,-0.002,0.002,-0.005,1.5526
1785822651.594,0.000,WAIT,idle,2,0,-0.000,0.001,0.001,-0.003,0.001,-0.004,1.5527
1785822651.694,0.000,WAIT,idle,2,0,-0.000,0.001,0.001,-0.002,-0.000,-0.003,1.5526
1785822651.794,0.000,WAIT,idle,2,0,-0.000,0.001,0.001,-0.001,-0.002,-0.003,1.5523
1785822651.894,0.000,WAIT,idle,2,0,-0.000,0.000,0.001,-0.003,-0.002,-0.004,1.5520
1785822651.994,0.000,WAIT,idle,2,0,0.000,-0.000,0.001,-0.001,-0.003,-0.005,1.5518
1785822652.094,0.000,WAIT,idle,2,0,0.000,-0.001,0.000,-0.000,-0.002,-0.007,1.5517
1785822652.194,0.000,WAIT,idle,2,0,0.001,-0.001,-0.000,0.001,-0.001,-0.005,1.5518
1785822652.294,0.000,WAIT,idle,2,0,0.002,-0.000,-0.000,-0.002,-0.001,-0.003,1.5519
1785822652.394,0.000,WAIT,idle,2,0,0.002,-0.000,0.000,-0.004,-0.001,-0.002,1.5522
1785822652.494,0.000,WAIT,idle,2,0,0.002,-0.000,0.001,-0.004,-0.002,-0.001,1.5522
1785822652.594,0.000,WAIT,idle,2,0,0.001,-0.001,0.001,-0.005,-0.002,-0.001,1.5526
1785822652.694,0.000,WAIT,idle,2,0,0.001,-0.001,0.001,-0.003,0.000,-0.003,1.5527
1785822652.794,0.000,WAIT,idle,2,0,0.001,-0.000,0.000,-0.005,0.001,-0.006,1.5528
1785822652.894,0.000,WAIT,idle,2,0,0.001,0.000,-0.001,-0.005,0.002,-0.008,1.5527
1785822652.994,0.000,WAIT,idle,2,0,0.001,0.000,-0.001,-0.003,0.000,-0.007,1.5526
1785822653.094,0.000,WAIT,idle,2,0,0.001,0.000,-0.001,-0.005,0.001,-0.005,1.5525
1785822653.194,0.000,WAIT,idle,2,0,0.002,0.000,-0.001,-0.004,0.002,-0.003,1.5524
1785822653.294,0.000,WAIT,idle,2,0,0.003,0.000,-0.000,-0.006,0.001,-0.002,1.5524
1785822653.394,0.000,WAIT,idle,2,0,0.003,0.000,0.000,-0.005,-0.000,-0.001,1.5524
1785822653.494,0.000,WAIT,idle,2,0,0.004,0.000,0.000,-0.003,0.001,-0.000,1.5525
1785822653.594,0.000,WAIT,idle,2,0,0.004,0.001,0.000,-0.003,0.003,-0.003,1.5526
1785822653.694,0.000,WAIT,idle,2,0,0.005,0.002,0.000,-0.004,0.006,0.000,1.5526
1785822653.794,0.000,WAIT,idle,2,0,0.005,0.003,0.001,-0.003,0.008,0.002,1.5523
1785822653.894,0.000,WAIT,idle,2,0,0.005,0.004,0.002,-0.002,0.006,0.001,1.5523
1785822653.994,0.000,WAIT,idle,2,0,0.006,0.005,0.002,-0.005,0.005,0.000,1.5523
1785822654.094,0.000,WAIT,idle,2,0,0.006,0.005,0.003,-0.004,0.005,0.000,1.5523
1785822654.194,0.000,WAIT,idle,2,0,0.006,0.005,0.004,-0.003,0.005,-0.002,1.5528
1785822654.294,0.000,WAIT,idle,2,0,0.007,0.005,0.004,-0.001,0.006,-0.001,1.5527
1785822654.394,0.000,WAIT,idle,2,0,0.007,0.005,0.004,-0.004,0.010,-0.000,1.5525
1785822654.494,0.000,WAIT,idle,2,0,0.007,0.005,0.004,-0.004,0.011,0.000,1.5522
1785822654.594,0.000,WAIT,idle,2,0,0.007,0.006,0.004,-0.008,0.011,-0.000,1.5521
1785822654.694,0.000,WAIT,idle,2,0,0.006,0.006,0.005,-0.011,0.010,-0.001,1.5520
1785822654.794,0.000,WAIT,idle,2,0,0.004,0.005,0.005,-0.010,0.008,0.001,1.5522
1785822654.894,0.000,WAIT,idle,2,0,0.004,0.005,0.006,-0.010,0.005,0.001,1.5522
1785822654.994,0.000,WAIT,idle,2,0,0.003,0.004,0.006,-0.008,0.003,0.002,1.5522
1785822655.094,0.000,WAIT,idle,2,0,0.003,0.003,0.007,-0.005,0.005,0.002,1.5521
1785822655.194,0.000,WAIT,idle,2,0,0.003,0.003,0.007,-0.008,0.002,0.002,1.5521
1785822655.294,0.000,WAIT,idle,2,0,0.002,0.002,0.007,-0.008,0.002,0.002,1.5520
1785822655.394,0.000,WAIT,idle,2,0,0.002,0.002,0.007,-0.010,0.004,-0.001,1.5520
1785822655.494,0.000,WAIT,idle,2,0,0.001,0.002,0.007,-0.009,0.006,0.001,1.5521
1785822655.594,0.000,WAIT,idle,2,0,0.001,0.003,0.007,-0.008,0.005,0.003,1.5522
1785822655.694,0.000,WAIT,idle,2,0,0.002,0.003,0.007,-0.007,0.004,0.003,1.5522
1785822655.794,0.000,WAIT,idle,2,0,0.002,0.002,0.007,-0.006,0.001,0.004,1.5522
1785822655.894,0.000,WAIT,idle,2,0,0.002,0.001,0.007,-0.007,-0.002,0.006,1.5520
1785822655.994,0.000,WAIT,idle,2,0,0.001,0.001,0.008,-0.008,-0.001,0.004,1.5519
1785822656.094,0.000,WAIT,idle,2,0,0.001,0.000,0.008,-0.006,-0.001,0.004,1.5520
1785822656.194,0.000,WAIT,idle,2,0,0.001,0.000,0.008,-0.004,0.001,0.005,1.5519
1785822656.294,0.000,WAIT,idle,2,0,0.002,0.001,0.008,-0.002,0.002,0.004,1.5519
1785822656.395,0.000,WAIT,idle,2,0,0.002,0.001,0.009,-0.003,0.000,0.004,1.5520
1785822656.494,0.000,WAIT,idle,2,0,0.002,0.001,0.009,-0.002,0.001,0.003,1.5519
1785822656.594,0.000,WAIT,idle,2,0,0.003,0.001,0.009,-0.002,0.002,0.001,1.5519
1785822656.694,0.000,WAIT,idle,2,0,0.003,0.001,0.009,-0.002,0.003,0.001,1.5519
1785822656.794,0.000,WAIT,idle,2,0,0.004,0.001,0.009,-0.001,0.002,0.002,1.5519
1785822656.894,0.000,WAIT,idle,2,0,0.005,0.001,0.010,-0.001,0.002,0.005,1.5519
1785822656.994,0.000,WAIT,idle,2,0,0.006,0.001,0.010,-0.004,0.003,0.006,1.5522
1785822657.094,0.000,WAIT,idle,2,0,0.006,0.001,0.010,-0.004,0.002,0.005,1.5518
1785822657.194,0.000,WAIT,idle,2,0,0.006,0.001,0.011,-0.005,0.004,0.005,1.5518
1785822657.294,0.000,WAIT,idle,2,0,0.006,0.001,0.011,-0.004,0.005,0.007,1.5517
1785822657.394,0.000,WAIT,idle,2,0,0.006,0.002,0.012,-0.004,0.009,0.005,1.5516
1785822657.494,0.000,WAIT,idle,2,0,0.006,0.003,0.011,-0.001,0.012,0.004,1.5515
1785822657.594,0.000,WAIT,idle,2,0,0.006,0.005,0.011,-0.002,0.013,0.004,1.5515
1785822657.694,0.000,WAIT,idle,2,0,0.006,0.006,0.010,-0.003,0.015,0.002,1.5514
1785822657.794,0.000,WAIT,idle,2,0,0.005,0.006,0.010,-0.004,0.012,0.001,1.5512
1785822657.894,0.000,WAIT,idle,2,0,0.005,0.006,0.009,-0.003,0.012,0.002,1.5512
1785822657.994,0.000,WAIT,idle,2,0,0.005,0.006,0.010,-0.002,0.012,0.006,1.5510
1785822658.094,0.000,WAIT,idle,2,0,0.005,0.005,0.010,0.000,0.009,0.005,1.5507
1785822658.194,0.000,WAIT,idle,2,0,0.006,0.005,0.010,0.002,0.007,0.002,1.5505
1785822658.294,0.000,WAIT,idle,2,0,0.007,0.004,0.010,0.001,0.005,0.003,1.5505
1785822658.394,0.000,WAIT,idle,2,0,0.007,0.003,0.009,-0.001,0.003,-0.001,1.5504
1785822658.494,0.000,WAIT,idle,2,0,0.007,0.002,0.009,-0.004,0.002,-0.002,1.5505
1785822658.594,0.000,WAIT,idle,2,0,0.007,0.001,0.008,0.001,0.001,-0.001,1.5505
1785822658.694,0.000,WAIT,idle,2,0,0.007,0.000,0.007,0.001,-0.000,-0.002,1.5507
1785822658.794,0.000,WAIT,idle,2,0,0.007,-0.000,0.007,0.002,0.000,-0.002,1.5505
1785822658.894,0.000,WAIT,idle,2,0,0.007,-0.001,0.006,0.001,-0.001,-0.004,1.5504
1785822658.994,0.000,WAIT,idle,2,0,0.007,-0.002,0.006,0.003,-0.002,-0.003,1.5500
1785822659.094,0.000,WAIT,idle,2,0,0.006,-0.002,0.006,0.001,0.000,-0.003,1.5501
1785822659.194,0.000,WAIT,idle,2,0,0.006,-0.002,0.005,0.002,-0.002,-0.000,1.5501
1785822659.294,0.000,WAIT,idle,2,0,0.005,-0.002,0.006,0.001,0.003,-0.001,1.5502
1785822659.394,0.000,WAIT,idle,2,0,0.005,-0.002,0.006,0.001,0.001,-0.001,1.5502
1785822659.494,0.000,WAIT,idle,2,0,0.004,-0.002,0.007,0.000,-0.001,-0.001,1.5503
1785822659.594,0.000,WAIT,idle,2,0,0.004,-0.002,0.007,0.000,-0.001,-0.002,1.5502
1785822659.694,0.000,WAIT,idle,2,0,0.003,-0.002,0.007,-0.001,-0.002,-0.001,1.5498
1785822659.794,0.000,WAIT,idle,2,0,0.003,-0.002,0.007,-0.000,-0.001,-0.002,1.5497
1785822659.894,0.000,WAIT,idle,2,0,0.002,-0.001,0.007,0.000,0.001,-0.003,1.5500
1785822659.994,0.000,WAIT,idle,2,0,0.003,-0.000,0.007,0.001,0.004,-0.001,1.5502
1785822660.094,0.000,WAIT,idle,2,0,0.002,0.000,0.007,0.002,0.005,-0.001,1.5504
1785822660.194,0.000,WAIT,idle,2,0,0.002,0.001,0.007,0.001,0.003,-0.002,1.5502
1785822660.294,0.000,WAIT,idle,2,0,0.002,0.001,0.007,-0.000,0.002,-0.002,1.5502
1785822660.394,0.000,WAIT,idle,2,0,0.002,0.001,0.007,-0.001,0.002,-0.002,1.5501
1785822660.494,0.000,WAIT,idle,2,0,0.002,0.000,0.006,0.000,0.000,-0.002,1.5500
1785822660.594,0.000,WAIT,idle,2,0,0.003,-0.001,0.006,0.002,-0.002,-0.000,1.5498
1785822660.694,0.000,WAIT,idle,2,0,0.004,-0.002,0.006,0.004,-0.004,0.000,1.5499
1785822660.794,0.000,WAIT,idle,2,0,0.004,-0.003,0.007,0.003,-0.005,-0.000,1.5499
1785822660.894,0.000,WAIT,idle,2,0,0.005,-0.003,0.006,0.001,-0.004,-0.001,1.5498
1785822660.994,0.000,WAIT,idle,2,0,0.005,-0.003,0.006,0.004,-0.002,-0.000,1.5498
1785822661.094,0.000,WAIT,idle,2,0,0.005,-0.003,0.006,0.004,-0.003,-0.000,1.5495
1785822661.194,0.000,WAIT,idle,2,0,0.005,-0.003,0.006,0.003,-0.004,-0.000,1.5496
1785822661.294,0.000,WAIT,idle,2,0,0.005,-0.003,0.006,0.005,-0.003,-0.000,1.5498
1785822661.394,0.000,WAIT,idle,2,0,0.005,-0.003,0.006,0.006,-0.002,0.001,1.5499
1785822661.494,0.000,WAIT,idle,2,0,0.006,-0.002,0.007,0.002,-0.002,0.004,1.5499
1785822661.594,0.000,WAIT,idle,2,0,0.005,-0.002,0.007,-0.001,-0.003,0.002,1.5499
1785822661.694,0.000,WAIT,idle,2,0,0.004,-0.002,0.007,-0.002,-0.005,0.002,1.5498
1785822661.794,0.000,WAIT,idle,2,0,0.003,-0.002,0.007,-0.003,-0.003,0.001,1.5497
1785822661.894,0.000,WAIT,idle,2,0,0.002,-0.002,0.007,-0.005,-0.004,0.003,1.5499
1785822661.994,0.000,WAIT,idle,2,0,0.001,-0.002,0.007,-0.007,-0.002,0.005,1.5498
1785822662.094,0.000,WAIT,idle,2,0,-0.000,-0.002,0.007,-0.010,0.000,0.005,1.5497
1785822662.194,0.000,WAIT,idle,2,0,-0.001,-0.001,0.008,-0.014,0.002,0.006,1.5495
1785822662.294,0.000,WAIT,idle,2,0,-0.001,-0.000,0.008,-0.012,0.004,0.003,1.5497
1785822662.394,0.000,WAIT,idle,2,0,-0.001,0.001,0.008,-0.012,0.005,0.001,1.5499
1785822662.494,0.000,WAIT,idle,2,0,-0.001,0.001,0.008,-0.012,0.004,0.003,1.5499
1785822662.594,0.000,WAIT,idle,2,0,-0.001,0.002,0.008,-0.012,0.006,0.001,1.5500
1785822662.694,0.000,WAIT,idle,2,0,-0.000,0.002,0.009,-0.011,0.008,0.005,1.5498
1785822662.794,0.000,WAIT,idle,2,0,0.000,0.003,0.010,-0.009,0.006,0.005,1.5497
1785822662.894,0.000,WAIT,idle,2,0,0.001,0.003,0.011,-0.008,0.006,0.006,1.5499
1785822662.994,0.000,WAIT,idle,2,0,0.002,0.003,0.011,-0.005,0.005,0.006,1.5500
1785822663.094,0.000,WAIT,idle,2,0,0.003,0.003,0.012,-0.005,0.004,0.007,1.5499
1785822663.194,0.000,WAIT,idle,2,0,0.004,0.003,0.012,-0.006,0.003,0.008,1.5500
1785822663.294,0.000,WAIT,idle,2,0,0.005,0.002,0.013,-0.000,0.002,0.009,1.5500
1785822663.394,0.000,WAIT,idle,2,0,0.006,0.001,0.013,-0.000,-0.003,0.009,1.5497
1785822663.494,0.000,WAIT,idle,2,0,0.007,0.000,0.013,-0.001,-0.002,0.006,1.5496
1785822663.594,0.000,WAIT,idle,2,0,0.007,0.000,0.012,-0.005,-0.001,0.003,1.5495
1785822663.694,0.000,WAIT,idle,2,0,0.007,0.000,0.011,-0.003,-0.001,0.003,1.5495
1785822663.794,0.000,WAIT,idle,2,0,0.007,0.000,0.010,-0.001,0.002,0.003,1.5493
1785822663.894,0.000,WAIT,idle,2,0,0.007,0.001,0.010,-0.003,0.004,0.007,1.5491
1785822663.994,0.000,WAIT,idle,2,0,0.007,0.001,0.010,-0.005,0.005,0.008,1.5491
1785822664.094,0.000,WAIT,idle,2,0,0.006,0.002,0.010,-0.008,0.007,0.003,1.5491
1785822664.194,0.000,WAIT,idle,2,0,0.005,0.003,0.010,-0.009,0.007,0.001,1.5490
1785822664.294,0.000,WAIT,idle,2,0,0.004,0.003,0.010,-0.010,0.007,-0.001,1.5490
1785822664.394,0.000,WAIT,idle,2,0,0.003,0.003,0.010,-0.009,0.007,-0.003,1.5488
1785822664.494,0.000,WAIT,idle,2,0,0.002,0.003,0.009,-0.011,0.007,-0.002,1.5487
1785822664.594,0.000,WAIT,idle,2,0,0.001,0.003,0.009,-0.010,0.005,-0.001,1.5488
1785822664.694,0.000,WAIT,idle,2,0,0.001,0.003,0.009,-0.009,0.006,-0.002,1.5488
1785822664.794,0.000,WAIT,idle,2,0,0.001,0.003,0.008,-0.006,0.006,-0.003,1.5488
1785822664.894,0.000,WAIT,idle,2,0,0.002,0.003,0.008,-0.006,0.005,-0.001,1.5488
1785822664.994,0.000,WAIT,idle,2,0,0.003,0.002,0.008,-0.004,0.004,-0.001,1.5487
1785822665.094,0.000,WAIT,idle,2,0,0.004,0.002,0.008,-0.003,0.005,0.001,1.5487
1785822665.194,0.000,WAIT,idle,2,0,0.005,0.002,0.008,-0.005,0.005,-0.002,1.5488
1785822665.294,0.000,WAIT,idle,2,0,0.005,0.001,0.008,-0.003,0.003,-0.003,1.5487
1785822665.394,0.000,WAIT,idle,2,0,0.006,0.001,0.008,-0.001,0.003,-0.003,1.5489
1785822665.494,0.000,WAIT,idle,2,0,0.007,0.001,0.007,0.000,0.005,-0.004,1.5490
1785822665.594,0.000,WAIT,idle,2,0,0.008,0.001,0.006,0.002,0.008,-0.004,1.5490
1785822665.694,0.000,WAIT,idle,2,0,0.009,0.002,0.005,0.004,0.011,-0.005,1.5490
1785822665.794,0.000,WAIT,idle,2,0,0.010,0.003,0.005,0.005,0.008,-0.004,1.5490
1785822665.894,0.000,WAIT,idle,2,0,0.010,0.003,0.004,0.004,0.007,-0.006,1.5490
1785822665.994,0.000,WAIT,idle,2,0,0.011,0.002,0.003,0.003,0.004,-0.007,1.5488
1785822666.094,0.000,WAIT,idle,2,0,0.010,0.002,0.003,-0.001,0.003,-0.006,1.5487
1785822666.194,0.000,WAIT,idle,2,0,0.009,0.002,0.002,-0.005,0.003,-0.004,1.5486
1785822666.294,0.000,WAIT,idle,2,0,0.008,0.002,0.002,-0.008,0.004,-0.004,1.5487
1785822666.394,0.000,WAIT,idle,2,0,0.007,0.002,0.002,-0.009,0.003,-0.005,1.5486
1785822666.494,0.000,WAIT,idle,2,0,0.006,0.002,0.002,-0.010,0.003,-0.002,1.5490
1785822666.594,0.000,WAIT,idle,2,0,0.005,0.002,0.002,-0.011,0.001,-0.005,1.5489
1785822666.694,0.000,WAIT,idle,2,0,0.004,0.002,0.001,-0.010,-0.001,-0.007,1.5491
1785822666.794,0.000,WAIT,idle,2,0,0.004,0.001,0.001,-0.010,-0.000,-0.009,1.5491
1785822666.894,0.000,WAIT,idle,2,0,0.004,0.001,0.001,-0.009,0.001,-0.007,1.5492
1785822666.994,0.000,WAIT,idle,2,0,0.004,0.001,0.001,-0.008,0.002,-0.005,1.5494
1785822667.094,0.000,WAIT,idle,2,0,0.005,0.001,0.002,-0.007,0.004,-0.004,1.5493
1785822667.194,0.000,WAIT,idle,2,0,0.006,0.002,0.003,-0.006,0.006,-0.003,1.5492
1785822667.294,0.000,WAIT,idle,2,0,0.006,0.003,0.003,-0.006,0.004,-0.004,1.5489
1785822667.394,0.000,WAIT,idle,2,0,0.006,0.004,0.003,-0.005,0.002,-0.005,1.5487
1785822667.494,0.000,WAIT,idle,2,0,0.006,0.003,0.003,-0.002,0.001,-0.004,1.5488
1785822667.594,0.000,WAIT,idle,2,0,0.007,0.003,0.003,-0.001,0.002,-0.004,1.5492
1785822667.694,0.000,WAIT,idle,2,0,0.007,0.003,0.004,-0.000,0.001,-0.001,1.5490
1785822667.794,0.000,WAIT,idle,2,0,0.007,0.003,0.005,-0.001,0.003,-0.003,1.5490
1785822667.894,0.000,WAIT,idle,2,0,0.007,0.003,0.005,0.001,0.004,-0.004,1.5488
1785822667.994,0.000,WAIT,idle,2,0,0.008,0.003,0.005,0.001,0.003,-0.004,1.5492
1785822668.094,0.000,WAIT,idle,2,0,0.008,0.002,0.005,0.003,0.004,-0.006,1.5491
1785822668.194,0.000,WAIT,idle,2,0,0.008,0.002,0.004,0.001,0.005,-0.006,1.5490
1785822668.294,0.000,WAIT,idle,2,0,0.008,0.002,0.004,-0.002,0.003,-0.004,1.5491
1785822668.394,0.000,WAIT,idle,2,0,0.006,0.002,0.003,-0.003,0.003,-0.005,1.5488
1785822668.494,0.000,WAIT,idle,2,0,0.006,0.002,0.003,-0.001,0.001,-0.006,1.5486
1785822668.594,0.000,WAIT,idle,2,0,0.006,0.001,0.002,0.000,0.000,-0.007,1.5489
1785822668.694,0.000,WAIT,idle,2,0,0.005,0.001,0.001,0.001,-0.003,-0.005,1.5490
1785822668.794,0.000,WAIT,idle,2,0,0.005,0.000,0.000,0.000,-0.001,-0.008,1.5488
1785822668.894,0.000,WAIT,idle,2,0,0.005,0.000,-0.000,-0.001,-0.002,-0.007,1.5490
1785822668.994,0.000,WAIT,idle,2,0,0.004,-0.000,-0.000,0.000,0.001,-0.006,1.5488
1785822669.094,0.000,WAIT,idle,2,0,0.004,0.000,-0.000,-0.001,0.002,-0.006,1.5486
1785822669.194,0.000,WAIT,idle,2,0,0.003,0.001,-0.000,-0.001,0.004,-0.003,1.5485
1785822669.294,0.000,WAIT,idle,2,0,0.003,0.001,0.001,-0.000,0.007,-0.001,1.5484
1785822669.394,0.000,WAIT,idle,2,0,0.003,0.002,0.001,-0.001,0.010,0.000,1.5486
1785822669.494,0.000,WAIT,idle,2,0,0.004,0.003,0.002,0.003,0.012,0.000,1.5484
1785822669.594,0.000,WAIT,idle,2,0,0.005,0.004,0.003,0.005,0.012,0.002,1.5482
1785822669.694,0.000,WAIT,idle,2,0,0.006,0.004,0.004,0.007,0.012,0.003,1.5479
1785822669.794,0.000,WAIT,idle,2,0,0.007,0.004,0.005,0.006,0.011,0.002,1.5475
1785822669.894,0.000,WAIT,idle,2,0,0.007,0.005,0.005,0.009,0.013,0.000,1.5476
1785822669.994,0.000,WAIT,idle,2,0,0.008,0.005,0.005,0.007,0.011,0.005,1.5477
1785822670.094,0.000,WAIT,idle,2,0,0.008,0.005,0.006,0.007,0.012,0.006,1.5477
1785822670.194,0.000,WAIT,idle,2,0,0.007,0.005,0.006,0.005,0.009,0.004,1.5477
1785822670.294,0.000,WAIT,idle,2,0,0.007,0.004,0.006,0.005,0.007,0.004,1.5476
1785822670.394,0.000,WAIT,idle,2,0,0.006,0.004,0.006,0.001,0.007,0.002,1.5473
1785822670.494,0.000,WAIT,idle,2,0,0.004,0.004,0.006,-0.002,0.005,-0.001,1.5469
1785822670.594,0.000,WAIT,idle,2,0,0.004,0.003,0.005,-0.002,0.006,0.002,1.5468
1785822670.694,0.000,WAIT,idle,2,0,0.003,0.003,0.005,-0.003,0.005,0.003,1.5468
1785822670.794,0.000,WAIT,idle,2,0,0.004,0.003,0.006,0.000,0.005,0.006,1.5466
1785822670.894,0.000,WAIT,idle,2,0,0.004,0.003,0.006,0.003,0.004,0.005,1.5467
1785822670.994,0.000,WAIT,idle,2,0,0.005,0.002,0.006,0.004,0.003,0.003,1.5469
1785822671.408,0.000,WAIT,idle,2,0,0.005,0.002,0.007,0.005,0.003,0.006,1.5468
1785822671.408,0.000,WAIT,idle,2,0,0.005,0.002,0.007,0.005,0.003,0.006,1.5468
1785822671.494,0.000,WAIT,idle,2,0,0.006,0.002,0.010,0.004,0.004,0.008,1.5465
1785822671.594,0.000,WAIT,idle,2,0,0.006,0.001,0.011,0.002,0.002,0.009,1.5463
1785822671.694,0.000,WAIT,idle,2,0,0.006,0.001,0.012,0.003,0.001,0.010,1.5462
1785822671.794,0.000,WAIT,idle,2,0,0.007,0.001,0.012,0.007,0.002,0.010,1.5464
1785822671.894,0.000,WAIT,idle,2,0,0.007,0.002,0.012,0.008,0.004,0.007,1.5462
1785822671.994,0.000,WAIT,idle,2,0,0.007,0.002,0.012,0.005,0.005,0.006,1.5462
1785822672.094,0.000,WAIT,idle,2,0,0.007,0.003,0.012,0.006,0.006,0.006,1.5462
1785822672.194,0.000,WAIT,idle,2,0,0.006,0.003,0.011,0.002,0.004,0.007,1.5462
1785822672.294,0.000,WAIT,idle,2,0,0.005,0.004,0.011,0.001,0.004,0.004,1.5463
1785822672.394,0.000,WAIT,idle,2,0,0.005,0.004,0.010,0.000,0.005,0.003,1.5464
1785822672.494,0.000,WAIT,idle,2,0,0.004,0.004,0.010,-0.000,0.005,-0.001,1.5464
1785822672.594,0.000,WAIT,idle,2,0,0.003,0.004,0.009,-0.003,0.006,0.000,1.5466
1785822672.694,0.000,WAIT,idle,2,0,0.002,0.004,0.008,-0.004,0.005,-0.002,1.5466
1785822672.794,0.000,WAIT,idle,2,0,0.001,0.004,0.008,-0.006,0.005,-0.000,1.5469
1785822672.894,0.000,WAIT,idle,2,0,0.001,0.003,0.008,-0.005,0.005,0.002,1.5470
1785822672.994,0.000,WAIT,idle,2,0,0.001,0.003,0.008,-0.004,0.002,0.002,1.5472
1785822673.094,0.000,WAIT,idle,2,0,0.000,0.002,0.008,-0.006,0.002,0.002,1.5471
1785822673.194,0.000,WAIT,idle,2,0,0.000,0.002,0.008,-0.009,0.001,-0.000,1.5472
1785822673.294,0.000,WAIT,idle,2,0,-0.000,0.002,0.007,-0.008,0.003,-0.002,1.5471
1785822673.394,0.000,WAIT,idle,2,0,0.000,0.001,0.006,-0.008,0.002,-0.003,1.5472
1785822673.494,0.000,WAIT,idle,2,0,0.001,0.001,0.005,-0.009,0.001,-0.003,1.5472
1785822673.594,0.000,WAIT,idle,2,0,0.001,0.001,0.004,-0.008,0.001,-0.003,1.5474
1785822673.694,0.000,WAIT,idle,2,0,0.001,0.000,0.004,-0.007,0.001,-0.000,1.5475
1785822673.794,0.000,WAIT,idle,2,0,0.000,0.000,0.004,-0.007,-0.000,-0.000,1.5475
1785822673.894,0.000,WAIT,idle,2,0,0.000,0.000,0.005,-0.006,0.002,0.004,1.5475
1785822673.994,0.000,WAIT,idle,2,0,0.001,-0.000,0.006,-0.006,0.001,0.005,1.5476
1785822674.094,0.000,WAIT,idle,2,0,0.001,-0.000,0.007,-0.007,0.000,0.007,1.5475
1785822674.194,0.000,WAIT,idle,2,0,0.001,-0.000,0.008,-0.006,-0.001,0.007,1.5477
1785822674.294,0.000,WAIT,idle,2,0,0.001,-0.000,0.009,-0.007,0.000,0.009,1.5477
1785822674.394,0.000,WAIT,idle,2,0,0.001,-0.000,0.009,-0.007,-0.001,0.006,1.5480
1785822674.494,0.000,WAIT,idle,2,0,0.001,-0.000,0.010,-0.005,0.002,0.004,1.5480
1785822674.594,0.000,WAIT,idle,2,0,0.001,0.000,0.009,-0.006,0.001,0.002,1.5481
1785822674.694,0.000,WAIT,idle,2,0,0.001,0.000,0.009,-0.004,0.002,0.003,1.5483
1785822674.794,0.000,WAIT,idle,2,0,0.003,0.000,0.009,-0.002,0.000,0.003,1.5481
1785822674.894,0.000,WAIT,idle,2,0,0.004,0.000,0.009,0.001,-0.002,0.002,1.5478
1785822674.994,0.000,WAIT,idle,2,0,0.005,-0.000,0.008,0.000,-0.004,0.001,1.5477
1785822675.094,0.000,WAIT,idle,2,0,0.005,-0.001,0.008,-0.003,-0.004,0.001,1.5475
1785822675.194,0.000,WAIT,idle,2,0,0.006,-0.001,0.008,-0.005,-0.003,-0.001,1.5474
1785822675.294,0.000,WAIT,idle,2,0,0.006,-0.001,0.007,-0.005,-0.003,-0.002,1.5476
1785822675.394,0.000,WAIT,idle,2,0,0.006,-0.002,0.007,-0.005,-0.004,-0.002,1.5475
1785822675.494,0.000,WAIT,idle,2,0,0.006,-0.001,0.007,-0.006,-0.000,-0.004,1.5476
1785822675.594,0.000,WAIT,idle,2,0,0.006,-0.001,0.006,-0.003,0.000,-0.004,1.5474
1785822675.694,0.000,WAIT,idle,2,0,0.006,-0.001,0.005,-0.004,0.001,-0.004,1.5474
1785822675.794,0.000,WAIT,idle,2,0,0.006,-0.000,0.005,-0.004,0.000,-0.002,1.5474
1785822675.894,0.000,WAIT,idle,2,0,0.005,-0.001,0.006,-0.007,-0.002,-0.003,1.5475
1785822675.994,0.000,WAIT,idle,2,0,0.004,-0.001,0.006,-0.008,-0.002,0.001,1.5472
1785822676.094,0.000,WAIT,idle,2,0,0.003,-0.001,0.007,-0.009,-0.000,0.002,1.5473
1785822676.194,0.000,WAIT,idle,2,0,0.003,-0.000,0.008,-0.010,0.001,-0.001,1.5474
1785822676.294,0.000,WAIT,idle,2,0,0.002,-0.000,0.008,-0.005,-0.001,0.001,1.5474
1785822676.394,0.000,WAIT,idle,2,0,0.003,-0.000,0.008,-0.005,0.003,0.000,1.5472
1785822676.494,0.000,WAIT,idle,2,0,0.002,0.000,0.007,-0.005,0.002,-0.000,1.5474
1785822676.594,0.000,WAIT,idle,2,0,0.002,0.000,0.007,-0.006,0.002,-0.001,1.5478
1785822676.694,0.000,WAIT,idle,2,0,0.002,-0.000,0.006,-0.006,0.000,-0.004,1.5480
1785822676.794,0.000,WAIT,idle,2,0,0.001,0.000,0.005,-0.007,0.002,-0.006,1.5482
1785822676.894,0.000,WAIT,idle,2,0,0.001,0.000,0.004,-0.008,0.002,-0.004,1.5482
1785822676.994,0.000,WAIT,idle,2,0,0.001,0.000,0.003,-0.007,0.002,-0.004,1.5481
1785822677.094,0.000,WAIT,idle,2,0,0.000,0.000,0.003,-0.008,0.004,-0.003,1.5483
1785822677.194,0.000,WAIT,idle,2,0,0.000,0.000,0.002,-0.006,0.005,-0.003,1.5482
1785822677.294,0.000,WAIT,idle,2,0,0.000,0.001,0.002,-0.007,0.005,-0.002,1.5482
1785822677.394,0.000,WAIT,idle,2,0,0.001,0.001,0.002,-0.006,0.003,-0.003,1.5479
1785822677.494,0.000,WAIT,idle,2,0,0.001,0.001,0.002,-0.004,0.005,-0.005,1.5477
1785822677.594,0.000,WAIT,idle,2,0,0.002,0.001,0.002,-0.002,0.003,-0.005,1.5473
1785822677.694,0.000,WAIT,idle,2,0,0.003,0.001,0.001,0.000,0.002,-0.006,1.5474
1785822677.794,0.000,WAIT,idle,2,0,0.004,0.000,0.001,0.001,-0.002,-0.006,1.5471
1785822677.894,0.000,WAIT,idle,2,0,0.004,-0.000,0.002,-0.001,-0.003,-0.005,1.5470
1785822677.994,0.000,WAIT,idle,2,0,0.004,-0.001,0.001,-0.001,-0.006,-0.006,1.5468
1785822678.094,0.000,WAIT,idle,2,0,0.005,-0.002,0.001,-0.002,-0.007,-0.008,1.5469
1785822678.194,0.000,WAIT,idle,2,0,0.005,-0.003,0.000,-0.000,-0.009,-0.007,1.5469
1785822678.294,0.000,WAIT,idle,2,0,0.004,-0.003,-0.001,0.001,-0.009,-0.003,1.5471
1785822678.394,0.000,WAIT,idle,2,0,0.004,-0.003,-0.001,0.001,-0.006,-0.002,1.5472
1785822678.494,0.000,WAIT,idle,2,0,0.004,-0.003,-0.001,-0.001,-0.003,-0.003,1.5473
1785822678.594,0.000,WAIT,idle,2,0,0.004,-0.002,-0.001,-0.001,-0.003,-0.003,1.5475
1785822678.694,0.000,WAIT,idle,2,0,0.003,-0.002,-0.001,0.001,-0.004,0.002,1.5474
1785822678.794,0.000,WAIT,idle,2,0,0.003,-0.002,0.001,-0.002,-0.003,0.005,1.5473
1785822678.894,0.000,WAIT,idle,2,0,0.003,-0.002,0.003,-0.003,-0.002,0.004,1.5474
1785822678.994,0.000,WAIT,idle,2,0,0.002,-0.001,0.004,-0.005,-0.002,0.006,1.5472
1785822679.094,0.000,WAIT,idle,2,0,0.002,-0.001,0.006,-0.005,0.000,0.006,1.5472
1785822679.194,0.000,WAIT,idle,2,0,0.002,-0.000,0.007,-0.006,0.001,0.003,1.5472
1785822679.294,0.000,WAIT,idle,2,0,0.003,0.000,0.007,-0.007,0.003,0.004,1.5471
1785822679.394,0.000,WAIT,idle,2,0,0.002,0.001,0.008,-0.007,0.004,0.005,1.5473
1785822679.494,0.000,WAIT,idle,2,0,0.003,0.001,0.008,-0.003,0.004,0.007,1.5473
1785822679.594,0.000,WAIT,idle,2,0,0.003,0.002,0.009,-0.002,0.006,0.006,1.5472
1785822679.694,0.000,WAIT,idle,2,0,0.004,0.002,0.009,0.001,0.007,0.009,1.5470
1785822679.794,0.000,WAIT,idle,2,0,0.005,0.003,0.009,0.003,0.008,0.008,1.5469
1785822679.894,0.000,WAIT,idle,2,0,0.006,0.003,0.009,0.003,0.008,0.005,1.5467
1785822679.994,0.000,WAIT,idle,2,0,0.006,0.003,0.009,0.004,0.009,0.001,1.5467
1785822680.094,0.000,WAIT,idle,2,0,0.006,0.004,0.008,0.005,0.006,0.000,1.5467
1785822680.194,0.000,WAIT,idle,2,0,0.007,0.003,0.007,0.003,0.005,-0.001,1.5465
1785822680.294,0.000,WAIT,idle,2,0,0.007,0.002,0.006,0.002,0.000,-0.003,1.5466
1785822680.394,0.000,WAIT,idle,2,0,0.007,0.001,0.006,0.001,-0.004,-0.003,1.5465
1785822680.494,0.000,WAIT,idle,2,0,0.007,0.000,0.006,0.002,-0.003,-0.000,1.5462
1785822680.594,0.000,WAIT,idle,2,0,0.008,-0.000,0.007,0.002,-0.002,0.000,1.5461
1785822680.694,0.000,WAIT,idle,2,0,0.008,-0.000,0.007,0.002,-0.003,0.000,1.5461
1785822680.794,0.000,WAIT,idle,2,0,0.008,-0.000,0.008,0.003,-0.001,0.003,1.5461
1785822680.894,0.000,WAIT,idle,2,0,0.007,-0.000,0.008,0.005,-0.003,0.005,1.5459
1785822680.994,0.000,WAIT,idle,2,0,0.007,-0.000,0.008,0.005,-0.004,0.001,1.5458
1785822681.094,0.000,WAIT,idle,2,0,0.007,-0.001,0.008,0.005,-0.005,0.001,1.5458
1785822681.194,0.000,WAIT,idle,2,0,0.007,-0.001,0.007,0.005,-0.003,0.002,1.5459
1785822681.294,0.000,WAIT,idle,2,0,0.006,-0.001,0.007,0.002,-0.005,-0.000,1.5462
1785822681.394,0.000,WAIT,idle,2,0,0.005,-0.001,0.006,-0.001,-0.003,0.001,1.5464
1785822681.494,0.000,WAIT,idle,2,0,0.004,-0.001,0.007,0.000,-0.003,-0.000,1.5465
1785822681.594,0.000,WAIT,idle,2,0,0.004,-0.001,0.007,-0.000,-0.003,0.001,1.5463
1785822681.694,0.000,WAIT,idle,2,0,0.003,-0.001,0.007,0.001,-0.002,-0.001,1.5462
1785822681.794,0.000,WAIT,idle,2,0,0.004,-0.000,0.006,0.004,-0.002,-0.003,1.5465
1785822681.894,0.000,WAIT,idle,2,0,0.004,-0.000,0.006,0.002,-0.003,-0.005,1.5465
1785822681.994,0.000,WAIT,idle,2,0,0.005,-0.000,0.005,0.005,-0.001,-0.004,1.5463
1785822682.094,0.000,WAIT,idle,2,0,0.006,-0.000,0.005,0.005,-0.003,-0.004,1.5463
1785822682.194,0.000,WAIT,idle,2,0,0.007,-0.001,0.004,0.008,-0.004,-0.005,1.5464
1785822682.294,0.000,WAIT,idle,2,0,0.007,-0.001,0.004,0.006,-0.002,-0.005,1.5465
1785822682.394,0.000,WAIT,idle,2,0,0.007,-0.001,0.005,0.004,-0.004,-0.004,1.5465
1785822682.494,0.000,WAIT,idle,2,0,0.007,-0.001,0.005,0.005,-0.003,-0.003,1.5464
1785822682.594,0.000,WAIT,idle,2,0,0.008,-0.001,0.006,0.005,-0.003,-0.002,1.5462
1785822682.694,0.000,WAIT,idle,2,0,0.007,-0.001,0.006,0.006,-0.003,-0.002,1.5465
1785822682.794,0.000,WAIT,idle,2,0,0.007,-0.001,0.006,0.003,-0.004,-0.002,1.5464
1785822682.894,0.000,WAIT,idle,2,0,0.007,-0.001,0.006,0.004,-0.005,-0.003,1.5466
1785822682.994,0.000,WAIT,idle,2,0,0.007,-0.001,0.006,0.003,-0.001,-0.003,1.5471
1785822683.094,0.000,WAIT,idle,2,0,0.007,-0.001,0.005,0.002,0.001,-0.002,1.5472
1785822683.194,0.000,WAIT,idle,2,0,0.007,-0.000,0.005,0.001,-0.002,-0.003,1.5472
1785822683.294,0.000,WAIT,idle,2,0,0.007,-0.001,0.005,0.002,-0.004,-0.000,1.5469
1785822683.394,0.000,WAIT,idle,2,0,0.007,-0.001,0.005,0.001,-0.004,0.002,1.5470
1785822683.494,0.000,WAIT,idle,2,0,0.007,-0.002,0.006,-0.003,-0.006,0.004,1.5468
1785822683.594,0.000,WAIT,idle,2,0,0.006,-0.002,0.007,-0.003,-0.009,0.005,1.5467
1785822683.694,0.000,WAIT,idle,2,0,0.006,-0.003,0.008,-0.001,-0.005,0.007,1.5467
1785822683.794,0.000,WAIT,idle,2,0,0.006,-0.003,0.009,0.001,-0.006,0.007,1.5466
1785822683.894,0.000,WAIT,idle,2,0,0.007,-0.003,0.009,0.003,-0.007,0.007,1.5464
1785822683.994,0.000,WAIT,idle,2,0,0.007,-0.003,0.009,0.004,-0.007,0.006,1.5465
1785822684.094,0.000,WAIT,idle,2,0,0.008,-0.003,0.009,0.003,-0.010,0.007,1.5465
1785822684.194,0.000,WAIT,idle,2,0,0.008,-0.004,0.009,0.003,-0.008,0.006,1.5466
1785822684.294,0.000,WAIT,idle,2,0,0.008,-0.004,0.010,0.002,-0.008,0.007,1.5466
1785822684.394,0.000,WAIT,idle,2,0,0.007,-0.004,0.010,-0.001,-0.007,0.007,1.5466
1785822684.494,0.000,WAIT,idle,2,0,0.007,-0.004,0.010,-0.002,-0.008,0.006,1.5467
1785822684.594,0.000,WAIT,idle,2,0,0.006,-0.004,0.010,-0.003,-0.006,0.006,1.5468
1785822684.694,0.000,WAIT,idle,2,0,0.005,-0.003,0.011,-0.005,-0.006,0.007,1.5470
1785822684.794,0.000,WAIT,idle,2,0,0.004,-0.003,0.012,-0.007,-0.006,0.007,1.5471
1785822684.894,0.000,WAIT,idle,2,0,0.003,-0.003,0.013,-0.006,-0.004,0.005,1.5471
1785822684.994,0.000,WAIT,idle,2,0,0.003,-0.002,0.013,-0.005,-0.001,0.005,1.5469
1785822685.094,0.000,WAIT,idle,2,0,0.003,-0.002,0.013,-0.004,-0.002,0.004,1.5468
1785822685.194,0.000,WAIT,idle,2,0,0.003,-0.002,0.013,-0.003,-0.006,0.003,1.5468
1785822685.294,0.000,WAIT,idle,2,0,0.004,-0.002,0.013,-0.007,-0.007,0.004,1.5468
1785822685.394,0.000,WAIT,idle,2,0,0.004,-0.003,0.013,-0.007,-0.007,0.004,1.5467
1785822685.494,0.000,WAIT,idle,2,0,0.004,-0.003,0.012,-0.008,-0.005,0.001,1.5465
1785822685.594,0.000,WAIT,idle,2,0,0.004,-0.002,0.012,-0.009,-0.004,-0.001,1.5464
1785822685.694,0.000,WAIT,idle,2,0,0.004,-0.002,0.011,-0.006,-0.007,-0.002,1.5464
1785822685.794,0.000,WAIT,idle,2,0,0.005,-0.002,0.011,-0.004,-0.006,-0.002,1.5459
1785822685.894,0.000,WAIT,idle,2,0,0.006,-0.002,0.010,-0.002,-0.004,-0.000,1.5457
1785822685.994,0.000,WAIT,idle,2,0,0.007,-0.002,0.009,0.001,-0.004,-0.002,1.5456
1785822686.094,0.000,WAIT,idle,2,0,0.009,-0.002,0.009,0.003,-0.004,-0.001,1.5455
1785822686.194,0.000,WAIT,idle,2,0,0.010,-0.002,0.007,0.005,-0.004,-0.003,1.5455
1785822686.294,0.000,WAIT,idle,2,0,0.011,-0.002,0.006,0.005,-0.003,-0.002,1.5458
1785822686.394,0.000,WAIT,idle,2,0,0.011,-0.001,0.005,0.006,-0.003,-0.003,1.5458
1785822686.494,0.000,WAIT,idle,2,0,0.012,-0.001,0.005,0.005,-0.002,-0.004,1.5458
1785822686.594,0.000,WAIT,idle,2,0,0.011,-0.001,0.004,0.001,-0.002,-0.006,1.5458
1785822686.694,0.000,WAIT,idle,2,0,0.011,-0.001,0.004,0.000,-0.001,-0.002,1.5461
1785822686.794,0.000,WAIT,idle,2,0,0.010,-0.001,0.005,0.001,-0.002,-0.004,1.5461
1785822686.894,0.000,WAIT,idle,2,0,0.010,-0.001,0.004,0.002,-0.004,-0.004,1.5461
1785822686.994,0.000,WAIT,idle,2,0,0.010,-0.001,0.004,0.001,-0.004,-0.003,1.5460
1785822687.094,0.000,WAIT,idle,2,0,0.009,-0.001,0.004,0.001,-0.001,-0.003,1.5458
1785822687.194,0.000,WAIT,idle,2,0,0.009,-0.001,0.004,0.000,0.001,-0.001,1.5458
1785822687.294,0.000,WAIT,idle,2,0,0.008,0.000,0.005,-0.002,0.003,0.000,1.5456
1785822687.394,0.000,WAIT,idle,2,0,0.008,0.001,0.005,-0.001,0.003,0.002,1.5459
1785822687.494,0.000,WAIT,idle,2,0,0.007,0.001,0.006,-0.002,0.004,0.004,1.5461
1785822687.594,0.000,WAIT,idle,2,0,0.006,0.002,0.007,-0.002,0.006,0.002,1.5460
1785822687.694,0.000,WAIT,idle,2,0,0.006,0.002,0.008,-0.002,0.002,0.002,1.5460
1785822687.794,0.000,WAIT,idle,2,0,0.007,0.001,0.008,-0.001,-0.000,-0.000,1.5458
1785822687.894,0.000,WAIT,idle,2,0,0.007,0.001,0.008,-0.003,-0.003,0.000,1.5459
1785822687.994,0.000,WAIT,idle,2,0,0.007,-0.000,0.008,-0.002,-0.001,-0.001,1.5460
1785822688.094,0.000,WAIT,idle,2,0,0.007,-0.000,0.007,-0.005,-0.002,-0.003,1.5459
1785822688.194,0.000,WAIT,idle,2,0,0.007,-0.001,0.006,-0.005,-0.002,-0.004,1.5455
1785822688.294,0.000,WAIT,idle,2,0,0.006,-0.001,0.005,-0.005,-0.003,-0.004,1.5456
1785822688.394,0.000,WAIT,idle,2,0,0.006,-0.001,0.005,-0.007,-0.000,-0.003,1.5454
1785822688.494,0.000,WAIT,idle,2,0,0.005,-0.001,0.005,-0.008,-0.001,-0.003,1.5453
1785822688.594,0.000,WAIT,idle,2,0,0.004,-0.000,0.005,-0.007,-0.000,-0.000,1.5453
1785822688.694,0.000,WAIT,idle,2,0,0.004,-0.000,0.006,-0.006,0.003,0.000,1.5449
1785822688.794,0.000,WAIT,idle,2,0,0.003,0.000,0.006,-0.008,0.001,-0.001,1.5447
1785822688.894,0.000,WAIT,idle,2,0,0.003,0.000,0.007,-0.009,0.003,0.002,1.5449
1785822688.994,0.000,WAIT,idle,2,0,0.002,0.001,0.008,-0.008,0.002,0.001,1.5450
1785822689.094,0.000,WAIT,idle,2,0,0.002,0.001,0.009,-0.006,0.001,0.005,1.5450
1785822689.194,0.000,WAIT,idle,2,0,0.003,0.001,0.009,-0.004,0.000,0.002,1.5450
1785822689.294,0.000,WAIT,idle,2,0,0.004,0.000,0.009,-0.006,0.000,0.001,1.5448
1785822689.394,0.000,WAIT,idle,2,0,0.004,0.000,0.009,-0.006,-0.002,-0.001,1.5449
1785822689.494,0.000,WAIT,idle,2,0,0.004,-0.000,0.009,-0.006,-0.002,0.001,1.5448
1785822689.594,0.000,WAIT,idle,2,0,0.004,-0.000,0.009,-0.008,-0.002,-0.000,1.5448
1785822689.694,0.000,WAIT,idle,2,0,0.004,0.000,0.008,-0.011,0.002,-0.000,1.5449
1785822689.794,0.000,WAIT,idle,2,0,0.003,0.001,0.008,-0.012,0.002,-0.000,1.5448
1785822689.894,0.000,WAIT,idle,2,0,0.003,0.001,0.008,-0.012,0.001,-0.002,1.5445
1785822689.994,0.000,WAIT,idle,2,0,0.003,0.001,0.008,-0.013,0.002,-0.003,1.5445
1785822690.094,0.000,WAIT,idle,2,0,0.003,0.001,0.008,-0.011,-0.001,-0.003,1.5443
1785822690.194,0.000,WAIT,idle,2,0,0.003,0.000,0.007,-0.008,-0.005,-0.004,1.5443
1785822690.294,0.000,WAIT,idle,2,0,0.003,-0.000,0.007,-0.008,-0.005,-0.001,1.5441
1785822690.394,0.000,WAIT,idle,2,0,0.003,-0.001,0.008,-0.007,-0.008,0.001,1.5441
1785822690.494,0.000,WAIT,idle,2,0,0.003,-0.002,0.009,-0.005,-0.007,-0.000,1.5440
1785822690.594,0.000,WAIT,idle,2,0,0.003,-0.002,0.009,-0.003,-0.008,0.004,1.5442
1785822690.694,0.000,WAIT,idle,2,0,0.004,-0.002,0.011,-0.005,-0.005,0.004,1.5444
1785822690.794,0.000,WAIT,idle,2,0,0.004,-0.002,0.011,-0.005,-0.004,0.004,1.5445
1785822690.894,0.000,WAIT,idle,2,0,0.003,-0.002,0.012,-0.006,-0.005,0.003,1.5448
1785822690.994,0.000,WAIT,idle,2,0,0.003,-0.002,0.012,-0.009,-0.006,0.002,1.5450
1785822691.094,0.000,WAIT,idle,2,0,0.002,-0.002,0.011,-0.011,-0.007,0.003,1.5453
1785822691.194,0.000,WAIT,idle,2,0,0.002,-0.002,0.011,-0.010,-0.006,0.003,1.5454
1785822691.294,0.000,WAIT,idle,2,0,0.001,-0.002,0.011,-0.012,-0.003,0.002,1.5456
1785822691.394,0.000,WAIT,idle,2,0,0.001,-0.002,0.011,-0.012,-0.005,0.006,1.5457
1785822691.494,0.000,WAIT,idle,2,0,0.000,-0.002,0.011,-0.012,-0.007,0.008,1.5458
1785822691.594,0.000,WAIT,idle,2,0,-0.000,-0.002,0.011,-0.009,-0.007,0.007,1.5460
1785822691.694,0.000,WAIT,idle,2,0,0.000,-0.002,0.011,-0.008,-0.004,0.005,1.5459
1785822691.794,0.000,WAIT,idle,2,0,0.001,-0.002,0.011,-0.007,-0.003,0.003,1.5460
1785822691.894,0.000,WAIT,idle,2,0,0.002,-0.002,0.010,-0.006,-0.003,0.003,1.5460
1785822691.994,0.000,WAIT,idle,2,0,0.003,-0.001,0.009,-0.005,0.000,0.003,1.5461
1785822692.094,0.000,WAIT,idle,2,0,0.003,-0.001,0.009,-0.004,-0.000,0.004,1.5460
1785822692.194,0.000,WAIT,idle,2,0,0.004,0.000,0.009,-0.002,-0.000,0.002,1.5461
1785822692.294,0.000,WAIT,idle,2,0,0.005,0.001,0.008,0.002,0.002,0.002,1.5461
1785822692.394,0.000,WAIT,idle,2,0,0.006,0.002,0.007,0.005,0.002,0.003,1.5462
1785822692.494,0.000,WAIT,idle,2,0,0.007,0.002,0.007,0.005,0.001,0.002,1.5460
1785822692.594,0.000,WAIT,idle,2,0,0.008,0.003,0.007,0.003,0.001,0.003,1.5460
1785822692.694,0.000,WAIT,idle,2,0,0.008,0.003,0.007,0.002,-0.000,0.003,1.5459
1785822692.794,0.000,WAIT,idle,2,0,0.008,0.003,0.007,0.002,-0.001,0.003,1.5459
1785822692.894,0.000,WAIT,idle,2,0,0.007,0.003,0.007,-0.000,-0.000,0.003,1.5459
1785822692.994,0.000,WAIT,idle,2,0,0.007,0.003,0.007,-0.000,-0.000,0.002,1.5458
1785822693.094,0.000,WAIT,idle,2,0,0.006,0.003,0.007,-0.003,0.001,0.002,1.5458
1785822693.194,0.000,WAIT,idle,2,0,0.006,0.003,0.007,-0.004,0.000,0.002,1.5458
1785822693.294,0.000,WAIT,idle,2,0,0.005,0.003,0.008,-0.003,0.001,0.001,1.5457
1785822693.394,0.000,WAIT,idle,2,0,0.004,0.003,0.007,-0.005,-0.001,-0.001,1.5453
1785822693.494,0.000,WAIT,idle,2,0,0.003,0.002,0.007,-0.007,-0.002,-0.003,1.5453
1785822693.594,0.000,WAIT,idle,2,0,0.002,0.002,0.006,-0.007,-0.003,-0.002,1.5451
1785822693.694,0.000,WAIT,idle,2,0,0.002,0.001,0.006,-0.009,-0.004,-0.002,1.5451
1785822693.794,0.000,WAIT,idle,2,0,0.002,0.001,0.006,-0.009,-0.004,-0.002,1.5452
1785822693.894,0.000,WAIT,idle,2,0,0.002,0.000,0.006,-0.010,-0.003,-0.001,1.5451
1785822693.994,0.000,WAIT,idle,2,0,0.002,0.000,0.007,-0.011,-0.004,-0.002,1.5452
1785822694.094,0.000,WAIT,idle,2,0,0.002,0.000,0.007,-0.010,-0.002,-0.001,1.5453
1785822694.194,0.000,WAIT,idle,2,0,0.002,0.000,0.007,-0.009,-0.003,-0.002,1.5453
1785822694.294,0.000,WAIT,idle,2,0,0.003,-0.000,0.007,-0.008,-0.005,0.000,1.5451
1785822694.394,0.000,WAIT,idle,2,0,0.003,-0.000,0.007,-0.010,-0.003,-0.001,1.5452
1785822694.494,0.000,WAIT,idle,2,0,0.003,0.000,0.008,-0.008,-0.002,0.002,1.5455
1785822694.594,0.000,WAIT,idle,2,0,0.003,0.001,0.008,-0.010,0.001,0.003,1.5454
1785822694.694,0.000,WAIT,idle,2,0,0.003,0.001,0.008,-0.009,-0.000,0.005,1.5454
1785822694.794,0.000,WAIT,idle,2,0,0.003,0.001,0.009,-0.007,-0.003,0.006,1.5453
1785822694.894,0.000,WAIT,idle,2,0,0.003,0.000,0.009,-0.007,-0.006,0.007,1.5453
1785822694.994,0.000,WAIT,idle,2,0,0.003,-0.001,0.009,-0.006,-0.006,0.008,1.5454
1785822695.094,0.000,WAIT,idle,2,0,0.003,-0.001,0.009,-0.003,-0.005,0.012,1.5455
1785822695.194,0.000,WAIT,idle,2,0,0.004,-0.001,0.009,-0.003,-0.007,0.010,1.5456
1785822695.294,0.000,WAIT,idle,2,0,0.004,-0.001,0.009,-0.000,-0.007,0.010,1.5458
1785822695.394,0.000,WAIT,idle,2,0,0.004,-0.001,0.008,0.002,-0.008,0.009,1.5459
1785822695.494,0.000,WAIT,idle,2,0,0.005,-0.001,0.008,0.002,-0.007,0.007,1.5459
1785822695.594,0.000,WAIT,idle,2,0,0.005,-0.001,0.007,0.003,-0.007,0.006,1.5460
1785822695.694,0.000,WAIT,idle,2,0,0.005,-0.001,0.007,0.004,-0.005,0.003,1.5460
1785822695.794,0.000,WAIT,idle,2,0,0.005,-0.001,0.006,0.006,-0.002,0.003,1.5461
1785822695.894,0.000,WAIT,idle,2,0,0.005,-0.001,0.006,0.006,-0.003,0.003,1.5461
1785822695.994,0.000,WAIT,idle,2,0,0.006,-0.000,0.006,0.007,-0.001,-0.002,1.5465
1785822696.094,0.000,WAIT,idle,2,0,0.006,-0.000,0.005,0.008,0.001,-0.002,1.5466
1785822696.194,0.000,WAIT,idle,2,0,0.006,0.000,0.005,0.005,0.002,-0.004,1.5468
1785822696.294,0.000,WAIT,idle,2,0,0.006,0.001,0.005,0.004,0.004,-0.005,1.5469
1785822696.394,0.000,WAIT,idle,2,0,0.006,0.002,0.005,0.006,0.006,-0.005,1.5467
1785822696.494,0.000,WAIT,idle,2,0,0.006,0.003,0.005,0.008,0.008,-0.002,1.5468
1785822696.594,0.000,WAIT,idle,2,0,0.006,0.004,0.005,0.008,0.009,-0.003,1.5469
1785822696.694,0.000,WAIT,idle,2,0,0.006,0.005,0.005,0.010,0.009,-0.003,1.5470
1785822696.794,0.000,WAIT,idle,2,0,0.007,0.005,0.006,0.011,0.008,-0.001,1.5471
1785822696.894,0.000,WAIT,idle,2,0,0.007,0.005,0.006,0.009,0.005,-0.002,1.5471
1785822696.994,0.000,WAIT,idle,2,0,0.006,0.005,0.006,0.005,0.004,0.002,1.5470
1785822697.094,0.000,WAIT,idle,2,0,0.005,0.004,0.007,0.001,0.006,-0.000,1.5470
1785822697.194,0.000,WAIT,idle,2,0,0.004,0.004,0.007,0.002,0.005,-0.002,1.5468
1785822697.294,0.000,WAIT,idle,2,0,0.004,0.004,0.006,0.002,0.006,-0.002,1.5468
1785822697.394,0.000,WAIT,idle,2,0,0.004,0.004,0.005,0.001,0.004,-0.005,1.5468
1785822697.494,0.000,WAIT,idle,2,0,0.005,0.003,0.004,0.004,0.001,-0.004,1.5469
1785822697.594,0.000,WAIT,idle,2,0,0.005,0.002,0.004,0.003,0.001,-0.003,1.5469
1785822697.694,0.000,WAIT,idle,2,0,0.005,0.002,0.004,0.003,0.001,-0.004,1.5467
1785822697.794,0.000,WAIT,idle,2,0,0.005,0.002,0.004,0.004,0.001,-0.005,1.5467
1785822697.894,0.000,WAIT,idle,2,0,0.005,0.001,0.003,0.006,0.001,-0.007,1.5466
1785822697.994,0.000,WAIT,idle,2,0,0.006,0.001,0.002,0.005,-0.000,-0.007,1.5466
1785822698.094,0.000,WAIT,idle,2,0,0.006,0.001,0.002,0.007,0.001,-0.006,1.5466
1785822698.194,0.000,WAIT,idle,2,0,0.007,0.000,0.002,0.008,0.001,-0.005,1.5466
1785822698.294,0.000,WAIT,idle,2,0,0.008,0.000,0.003,0.007,0.001,-0.002,1.5467
1785822698.394,0.000,WAIT,idle,2,0,0.008,0.001,0.004,0.005,0.002,-0.005,1.5465
1785822698.494,0.000,WAIT,idle,2,0,0.008,0.001,0.005,0.002,0.001,-0.005,1.5465
1785822698.594,0.000,WAIT,idle,2,0,0.008,0.001,0.005,0.003,0.001,-0.005,1.5465
1785822698.694,0.000,WAIT,idle,2,0,0.009,0.000,0.005,0.004,0.001,-0.003,1.5464
1785822698.794,0.000,WAIT,idle,2,0,0.009,0.000,0.006,0.004,0.000,-0.000,1.5466
1785822698.894,0.000,WAIT,idle,2,0,0.009,0.000,0.006,0.004,-0.001,-0.001,1.5463
1785822698.994,0.000,WAIT,idle,2,0,0.010,0.001,0.007,0.007,0.002,-0.002,1.5463
1785822699.094,0.000,WAIT,idle,2,0,0.011,0.001,0.007,0.008,0.005,-0.002,1.5461
1785822699.194,0.000,WAIT,idle,2,0,0.011,0.002,0.007,0.008,0.007,-0.003,1.5460
1785822699.294,0.000,WAIT,idle,2,0,0.011,0.003,0.007,0.005,0.007,-0.002,1.5458
1785822699.394,0.000,WAIT,idle,2,0,0.011,0.003,0.007,0.005,0.009,-0.000,1.5457
1785822699.494,0.000,WAIT,idle,2,0,0.010,0.004,0.009,0.002,0.008,0.001,1.5455
1785822699.594,0.000,WAIT,idle,2,0,0.009,0.004,0.010,-0.000,0.007,0.001,1.5455
1785822699.694,0.000,WAIT,idle,2,0,0.008,0.003,0.010,-0.001,0.007,0.001,1.5455
1785822699.794,0.000,WAIT,idle,2,0,0.007,0.003,0.011,-0.000,0.005,0.002,1.5455
1785822699.894,0.000,WAIT,idle,2,0,0.007,0.003,0.011,0.002,0.005,0.004,1.5457
1785822699.994,0.000,WAIT,idle,2,0,0.007,0.003,0.011,0.001,0.005,0.004,1.5455
1785822700.094,0.000,WAIT,idle,2,0,0.007,0.003,0.011,-0.002,0.006,0.005,1.5451
1785822700.194,0.000,WAIT,idle,2,0,0.007,0.003,0.011,0.002,0.003,0.003,1.5449
1785822700.294,0.000,WAIT,idle,2,0,0.007,0.002,0.011,0.003,0.005,0.003,1.5450
1785822700.394,0.000,WAIT,idle,2,0,0.007,0.002,0.010,0.005,0.004,0.001,1.5455
1785822700.494,0.000,WAIT,idle,2,0,0.008,0.002,0.010,0.007,0.004,0.002,1.5458
1785822700.594,0.000,WAIT,idle,2,0,0.009,0.002,0.009,0.007,0.006,0.002,1.5457
1785822700.694,0.000,WAIT,idle,2,0,0.010,0.003,0.009,0.008,0.009,0.003,1.5454
1785822700.794,0.000,WAIT,idle,2,0,0.010,0.003,0.008,0.007,0.007,0.003,1.5454
1785822700.894,0.000,WAIT,idle,2,0,0.011,0.003,0.008,0.008,0.007,0.001,1.5453
1785822700.994,0.000,WAIT,idle,2,0,0.012,0.003,0.008,0.010,0.005,0.002,1.5455
1785822701.094,0.000,WAIT,idle,2,0,0.012,0.003,0.009,0.011,0.003,0.005,1.5459
1785822701.194,0.000,WAIT,idle,2,0,0.013,0.002,0.010,0.011,0.005,0.004,1.5460
1785822701.294,0.000,WAIT,idle,2,0,0.013,0.002,0.010,0.008,0.004,0.003,1.5460
1785822701.394,0.000,WAIT,idle,2,0,0.012,0.002,0.011,0.005,0.005,-0.000,1.5461
1785822701.494,0.000,WAIT,idle,2,0,0.012,0.002,0.011,0.005,0.002,0.004,1.5459
1785822701.594,0.000,WAIT,idle,2,0,0.012,0.001,0.012,0.004,-0.002,0.004,1.5460
1785822701.694,0.000,WAIT,idle,2,0,0.011,0.000,0.012,0.005,-0.003,0.002,1.5462
1785822701.794,0.000,WAIT,idle,2,0,0.011,-0.000,0.011,0.004,-0.001,0.000,1.5465
1785822701.894,0.000,WAIT,idle,2,0,0.011,-0.000,0.010,0.004,0.000,0.002,1.5464
1785822701.994,0.000,WAIT,idle,2,0,0.011,-0.000,0.009,0.004,0.003,0.002,1.5467
1785822702.094,0.000,WAIT,idle,2,0,0.012,0.000,0.009,0.006,0.001,-0.000,1.5465
1785822702.194,0.000,WAIT,idle,2,0,0.012,0.001,0.008,0.007,0.002,-0.001,1.5462
1785822702.294,0.000,WAIT,idle,2,0,0.013,0.001,0.007,0.011,0.002,-0.004,1.5461
1785822702.394,0.000,WAIT,idle,2,0,0.014,0.001,0.006,0.012,0.004,-0.003,1.5460
1785822702.494,0.000,WAIT,idle,2,0,0.014,0.001,0.006,0.013,0.001,-0.002,1.5459
1785822702.594,0.000,WAIT,idle,2,0,0.014,0.001,0.005,0.012,0.000,-0.002,1.5456
1785822702.694,0.000,WAIT,idle,2,0,0.014,0.001,0.005,0.011,0.001,-0.004,1.5454
1785822702.794,0.000,WAIT,idle,2,0,0.013,0.001,0.004,0.010,0.004,-0.005,1.5453
1785822702.894,0.000,WAIT,idle,2,0,0.012,0.002,0.004,0.009,0.004,-0.004,1.5452
1785822702.994,0.000,WAIT,idle,2,0,0.011,0.002,0.003,0.009,0.004,-0.003,1.5451
1785822703.094,0.000,WAIT,idle,2,0,0.010,0.002,0.003,0.009,0.001,-0.002,1.5448
1785822703.194,0.000,WAIT,idle,2,0,0.009,0.002,0.003,0.008,0.001,0.001,1.5448
1785822703.294,0.000,WAIT,idle,2,0,0.009,0.001,0.004,0.010,0.001,0.001,1.5448
1785822703.394,0.000,WAIT,idle,2,0,0.009,0.001,0.005,0.010,0.000,0.001,1.5448
1785822703.494,0.000,WAIT,idle,2,0,0.009,0.001,0.005,0.010,-0.001,0.003,1.5448
1785822703.594,0.000,WAIT,idle,2,0,0.009,0.001,0.006,0.009,-0.000,0.004,1.5449
1785822703.694,0.000,WAIT,idle,2,0,0.009,0.002,0.006,0.009,0.001,0.004,1.5447
1785822703.794,0.000,WAIT,idle,2,0,0.008,0.002,0.007,0.010,0.002,0.004,1.5447
1785822703.894,0.000,WAIT,idle,2,0,0.008,0.002,0.007,0.010,0.001,0.001,1.5444
1785822703.994,0.000,WAIT,idle,2,0,0.008,0.002,0.008,0.007,-0.001,-0.001,1.5442
1785822704.094,0.000,WAIT,idle,2,0,0.008,0.002,0.008,0.006,-0.001,-0.002,1.5441
