t_wall,t_seq,state,stage,nav_state,armed,x,y,z,vx,vy,vz,heading
1786527884.076,0.000,WAIT,idle,-1,0,0.673,11.305,-4.444,-0.014,-0.011,0.024,0.8941
1786527884.175,0.000,WAIT,idle,-1,0,0.675,11.304,-4.441,0.007,-0.004,0.022,0.8951
1786527884.275,0.000,WAIT,idle,-1,0,0.675,11.303,-4.438,0.018,0.047,0.035,0.8962
1786527884.375,0.000,WAIT,idle,-1,0,0.673,11.305,-4.434,-0.010,0.057,0.021,0.8979
1786527884.475,0.000,WAIT,idle,-1,0,0.666,11.308,-4.432,-0.028,0.073,0.010,0.9020
1786527884.575,0.000,WAIT,idle,-1,0,0.663,11.315,-4.431,-0.029,0.074,-0.002,0.9045
1786527884.675,0.000,WAIT,idle,-1,0,0.658,11.321,-4.430,-0.011,0.100,0.007,0.9032
1786527884.775,0.000,WAIT,idle,-1,0,0.651,11.327,-4.429,-0.084,0.084,-0.014,0.9017
1786527884.875,0.000,WAIT,idle,-1,0,0.643,11.333,-4.429,-0.069,0.081,-0.001,0.8988
1786527884.975,0.000,WAIT,idle,-1,0,0.639,11.338,-4.428,-0.003,0.091,-0.004,0.8942
1786527885.075,0.000,WAIT,idle,-1,0,0.636,11.345,-4.427,-0.034,0.076,0.011,0.8897
1786527885.175,0.000,WAIT,idle,2,1,0.633,11.351,-4.425,0.010,0.083,0.020,0.8917
1786527885.275,0.000,WAIT,idle,2,1,0.632,11.356,-4.423,-0.030,0.080,0.004,0.8943
1786527885.376,0.000,WAIT,idle,2,1,0.633,11.365,-4.421,-0.022,0.083,0.014,0.8953
1786527885.476,0.000,WAIT,idle,2,1,0.634,11.372,-4.419,-0.025,0.059,0.008,0.8938
1786527885.575,0.000,WAIT,idle,2,1,0.633,11.380,-4.418,-0.005,0.114,0.023,0.8907
1786527885.675,0.000,WAIT,idle,2,1,0.633,11.391,-4.417,-0.041,0.109,0.007,0.8895
1786527885.776,0.000,WAIT,idle,2,1,0.634,11.401,-4.415,-0.027,0.093,0.017,0.8888
1786527885.875,0.000,WAIT,idle,2,1,0.633,11.409,-4.414,-0.004,0.082,0.020,0.8884
1786527885.975,0.000,WAIT,idle,2,1,0.632,11.420,-4.411,-0.003,0.110,0.035,0.8877
1786527886.075,0.000,WAIT,idle,2,1,0.632,11.429,-4.408,-0.005,0.096,0.045,0.8873
1786527886.175,0.000,WAIT,idle,2,1,0.637,11.439,-4.404,0.010,0.110,0.045,0.8883
1786527886.275,0.000,WAIT,idle,2,1,0.641,11.447,-4.401,0.012,0.087,0.037,0.8900
1786527886.375,0.000,WAIT,idle,2,1,0.644,11.454,-4.398,0.015,0.077,0.037,0.8895
1786527886.475,0.000,WAIT,idle,2,1,0.647,11.461,-4.394,-0.013,0.085,0.041,0.8898
1786527886.575,0.000,WAIT,idle,2,1,0.653,11.466,-4.391,0.000,0.053,0.027,0.8899
1786527886.677,0.001,ENGAGED,idle,14,1,0.658,11.471,-4.388,0.007,0.065,0.029,0.8904
1786527886.776,0.101,ENGAGED,SETTLE 0/4s,14,1,0.663,11.474,-4.386,-0.025,0.030,0.021,0.8921
1786527886.876,0.200,ENGAGED,SETTLE 0/4s,14,1,0.667,11.477,-4.385,-0.022,0.002,0.007,0.8911
1786527886.975,0.300,ENGAGED,SETTLE 0/4s,14,1,0.670,11.477,-4.384,0.013,-0.006,0.018,0.8892
1786527887.076,0.400,ENGAGED,SETTLE 0/4s,14,1,0.676,11.477,-4.384,-0.012,-0.009,0.003,0.8890
1786527887.176,0.500,ENGAGED,SETTLE 0/4s,14,1,0.683,11.476,-4.384,0.024,-0.030,0.010,0.8888
1786527887.276,0.601,ENGAGED,SETTLE 1/4s,14,1,0.686,11.471,-4.384,0.003,-0.054,0.014,0.8901
1786527887.376,0.700,ENGAGED,SETTLE 1/4s,14,1,0.691,11.467,-4.384,-0.041,-0.066,0.008,0.8899
1786527887.476,0.800,ENGAGED,SETTLE 1/4s,14,1,0.696,11.462,-4.384,0.036,-0.063,0.016,0.8902
1786527887.576,0.900,ENGAGED,SETTLE 1/4s,14,1,0.700,11.454,-4.385,-0.019,-0.063,0.009,0.8922
1786527887.676,1.000,ENGAGED,SETTLE 1/4s,14,1,0.708,11.446,-4.386,-0.001,-0.089,0.004,0.8933
1786527887.776,1.100,ENGAGED,SETTLE 1/4s,14,1,0.714,11.438,-4.388,0.017,-0.049,0.005,0.8940
1786527887.876,1.200,ENGAGED,SETTLE 1/4s,14,1,0.720,11.429,-4.390,-0.022,-0.076,0.010,0.8937
1786527887.976,1.300,ENGAGED,SETTLE 1/4s,14,1,0.725,11.424,-4.391,-0.043,-0.064,0.002,0.8937
1786527888.076,1.400,ENGAGED,SETTLE 1/4s,14,1,0.728,11.420,-4.392,-0.012,-0.049,0.017,0.8944
1786527888.176,1.500,ENGAGED,SETTLE 1/4s,14,1,0.734,11.415,-4.392,-0.037,-0.053,0.005,0.8950
1786527888.276,1.601,ENGAGED,SETTLE 2/4s,14,1,0.738,11.410,-4.391,0.011,-0.031,0.027,0.8939
1786527888.376,1.700,ENGAGED,SETTLE 2/4s,14,1,0.741,11.406,-4.390,0.001,-0.025,0.013,0.8934
1786527888.476,1.800,ENGAGED,SETTLE 2/4s,14,1,0.743,11.403,-4.389,0.011,-0.015,0.022,0.8938
1786527888.576,1.900,ENGAGED,SETTLE 2/4s,14,1,0.747,11.400,-4.388,-0.049,-0.021,0.001,0.8947
1786527888.676,2.000,ENGAGED,SETTLE 2/4s,14,1,0.752,11.398,-4.388,-0.007,-0.026,0.012,0.8944
1786527888.776,2.100,ENGAGED,SETTLE 2/4s,14,1,0.756,11.398,-4.389,0.016,0.036,-0.001,0.8933
1786527888.876,2.200,ENGAGED,SETTLE 2/4s,14,1,0.759,11.400,-4.390,-0.071,0.002,-0.008,0.8931
1786527888.976,2.300,ENGAGED,SETTLE 2/4s,14,1,0.763,11.401,-4.391,-0.018,0.000,0.002,0.8926
1786527889.076,2.400,ENGAGED,SETTLE 2/4s,14,1,0.764,11.402,-4.392,-0.031,0.007,0.006,0.8911
1786527889.176,2.500,ENGAGED,SETTLE 2/4s,14,1,0.766,11.405,-4.391,-0.085,0.009,0.009,0.8895
1786527889.276,2.601,ENGAGED,SETTLE 3/4s,14,1,0.769,11.406,-4.390,-0.053,-0.015,0.011,0.8885
1786527889.376,2.700,ENGAGED,SETTLE 3/4s,14,1,0.772,11.407,-4.389,-0.023,0.001,0.027,0.8879
1786527889.476,2.800,ENGAGED,SETTLE 3/4s,14,1,0.775,11.408,-4.389,-0.043,0.006,0.016,0.8880
1786527889.576,2.900,ENGAGED,SETTLE 3/4s,14,1,0.778,11.410,-4.389,-0.021,-0.003,0.004,0.8878
1786527889.676,3.000,ENGAGED,SETTLE 3/4s,14,1,0.785,11.412,-4.391,-0.040,0.000,0.004,0.8900
1786527889.776,3.100,ENGAGED,SETTLE 3/4s,14,1,0.791,11.415,-4.392,-0.064,0.002,0.006,0.8889
1786527889.876,3.200,ENGAGED,SETTLE 3/4s,14,1,0.794,11.420,-4.392,-0.033,0.034,0.016,0.8880
1786527889.976,3.300,ENGAGED,SETTLE 3/4s,14,1,0.794,11.425,-4.392,-0.023,0.007,0.016,0.8875
1786527890.076,3.400,ENGAGED,SETTLE 3/4s,14,1,0.796,11.430,-4.393,-0.069,0.002,0.012,0.8894
1786527890.176,3.500,ENGAGED,SETTLE 3/4s,14,1,0.798,11.435,-4.391,-0.033,-0.020,0.026,0.8921
1786527890.276,3.601,ENGAGED,SETTLE 4/4s,14,1,0.795,11.437,-4.390,-0.100,-0.015,0.026,0.8939
1786527890.376,3.700,ENGAGED,SETTLE 4/4s,14,1,0.795,11.438,-4.387,-0.102,-0.035,0.035,0.8933
1786527890.476,3.800,ENGAGED,SETTLE 4/4s,14,1,0.792,11.439,-4.383,-0.065,-0.031,0.038,0.8932
1786527890.576,3.900,ENGAGED,SETTLE 4/4s,14,1,0.791,11.439,-4.380,-0.103,-0.044,0.027,0.8942
1786527890.676,4.000,ENGAGED,SETTLE 4/4s,14,1,0.791,11.438,-4.377,-0.049,-0.047,0.026,0.8935
1786527890.777,4.101,ENGAGED,AGGRESSIVE 0/60s (0%),14,1,0.788,11.437,-4.375,-0.113,-0.042,0.021,0.8942
1786527890.876,4.200,ENGAGED,AGGRESSIVE 0/60s (0%),14,1,0.785,11.436,-4.377,-0.118,-0.043,-0.118,0.8925
1786527890.976,4.300,ENGAGED,AGGRESSIVE 0/60s (0%),14,1,0.781,11.436,-4.401,-0.099,-0.047,-0.379,0.8904
1786527891.076,4.401,ENGAGED,AGGRESSIVE 0/60s (1%),14,1,0.776,11.436,-4.443,-0.101,-0.030,-0.550,0.8894
1786527891.176,4.500,ENGAGED,AGGRESSIVE 0/60s (1%),14,1,0.768,11.435,-4.515,-0.106,-0.053,-0.673,0.8886
1786527891.276,4.601,ENGAGED,AGGRESSIVE 1/60s (1%),14,1,0.762,11.433,-4.580,-0.100,-0.043,-0.713,0.8893
1786527891.376,4.700,ENGAGED,AGGRESSIVE 1/60s (1%),14,1,0.757,11.429,-4.651,-0.081,-0.066,-0.731,0.8897
1786527891.476,4.800,ENGAGED,AGGRESSIVE 1/60s (1%),14,1,0.752,11.424,-4.726,-0.084,-0.064,-0.730,0.8900
1786527891.576,4.900,ENGAGED,AGGRESSIVE 1/60s (1%),14,1,0.748,11.419,-4.798,-0.044,-0.053,-0.728,0.8898
1786527891.676,5.001,ENGAGED,AGGRESSIVE 1/60s (2%),14,1,0.744,11.415,-4.868,-0.082,-0.066,-0.697,0.8883
1786527891.776,5.100,ENGAGED,AGGRESSIVE 1/60s (2%),14,1,0.747,11.409,-4.939,-0.013,-0.052,-0.652,0.8891
1786527891.876,5.200,ENGAGED,AGGRESSIVE 1/60s (2%),14,1,0.750,11.404,-5.004,-0.017,-0.057,-0.617,0.8883
1786527891.976,5.300,ENGAGED,AGGRESSIVE 1/60s (2%),14,1,0.753,11.398,-5.067,-0.028,-0.061,-0.576,0.8882
1786527892.076,5.400,ENGAGED,AGGRESSIVE 1/60s (2%),14,1,0.755,11.393,-5.124,0.006,-0.058,-0.526,0.8890
1786527892.176,5.500,ENGAGED,AGGRESSIVE 1/60s (2%),14,1,0.759,11.389,-5.173,-0.028,-0.045,-0.487,0.8892
1786527892.277,5.601,ENGAGED,AGGRESSIVE 2/60s (3%),14,1,0.759,11.385,-5.211,-0.073,-0.045,-0.428,0.8895
1786527892.376,5.700,ENGAGED,AGGRESSIVE 2/60s (3%),14,1,0.758,11.386,-5.253,-0.041,-0.005,-0.356,0.8891
1786527892.476,5.800,ENGAGED,AGGRESSIVE 2/60s (3%),14,1,0.756,11.386,-5.286,-0.045,-0.026,-0.331,0.8869
1786527892.576,5.900,ENGAGED,AGGRESSIVE 2/60s (3%),14,1,0.755,11.386,-5.314,-0.106,-0.022,-0.297,0.8853
1786527892.676,6.000,ENGAGED,AGGRESSIVE 2/60s (3%),14,1,0.756,11.391,-5.344,-0.057,0.011,-0.259,0.8822
1786527892.776,6.100,ENGAGED,AGGRESSIVE 2/60s (3%),14,1,0.752,11.396,-5.367,-0.054,0.028,-0.211,0.8802
1786527892.876,6.201,ENGAGED,AGGRESSIVE 2/60s (4%),14,1,0.750,11.402,-5.386,-0.087,0.014,-0.178,0.8820
1786527892.976,6.300,ENGAGED,AGGRESSIVE 2/60s (4%),14,1,0.748,11.408,-5.401,-0.058,0.006,-0.138,0.8839
1786527893.076,6.400,ENGAGED,AGGRESSIVE 2/60s (4%),14,1,0.745,11.412,-5.411,-0.091,0.001,-0.099,0.8841
1786527893.176,6.500,ENGAGED,AGGRESSIVE 2/60s (4%),14,1,0.736,11.419,-5.418,-0.055,0.033,-0.045,0.8859
1786527893.276,6.601,ENGAGED,AGGRESSIVE 3/60s (4%),14,1,0.728,11.429,-5.419,-0.066,0.073,-0.005,0.8883
1786527893.376,6.700,ENGAGED,AGGRESSIVE 3/60s (4%),14,1,0.717,11.439,-5.417,-0.081,0.041,0.035,0.8894
1786527893.476,6.800,ENGAGED,AGGRESSIVE 3/60s (5%),14,1,0.707,11.447,-5.412,-0.058,0.051,0.060,0.8905
1786527893.576,6.900,ENGAGED,AGGRESSIVE 3/60s (5%),14,1,0.699,11.456,-5.403,-0.099,0.025,0.097,0.8914
1786527893.676,7.000,ENGAGED,AGGRESSIVE 3/60s (5%),14,1,0.690,11.462,-5.391,-0.126,0.014,0.140,0.8926
1786527893.776,7.100,ENGAGED,AGGRESSIVE 3/60s (5%),14,1,0.678,11.469,-5.372,-0.148,0.006,0.189,0.8906
1786527893.876,7.200,ENGAGED,AGGRESSIVE 3/60s (5%),14,1,0.668,11.473,-5.353,-0.119,0.015,0.225,0.8874
1786527893.976,7.300,ENGAGED,AGGRESSIVE 3/60s (5%),14,1,0.657,11.476,-5.325,-0.119,0.016,0.277,0.8880
1786527894.076,7.401,ENGAGED,AGGRESSIVE 3/60s (6%),14,1,0.645,11.479,-5.297,-0.102,0.012,0.316,0.8876
1786527894.176,7.500,ENGAGED,AGGRESSIVE 3/60s (6%),14,1,0.636,11.483,-5.263,-0.075,0.018,0.340,0.8859
1786527894.276,7.601,ENGAGED,AGGRESSIVE 4/60s (6%),14,1,0.626,11.485,-5.227,-0.093,0.046,0.373,0.8856
1786527894.376,7.700,ENGAGED,AGGRESSIVE 4/60s (6%),14,1,0.619,11.489,-5.200,-0.050,0.050,0.400,0.8864
1786527894.476,7.800,ENGAGED,AGGRESSIVE 4/60s (6%),14,1,0.615,11.497,-5.148,-0.027,0.010,0.431,0.8903
1786527894.576,7.900,ENGAGED,AGGRESSIVE 4/60s (6%),14,1,0.616,11.500,-5.104,-0.039,0.015,0.459,0.8911
1786527894.676,8.001,ENGAGED,AGGRESSIVE 4/60s (7%),14,1,0.615,11.504,-5.058,-0.055,0.001,0.484,0.8888
1786527894.776,8.100,ENGAGED,AGGRESSIVE 4/60s (7%),14,1,0.617,11.508,-5.008,-0.035,0.010,0.526,0.8874
1786527894.876,8.200,ENGAGED,AGGRESSIVE 4/60s (7%),14,1,0.620,11.512,-4.953,0.021,0.027,0.564,0.8878
1786527894.976,8.300,ENGAGED,AGGRESSIVE 4/60s (7%),14,1,0.623,11.515,-4.899,0.003,0.037,0.578,0.8892
1786527895.076,8.400,ENGAGED,AGGRESSIVE 4/60s (7%),14,1,0.631,11.519,-4.837,0.017,0.001,0.601,0.8901
1786527895.176,8.500,ENGAGED,AGGRESSIVE 4/60s (7%),14,1,0.639,11.524,-4.778,0.015,-0.006,0.616,0.8938
1786527895.277,8.601,ENGAGED,AGGRESSIVE 5/60s (8%),14,1,0.644,11.528,-4.720,-0.000,0.003,0.632,0.8971
1786527895.376,8.700,ENGAGED,AGGRESSIVE 5/60s (8%),14,1,0.651,11.529,-4.655,0.040,0.013,0.660,0.8998
1786527895.476,8.800,ENGAGED,AGGRESSIVE 5/60s (8%),14,1,0.660,11.531,-4.592,0.026,-0.009,0.652,0.8996
1786527895.576,8.900,ENGAGED,AGGRESSIVE 5/60s (8%),14,1,0.670,11.529,-4.521,0.053,0.008,0.665,0.8967
1786527895.676,9.000,ENGAGED,AGGRESSIVE 5/60s (8%),14,1,0.679,11.527,-4.455,0.092,0.008,0.679,0.8996
1786527895.776,9.100,ENGAGED,AGGRESSIVE 5/60s (8%),14,1,0.692,11.526,-4.382,0.037,0.014,0.687,0.8987
1786527895.877,9.201,ENGAGED,AGGRESSIVE 5/60s (9%),14,1,0.698,11.524,-4.321,-0.019,-0.047,0.561,0.8916
1786527895.976,9.300,ENGAGED,AGGRESSIVE 5/60s (9%),14,1,0.711,11.529,-4.286,0.167,0.220,0.141,0.8959
1786527896.076,9.400,ENGAGED,AGGRESSIVE 5/60s (9%),14,1,0.740,11.561,-4.280,0.365,0.476,0.021,0.9195
1786527896.176,9.500,ENGAGED,AGGRESSIVE 5/60s (9%),14,1,0.788,11.620,-4.283,0.481,0.706,-0.057,0.9623
1786527896.276,9.601,ENGAGED,AGGRESSIVE 6/60s (9%),14,1,0.841,11.693,-4.291,0.581,0.912,-0.073,1.0128
1786527896.376,9.700,ENGAGED,AGGRESSIVE 6/60s (9%),14,1,0.896,11.778,-4.298,0.602,1.065,-0.071,1.0614
1786527896.476,9.801,ENGAGED,AGGRESSIVE 6/60s (10%),14,1,0.959,11.889,-4.306,0.620,1.229,-0.062,1.1162
1786527896.576,9.900,ENGAGED,AGGRESSIVE 6/60s (10%),14,1,1.015,12.003,-4.313,0.604,1.375,-0.055,1.1681
1786527896.676,10.000,ENGAGED,AGGRESSIVE 6/60s (10%),14,1,1.071,12.129,-4.320,0.560,1.510,-0.063,1.2178
1786527896.776,10.100,ENGAGED,AGGRESSIVE 6/60s (10%),14,1,1.119,12.263,-4.328,0.491,1.580,-0.065,1.2684
1786527896.876,10.200,ENGAGED,AGGRESSIVE 6/60s (10%),14,1,1.162,12.406,-4.336,0.385,1.641,-0.071,1.3257
1786527896.976,10.300,ENGAGED,AGGRESSIVE 6/60s (10%),14,1,1.196,12.555,-4.344,0.306,1.715,-0.080,1.3923
1786527897.077,10.401,ENGAGED,AGGRESSIVE 6/60s (11%),14,1,1.219,12.708,-4.354,0.170,1.749,-0.086,1.4570
1786527897.176,10.500,ENGAGED,AGGRESSIVE 6/60s (11%),14,1,1.226,12.864,-4.364,-0.037,1.731,-0.085,1.5217
1786527897.276,10.600,ENGAGED,AGGRESSIVE 7/60s (11%),14,1,1.214,13.041,-4.374,-0.277,1.711,-0.043,1.5966
1786527897.376,10.700,ENGAGED,AGGRESSIVE 7/60s (11%),14,1,1.184,13.193,-4.379,-0.479,1.683,-0.013,1.6662
1786527897.476,10.800,ENGAGED,AGGRESSIVE 7/60s (11%),14,1,1.137,13.335,-4.380,-0.653,1.634,0.022,1.7293
1786527897.576,10.900,ENGAGED,AGGRESSIVE 7/60s (11%),14,1,1.072,13.471,-4.380,-0.857,1.481,0.015,1.7986
1786527897.676,11.000,ENGAGED,AGGRESSIVE 7/60s (12%),14,1,0.989,13.598,-4.381,-1.049,1.349,0.027,1.8609
1786527897.776,11.100,ENGAGED,AGGRESSIVE 7/60s (12%),14,1,0.880,13.720,-4.379,-1.237,1.212,0.042,1.9313
1786527897.876,11.200,ENGAGED,AGGRESSIVE 7/60s (12%),14,1,0.775,13.808,-4.377,-1.369,1.064,0.047,1.9866
1786527897.976,11.300,ENGAGED,AGGRESSIVE 7/60s (12%),14,1,0.645,13.890,-4.374,-1.485,0.881,0.038,2.0483
1786527898.076,11.400,ENGAGED,AGGRESSIVE 7/60s (12%),14,1,0.504,13.955,-4.372,-1.597,0.696,0.041,2.1134
1786527898.176,11.500,ENGAGED,AGGRESSIVE 7/60s (12%),14,1,0.354,13.999,-4.368,-1.678,0.447,0.041,2.1821
1786527898.276,11.601,ENGAGED,AGGRESSIVE 8/60s (13%),14,1,0.189,14.020,-4.365,-1.757,0.205,0.024,2.2517
1786527898.376,11.700,ENGAGED,AGGRESSIVE 8/60s (13%),14,1,0.039,14.022,-4.364,-1.767,0.072,0.009,2.3126
1786527898.476,11.800,ENGAGED,AGGRESSIVE 8/60s (13%),14,1,-0.113,14.007,-4.364,-1.798,-0.109,-0.001,2.3742
1786527898.576,11.900,ENGAGED,AGGRESSIVE 8/60s (13%),14,1,-0.256,13.980,-4.366,-1.751,-0.312,-0.004,2.4283
1786527898.676,12.000,ENGAGED,AGGRESSIVE 8/60s (13%),14,1,-0.417,13.932,-4.367,-1.773,-0.439,0.011,2.5002
1786527898.776,12.100,ENGAGED,AGGRESSIVE 8/60s (13%),14,1,-0.562,13.874,-4.369,-1.736,-0.595,-0.005,2.5658
1786527898.876,12.201,ENGAGED,AGGRESSIVE 8/60s (14%),14,1,-0.690,13.813,-4.371,-1.691,-0.736,-0.001,2.6218
1786527898.976,12.300,ENGAGED,AGGRESSIVE 8/60s (14%),14,1,-0.831,13.732,-4.372,-1.671,-0.867,0.026,2.6849
1786527899.076,12.400,ENGAGED,AGGRESSIVE 8/60s (14%),14,1,-0.987,13.628,-4.371,-1.637,-1.034,0.003,2.7545
1786527899.176,12.500,ENGAGED,AGGRESSIVE 8/60s (14%),14,1,-1.124,13.524,-4.371,-1.602,-1.118,0.015,2.8190
1786527899.277,12.601,ENGAGED,AGGRESSIVE 9/60s (14%),14,1,-1.275,13.395,-4.371,-1.544,-1.263,0.011,2.8951
1786527899.376,12.700,ENGAGED,AGGRESSIVE 9/60s (14%),14,1,-1.387,13.284,-4.372,-1.478,-1.332,-0.006,2.9560
1786527899.476,12.801,ENGAGED,AGGRESSIVE 9/60s (15%),14,1,-1.503,13.154,-4.377,-1.378,-1.444,-0.047,3.0281
1786527899.576,12.900,ENGAGED,AGGRESSIVE 9/60s (15%),14,1,-1.630,13.000,-4.386,-1.396,-1.521,-0.086,3.0983
1786527899.676,13.000,ENGAGED,AGGRESSIVE 9/60s (15%),14,1,-1.748,12.851,-4.397,-1.338,-1.605,-0.088,-3.1246
1786527899.776,13.100,ENGAGED,AGGRESSIVE 9/60s (15%),14,1,-1.866,12.688,-4.407,-1.241,-1.631,-0.063,-3.0614
1786527899.876,13.200,ENGAGED,AGGRESSIVE 9/60s (15%),14,1,-1.972,12.520,-4.414,-1.180,-1.718,-0.035,-2.9975
1786527899.976,13.300,ENGAGED,AGGRESSIVE 9/60s (15%),14,1,-2.063,12.347,-4.420,-1.053,-1.777,-0.039,-2.9334
1786527900.076,13.401,ENGAGED,AGGRESSIVE 9/60s (16%),14,1,-2.152,12.165,-4.427,-0.971,-1.801,-0.034,-2.8683
1786527900.176,13.500,ENGAGED,AGGRESSIVE 9/60s (16%),14,1,-2.233,11.986,-4.432,-0.791,-1.791,-0.031,-2.8144
1786527900.276,13.601,ENGAGED,AGGRESSIVE 10/60s (16%),14,1,-2.303,11.801,-4.436,-0.706,-1.861,-0.014,-2.7643
1786527900.376,13.700,ENGAGED,AGGRESSIVE 10/60s (16%),14,1,-2.358,11.630,-4.438,-0.560,-1.890,-0.003,-2.7146
1786527900.476,13.800,ENGAGED,AGGRESSIVE 10/60s (16%),14,1,-2.411,11.410,-4.437,-0.389,-1.901,0.010,-2.6448
1786527900.576,13.900,ENGAGED,AGGRESSIVE 10/60s (16%),14,1,-2.448,11.209,-4.436,-0.230,-1.899,0.018,-2.5820
1786527900.676,14.001,ENGAGED,AGGRESSIVE 10/60s (17%),14,1,-2.469,11.025,-4.435,-0.081,-1.911,0.018,-2.5243
1786527900.776,14.100,ENGAGED,AGGRESSIVE 10/60s (17%),14,1,-2.473,10.818,-4.433,0.089,-1.913,0.012,-2.4586
1786527900.876,14.200,ENGAGED,AGGRESSIVE 10/60s (17%),14,1,-2.462,10.595,-4.433,0.211,-2.008,-0.012,-2.3864
1786527900.976,14.300,ENGAGED,AGGRESSIVE 10/60s (17%),14,1,-2.432,10.395,-4.424,0.388,-1.713,0.177,-2.3421
1786527901.076,14.400,ENGAGED,AGGRESSIVE 10/60s (17%),14,1,-2.389,10.239,-4.396,0.549,-1.331,0.373,-2.3093
1786527901.176,14.500,ENGAGED,AGGRESSIVE 10/60s (17%),14,1,-2.337,10.118,-4.356,0.693,-1.028,0.464,-2.2835
1786527901.277,14.601,ENGAGED,AGGRESSIVE 11/60s (18%),14,1,-2.268,10.019,-4.302,0.752,-0.676,0.527,-2.2702
1786527901.376,14.700,ENGAGED,AGGRESSIVE 11/60s (18%),14,1,-2.203,9.934,-4.252,0.896,-0.383,0.543,-2.2687
1786527901.476,14.800,ENGAGED,AGGRESSIVE 11/60s (18%),14,1,-2.129,9.864,-4.201,0.992,-0.155,0.546,-2.2678
1786527901.576,14.900,ENGAGED,AGGRESSIVE 11/60s (18%),14,1,-2.048,9.809,-4.152,1.052,-0.028,0.504,-2.2701
1786527901.676,15.000,ENGAGED,AGGRESSIVE 11/60s (18%),14,1,-1.948,9.767,-4.101,1.088,0.161,0.471,-2.2735
1786527901.776,15.100,ENGAGED,AGGRESSIVE 11/60s (18%),14,1,-1.845,9.729,-4.057,1.164,0.306,0.442,-2.2783
1786527901.876,15.201,ENGAGED,AGGRESSIVE 11/60s (19%),14,1,-1.732,9.691,-4.016,1.225,0.437,0.406,-2.2798
1786527901.976,15.300,ENGAGED,AGGRESSIVE 11/60s (19%),14,1,-1.615,9.666,-3.980,1.305,0.508,0.399,-2.2766
1786527902.076,15.400,ENGAGED,AGGRESSIVE 11/60s (19%),14,1,-1.495,9.653,-3.945,1.285,0.636,0.371,-2.2732
1786527902.176,15.500,ENGAGED,AGGRESSIVE 11/60s (19%),14,1,-1.385,9.649,-3.917,1.298,0.703,0.338,-2.2705
1786527902.276,15.601,ENGAGED,AGGRESSIVE 12/60s (19%),14,1,-1.250,9.670,-3.885,1.278,0.814,0.308,-2.2647
1786527902.376,15.700,ENGAGED,AGGRESSIVE 12/60s (19%),14,1,-1.126,9.693,-3.858,1.282,0.879,0.303,-2.2568
1786527902.476,15.801,ENGAGED,AGGRESSIVE 12/60s (20%),14,1,-0.996,9.730,-3.832,1.318,0.995,0.306,-2.2480
1786527902.576,15.900,ENGAGED,AGGRESSIVE 12/60s (20%),14,1,-0.884,9.769,-3.811,1.269,1.025,0.282,-2.2470
1786527902.676,16.000,ENGAGED,AGGRESSIVE 12/60s (20%),14,1,-0.745,9.831,-3.788,1.270,1.111,0.253,-2.2484
1786527902.776,16.100,ENGAGED,AGGRESSIVE 12/60s (20%),14,1,-0.605,9.906,-3.769,1.257,1.218,0.217,-2.2480
1786527902.876,16.200,ENGAGED,AGGRESSIVE 12/60s (20%),14,1,-0.487,9.975,-3.756,1.223,1.233,0.196,-2.2471
1786527902.976,16.300,ENGAGED,AGGRESSIVE 12/60s (20%),14,1,-0.373,10.050,-3.745,1.241,1.291,0.172,-2.2461
1786527903.076,16.401,ENGAGED,AGGRESSIVE 12/60s (21%),14,1,-0.236,10.146,-3.735,1.242,1.357,0.154,-2.2455
1786527903.176,16.500,ENGAGED,AGGRESSIVE 12/60s (21%),14,1,-0.105,10.243,-3.727,1.224,1.410,0.120,-2.2456
1786527903.276,16.600,ENGAGED,AGGRESSIVE 13/60s (21%),14,1,0.030,10.361,-3.722,1.172,1.453,0.075,-2.2488
1786527903.376,16.700,ENGAGED,AGGRESSIVE 13/60s (21%),14,1,0.146,10.465,-3.722,1.180,1.528,0.036,-2.2500
1786527903.476,16.800,ENGAGED,AGGRESSIVE 13/60s (21%),14,1,0.285,10.585,-3.725,1.157,1.500,0.002,-2.2463
1786527903.576,16.900,ENGAGED,AGGRESSIVE 13/60s (21%),14,1,0.417,10.705,-3.730,1.181,1.594,-0.011,-2.2472
1786527903.676,17.001,ENGAGED,AGGRESSIVE 13/60s (22%),14,1,0.544,10.825,-3.735,1.171,1.558,-0.038,-2.2479
1786527903.776,17.100,ENGAGED,AGGRESSIVE 13/60s (22%),14,1,0.694,10.978,-3.745,1.163,1.611,-0.072,-2.2418
1786527903.876,17.200,ENGAGED,AGGRESSIVE 13/60s (22%),14,1,0.817,11.111,-3.757,1.121,1.616,-0.107,-2.2422
1786527903.976,17.300,ENGAGED,AGGRESSIVE 13/60s (22%),14,1,0.964,11.270,-3.774,1.112,1.676,-0.130,-2.2447
1786527904.076,17.400,ENGAGED,AGGRESSIVE 13/60s (22%),14,1,1.086,11.410,-3.789,1.100,1.688,-0.154,-2.2483
1786527904.176,17.500,ENGAGED,AGGRESSIVE 13/60s (22%),14,1,1.226,11.580,-3.809,1.128,1.697,-0.188,-2.2511
1786527904.276,17.601,ENGAGED,AGGRESSIVE 14/60s (23%),14,1,1.367,11.761,-3.832,1.103,1.728,-0.223,-2.2474
1786527904.376,17.700,ENGAGED,AGGRESSIVE 14/60s (23%),14,1,1.481,11.911,-3.854,1.083,1.725,-0.253,-2.2455
1786527904.476,17.800,ENGAGED,AGGRESSIVE 14/60s (23%),14,1,1.617,12.100,-3.883,1.073,1.761,-0.269,-2.2447
1786527904.576,17.900,ENGAGED,AGGRESSIVE 14/60s (23%),14,1,1.746,12.279,-3.910,1.006,1.740,-0.282,-2.2431
1786527904.676,18.000,ENGAGED,AGGRESSIVE 14/60s (23%),14,1,1.879,12.472,-3.940,1.030,1.798,-0.291,-2.2466
1786527904.776,18.100,ENGAGED,AGGRESSIVE 14/60s (23%),14,1,2.006,12.655,-3.970,0.996,1.775,-0.322,-2.2498
1786527904.876,18.201,ENGAGED,AGGRESSIVE 14/60s (24%),14,1,2.119,12.822,-3.999,0.909,1.676,-0.332,-2.2515
1786527904.976,18.300,ENGAGED,AGGRESSIVE 14/60s (24%),14,1,2.254,13.038,-4.039,0.779,1.638,-0.365,-2.2508
1786527905.076,18.400,ENGAGED,AGGRESSIVE 14/60s (24%),14,1,2.352,13.202,-4.073,0.697,1.601,-0.402,-2.2501
1786527905.176,18.500,ENGAGED,AGGRESSIVE 14/60s (24%),14,1,2.445,13.365,-4.110,0.605,1.417,-0.407,-2.2502
1786527905.276,18.601,ENGAGED,AGGRESSIVE 15/60s (24%),14,1,2.530,13.518,-4.150,0.536,1.304,-0.410,-2.2489
1786527905.376,18.700,ENGAGED,AGGRESSIVE 15/60s (24%),14,1,2.613,13.663,-4.192,0.470,1.172,-0.429,-2.2477
1786527905.477,18.801,ENGAGED,AGGRESSIVE 15/60s (25%),14,1,2.685,13.788,-4.232,0.379,1.044,-0.428,-2.2486
1786527905.576,18.900,ENGAGED,AGGRESSIVE 15/60s (25%),14,1,2.750,13.895,-4.271,0.316,0.901,-0.433,-2.2535
1786527905.676,19.000,ENGAGED,AGGRESSIVE 15/60s (25%),14,1,2.817,14.005,-4.315,0.270,0.816,-0.449,-2.2569
1786527905.776,19.100,ENGAGED,AGGRESSIVE 15/60s (25%),14,1,2.882,14.109,-4.361,0.188,0.621,-0.440,-2.2560
1786527905.876,19.200,ENGAGED,AGGRESSIVE 15/60s (25%),14,1,2.940,14.197,-4.401,0.207,0.582,-0.345,-2.2560
1786527905.976,19.300,ENGAGED,AGGRESSIVE 15/60s (25%),14,1,2.986,14.266,-4.427,0.065,0.386,-0.237,-2.2678
1786527906.076,19.401,ENGAGED,AGGRESSIVE 15/60s (26%),14,1,3.013,14.317,-4.444,-0.130,0.181,-0.128,-2.2947
1786527906.176,19.500,ENGAGED,AGGRESSIVE 15/60s (26%),14,1,3.019,14.358,-4.451,-0.408,-0.074,-0.009,-2.3418
1786527906.276,19.601,ENGAGED,AGGRESSIVE 16/60s (26%),14,1,3.000,14.370,-4.450,-0.579,-0.254,0.050,-2.3873
1786527906.376,19.700,ENGAGED,AGGRESSIVE 16/60s (26%),14,1,2.970,14.368,-4.446,-0.703,-0.384,0.076,-2.4325
1786527906.476,19.800,ENGAGED,AGGRESSIVE 16/60s (26%),14,1,2.913,14.347,-4.439,-0.850,-0.494,0.095,-2.4893
1786527906.577,19.901,ENGAGED,AGGRESSIVE 16/60s (27%),14,1,2.847,14.315,-4.433,-0.980,-0.632,0.090,-2.5438
1786527906.676,20.000,ENGAGED,AGGRESSIVE 16/60s (27%),14,1,2.775,14.276,-4.430,-1.093,-0.691,0.092,-2.6008
1786527906.776,20.100,ENGAGED,AGGRESSIVE 16/60s (27%),14,1,2.692,14.229,-4.427,-1.142,-0.748,0.082,-2.6612
1786527906.876,20.200,ENGAGED,AGGRESSIVE 16/60s (27%),14,1,2.597,14.173,-4.426,-1.238,-0.781,0.083,-2.7259
1786527906.976,20.300,ENGAGED,AGGRESSIVE 16/60s (27%),14,1,2.498,14.113,-4.426,-1.239,-0.841,0.087,-2.7891
1786527907.076,20.400,ENGAGED,AGGRESSIVE 16/60s (27%),14,1,2.384,14.038,-4.427,-1.320,-0.880,0.089,-2.8604
1786527907.176,20.500,ENGAGED,AGGRESSIVE 16/60s (27%),14,1,2.276,13.969,-4.428,-1.360,-0.893,0.090,-2.9236
1786527907.276,20.601,ENGAGED,AGGRESSIVE 17/60s (28%),14,1,2.168,13.899,-4.429,-1.421,-0.899,0.095,-2.9831
1786527907.376,20.700,ENGAGED,AGGRESSIVE 17/60s (28%),14,1,2.038,13.816,-4.431,-1.425,-0.899,0.075,-3.0531
1786527907.476,20.800,ENGAGED,AGGRESSIVE 17/60s (28%),14,1,1.922,13.741,-4.432,-1.478,-0.880,0.075,-3.1106
1786527907.576,20.900,ENGAGED,AGGRESSIVE 17/60s (28%),14,1,1.776,13.656,-4.434,-1.537,-0.840,0.079,3.1035
1786527907.676,21.000,ENGAGED,AGGRESSIVE 17/60s (28%),14,1,1.648,13.589,-4.435,-1.557,-0.801,0.067,3.0417
1786527907.776,21.100,ENGAGED,AGGRESSIVE 17/60s (28%),14,1,1.485,13.513,-4.437,-1.631,-0.758,0.073,2.9693
1786527907.877,21.201,ENGAGED,AGGRESSIVE 17/60s (29%),14,1,1.331,13.447,-4.439,-1.684,-0.711,0.061,2.9051
1786527907.976,21.300,ENGAGED,AGGRESSIVE 17/60s (29%),14,1,1.169,13.386,-4.441,-1.694,-0.649,0.056,2.8438
1786527908.076,21.400,ENGAGED,AGGRESSIVE 17/60s (29%),14,1,0.997,13.328,-4.442,-1.744,-0.582,0.052,2.7870
1786527908.176,21.500,ENGAGED,AGGRESSIVE 17/60s (29%),14,1,0.822,13.276,-4.445,-1.805,-0.507,0.042,2.7310
1786527908.277,21.601,ENGAGED,AGGRESSIVE 18/60s (29%),14,1,0.626,13.223,-4.451,-1.900,-0.443,0.007,2.6656
1786527908.376,21.700,ENGAGED,AGGRESSIVE 18/60s (29%),14,1,0.448,13.192,-4.462,-1.810,-0.151,-0.049,2.5989
1786527908.476,21.800,ENGAGED,AGGRESSIVE 18/60s (30%),14,1,0.297,13.190,-4.473,-1.702,0.106,-0.043,2.5381
1786527908.576,21.900,ENGAGED,AGGRESSIVE 18/60s (30%),14,1,0.119,13.216,-4.483,-1.456,0.401,-0.016,2.4577
1786527908.676,22.000,ENGAGED,AGGRESSIVE 18/60s (30%),14,1,-0.023,13.264,-4.489,-1.238,0.657,0.017,2.3936
1786527908.776,22.100,ENGAGED,AGGRESSIVE 18/60s (30%),14,1,-0.144,13.326,-4.491,-0.998,0.865,0.050,2.3305
1786527908.876,22.200,ENGAGED,AGGRESSIVE 18/60s (30%),14,1,-0.242,13.401,-4.491,-0.736,0.949,0.028,2.2671
1786527908.976,22.300,ENGAGED,AGGRESSIVE 18/60s (30%),14,1,-0.316,13.479,-4.491,-0.463,1.098,0.039,2.2087
1786527909.076,22.401,ENGAGED,AGGRESSIVE 18/60s (31%),14,1,-0.378,13.580,-4.490,-0.191,1.135,0.038,2.1452
1786527909.176,22.500,ENGAGED,AGGRESSIVE 18/60s (31%),14,1,-0.414,13.683,-4.487,0.091,1.118,0.055,2.0769
1786527909.276,22.601,ENGAGED,AGGRESSIVE 19/60s (31%),14,1,-0.418,13.772,-4.483,0.304,1.128,0.070,2.0168
1786527909.376,22.700,ENGAGED,AGGRESSIVE 19/60s (31%),14,1,-0.409,13.866,-4.477,0.555,1.056,0.103,1.9495
1786527909.476,22.800,ENGAGED,AGGRESSIVE 19/60s (31%),14,1,-0.385,13.942,-4.470,0.724,1.011,0.121,1.8969
1786527909.576,22.900,ENGAGED,AGGRESSIVE 19/60s (31%),14,1,-0.340,14.034,-4.460,0.915,0.950,0.119,1.8380
1786527909.676,23.001,ENGAGED,AGGRESSIVE 19/60s (32%),14,1,-0.281,14.119,-4.452,1.085,0.880,0.118,1.7771
1786527909.776,23.100,ENGAGED,AGGRESSIVE 19/60s (32%),14,1,-0.211,14.190,-4.446,1.189,0.788,0.110,1.7206
1786527909.876,23.200,ENGAGED,AGGRESSIVE 19/60s (32%),14,1,-0.126,14.257,-4.439,1.302,0.692,0.107,1.6601
1786527909.976,23.300,ENGAGED,AGGRESSIVE 19/60s (32%),14,1,-0.019,14.319,-4.432,1.453,0.615,0.114,1.6002
1786527910.076,23.400,ENGAGED,AGGRESSIVE 19/60s (32%),14,1,0.090,14.370,-4.426,1.524,0.470,0.090,1.5465
1786527910.176,23.500,ENGAGED,AGGRESSIVE 19/60s (32%),14,1,0.195,14.408,-4.422,1.596,0.375,0.083,1.4943
1786527910.277,23.601,ENGAGED,AGGRESSIVE 20/60s (33%),14,1,0.317,14.439,-4.420,1.651,0.294,0.086,1.4360
1786527910.376,23.700,ENGAGED,AGGRESSIVE 20/60s (33%),14,1,0.454,14.466,-4.417,1.656,0.143,0.070,1.3704
1786527910.476,23.800,ENGAGED,AGGRESSIVE 20/60s (33%),14,1,0.586,14.480,-4.415,1.710,0.039,0.062,1.3074
1786527910.576,23.900,ENGAGED,AGGRESSIVE 20/60s (33%),14,1,0.730,14.483,-4.415,1.761,-0.066,0.053,1.2409
1786527910.676,24.000,ENGAGED,AGGRESSIVE 20/60s (33%),14,1,0.858,14.478,-4.415,1.761,-0.186,0.064,1.1833
1786527910.776,24.100,ENGAGED,AGGRESSIVE 20/60s (33%),14,1,1.020,14.462,-4.415,1.786,-0.265,0.058,1.1118
1786527910.876,24.201,ENGAGED,AGGRESSIVE 20/60s (34%),14,1,1.183,14.440,-4.417,1.899,-0.334,-0.134,1.0512
1786527910.976,24.300,ENGAGED,AGGRESSIVE 20/60s (34%),14,1,1.326,14.407,-4.452,1.595,-0.601,-0.463,1.0168
1786527911.076,24.400,ENGAGED,AGGRESSIVE 20/60s (34%),14,1,1.441,14.345,-4.510,1.223,-0.835,-0.584,0.9866
1786527911.176,24.500,ENGAGED,AGGRESSIVE 20/60s (34%),14,1,1.530,14.260,-4.578,0.875,-1.075,-0.648,0.9589
1786527911.276,24.601,ENGAGED,AGGRESSIVE 21/60s (34%),14,1,1.604,14.148,-4.659,0.641,-1.208,-0.701,0.9370
1786527911.376,24.700,ENGAGED,AGGRESSIVE 21/60s (34%),14,1,1.651,14.052,-4.726,0.455,-1.324,-0.703,0.9296
1786527911.476,24.801,ENGAGED,AGGRESSIVE 21/60s (35%),14,1,1.686,13.939,-4.796,0.313,-1.383,-0.699,0.9296
1786527911.576,24.900,ENGAGED,AGGRESSIVE 21/60s (35%),14,1,1.710,13.817,-4.866,0.137,-1.449,-0.675,0.9312
1786527911.676,25.000,ENGAGED,AGGRESSIVE 21/60s (35%),14,1,1.722,13.679,-4.935,-0.013,-1.489,-0.633,0.9310
1786527911.776,25.100,ENGAGED,AGGRESSIVE 21/60s (35%),14,1,1.722,13.544,-4.996,-0.107,-1.514,-0.588,0.9301
1786527911.876,25.200,ENGAGED,AGGRESSIVE 21/60s (35%),14,1,1.713,13.398,-5.056,-0.243,-1.553,-0.549,0.9339
1786527911.976,25.300,ENGAGED,AGGRESSIVE 21/60s (35%),14,1,1.692,13.254,-5.109,-0.362,-1.561,-0.526,0.9366
1786527912.077,25.401,ENGAGED,AGGRESSIVE 21/60s (36%),14,1,1.663,13.101,-5.161,-0.451,-1.619,-0.484,0.9369
1786527912.176,25.500,ENGAGED,AGGRESSIVE 21/60s (36%),14,1,1.621,12.948,-5.208,-0.544,-1.608,-0.429,0.9351
1786527912.276,25.601,ENGAGED,AGGRESSIVE 22/60s (36%),14,1,1.566,12.790,-5.252,-0.612,-1.604,-0.384,0.9368
1786527912.376,25.700,ENGAGED,AGGRESSIVE 22/60s (36%),14,1,1.512,12.642,-5.290,-0.656,-1.559,-0.352,0.9331
1786527912.476,25.800,ENGAGED,AGGRESSIVE 22/60s (36%),14,1,1.459,12.505,-5.321,-0.694,-1.536,-0.318,0.9226
1786527912.576,25.900,ENGAGED,AGGRESSIVE 22/60s (36%),14,1,1.395,12.345,-5.353,-0.722,-1.499,-0.269,0.9082
1786527912.676,26.001,ENGAGED,AGGRESSIVE 22/60s (37%),14,1,1.334,12.201,-5.377,-0.754,-1.439,-0.223,0.8993
1786527912.776,26.100,ENGAGED,AGGRESSIVE 22/60s (37%),14,1,1.270,12.064,-5.396,-0.722,-1.352,-0.175,0.8934
1786527912.876,26.200,ENGAGED,AGGRESSIVE 22/60s (37%),14,1,1.204,11.922,-5.412,-0.703,-1.260,-0.132,0.8937
1786527912.976,26.300,ENGAGED,AGGRESSIVE 22/60s (37%),14,1,1.144,11.797,-5.422,-0.637,-1.157,-0.081,0.8891
1786527913.076,26.400,ENGAGED,AGGRESSIVE 22/60s (37%),14,1,1.087,11.681,-5.427,-0.669,-1.056,-0.039,0.8865
1786527913.176,26.500,ENGAGED,AGGRESSIVE 22/60s (37%),14,1,1.036,11.580,-5.428,-0.603,-0.953,-0.002,0.8878
1786527913.277,26.601,ENGAGED,AGGRESSIVE 23/60s (38%),14,1,0.978,11.476,-5.425,-0.593,-0.833,0.039,0.8883
1786527913.376,26.700,ENGAGED,AGGRESSIVE 23/60s (38%),14,1,0.929,11.393,-5.419,-0.565,-0.744,0.065,0.8893
1786527913.476,26.800,ENGAGED,AGGRESSIVE 23/60s (38%),14,1,0.882,11.320,-5.410,-0.516,-0.623,0.111,0.8893
1786527913.576,26.900,ENGAGED,AGGRESSIVE 23/60s (38%),14,1,0.837,11.250,-5.398,-0.506,-0.519,0.136,0.8877
1786527913.676,27.000,ENGAGED,AGGRESSIVE 23/60s (38%),14,1,0.795,11.192,-5.382,-0.455,-0.464,0.167,0.8858
1786527913.776,27.100,ENGAGED,AGGRESSIVE 23/60s (38%),14,1,0.758,11.139,-5.362,-0.380,-0.386,0.207,0.8849
1786527913.876,27.201,ENGAGED,AGGRESSIVE 23/60s (39%),14,1,0.726,11.095,-5.339,-0.361,-0.288,0.250,0.8852
1786527913.976,27.300,ENGAGED,AGGRESSIVE 23/60s (39%),14,1,0.689,11.053,-5.309,-0.306,-0.167,0.289,0.8838
1786527914.076,27.400,ENGAGED,AGGRESSIVE 23/60s (39%),14,1,0.664,11.023,-5.281,-0.258,-0.128,0.324,0.8820
1786527914.176,27.500,ENGAGED,AGGRESSIVE 23/60s (39%),14,1,0.642,10.993,-5.247,-0.230,-0.060,0.358,0.8843
1786527914.276,27.601,ENGAGED,AGGRESSIVE 24/60s (39%),14,1,0.624,10.976,-5.212,-0.215,-0.015,0.378,0.8858
1786527914.376,27.700,ENGAGED,AGGRESSIVE 24/60s (39%),14,1,0.607,10.964,-5.174,-0.157,0.058,0.410,0.8874
1786527914.476,27.801,ENGAGED,AGGRESSIVE 24/60s (40%),14,1,0.590,10.957,-5.131,-0.162,0.118,0.442,0.8886
1786527914.576,27.900,ENGAGED,AGGRESSIVE 24/60s (40%),14,1,0.573,10.956,-5.086,-0.146,0.145,0.457,0.8899
1786527914.676,28.000,ENGAGED,AGGRESSIVE 24/60s (40%),14,1,0.563,10.959,-5.041,-0.075,0.209,0.498,0.8877
1786527914.776,28.100,ENGAGED,AGGRESSIVE 24/60s (40%),14,1,0.554,10.969,-4.990,-0.104,0.240,0.534,0.8855
1786527914.876,28.200,ENGAGED,AGGRESSIVE 24/60s (40%),14,1,0.548,10.985,-4.935,-0.077,0.292,0.566,0.8839
1786527914.976,28.300,ENGAGED,AGGRESSIVE 24/60s (40%),14,1,0.546,11.005,-4.882,-0.032,0.331,0.589,0.8838
1786527915.076,28.401,ENGAGED,AGGRESSIVE 24/60s (41%),14,1,0.546,11.035,-4.818,-0.009,0.374,0.621,0.8830
1786527915.176,28.500,ENGAGED,AGGRESSIVE 24/60s (41%),14,1,0.550,11.066,-4.759,0.034,0.419,0.630,0.8831
1786527915.276,28.600,ENGAGED,AGGRESSIVE 25/60s (41%),14,1,0.553,11.101,-4.694,0.023,0.430,0.624,0.8836
1786527915.376,28.700,ENGAGED,AGGRESSIVE 25/60s (41%),14,1,0.556,11.130,-4.639,0.018,0.417,0.608,0.8865
1786527915.476,28.800,ENGAGED,AGGRESSIVE 25/60s (41%),14,1,0.566,11.166,-4.575,0.006,0.406,0.620,0.8887
1786527915.576,28.900,ENGAGED,AGGRESSIVE 25/60s (41%),14,1,0.570,11.195,-4.520,0.045,0.424,0.629,0.8900
1786527915.676,29.001,ENGAGED,AGGRESSIVE 25/60s (42%),14,1,0.574,11.225,-4.460,0.012,0.393,0.632,0.8899
1786527915.776,29.100,ENGAGED,AGGRESSIVE 25/60s (42%),14,1,0.580,11.253,-4.399,0.038,0.362,0.631,0.8884
1786527915.876,29.200,ENGAGED,AGGRESSIVE 25/60s (42%),14,1,0.587,11.282,-4.332,-0.006,0.302,0.556,0.8892
1786527915.976,29.300,ENGAGED,AGGRESSIVE 25/60s (42%),14,1,0.592,11.311,-4.296,0.121,0.498,0.182,0.9018
1786527916.076,29.400,ENGAGED,AGGRESSIVE 25/60s (42%),14,1,0.616,11.369,-4.286,0.303,0.730,0.025,0.9320
1786527916.176,29.500,ENGAGED,AGGRESSIVE 25/60s (42%),14,1,0.654,11.441,-4.287,0.440,0.933,-0.028,0.9708
1786527916.277,29.601,ENGAGED,AGGRESSIVE 26/60s (43%),14,1,0.697,11.526,-4.292,0.509,1.062,-0.064,1.0153
1786527916.376,29.700,ENGAGED,AGGRESSIVE 26/60s (43%),14,1,0.747,11.625,-4.298,0.562,1.214,-0.066,1.0681
1786527916.476,29.800,ENGAGED,AGGRESSIVE 26/60s (43%),14,1,0.802,11.737,-4.304,0.599,1.308,-0.061,1.1232
1786527916.576,29.900,ENGAGED,AGGRESSIVE 26/60s (43%),14,1,0.861,11.867,-4.310,0.597,1.436,-0.046,1.1824
1786527916.676,30.000,ENGAGED,AGGRESSIVE 26/60s (43%),14,1,0.915,11.999,-4.315,0.530,1.524,-0.039,1.2374
1786527916.776,30.100,ENGAGED,AGGRESSIVE 26/60s (43%),14,1,0.964,12.131,-4.319,0.506,1.597,-0.031,1.2905
1786527916.876,30.200,ENGAGED,AGGRESSIVE 26/60s (44%),14,1,1.014,12.284,-4.323,0.435,1.681,-0.021,1.3493
1786527916.976,30.300,ENGAGED,AGGRESSIVE 26/60s (44%),14,1,1.053,12.440,-4.327,0.336,1.715,-0.033,1.4109
1786527917.076,30.400,ENGAGED,AGGRESSIVE 26/60s (44%),14,1,1.085,12.606,-4.333,0.246,1.721,-0.044,1.4792
1786527917.176,30.500,ENGAGED,AGGRESSIVE 26/60s (44%),14,1,1.107,12.768,-4.340,0.097,1.733,-0.040,1.5425
1786527917.277,30.601,ENGAGED,AGGRESSIVE 27/60s (44%),14,1,1.110,12.942,-4.346,-0.123,1.696,-0.042,1.6136
1786527917.376,30.700,ENGAGED,AGGRESSIVE 27/60s (44%),14,1,1.098,13.097,-4.351,-0.312,1.630,-0.031,1.6782
1786527917.476,30.801,ENGAGED,AGGRESSIVE 27/60s (45%),14,1,1.067,13.242,-4.355,-0.514,1.558,-0.020,1.7407
1786527917.576,30.900,ENGAGED,AGGRESSIVE 27/60s (45%),14,1,1.023,13.368,-4.357,-0.659,1.459,-0.017,1.7935
1786527917.676,31.000,ENGAGED,AGGRESSIVE 27/60s (45%),14,1,0.953,13.505,-4.360,-0.849,1.331,-0.019,1.8575
1786527917.776,31.100,ENGAGED,AGGRESSIVE 27/60s (45%),14,1,0.860,13.638,-4.361,-1.054,1.171,-0.004,1.9238
1786527917.876,31.200,ENGAGED,AGGRESSIVE 27/60s (45%),14,1,0.772,13.736,-4.360,-1.201,1.068,0.006,1.9793
1786527917.976,31.300,ENGAGED,AGGRESSIVE 27/60s (45%),14,1,0.645,13.846,-4.359,-1.321,0.889,0.009,2.0448
1786527918.077,31.401,ENGAGED,AGGRESSIVE 27/60s (46%),14,1,0.517,13.934,-4.357,-1.459,0.722,0.005,2.1048
1786527918.176,31.500,ENGAGED,AGGRESSIVE 27/60s (46%),14,1,0.367,14.013,-4.355,-1.544,0.569,0.002,2.1719
1786527918.276,31.601,ENGAGED,AGGRESSIVE 28/60s (46%),14,1,0.230,14.064,-4.354,-1.622,0.450,0.003,2.2300
1786527918.376,31.700,ENGAGED,AGGRESSIVE 28/60s (46%),14,1,0.083,14.107,-4.352,-1.657,0.261,0.002,2.2927
1786527918.476,31.800,ENGAGED,AGGRESSIVE 28/60s (46%),14,1,-0.084,14.136,-4.350,-1.697,0.093,0.005,2.3605
1786527918.576,31.900,ENGAGED,AGGRESSIVE 28/60s (46%),14,1,-0.241,14.148,-4.346,-1.689,-0.109,0.016,2.4259
1786527918.676,32.001,ENGAGED,AGGRESSIVE 28/60s (47%),14,1,-0.397,14.144,-4.344,-1.697,-0.265,0.000,2.4876
1786527918.776,32.100,ENGAGED,AGGRESSIVE 28/60s (47%),14,1,-0.544,14.129,-4.343,-1.652,-0.426,-0.019,2.5448
1786527918.876,32.200,ENGAGED,AGGRESSIVE 28/60s (47%),14,1,-0.685,14.102,-4.343,-1.645,-0.580,-0.026,2.6035
1786527918.976,32.300,ENGAGED,AGGRESSIVE 28/60s (47%),14,1,-0.851,14.055,-4.344,-1.587,-0.706,-0.026,2.6696
1786527919.076,32.400,ENGAGED,AGGRESSIVE 28/60s (47%),14,1,-0.999,13.997,-4.345,-1.546,-0.828,-0.027,2.7325
1786527919.176,32.500,ENGAGED,AGGRESSIVE 28/60s (47%),14,1,-1.157,13.921,-4.346,-1.494,-0.994,-0.026,2.7999
1786527919.276,32.601,ENGAGED,AGGRESSIVE 29/60s (48%),14,1,-1.307,13.829,-4.347,-1.447,-1.080,-0.027,2.8695
1786527919.376,32.700,ENGAGED,AGGRESSIVE 29/60s (48%),14,1,-1.427,13.744,-4.348,-1.327,-1.185,-0.017,2.9311
1786527919.476,32.800,ENGAGED,AGGRESSIVE 29/60s (48%),14,1,-1.548,13.648,-4.350,-1.232,-1.275,-0.046,2.9972
1786527919.576,32.900,ENGAGED,AGGRESSIVE 29/60s (48%),14,1,-1.663,13.543,-4.354,-1.180,-1.342,-0.045,3.0624
1786527919.676,33.000,ENGAGED,AGGRESSIVE 29/60s (48%),14,1,-1.772,13.431,-4.358,-1.090,-1.417,-0.055,3.1273
1786527919.776,33.100,ENGAGED,AGGRESSIVE 29/60s (48%),14,1,-1.876,13.310,-4.362,-0.972,-1.462,-0.050,-3.0939
1786527919.876,33.200,ENGAGED,AGGRESSIVE 29/60s (49%),14,1,-1.975,13.177,-4.367,-0.878,-1.569,-0.036,-3.0345
1786527919.976,33.300,ENGAGED,AGGRESSIVE 29/60s (49%),14,1,-2.070,13.028,-4.372,-0.748,-1.630,-0.043,-2.9696
1786527920.076,33.400,ENGAGED,AGGRESSIVE 29/60s (49%),14,1,-2.161,12.859,-4.377,-0.645,-1.687,-0.044,-2.8967
1786527920.176,33.500,ENGAGED,AGGRESSIVE 29/60s (49%),14,1,-2.228,12.721,-4.381,-0.515,-1.712,-0.036,-2.8419
1786527920.277,33.601,ENGAGED,AGGRESSIVE 30/60s (49%),14,1,-2.289,12.570,-4.386,-0.440,-1.733,-0.029,-2.7831
1786527920.376,33.700,ENGAGED,AGGRESSIVE 30/60s (49%),14,1,-2.341,12.409,-4.390,-0.351,-1.772,-0.029,-2.7221
1786527920.476,33.801,ENGAGED,AGGRESSIVE 30/60s (50%),14,1,-2.384,12.248,-4.393,-0.237,-1.758,-0.032,-2.6606
1786527920.576,33.900,ENGAGED,AGGRESSIVE 30/60s (50%),14,1,-2.420,12.084,-4.395,-0.092,-1.801,-0.019,-2.5994
1786527920.676,34.000,ENGAGED,AGGRESSIVE 30/60s (50%),14,1,-2.446,11.928,-4.396,-0.033,-1.802,-0.016,-2.5443
1786527920.776,34.100,ENGAGED,AGGRESSIVE 30/60s (50%),14,1,-2.466,11.717,-4.397,0.082,-1.831,-0.011,-2.4725
1786527920.876,34.200,ENGAGED,AGGRESSIVE 30/60s (50%),14,1,-2.475,11.531,-4.398,0.174,-1.960,-0.019,-2.4094
1786527920.976,34.300,ENGAGED,AGGRESSIVE 30/60s (50%),14,1,-2.476,11.343,-4.394,0.365,-1.678,0.137,-2.3661
1786527921.076,34.401,ENGAGED,AGGRESSIVE 30/60s (51%),14,1,-2.454,11.190,-4.371,0.557,-1.385,0.323,-2.3375
1786527921.176,34.500,ENGAGED,AGGRESSIVE 30/60s (51%),14,1,-2.413,11.063,-4.333,0.711,-1.079,0.445,-2.3128
1786527921.276,34.601,ENGAGED,AGGRESSIVE 31/60s (51%),14,1,-2.348,10.953,-4.280,0.881,-0.769,0.508,-2.2895
1786527921.376,34.700,ENGAGED,AGGRESSIVE 31/60s (51%),14,1,-2.274,10.882,-4.229,1.003,-0.487,0.527,-2.2742
1786527921.476,34.800,ENGAGED,AGGRESSIVE 31/60s (51%),14,1,-2.188,10.832,-4.178,1.152,-0.257,0.532,-2.2638
1786527921.576,34.900,ENGAGED,AGGRESSIVE 31/60s (51%),14,1,-2.093,10.796,-4.128,1.244,-0.046,0.513,-2.2581
1786527921.676,35.001,ENGAGED,AGGRESSIVE 31/60s (52%),14,1,-1.982,10.775,-4.078,1.324,0.132,0.510,-2.2552
1786527921.776,35.100,ENGAGED,AGGRESSIVE 31/60s (52%),14,1,-1.872,10.766,-4.033,1.421,0.312,0.481,-2.2516
1786527921.876,35.200,ENGAGED,AGGRESSIVE 31/60s (52%),14,1,-1.750,10.768,-3.990,1.441,0.412,0.461,-2.2494
1786527921.976,35.300,ENGAGED,AGGRESSIVE 31/60s (52%),14,1,-1.624,10.779,-3.950,1.524,0.507,0.435,-2.2482
1786527922.076,35.400,ENGAGED,AGGRESSIVE 31/60s (52%),14,1,-1.488,10.804,-3.911,1.521,0.634,0.412,-2.2472
1786527922.176,35.500,ENGAGED,AGGRESSIVE 31/60s (52%),14,1,-1.339,10.840,-3.872,1.551,0.715,0.402,-2.2502
1786527922.276,35.601,ENGAGED,AGGRESSIVE 32/60s (53%),14,1,-1.210,10.880,-3.841,1.542,0.813,0.367,-2.2503
1786527922.376,35.700,ENGAGED,AGGRESSIVE 32/60s (53%),14,1,-1.070,10.933,-3.812,1.535,0.873,0.313,-2.2516
1786527922.476,35.800,ENGAGED,AGGRESSIVE 32/60s (53%),14,1,-0.933,10.988,-3.789,1.547,0.948,0.282,-2.2518
1786527922.576,35.900,ENGAGED,AGGRESSIVE 32/60s (53%),14,1,-0.795,11.049,-3.770,1.505,0.970,0.255,-2.2501
1786527922.676,36.000,ENGAGED,AGGRESSIVE 32/60s (53%),14,1,-0.669,11.112,-3.755,1.516,1.033,0.233,-2.2485
1786527922.776,36.100,ENGAGED,AGGRESSIVE 32/60s (53%),14,1,-0.503,11.202,-3.737,1.486,1.029,0.212,-2.2467
1786527922.876,36.201,ENGAGED,AGGRESSIVE 32/60s (54%),14,1,-0.376,11.273,-3.726,1.524,1.103,0.186,-2.2466
1786527922.976,36.300,ENGAGED,AGGRESSIVE 32/60s (54%),14,1,-0.231,11.357,-3.715,1.492,1.115,0.141,-2.2458
1786527923.076,36.400,ENGAGED,AGGRESSIVE 32/60s (54%),14,1,-0.089,11.443,-3.709,1.552,1.225,0.132,-2.2459
1786527923.176,36.500,ENGAGED,AGGRESSIVE 32/60s (54%),14,1,0.072,11.547,-3.703,1.520,1.236,0.100,-2.2468
1786527923.276,36.601,ENGAGED,AGGRESSIVE 33/60s (54%),14,1,0.219,11.649,-3.700,1.537,1.241,0.072,-2.2469
1786527923.376,36.700,ENGAGED,AGGRESSIVE 33/60s (54%),14,1,0.360,11.752,-3.701,1.463,1.230,0.028,-2.2481
1786527923.476,36.801,ENGAGED,AGGRESSIVE 33/60s (55%),14,1,0.516,11.865,-3.705,1.499,1.245,-0.005,-2.2497
1786527923.576,36.900,ENGAGED,AGGRESSIVE 33/60s (55%),14,1,0.678,11.979,-3.714,1.520,1.282,-0.052,-2.2510
1786527923.676,37.000,ENGAGED,AGGRESSIVE 33/60s (55%),14,1,0.819,12.077,-3.726,1.528,1.270,-0.095,-2.2525
1786527923.776,37.100,ENGAGED,AGGRESSIVE 33/60s (55%),14,1,0.994,12.200,-3.746,1.513,1.290,-0.147,-2.2541
1786527923.876,37.200,ENGAGED,AGGRESSIVE 33/60s (55%),14,1,1.158,12.320,-3.766,1.533,1.338,-0.173,-2.2520
1786527923.976,37.300,ENGAGED,AGGRESSIVE 33/60s (55%),14,1,1.321,12.442,-3.788,1.506,1.334,-0.189,-2.2490
1786527924.076,37.401,ENGAGED,AGGRESSIVE 33/60s (56%),14,1,1.488,12.569,-3.811,1.510,1.375,-0.181,-2.2434
1786527924.176,37.500,ENGAGED,AGGRESSIVE 33/60s (56%),14,1,1.653,12.701,-3.835,1.448,1.356,-0.199,-2.2420
1786527924.276,37.601,ENGAGED,AGGRESSIVE 34/60s (56%),14,1,1.801,12.825,-3.860,1.346,1.347,-0.214,-2.2427
1786527924.376,37.700,ENGAGED,AGGRESSIVE 34/60s (56%),14,1,1.960,12.966,-3.889,1.288,1.322,-0.251,-2.2415
1786527924.476,37.800,ENGAGED,AGGRESSIVE 34/60s (56%),14,1,2.078,13.079,-3.913,1.216,1.265,-0.266,-2.2427
1786527924.576,37.900,ENGAGED,AGGRESSIVE 34/60s (56%),14,1,2.206,13.201,-3.943,1.108,1.186,-0.285,-2.2433
1786527924.676,38.001,ENGAGED,AGGRESSIVE 34/60s (57%),14,1,2.329,13.322,-3.976,0.961,1.095,-0.317,-2.2430
1786527924.776,38.100,ENGAGED,AGGRESSIVE 34/60s (57%),14,1,2.441,13.435,-4.010,0.912,1.043,-0.340,-2.2441
1786527924.876,38.200,ENGAGED,AGGRESSIVE 34/60s (57%),14,1,2.548,13.545,-4.047,0.801,0.990,-0.360,-2.2447
1786527924.976,38.300,ENGAGED,AGGRESSIVE 34/60s (57%),14,1,2.646,13.643,-4.084,0.685,0.878,-0.352,-2.2447
1786527925.076,38.400,ENGAGED,AGGRESSIVE 34/60s (57%),14,1,2.739,13.737,-4.124,0.605,0.787,-0.374,-2.2460
1786527925.176,38.500,ENGAGED,AGGRESSIVE 34/60s (57%),14,1,2.819,13.818,-4.163,0.484,0.659,-0.383,-2.2464
1786527925.276,38.601,ENGAGED,AGGRESSIVE 35/60s (58%),14,1,2.888,13.886,-4.204,0.399,0.545,-0.395,-2.2465
1786527925.376,38.700,ENGAGED,AGGRESSIVE 35/60s (58%),14,1,2.948,13.947,-4.250,0.295,0.437,-0.390,-2.2466
1786527925.476,38.800,ENGAGED,AGGRESSIVE 35/60s (58%),14,1,2.995,13.994,-4.288,0.189,0.376,-0.387,-2.2442
1786527925.576,38.900,ENGAGED,AGGRESSIVE 35/60s (58%),14,1,3.041,14.044,-4.332,0.069,0.310,-0.403,-2.2428
1786527925.676,39.000,ENGAGED,AGGRESSIVE 35/60s (58%),14,1,3.077,14.089,-4.378,-0.045,0.255,-0.408,-2.2446
1786527925.776,39.100,ENGAGED,AGGRESSIVE 35/60s (58%),14,1,3.103,14.125,-4.419,-0.140,0.131,-0.416,-2.2491
1786527925.876,39.201,ENGAGED,AGGRESSIVE 35/60s (59%),14,1,3.126,14.161,-4.466,-0.113,0.191,-0.358,-2.2532
1786527925.976,39.300,ENGAGED,AGGRESSIVE 35/60s (59%),14,1,3.141,14.195,-4.502,-0.236,0.002,-0.187,-2.2716
1786527926.076,39.400,ENGAGED,AGGRESSIVE 35/60s (59%),14,1,3.141,14.207,-4.520,-0.410,-0.207,-0.046,-2.3013
1786527926.176,39.500,ENGAGED,AGGRESSIVE 35/60s (59%),14,1,3.126,14.201,-4.526,-0.552,-0.345,0.031,-2.3355
1786527926.277,39.601,ENGAGED,AGGRESSIVE 36/60s (59%),14,1,3.086,14.178,-4.525,-0.722,-0.540,0.108,-2.3817
1786527926.376,39.700,ENGAGED,AGGRESSIVE 36/60s (59%),14,1,3.030,14.140,-4.521,-0.842,-0.623,0.130,-2.4377
1786527926.476,39.801,ENGAGED,AGGRESSIVE 36/60s (60%),14,1,2.968,14.096,-4.516,-0.955,-0.694,0.126,-2.4910
1786527926.576,39.900,ENGAGED,AGGRESSIVE 36/60s (60%),14,1,2.903,14.049,-4.513,-1.057,-0.790,0.126,-2.5419
1786527926.676,40.000,ENGAGED,AGGRESSIVE 36/60s (60%),14,1,2.813,13.983,-4.510,-1.144,-0.842,0.114,-2.6048
1786527926.776,40.100,ENGAGED,AGGRESSIVE 36/60s (60%),14,1,2.720,13.918,-4.507,-1.243,-0.917,0.121,-2.6610
1786527926.876,40.200,ENGAGED,AGGRESSIVE 36/60s (60%),14,1,2.619,13.848,-4.505,-1.312,-0.926,0.128,-2.7235
1786527926.976,40.300,ENGAGED,AGGRESSIVE 36/60s (60%),14,1,2.497,13.768,-4.504,-1.345,-0.928,0.119,-2.7967
1786527927.077,40.401,ENGAGED,AGGRESSIVE 36/60s (61%),14,1,2.376,13.690,-4.501,-1.396,-0.924,0.127,-2.8617
1786527927.176,40.500,ENGAGED,AGGRESSIVE 36/60s (61%),14,1,2.254,13.615,-4.500,-1.472,-0.935,0.113,-2.9234
1786527927.277,40.601,ENGAGED,AGGRESSIVE 37/60s (61%),14,1,2.123,13.538,-4.498,-1.509,-0.905,0.116,-2.9794
1786527927.376,40.700,ENGAGED,AGGRESSIVE 37/60s (61%),14,1,1.987,13.462,-4.496,-1.589,-0.885,0.123,-3.0342
1786527927.476,40.800,ENGAGED,AGGRESSIVE 37/60s (61%),14,1,1.845,13.383,-4.493,-1.623,-0.842,0.123,-3.0938
1786527927.576,40.900,ENGAGED,AGGRESSIVE 37/60s (61%),14,1,1.693,13.309,-4.489,-1.701,-0.801,0.130,3.1262
1786527927.676,41.001,ENGAGED,AGGRESSIVE 37/60s (62%),14,1,1.535,13.238,-4.486,-1.708,-0.774,0.113,3.0606
1786527927.776,41.100,ENGAGED,AGGRESSIVE 37/60s (62%),14,1,1.362,13.168,-4.482,-1.771,-0.698,0.105,2.9933
1786527927.876,41.200,ENGAGED,AGGRESSIVE 37/60s (62%),14,1,1.182,13.102,-4.478,-1.798,-0.669,0.090,2.9240
1786527927.976,41.300,ENGAGED,AGGRESSIVE 37/60s (62%),14,1,1.009,13.046,-4.475,-1.845,-0.586,0.089,2.8611
1786527928.076,41.400,ENGAGED,AGGRESSIVE 37/60s (62%),14,1,0.827,12.995,-4.471,-1.867,-0.521,0.094,2.7991
1786527928.176,41.500,ENGAGED,AGGRESSIVE 37/60s (62%),14,1,0.664,12.957,-4.468,-1.865,-0.430,0.080,2.7418
1786527928.276,41.601,ENGAGED,AGGRESSIVE 38/60s (63%),14,1,0.444,12.916,-4.463,-1.885,-0.330,0.070,2.6671
1786527928.376,41.700,ENGAGED,AGGRESSIVE 38/60s (63%),14,1,0.260,12.888,-4.460,-1.993,-0.279,0.029,2.6061
1786527928.476,41.800,ENGAGED,AGGRESSIVE 38/60s (63%),14,1,0.068,12.872,-4.463,-1.870,0.007,-0.023,2.5338
1786527928.576,41.900,ENGAGED,AGGRESSIVE 38/60s (63%),14,1,-0.095,12.884,-4.467,-1.649,0.312,-0.010,2.4667
1786527928.676,42.000,ENGAGED,AGGRESSIVE 38/60s (63%),14,1,-0.249,12.922,-4.469,-1.393,0.566,0.022,2.4020
1786527928.776,42.100,ENGAGED,AGGRESSIVE 38/60s (63%),14,1,-0.391,12.987,-4.467,-1.076,0.825,0.044,2.3336
1786527928.876,42.201,ENGAGED,AGGRESSIVE 38/60s (64%),14,1,-0.494,13.064,-4.462,-0.798,1.005,0.065,2.2715
1786527928.976,42.300,ENGAGED,AGGRESSIVE 38/60s (64%),14,1,-0.580,13.163,-4.455,-0.486,1.136,0.070,2.2079
1786527929.076,42.400,ENGAGED,AGGRESSIVE 38/60s (64%),14,1,-0.636,13.263,-4.445,-0.243,1.227,0.104,2.1546
1786527929.176,42.500,ENGAGED,AGGRESSIVE 38/60s (64%),14,1,-0.669,13.361,-4.434,-0.044,1.294,0.099,2.1039
1786527929.276,42.601,ENGAGED,AGGRESSIVE 39/60s (64%),14,1,-0.680,13.485,-4.421,0.210,1.279,0.081,2.0337
1786527929.376,42.700,ENGAGED,AGGRESSIVE 39/60s (64%),14,1,-0.669,13.597,-4.410,0.438,1.290,0.071,1.9692
1786527929.476,42.800,ENGAGED,AGGRESSIVE 39/60s (65%),14,1,-0.642,13.701,-4.400,0.648,1.255,0.065,1.9092
1786527929.576,42.900,ENGAGED,AGGRESSIVE 39/60s (65%),14,1,-0.595,13.805,-4.393,0.821,1.160,0.055,1.8454
1786527929.676,43.000,ENGAGED,AGGRESSIVE 39/60s (65%),14,1,-0.537,13.901,-4.388,0.959,1.076,0.041,1.7824
1786527929.776,43.100,ENGAGED,AGGRESSIVE 39/60s (65%),14,1,-0.461,13.995,-4.383,1.120,1.019,0.031,1.7189
1786527929.876,43.200,ENGAGED,AGGRESSIVE 39/60s (65%),14,1,-0.376,14.076,-4.381,1.279,0.913,0.038,1.6604
1786527929.976,43.300,ENGAGED,AGGRESSIVE 39/60s (65%),14,1,-0.278,14.151,-4.380,1.380,0.791,0.027,1.6001
1786527930.076,43.401,ENGAGED,AGGRESSIVE 39/60s (66%),14,1,-0.172,14.220,-4.379,1.442,0.707,0.003,1.5397
1786527930.176,43.500,ENGAGED,AGGRESSIVE 39/60s (66%),14,1,-0.047,14.286,-4.380,1.557,0.613,0.009,1.4722
1786527930.276,43.601,ENGAGED,AGGRESSIVE 40/60s (66%),14,1,0.070,14.333,-4.380,1.614,0.500,0.017,1.4169
1786527930.376,43.700,ENGAGED,AGGRESSIVE 40/60s (66%),14,1,0.214,14.379,-4.381,1.675,0.372,0.026,1.3494
1786527930.476,43.800,ENGAGED,AGGRESSIVE 40/60s (66%),14,1,0.340,14.409,-4.380,1.721,0.292,0.032,1.2973
1786527930.576,43.900,ENGAGED,AGGRESSIVE 40/60s (66%),14,1,0.489,14.436,-4.380,1.774,0.194,0.029,1.2384
1786527930.677,44.001,ENGAGED,AGGRESSIVE 40/60s (67%),14,1,0.687,14.458,-4.381,1.802,0.078,0.021,1.1586
1786527930.776,44.100,ENGAGED,AGGRESSIVE 40/60s (67%),14,1,0.844,14.467,-4.383,1.834,-0.008,-0.000,1.0961
1786527930.876,44.200,ENGAGED,AGGRESSIVE 40/60s (67%),14,1,0.993,14.471,-4.390,1.939,-0.081,-0.183,1.0379
1786527930.976,44.300,ENGAGED,AGGRESSIVE 40/60s (67%),14,1,1.154,14.460,-4.431,1.624,-0.379,-0.534,0.9868
1786527931.076,44.400,ENGAGED,AGGRESSIVE 40/60s (67%),14,1,1.282,14.418,-4.492,1.301,-0.662,-0.648,0.9570
1786527931.176,44.500,ENGAGED,AGGRESSIVE 40/60s (67%),14,1,1.395,14.345,-4.567,0.955,-0.923,-0.691,0.9340
1786527931.276,44.601,ENGAGED,AGGRESSIVE 41/60s (68%),14,1,1.467,14.263,-4.635,0.754,-1.075,-0.705,0.9185
1786527931.376,44.700,ENGAGED,AGGRESSIVE 41/60s (68%),14,1,1.534,14.165,-4.707,0.581,-1.182,-0.697,0.9091
1786527931.476,44.800,ENGAGED,AGGRESSIVE 41/60s (68%),14,1,1.575,14.067,-4.768,0.393,-1.319,-0.671,0.9024
1786527931.576,44.900,ENGAGED,AGGRESSIVE 41/60s (68%),14,1,1.609,13.927,-4.842,0.232,-1.403,-0.644,0.8970
1786527931.676,45.000,ENGAGED,AGGRESSIVE 41/60s (68%),14,1,1.624,13.794,-4.904,0.073,-1.470,-0.611,0.8938
1786527931.776,45.100,ENGAGED,AGGRESSIVE 41/60s (68%),14,1,1.628,13.652,-4.966,-0.112,-1.574,-0.580,0.8903
1786527931.877,45.201,ENGAGED,AGGRESSIVE 41/60s (69%),14,1,1.622,13.526,-5.016,-0.185,-1.602,-0.542,0.8892
1786527931.976,45.300,ENGAGED,AGGRESSIVE 41/60s (69%),14,1,1.602,13.370,-5.074,-0.299,-1.627,-0.509,0.8881
1786527932.076,45.400,ENGAGED,AGGRESSIVE 41/60s (69%),14,1,1.577,13.227,-5.124,-0.349,-1.630,-0.471,0.8877
1786527932.176,45.500,ENGAGED,AGGRESSIVE 41/60s (69%),14,1,1.541,13.070,-5.177,-0.428,-1.621,-0.438,0.8873
1786527932.277,45.601,ENGAGED,AGGRESSIVE 42/60s (69%),14,1,1.505,12.942,-5.217,-0.528,-1.650,-0.410,0.8874
1786527932.376,45.700,ENGAGED,AGGRESSIVE 42/60s (69%),14,1,1.462,12.799,-5.260,-0.583,-1.599,-0.375,0.8903
1786527932.477,45.801,ENGAGED,AGGRESSIVE 42/60s (70%),14,1,1.402,12.631,-5.305,-0.628,-1.592,-0.338,0.8953
1786527932.576,45.900,ENGAGED,AGGRESSIVE 42/60s (70%),14,1,1.352,12.501,-5.335,-0.577,-1.529,-0.288,0.8983
1786527932.676,46.000,ENGAGED,AGGRESSIVE 42/60s (70%),14,1,1.300,12.367,-5.363,-0.611,-1.448,-0.247,0.9023
1786527932.776,46.100,ENGAGED,AGGRESSIVE 42/60s (70%),14,1,1.244,12.225,-5.388,-0.597,-1.369,-0.199,0.9045
1786527932.876,46.200,ENGAGED,AGGRESSIVE 42/60s (70%),14,1,1.194,12.099,-5.407,-0.545,-1.298,-0.171,0.9060
1786527932.976,46.300,ENGAGED,AGGRESSIVE 42/60s (70%),14,1,1.149,11.980,-5.423,-0.551,-1.206,-0.144,0.9045
1786527933.076,46.401,ENGAGED,AGGRESSIVE 42/60s (71%),14,1,1.102,11.871,-5.435,-0.562,-1.127,-0.098,0.9051
1786527933.176,46.500,ENGAGED,AGGRESSIVE 42/60s (71%),14,1,1.052,11.758,-5.444,-0.514,-0.998,-0.042,0.9073
1786527933.276,46.601,ENGAGED,AGGRESSIVE 43/60s (71%),14,1,1.009,11.665,-5.447,-0.492,-0.923,-0.003,0.9105
1786527933.376,46.700,ENGAGED,AGGRESSIVE 43/60s (71%),14,1,0.970,11.586,-5.446,-0.476,-0.854,0.038,0.9106
1786527933.476,46.800,ENGAGED,AGGRESSIVE 43/60s (71%),14,1,0.927,11.500,-5.440,-0.474,-0.742,0.084,0.9086
1786527933.576,46.900,ENGAGED,AGGRESSIVE 43/60s (71%),14,1,0.889,11.431,-5.430,-0.406,-0.618,0.127,0.9043
1786527933.676,47.001,ENGAGED,AGGRESSIVE 43/60s (72%),14,1,0.854,11.371,-5.417,-0.415,-0.569,0.154,0.9002
1786527933.776,47.100,ENGAGED,AGGRESSIVE 43/60s (72%),14,1,0.810,11.302,-5.396,-0.348,-0.430,0.209,0.8934
1786527933.876,47.200,ENGAGED,AGGRESSIVE 43/60s (72%),14,1,0.776,11.252,-5.374,-0.278,-0.327,0.263,0.8891
1786527933.976,47.300,ENGAGED,AGGRESSIVE 43/60s (72%),14,1,0.746,11.211,-5.349,-0.297,-0.293,0.293,0.8866
1786527934.076,47.400,ENGAGED,AGGRESSIVE 43/60s (72%),14,1,0.722,11.180,-5.322,-0.274,-0.201,0.313,0.8857
1786527934.176,47.500,ENGAGED,AGGRESSIVE 43/60s (72%),14,1,0.695,11.149,-5.285,-0.167,-0.103,0.371,0.8870
1786527934.277,47.601,ENGAGED,AGGRESSIVE 44/60s (73%),14,1,0.675,11.130,-5.247,-0.145,-0.059,0.402,0.8887
1786527934.376,47.700,ENGAGED,AGGRESSIVE 44/60s (73%),14,1,0.659,11.116,-5.209,-0.170,0.002,0.442,0.8901
1786527934.476,47.800,ENGAGED,AGGRESSIVE 44/60s (73%),14,1,0.640,11.105,-5.159,-0.144,0.030,0.473,0.8918
1786527934.576,47.900,ENGAGED,AGGRESSIVE 44/60s (73%),14,1,0.624,11.101,-5.113,-0.079,0.098,0.512,0.8918
1786527934.676,48.000,ENGAGED,AGGRESSIVE 44/60s (73%),14,1,0.611,11.100,-5.065,-0.081,0.152,0.532,0.8912
1786527934.776,48.100,ENGAGED,AGGRESSIVE 44/60s (73%),14,1,0.600,11.104,-5.011,-0.067,0.161,0.547,0.8907
1786527934.877,48.201,ENGAGED,AGGRESSIVE 44/60s (74%),14,1,0.591,11.112,-4.957,-0.054,0.219,0.585,0.8912
1786527934.976,48.300,ENGAGED,AGGRESSIVE 44/60s (74%),14,1,0.583,11.129,-4.901,-0.019,0.233,0.598,0.8912
1786527935.076,48.400,ENGAGED,AGGRESSIVE 44/60s (74%),14,1,0.582,11.154,-4.842,0.026,0.285,0.603,0.8934
1786527935.176,48.500,ENGAGED,AGGRESSIVE 44/60s (74%),14,1,0.579,11.181,-4.785,-0.002,0.305,0.629,0.8979
1786527935.276,48.601,ENGAGED,AGGRESSIVE 45/60s (74%),14,1,0.581,11.207,-4.723,0.037,0.275,0.637,0.9027
1786527935.376,48.700,ENGAGED,AGGRESSIVE 45/60s (74%),14,1,0.581,11.234,-4.661,0.019,0.330,0.662,0.9053
1786527935.476,48.800,ENGAGED,AGGRESSIVE 45/60s (75%),14,1,0.584,11.260,-4.599,0.067,0.299,0.668,0.9079
1786527935.576,48.900,ENGAGED,AGGRESSIVE 45/60s (75%),14,1,0.587,11.284,-4.544,0.041,0.295,0.671,0.9090
1786527935.676,49.000,ENGAGED,AGGRESSIVE 45/60s (75%),14,1,0.590,11.312,-4.473,0.059,0.304,0.673,0.9091
1786527935.776,49.100,ENGAGED,AGGRESSIVE 45/60s (75%),14,1,0.595,11.338,-4.401,0.053,0.252,0.665,0.9075
1786527935.876,49.200,ENGAGED,AGGRESSIVE 45/60s (75%),14,1,0.598,11.354,-4.346,-0.017,0.173,0.567,0.9086
1786527935.976,49.300,ENGAGED,AGGRESSIVE 45/60s (75%),14,1,0.603,11.373,-4.313,0.136,0.362,0.187,0.9218
1786527936.077,49.401,ENGAGED,AGGRESSIVE 45/60s (76%),14,1,0.627,11.418,-4.307,0.310,0.626,0.026,0.9467
1786527936.176,49.500,ENGAGED,AGGRESSIVE 45/60s (76%),14,1,0.664,11.483,-4.311,0.401,0.794,-0.047,0.9826
1786527936.276,49.601,ENGAGED,AGGRESSIVE 46/60s (76%),14,1,0.707,11.558,-4.319,0.481,0.952,-0.058,1.0218
1786527936.376,49.700,ENGAGED,AGGRESSIVE 46/60s (76%),14,1,0.760,11.656,-4.329,0.517,1.131,-0.061,1.0720
1786527936.476,49.800,ENGAGED,AGGRESSIVE 46/60s (76%),14,1,0.806,11.748,-4.337,0.554,1.188,-0.060,1.1213
1786527936.576,49.900,ENGAGED,AGGRESSIVE 46/60s (76%),14,1,0.856,11.852,-4.345,0.535,1.306,-0.056,1.1810
1786527936.676,50.001,ENGAGED,AGGRESSIVE 46/60s (77%),14,1,0.910,11.978,-4.354,0.491,1.386,-0.060,1.2498
1786527936.776,50.100,ENGAGED,AGGRESSIVE 46/60s (77%),14,1,0.951,12.094,-4.362,0.443,1.495,-0.040,1.3082
1786527936.876,50.200,ENGAGED,AGGRESSIVE 46/60s (77%),14,1,0.993,12.224,-4.369,0.378,1.557,-0.041,1.3681
1786527936.976,50.300,ENGAGED,AGGRESSIVE 46/60s (77%),14,1,1.027,12.359,-4.376,0.271,1.622,-0.040,1.4270
1786527937.076,50.400,ENGAGED,AGGRESSIVE 46/60s (77%),14,1,1.056,12.526,-4.383,0.137,1.685,-0.039,1.4934
1786527937.176,50.500,ENGAGED,AGGRESSIVE 46/60s (77%),14,1,1.075,12.681,-4.390,0.035,1.734,-0.034,1.5521
1786527937.276,50.601,ENGAGED,AGGRESSIVE 47/60s (78%),14,1,1.081,12.820,-4.396,-0.104,1.759,-0.035,1.6073
1786527937.376,50.700,ENGAGED,AGGRESSIVE 47/60s (78%),14,1,1.072,12.971,-4.402,-0.300,1.698,-0.026,1.6723
1786527937.476,50.800,ENGAGED,AGGRESSIVE 47/60s (78%),14,1,1.047,13.132,-4.408,-0.495,1.625,-0.036,1.7452
1786527937.576,50.900,ENGAGED,AGGRESSIVE 47/60s (78%),14,1,1.004,13.285,-4.413,-0.697,1.541,-0.019,1.8120
1786527937.676,51.000,ENGAGED,AGGRESSIVE 47/60s (78%),14,1,0.947,13.420,-4.417,-0.885,1.388,-0.020,1.8729
1786527937.776,51.100,ENGAGED,AGGRESSIVE 47/60s (78%),14,1,0.876,13.547,-4.420,-1.012,1.299,-0.016,1.9320
1786527937.876,51.201,ENGAGED,AGGRESSIVE 47/60s (79%),14,1,0.782,13.675,-4.422,-1.165,1.116,-0.005,2.0007
1786527937.976,51.300,ENGAGED,AGGRESSIVE 47/60s (79%),14,1,0.692,13.766,-4.422,-1.244,1.003,0.013,2.0531
1786527938.076,51.400,ENGAGED,AGGRESSIVE 47/60s (79%),14,1,0.572,13.866,-4.421,-1.344,0.851,0.010,2.1231
1786527938.176,51.500,ENGAGED,AGGRESSIVE 47/60s (79%),14,1,0.459,13.946,-4.419,-1.391,0.678,0.021,2.1882
1786527938.276,51.601,ENGAGED,AGGRESSIVE 48/60s (79%),14,1,0.341,14.003,-4.416,-1.467,0.499,0.020,2.2453
1786527938.376,51.700,ENGAGED,AGGRESSIVE 48/60s (79%),14,1,0.201,14.061,-4.412,-1.499,0.316,0.015,2.3096
1786527938.476,51.800,ENGAGED,AGGRESSIVE 48/60s (80%),14,1,0.074,14.100,-4.408,-1.563,0.186,0.009,2.3674
1786527938.576,51.900,ENGAGED,AGGRESSIVE 48/60s (80%),14,1,-0.062,14.129,-4.406,-1.556,0.015,0.007,2.4307
1786527938.676,52.000,ENGAGED,AGGRESSIVE 48/60s (80%),14,1,-0.197,14.142,-4.404,-1.604,-0.131,0.000,2.4930
1786527938.776,52.100,ENGAGED,AGGRESSIVE 48/60s (80%),14,1,-0.335,14.147,-4.403,-1.609,-0.279,-0.005,2.5549
1786527938.876,52.200,ENGAGED,AGGRESSIVE 48/60s (80%),14,1,-0.462,14.138,-4.402,-1.575,-0.443,-0.022,2.6112
1786527938.976,52.300,ENGAGED,AGGRESSIVE 48/60s (80%),14,1,-0.617,14.111,-4.401,-1.558,-0.594,-0.007,2.6801
1786527939.076,52.401,ENGAGED,AGGRESSIVE 48/60s (81%),14,1,-0.759,14.069,-4.399,-1.522,-0.778,0.004,2.7393
1786527939.176,52.500,ENGAGED,AGGRESSIVE 48/60s (81%),14,1,-0.915,14.005,-4.394,-1.498,-0.899,0.021,2.8041
1786527939.276,52.601,ENGAGED,AGGRESSIVE 49/60s (81%),14,1,-1.050,13.935,-4.390,-1.448,-1.042,0.014,2.8635
1786527939.376,52.700,ENGAGED,AGGRESSIVE 49/60s (81%),14,1,-1.167,13.860,-4.387,-1.388,-1.126,0.015,2.9174
1786527939.476,52.800,ENGAGED,AGGRESSIVE 49/60s (81%),14,1,-1.316,13.747,-4.382,-1.316,-1.275,0.020,2.9936
1786527939.576,52.900,ENGAGED,AGGRESSIVE 49/60s (81%),14,1,-1.432,13.643,-4.378,-1.219,-1.346,0.026,3.0560
1786527939.676,53.000,ENGAGED,AGGRESSIVE 49/60s (82%),14,1,-1.545,13.532,-4.375,-1.134,-1.448,0.013,3.1177
1786527939.776,53.100,ENGAGED,AGGRESSIVE 49/60s (82%),14,1,-1.651,13.414,-4.373,-1.091,-1.513,0.006,-3.1024
1786527939.876,53.200,ENGAGED,AGGRESSIVE 49/60s (82%),14,1,-1.751,13.288,-4.372,-0.971,-1.591,0.007,-3.0421
1786527939.976,53.300,ENGAGED,AGGRESSIVE 49/60s (82%),14,1,-1.851,13.145,-4.371,-0.933,-1.645,0.009,-2.9756
1786527940.076,53.400,ENGAGED,AGGRESSIVE 49/60s (82%),14,1,-1.943,12.995,-4.370,-0.798,-1.711,-0.004,-2.9055
1786527940.176,53.500,ENGAGED,AGGRESSIVE 49/60s (82%),14,1,-2.026,12.840,-4.369,-0.721,-1.781,-0.004,-2.8371
1786527940.276,53.601,ENGAGED,AGGRESSIVE 50/60s (83%),14,1,-2.096,12.684,-4.370,-0.605,-1.824,-0.012,-2.7694
1786527940.376,53.700,ENGAGED,AGGRESSIVE 50/60s (83%),14,1,-2.166,12.505,-4.371,-0.481,-1.851,-0.012,-2.6979
1786527940.476,53.800,ENGAGED,AGGRESSIVE 50/60s (83%),14,1,-2.215,12.348,-4.370,-0.409,-1.892,-0.002,-2.6392
1786527940.576,53.900,ENGAGED,AGGRESSIVE 50/60s (83%),14,1,-2.260,12.168,-4.369,-0.292,-1.959,-0.002,-2.5746
1786527940.676,54.000,ENGAGED,AGGRESSIVE 50/60s (83%),14,1,-2.304,11.961,-4.367,-0.170,-2.005,-0.006,-2.5050
1786527940.776,54.100,ENGAGED,AGGRESSIVE 50/60s (83%),14,1,-2.333,11.763,-4.365,-0.067,-1.993,-0.011,-2.4414
1786527940.877,54.201,ENGAGED,AGGRESSIVE 50/60s (84%),14,1,-2.352,11.549,-4.364,0.040,-2.093,-0.029,-2.3698
1786527940.976,54.300,ENGAGED,AGGRESSIVE 50/60s (84%),14,1,-2.358,11.358,-4.358,0.216,-1.867,0.114,-2.3262
1786527941.076,54.400,ENGAGED,AGGRESSIVE 50/60s (84%),14,1,-2.339,11.171,-4.332,0.424,-1.514,0.304,-2.2871
1786527941.176,54.500,ENGAGED,AGGRESSIVE 50/60s (84%),14,1,-2.305,11.038,-4.295,0.597,-1.173,0.423,-2.2602
1786527941.276,54.601,ENGAGED,AGGRESSIVE 51/60s (84%),14,1,-2.241,10.913,-4.240,0.780,-0.818,0.482,-2.2398
1786527941.376,54.700,ENGAGED,AGGRESSIVE 51/60s (84%),14,1,-2.175,10.827,-4.190,0.909,-0.542,0.495,-2.2340
1786527941.476,54.801,ENGAGED,AGGRESSIVE 51/60s (85%),14,1,-2.095,10.767,-4.140,1.011,-0.330,0.489,-2.2401
1786527941.576,54.900,ENGAGED,AGGRESSIVE 51/60s (85%),14,1,-2.003,10.725,-4.089,1.128,-0.105,0.487,-2.2472
1786527941.676,55.000,ENGAGED,AGGRESSIVE 51/60s (85%),14,1,-1.910,10.699,-4.042,1.188,0.058,0.465,-2.2514
1786527941.776,55.100,ENGAGED,AGGRESSIVE 51/60s (85%),14,1,-1.799,10.681,-3.994,1.306,0.246,0.446,-2.2578
1786527941.876,55.200,ENGAGED,AGGRESSIVE 51/60s (85%),14,1,-1.698,10.671,-3.954,1.316,0.308,0.418,-2.2609
1786527941.976,55.300,ENGAGED,AGGRESSIVE 51/60s (85%),14,1,-1.557,10.670,-3.905,1.350,0.405,0.359,-2.2625
1786527942.076,55.401,ENGAGED,AGGRESSIVE 51/60s (86%),14,1,-1.433,10.682,-3.870,1.412,0.523,0.336,-2.2639
1786527942.176,55.500,ENGAGED,AGGRESSIVE 51/60s (86%),14,1,-1.320,10.699,-3.840,1.399,0.606,0.307,-2.2652
1786527942.276,55.601,ENGAGED,AGGRESSIVE 52/60s (86%),14,1,-1.180,10.731,-3.806,1.401,0.674,0.277,-2.2640
1786527942.376,55.700,ENGAGED,AGGRESSIVE 52/60s (86%),14,1,-1.051,10.767,-3.780,1.475,0.755,0.260,-2.2623
1786527942.476,55.800,ENGAGED,AGGRESSIVE 52/60s (86%),14,1,-0.912,10.811,-3.756,1.443,0.806,0.234,-2.2610
1786527942.576,55.900,ENGAGED,AGGRESSIVE 52/60s (86%),14,1,-0.772,10.863,-3.735,1.409,0.871,0.202,-2.2609
1786527942.676,56.001,ENGAGED,AGGRESSIVE 52/60s (87%),14,1,-0.627,10.921,-3.717,1.450,0.929,0.182,-2.2597
1786527942.776,56.100,ENGAGED,AGGRESSIVE 52/60s (87%),14,1,-0.484,10.981,-3.701,1.464,1.009,0.172,-2.2611
1786527942.876,56.200,ENGAGED,AGGRESSIVE 52/60s (87%),14,1,-0.339,11.045,-3.687,1.480,1.051,0.137,-2.2601
1786527942.976,56.300,ENGAGED,AGGRESSIVE 52/60s (87%),14,1,-0.189,11.118,-3.676,1.460,1.059,0.112,-2.2606
1786527943.076,56.400,ENGAGED,AGGRESSIVE 52/60s (87%),14,1,-0.025,11.202,-3.668,1.436,1.104,0.078,-2.2591
1786527943.176,56.500,ENGAGED,AGGRESSIVE 52/60s (87%),14,1,0.111,11.271,-3.665,1.465,1.159,0.039,-2.2581
1786527943.276,56.601,ENGAGED,AGGRESSIVE 53/60s (88%),14,1,0.264,11.364,-3.665,1.437,1.159,0.015,-2.2581
1786527943.376,56.700,ENGAGED,AGGRESSIVE 53/60s (88%),14,1,0.402,11.452,-3.667,1.434,1.189,-0.017,-2.2581
1786527943.476,56.800,ENGAGED,AGGRESSIVE 53/60s (88%),14,1,0.568,11.560,-3.673,1.408,1.299,-0.038,-2.2585
1786527943.576,56.900,ENGAGED,AGGRESSIVE 53/60s (88%),14,1,0.717,11.665,-3.680,1.404,1.336,-0.072,-2.2591
1786527943.676,57.000,ENGAGED,AGGRESSIVE 53/60s (88%),14,1,0.891,11.795,-3.692,1.350,1.328,-0.105,-2.2604
1786527943.776,57.100,ENGAGED,AGGRESSIVE 53/60s (88%),14,1,1.046,11.909,-3.706,1.404,1.381,-0.136,-2.2582
1786527943.876,57.201,ENGAGED,AGGRESSIVE 53/60s (89%),14,1,1.203,12.027,-3.722,1.385,1.407,-0.168,-2.2557
1786527943.976,57.300,ENGAGED,AGGRESSIVE 53/60s (89%),14,1,1.363,12.158,-3.743,1.343,1.412,-0.208,-2.2543
1786527944.076,57.400,ENGAGED,AGGRESSIVE 53/60s (89%),14,1,1.517,12.288,-3.765,1.363,1.456,-0.218,-2.2521
1786527944.176,57.500,ENGAGED,AGGRESSIVE 53/60s (89%),14,1,1.671,12.425,-3.788,1.312,1.520,-0.238,-2.2461
1786527944.276,57.601,ENGAGED,AGGRESSIVE 54/60s (89%),14,1,1.793,12.546,-3.811,1.216,1.537,-0.247,-2.2385
1786527944.376,57.700,ENGAGED,AGGRESSIVE 54/60s (89%),14,1,1.937,12.693,-3.842,1.154,1.496,-0.286,-2.2355
1786527944.477,57.801,ENGAGED,AGGRESSIVE 54/60s (90%),14,1,2.064,12.830,-3.873,1.092,1.479,-0.316,-2.2357
1786527944.576,57.900,ENGAGED,AGGRESSIVE 54/60s (90%),14,1,2.194,12.974,-3.909,0.966,1.413,-0.337,-2.2396
1786527944.676,58.000,ENGAGED,AGGRESSIVE 54/60s (90%),14,1,2.301,13.099,-3.942,0.853,1.345,-0.346,-2.2422
1786527944.776,58.100,ENGAGED,AGGRESSIVE 54/60s (90%),14,1,2.410,13.227,-3.977,0.807,1.282,-0.348,-2.2485
1786527944.876,58.200,ENGAGED,AGGRESSIVE 54/60s (90%),14,1,2.527,13.360,-4.016,0.702,1.152,-0.343,-2.2502
1786527944.976,58.300,ENGAGED,AGGRESSIVE 54/60s (90%),14,1,2.626,13.477,-4.051,0.601,1.031,-0.352,-2.2498
1786527945.076,58.401,ENGAGED,AGGRESSIVE 54/60s (91%),14,1,2.720,13.587,-4.088,0.546,1.009,-0.375,-2.2507
1786527945.176,58.500,ENGAGED,AGGRESSIVE 54/60s (91%),14,1,2.797,13.679,-4.123,0.458,0.885,-0.386,-2.2523
1786527945.276,58.601,ENGAGED,AGGRESSIVE 55/60s (91%),14,1,2.878,13.783,-4.169,0.390,0.811,-0.405,-2.2538
1786527945.376,58.700,ENGAGED,AGGRESSIVE 55/60s (91%),14,1,2.942,13.868,-4.212,0.332,0.726,-0.419,-2.2544
1786527945.476,58.800,ENGAGED,AGGRESSIVE 55/60s (91%),14,1,2.997,13.944,-4.254,0.199,0.591,-0.421,-2.2537
1786527945.576,58.900,ENGAGED,AGGRESSIVE 55/60s (91%),14,1,3.048,14.014,-4.298,0.145,0.489,-0.430,-2.2516
1786527945.676,59.000,ENGAGED,AGGRESSIVE 55/60s (92%),14,1,3.091,14.077,-4.343,0.056,0.390,-0.439,-2.2506
1786527945.776,59.100,ENGAGED,AGGRESSIVE 55/60s (92%),14,1,3.132,14.141,-4.394,-0.015,0.305,-0.444,-2.2523
1786527945.876,59.200,ENGAGED,AGGRESSIVE 55/60s (92%),14,1,3.163,14.199,-4.440,-0.013,0.317,-0.361,-2.2572
1786527945.976,59.300,ENGAGED,AGGRESSIVE 55/60s (92%),14,1,3.187,14.246,-4.469,-0.129,0.174,-0.221,-2.2743
1786527946.076,59.400,ENGAGED,AGGRESSIVE 55/60s (92%),14,1,3.193,14.277,-4.487,-0.316,-0.071,-0.060,-2.3081
1786527946.176,59.500,ENGAGED,AGGRESSIVE 55/60s (92%),14,1,3.184,14.289,-4.492,-0.470,-0.232,0.033,-2.3478
1786527946.276,59.601,ENGAGED,AGGRESSIVE 56/60s (93%),14,1,3.162,14.286,-4.490,-0.613,-0.360,0.084,-2.3874
1786527946.376,59.700,ENGAGED,AGGRESSIVE 56/60s (93%),14,1,3.113,14.263,-4.484,-0.771,-0.522,0.111,-2.4457
1786527946.476,59.800,ENGAGED,AGGRESSIVE 56/60s (93%),14,1,3.058,14.232,-4.477,-0.889,-0.621,0.118,-2.4980
1786527946.576,59.900,ENGAGED,AGGRESSIVE 56/60s (93%),14,1,2.987,14.190,-4.471,-1.003,-0.708,0.131,-2.5611
1786527946.676,60.000,ENGAGED,AGGRESSIVE 56/60s (93%),14,1,2.922,14.151,-4.466,-1.070,-0.751,0.112,-2.6097
1786527946.776,60.100,ENGAGED,AGGRESSIVE 56/60s (93%),14,1,2.827,14.094,-4.459,-1.175,-0.788,0.113,-2.6760
1786527946.876,60.201,ENGAGED,AGGRESSIVE 56/60s (94%),14,1,2.730,14.036,-4.455,-1.278,-0.862,0.112,-2.7380
1786527946.976,60.300,ENGAGED,AGGRESSIVE 56/60s (94%),14,1,2.625,13.975,-4.451,-1.318,-0.883,0.110,-2.8008
1786527947.076,60.400,ENGAGED,AGGRESSIVE 56/60s (94%),14,1,2.513,13.912,-4.448,-1.334,-0.895,0.101,-2.8613
1786527947.176,60.500,ENGAGED,AGGRESSIVE 56/60s (94%),14,1,2.378,13.840,-4.446,-1.391,-0.902,0.084,-2.9272
1786527947.276,60.601,ENGAGED,AGGRESSIVE 57/60s (94%),14,1,2.252,13.771,-4.443,-1.475,-0.881,0.090,-2.9873
1786527947.376,60.700,ENGAGED,AGGRESSIVE 57/60s (94%),14,1,2.112,13.699,-4.442,-1.560,-0.873,0.086,-3.0531
1786527947.477,60.801,ENGAGED,AGGRESSIVE 57/60s (95%),14,1,1.968,13.630,-4.442,-1.553,-0.848,0.077,-3.1143
1786527947.576,60.900,ENGAGED,AGGRESSIVE 57/60s (95%),14,1,1.817,13.560,-4.442,-1.602,-0.840,0.070,3.1086
1786527947.676,61.000,ENGAGED,AGGRESSIVE 57/60s (95%),14,1,1.667,13.498,-4.444,-1.699,-0.790,0.083,3.0499
1786527947.776,61.100,ENGAGED,AGGRESSIVE 57/60s (95%),14,1,1.526,13.444,-4.445,-1.729,-0.739,0.089,2.9947
1786527947.876,61.200,ENGAGED,AGGRESSIVE 57/60s (95%),14,1,1.329,13.376,-4.445,-1.761,-0.691,0.089,2.9195
1786527947.976,61.300,ENGAGED,AGGRESSIVE 57/60s (95%),14,1,1.155,13.321,-4.444,-1.797,-0.643,0.081,2.8564
1786527948.076,61.401,ENGAGED,AGGRESSIVE 57/60s (96%),14,1,0.995,13.278,-4.443,-1.824,-0.584,0.082,2.8032
1786527948.176,61.500,ENGAGED,AGGRESSIVE 57/60s (96%),14,1,0.797,13.232,-4.442,-1.860,-0.505,0.060,2.7367
1786527948.276,61.601,ENGAGED,AGGRESSIVE 58/60s (96%),14,1,0.613,13.190,-4.442,-1.929,-0.521,0.043,2.6759
1786527948.376,61.700,ENGAGED,AGGRESSIVE 58/60s (96%),14,1,0.423,13.156,-4.446,-1.835,-0.230,0.006,2.6064
1786527948.476,61.800,ENGAGED,AGGRESSIVE 58/60s (96%),14,1,0.254,13.154,-4.450,-1.655,0.019,0.014,2.5386
1786527948.576,61.900,ENGAGED,AGGRESSIVE 58/60s (96%),14,1,0.101,13.176,-4.450,-1.459,0.295,0.034,2.4714
1786527948.676,62.001,ENGAGED,AGGRESSIVE 58/60s (97%),14,1,-0.035,13.219,-4.448,-1.257,0.535,0.057,2.4037
1786527948.776,62.100,ENGAGED,AGGRESSIVE 58/60s (97%),14,1,-0.163,13.288,-4.443,-0.980,0.736,0.072,2.3312
1786527948.876,62.200,ENGAGED,AGGRESSIVE 58/60s (97%),14,1,-0.248,13.358,-4.438,-0.763,0.914,0.079,2.2722
1786527948.976,62.300,ENGAGED,AGGRESSIVE 58/60s (97%),14,1,-0.318,13.446,-4.430,-0.478,0.992,0.077,2.2099
1786527949.076,62.400,ENGAGED,AGGRESSIVE 58/60s (97%),14,1,-0.363,13.545,-4.422,-0.204,1.093,0.079,2.1513
1786527949.176,62.500,ENGAGED,AGGRESSIVE 58/60s (97%),14,1,-0.384,13.651,-4.413,0.051,1.173,0.080,2.0932
1786527949.276,62.601,ENGAGED,AGGRESSIVE 59/60s (98%),14,1,-0.377,13.776,-4.403,0.332,1.186,0.068,2.0237
1786527949.376,62.700,ENGAGED,AGGRESSIVE 59/60s (98%),14,1,-0.347,13.886,-4.395,0.571,1.217,0.057,1.9640
1786527949.476,62.800,ENGAGED,AGGRESSIVE 59/60s (98%),14,1,-0.300,13.989,-4.389,0.747,1.163,0.045,1.9052
1786527949.576,62.900,ENGAGED,AGGRESSIVE 59/60s (98%),14,1,-0.232,14.091,-4.384,0.954,1.091,0.037,1.8430
1786527949.676,63.000,ENGAGED,AGGRESSIVE 59/60s (98%),14,1,-0.162,14.174,-4.382,1.100,0.986,0.026,1.7904
1786527949.776,63.100,ENGAGED,AGGRESSIVE 59/60s (98%),14,1,-0.061,14.267,-4.380,1.238,0.903,0.019,1.7233
1786527949.877,63.201,ENGAGED,AGGRESSIVE 59/60s (99%),14,1,0.050,14.345,-4.379,1.377,0.786,0.024,1.6604
1786527949.976,63.300,ENGAGED,AGGRESSIVE 59/60s (99%),14,1,0.167,14.409,-4.378,1.475,0.654,0.028,1.6018
1786527950.076,63.400,ENGAGED,AGGRESSIVE 59/60s (99%),14,1,0.281,14.461,-4.378,1.543,0.563,0.023,1.5500
1786527950.176,63.500,ENGAGED,AGGRESSIVE 59/60s (99%),14,1,0.424,14.513,-4.377,1.631,0.432,0.017,1.4848
1786527950.276,63.601,ENGAGED,AGGRESSIVE 60/60s (99%),14,1,0.565,14.548,-4.378,1.654,0.312,0.011,1.4230
1786527950.376,63.700,ENGAGED,AGGRESSIVE 60/60s (99%),14,1,0.701,14.566,-4.380,1.704,0.168,0.013,1.3654
1786527950.477,63.801,ENGAGED,AGGRESSIVE 60/60s (100%),14,1,0.874,14.578,-4.382,1.767,0.029,0.010,1.2933
1786527950.576,63.900,ENGAGED,AGGRESSIVE 60/60s (100%),14,1,1.037,14.575,-4.384,1.783,-0.098,0.003,1.2318
1786527950.676,64.000,ENGAGED,AGGRESSIVE 60/60s (100%),14,1,1.205,14.559,-4.386,1.777,-0.244,0.008,1.1682
1786527950.777,64.101,DONE,DONE_HOLD,14,1,1.352,14.539,-4.387,1.803,-0.348,0.003,1.1131
1786527950.875,64.200,DONE,DONE_HOLD,14,1,1.516,14.507,-4.390,1.894,-0.435,-0.049,1.0482
1786527950.976,64.300,DONE,DONE_HOLD,14,1,1.685,14.461,-4.400,1.622,-0.622,-0.095,1.0007
1786527951.076,64.400,DONE,DONE_HOLD,14,1,1.816,14.397,-4.409,1.268,-0.839,-0.042,0.9700
1786527951.176,64.500,DONE,DONE_HOLD,14,1,1.915,14.322,-4.411,0.986,-0.993,-0.014,0.9496
1786527951.276,64.600,DONE,DONE_HOLD,14,1,2.004,14.219,-4.411,0.665,-1.145,0.015,0.9376
1786527951.376,64.700,DONE,DONE_HOLD,14,1,2.065,14.107,-4.410,0.409,-1.236,0.025,0.9313
1786527951.476,64.800,DONE,DONE_HOLD,14,1,2.101,13.993,-4.409,0.190,-1.334,0.024,0.9278
1786527951.576,64.900,DONE,DONE_HOLD,14,1,2.120,13.869,-4.407,0.012,-1.392,0.020,0.9235
1786527951.676,65.000,DONE,DONE_HOLD,14,1,2.129,13.724,-4.406,-0.132,-1.465,0.021,0.9188
1786527951.776,65.100,DONE,DONE_HOLD,14,1,2.125,13.593,-4.406,-0.257,-1.494,0.017,0.9156
1786527951.875,65.200,DONE,DONE_HOLD,14,1,2.110,13.463,-4.405,-0.345,-1.550,0.023,0.9118
1786527951.976,65.300,DONE,DONE_HOLD,14,1,2.077,13.287,-4.405,-0.520,-1.541,0.036,0.9049
1786527952.076,65.400,DONE,DONE_HOLD,14,1,2.040,13.138,-4.404,-0.582,-1.541,0.047,0.9000
1786527952.176,65.500,DONE,DONE_HOLD,14,1,1.998,13.000,-4.402,-0.720,-1.592,0.051,0.8955
1786527952.276,65.600,DONE,DONE_HOLD,14,1,1.931,12.828,-4.401,-0.812,-1.593,0.039,0.8882
1786527952.376,65.700,DONE,DONE_HOLD,14,1,1.865,12.686,-4.401,-0.876,-1.562,0.036,0.8841
1786527952.476,65.800,DONE,DONE_HOLD,14,1,1.790,12.545,-4.402,-0.938,-1.486,0.030,0.8800
1786527952.576,65.900,DONE,DONE_HOLD,14,1,1.711,12.413,-4.404,-0.969,-1.421,0.023,0.8792
1786527952.676,66.000,DONE,DONE_HOLD,14,1,1.630,12.283,-4.406,-0.952,-1.319,0.022,0.8795
1786527952.776,66.100,DONE,DONE_HOLD,14,1,1.545,12.154,-4.408,-1.027,-1.259,0.018,0.8810
1786527952.876,66.200,DONE,DONE_HOLD,14,1,1.453,12.022,-4.409,-1.007,-1.196,0.022,0.8834
1786527952.976,66.300,DONE,DONE_HOLD,14,1,1.365,11.904,-4.408,-0.995,-1.090,0.028,0.8853
1786527953.076,66.400,DONE,DONE_HOLD,14,1,1.291,11.804,-4.407,-0.915,-0.972,0.040,0.8853
1786527953.176,66.500,DONE,DONE_HOLD,14,1,1.206,11.691,-4.406,-0.888,-0.912,0.023,0.8867
1786527953.276,66.600,DONE,DONE_HOLD,14,1,1.131,11.603,-4.405,-0.842,-0.752,0.033,0.8881
1786527953.376,66.700,DONE,DONE_HOLD,14,1,1.059,11.525,-4.403,-0.836,-0.696,0.033,0.8902
1786527953.476,66.800,DONE,DONE_HOLD,14,1,0.991,11.457,-4.402,-0.727,-0.591,0.028,0.8916
1786527953.576,66.900,DONE,DONE_HOLD,14,1,0.921,11.389,-4.401,-0.699,-0.525,0.014,0.8943
1786527953.676,67.000,DONE,DONE_HOLD,14,1,0.869,11.340,-4.400,-0.623,-0.400,0.027,0.8961
1786527953.776,67.100,DONE,DONE_HOLD,14,1,0.809,11.285,-4.399,-0.579,-0.311,0.027,0.8990
1786527953.876,67.200,DONE,DONE_HOLD,14,1,0.761,11.241,-4.398,-0.516,-0.286,0.018,0.9019
1786527953.976,67.300,DONE,DONE_HOLD,14,1,0.719,11.205,-4.397,-0.498,-0.217,0.011,0.9046
1786527954.076,67.400,DONE,DONE_HOLD,14,1,0.677,11.170,-4.397,-0.418,-0.127,0.026,0.9051
1786527954.176,67.500,DONE,DONE_HOLD,14,1,0.647,11.143,-4.397,-0.391,-0.113,0.008,0.9031
1786527954.276,67.600,DONE,DONE_HOLD,14,1,0.618,11.126,-4.398,-0.329,-0.051,0.018,0.8978
1786527954.376,67.700,DONE,DONE_HOLD,14,1,0.593,11.112,-4.398,-0.276,-0.013,0.022,0.8912
1786527954.476,67.800,DONE,DONE_HOLD,14,1,0.572,11.101,-4.398,-0.217,0.077,0.039,0.8863
1786527954.576,67.900,DONE,DONE_HOLD,14,1,0.555,11.095,-4.398,-0.236,0.047,0.030,0.8854
1786527954.676,68.000,DONE,DONE_HOLD,14,1,0.541,11.085,-4.398,-0.148,0.045,0.038,0.8861
1786527954.776,68.100,DONE,DONE_HOLD,14,1,0.537,11.076,-4.398,-0.098,0.021,0.038,0.8876
1786527954.875,68.200,WAIT,DONE_HOLD,2,1,0.540,11.062,-4.398,-0.044,-0.010,0.034,0.8886
1786527954.975,68.299,WAIT,DONE_HOLD,2,1,0.544,11.049,-4.399,0.024,-0.022,0.029,0.8886
1786527955.075,68.400,WAIT,DONE_HOLD,2,1,0.552,11.031,-4.401,-0.028,-0.057,0.023,0.8915
1786527955.175,68.500,WAIT,DONE_HOLD,2,1,0.559,11.017,-4.403,-0.039,-0.058,0.014,0.8926
1786527955.275,68.600,WAIT,DONE_HOLD,2,1,0.566,11.004,-4.404,-0.015,-0.029,0.019,0.8925
1786527955.375,68.699,WAIT,DONE_HOLD,2,1,0.575,10.990,-4.406,-0.037,-0.014,0.027,0.8941
1786527955.475,68.799,WAIT,DONE_HOLD,2,1,0.581,10.978,-4.406,-0.061,-0.038,0.014,0.8953
1786527955.575,68.900,WAIT,DONE_HOLD,2,1,0.584,10.969,-4.407,0.004,-0.009,0.008,0.8961
1786527955.675,68.999,WAIT,DONE_HOLD,2,1,0.587,10.959,-4.409,-0.064,-0.026,0.003,0.8960
1786527955.775,69.100,WAIT,DONE_HOLD,2,1,0.592,10.948,-4.410,-0.071,-0.032,0.006,0.8953
1786527955.875,69.199,WAIT,DONE_HOLD,2,1,0.595,10.937,-4.411,-0.063,-0.024,0.013,0.8940
1786527955.975,69.299,WAIT,DONE_HOLD,2,1,0.594,10.927,-4.411,-0.035,0.009,0.021,0.8934
1786527956.075,69.399,WAIT,DONE_HOLD,2,1,0.594,10.918,-4.412,-0.081,0.005,0.018,0.8938
1786527956.175,69.499,WAIT,DONE_HOLD,2,1,0.594,10.911,-4.412,-0.071,-0.008,0.010,0.8943
1786527956.275,69.599,WAIT,DONE_HOLD,2,1,0.592,10.908,-4.411,-0.043,0.021,0.053,0.8949
1786527956.375,69.699,WAIT,DONE_HOLD,2,1,0.589,10.905,-4.404,-0.065,0.026,0.135,0.8935
1786527956.475,69.800,WAIT,DONE_HOLD,2,1,0.585,10.904,-4.390,-0.114,0.017,0.180,0.8929
1786527956.575,69.900,WAIT,DONE_HOLD,2,1,0.578,10.903,-4.368,-0.088,0.027,0.267,0.8916
1786527956.675,70.000,WAIT,DONE_HOLD,2,1,0.574,10.902,-4.346,-0.057,0.067,0.319,0.8927
1786527956.775,70.099,WAIT,DONE_HOLD,2,1,0.568,10.902,-4.312,-0.119,0.047,0.310,0.8976
1786527956.875,70.199,WAIT,DONE_HOLD,2,1,0.562,10.904,-4.283,-0.078,0.025,0.304,0.9021
1786527956.975,70.299,WAIT,DONE_HOLD,2,1,0.559,10.908,-4.257,-0.101,0.065,0.294,0.9019
1786527957.075,70.399,WAIT,DONE_HOLD,2,1,0.551,10.914,-4.225,-0.126,0.092,0.287,0.8971
1786527957.175,70.500,WAIT,DONE_HOLD,2,1,0.547,10.921,-4.201,-0.117,0.071,0.273,0.8952
1786527957.275,70.600,WAIT,DONE_HOLD,2,1,0.540,10.931,-4.173,-0.089,0.089,0.283,0.8956
1786527957.375,70.700,WAIT,DONE_HOLD,2,1,0.534,10.940,-4.149,-0.102,0.102,0.277,0.8956
1786527957.475,70.799,WAIT,DONE_HOLD,2,1,0.529,10.953,-4.123,-0.112,0.117,0.272,0.8964
1786527957.575,70.900,WAIT,DONE_HOLD,2,1,0.524,10.967,-4.097,-0.103,0.116,0.262,0.8956
1786527957.675,70.999,WAIT,DONE_HOLD,2,1,0.521,10.983,-4.068,-0.051,0.159,0.272,0.8932
1786527957.775,71.099,WAIT,DONE_HOLD,2,1,0.521,10.995,-4.041,-0.094,0.135,0.284,0.8898
1786527957.875,71.199,WAIT,DONE_HOLD,2,1,0.524,11.005,-4.011,-0.052,0.096,0.282,0.8863
1786527957.975,71.299,WAIT,DONE_HOLD,2,1,0.529,11.016,-3.983,-0.020,0.115,0.290,0.8849
1786527958.075,71.399,WAIT,DONE_HOLD,2,1,0.536,11.025,-3.954,0.030,0.098,0.305,0.8845
1786527958.175,71.500,WAIT,DONE_HOLD,2,1,0.545,11.032,-3.924,-0.013,0.090,0.372,0.8856
1786527958.275,71.600,WAIT,DONE_HOLD,2,1,0.553,11.044,-3.875,0.021,0.093,0.567,0.8865
1786527958.375,71.699,WAIT,DONE_HOLD,2,1,0.561,11.053,-3.807,0.022,0.099,0.843,0.8871
1786527958.475,71.799,WAIT,DONE_HOLD,2,1,0.569,11.061,-3.719,0.028,0.107,1.155,0.8884
1786527958.575,71.899,WAIT,DONE_HOLD,2,1,0.579,11.071,-3.578,0.025,0.101,1.450,0.8898
1786527958.675,71.999,WAIT,DONE_HOLD,2,1,0.591,11.081,-3.430,-0.006,0.093,1.584,0.8909
1786527958.775,72.099,WAIT,DONE_HOLD,2,1,0.603,11.085,-3.254,-0.002,0.046,1.601,0.8934
1786527958.875,72.199,WAIT,DONE_HOLD,2,1,0.614,11.086,-3.115,-0.005,0.008,1.542,0.8963
1786527958.975,72.299,WAIT,DONE_HOLD,2,1,0.623,11.082,-2.956,-0.043,-0.048,1.481,0.8975
1786527959.075,72.400,WAIT,DONE_HOLD,2,1,0.627,11.077,-2.844,-0.041,-0.047,1.443,0.8982
1786527959.175,72.499,WAIT,DONE_HOLD,2,1,0.634,11.073,-2.675,-0.051,-0.067,1.427,0.8972
1786527959.275,72.599,WAIT,DONE_HOLD,2,1,0.639,11.067,-2.536,-0.039,-0.044,1.428,0.8959
1786527959.375,72.700,WAIT,DONE_HOLD,2,1,0.651,11.051,-2.382,-0.056,-0.058,1.430,0.8945
1786527959.475,72.799,WAIT,DONE_HOLD,2,1,0.658,11.033,-2.250,-0.086,-0.080,1.433,0.8920
1786527959.575,72.899,WAIT,DONE_HOLD,2,1,0.661,11.012,-2.101,-0.101,-0.085,1.442,0.8893
1786527959.675,72.999,WAIT,DONE_HOLD,2,1,0.671,10.990,-1.961,-0.123,-0.087,1.442,0.8887
1786527959.775,73.099,WAIT,DONE_HOLD,2,1,0.677,10.964,-1.812,-0.085,-0.060,1.448,0.8900
1786527959.875,73.199,WAIT,DONE_HOLD,2,1,0.670,10.936,-1.670,-0.092,-0.068,1.439,0.8927
1786527959.975,73.300,WAIT,DONE_HOLD,2,1,0.654,10.908,-1.511,-0.106,-0.059,1.310,0.8935
1786527960.075,73.400,WAIT,DONE_HOLD,2,1,0.644,10.893,-1.424,-0.127,-0.026,1.169,0.8929
1786527960.175,73.500,WAIT,DONE_HOLD,2,1,0.616,10.869,-1.306,-0.193,-0.024,0.828,0.8911
1786527960.276,73.600,WAIT,DONE_HOLD,2,1,0.583,10.847,-1.237,-0.189,0.026,0.462,0.8924
1786527960.375,73.699,WAIT,DONE_HOLD,2,1,0.558,10.837,-1.208,-0.190,0.042,0.175,0.8943
1786527960.475,73.799,WAIT,DONE_HOLD,2,1,0.541,10.831,-1.204,-0.158,0.079,-0.064,0.8972
1786527960.575,73.900,WAIT,DONE_HOLD,2,1,0.528,10.830,-1.218,-0.189,0.074,-0.213,0.8967
1786527960.675,73.999,WAIT,DONE_HOLD,2,1,0.517,10.840,-1.239,-0.131,0.147,-0.227,0.8940
1786527960.775,74.099,WAIT,DONE_HOLD,2,1,0.516,10.851,-1.258,-0.058,0.168,-0.183,0.8911
1786527960.875,74.200,WAIT,DONE_HOLD,2,1,0.523,10.865,-1.273,-0.033,0.156,-0.141,0.8883
1786527960.975,74.299,WAIT,DONE_HOLD,2,1,0.530,10.884,-1.285,-0.048,0.160,-0.124,0.8863
1786527961.075,74.399,WAIT,DONE_HOLD,2,1,0.538,10.906,-1.295,-0.002,0.174,-0.092,0.8891
1786527961.175,74.499,WAIT,DONE_HOLD,2,1,0.550,10.930,-1.297,0.028,0.135,0.045,0.8942
1786527961.275,74.599,WAIT,DONE_HOLD,2,1,0.561,10.951,-1.285,0.033,0.180,0.179,0.8962
1786527961.375,74.699,WAIT,DONE_HOLD,2,1,0.571,10.971,-1.263,0.045,0.183,0.247,0.9002
1786527961.475,74.799,WAIT,DONE_HOLD,2,1,0.576,10.991,-1.240,-0.009,0.109,0.212,0.9072
1786527961.575,74.899,WAIT,DONE_HOLD,2,1,0.581,11.010,-1.221,0.036,0.148,0.191,0.9073
1786527961.675,75.000,WAIT,DONE_HOLD,2,1,0.584,11.025,-1.203,-0.036,0.097,0.173,0.9100
1786527961.775,75.100,WAIT,DONE_HOLD,2,1,0.582,11.040,-1.187,-0.059,0.071,0.152,0.9136
1786527961.875,75.200,WAIT,DONE_HOLD,2,1,0.579,11.053,-1.174,-0.044,0.081,0.093,0.9143
1786527961.975,75.299,WAIT,DONE_HOLD,2,1,0.574,11.062,-1.169,-0.074,0.046,0.052,0.9126
1786527962.075,75.400,WAIT,DONE_HOLD,2,1,0.569,11.070,-1.169,-0.078,0.034,-0.026,0.9032
1786527962.175,75.500,WAIT,DONE_HOLD,2,1,0.564,11.081,-1.172,-0.075,0.048,-0.013,0.8952
1786527962.275,75.599,WAIT,DONE_HOLD,2,1,0.560,11.093,-1.174,-0.044,0.042,0.006,0.8930
1786527962.375,75.699,WAIT,DONE_HOLD,2,1,0.555,11.101,-1.175,-0.025,0.038,0.003,0.8910
1786527962.475,75.800,WAIT,DONE_HOLD,2,1,0.550,11.112,-1.175,-0.005,0.026,0.006,0.8915
1786527962.575,75.899,WAIT,DONE_HOLD,2,1,0.545,11.123,-1.176,-0.030,0.042,0.003,0.8893
1786527962.675,75.999,WAIT,DONE_HOLD,2,1,0.537,11.135,-1.177,-0.039,0.026,0.003,0.8869
1786527962.775,76.099,WAIT,DONE_HOLD,2,1,0.531,11.142,-1.178,-0.026,-0.021,0.002,0.8866
1786527962.875,76.199,WAIT,DONE_HOLD,2,1,0.525,11.147,-1.179,-0.000,-0.009,0.001,0.8849
1786527962.975,76.299,WAIT,DONE_HOLD,2,1,0.522,11.152,-1.179,-0.003,-0.064,-0.003,0.8859
1786527963.075,76.399,WAIT,DONE_HOLD,2,1,0.517,11.160,-1.179,-0.038,0.055,0.010,0.8881
1786527963.175,76.499,WAIT,DONE_HOLD,2,1,0.511,11.170,-1.179,-0.017,0.044,0.017,0.8905
1786527963.275,76.599,WAIT,DONE_HOLD,2,1,0.500,11.177,-1.178,-0.108,-0.036,0.011,0.8914
1786527963.375,76.700,WAIT,DONE_HOLD,2,1,0.484,11.179,-1.177,-0.176,-0.114,0.006,0.8909
1786527963.475,76.800,WAIT,DONE_HOLD,2,1,0.461,11.169,-1.176,-0.215,-0.193,0.011,0.8898
1786527963.575,76.900,WAIT,DONE_HOLD,2,1,0.440,11.156,-1.176,-0.289,-0.322,0.003,0.8884
1786527963.676,77.000,WAIT,DONE_HOLD,2,1,0.407,11.130,-1.177,-0.350,-0.428,-0.009,0.8883
1786527963.776,77.100,WAIT,DONE_HOLD,2,1,0.365,11.089,-1.177,-0.476,-0.622,0.007,0.8892
1786527963.875,77.200,WAIT,DONE_HOLD,2,1,0.312,11.034,-1.176,-0.598,-0.789,0.022,0.8885
1786527963.976,77.300,WAIT,DONE_HOLD,2,1,0.242,10.955,-1.177,-0.657,-0.915,0.018,0.8881
1786527964.075,77.400,WAIT,DONE_HOLD,2,1,0.186,10.889,-1.179,-0.767,-0.963,0.012,0.8891
1786527964.175,77.500,WAIT,DONE_HOLD,2,1,0.130,10.823,-1.184,-0.804,-1.023,0.014,0.8897
1786527964.275,77.599,WAIT,DONE_HOLD,2,1,0.054,10.730,-1.189,-0.774,-1.044,0.026,0.8899
1786527964.375,77.700,WAIT,DONE_HOLD,2,1,-0.011,10.651,-1.193,-0.832,-1.080,0.019,0.8914
1786527964.475,77.800,WAIT,DONE_HOLD,2,1,-0.077,10.574,-1.197,-0.824,-1.078,0.011,0.8906
1786527964.575,77.899,WAIT,DONE_HOLD,2,1,-0.141,10.503,-1.199,-0.872,-1.111,0.014,0.8904
1786527964.675,77.999,WAIT,DONE_HOLD,2,1,-0.215,10.425,-1.202,-0.902,-1.095,0.015,0.8883
1786527964.775,78.099,WAIT,DONE_HOLD,2,1,-0.304,10.333,-1.203,-0.894,-1.140,0.018,0.8853
1786527964.875,78.199,WAIT,DONE_HOLD,2,1,-0.386,10.251,-1.203,-0.867,-1.100,0.016,0.8815
1786527964.975,78.299,WAIT,DONE_HOLD,2,1,-0.459,10.181,-1.201,-0.918,-1.128,0.010,0.8752
1786527965.075,78.399,WAIT,DONE_HOLD,2,1,-0.551,10.094,-1.199,-0.962,-1.111,-0.015,0.8718
1786527965.175,78.499,WAIT,DONE_HOLD,2,1,-0.643,10.010,-1.200,-0.918,-1.080,-0.044,0.8735
1786527965.275,78.599,WAIT,DONE_HOLD,2,1,-0.740,9.919,-1.198,-0.934,-1.074,-0.031,0.8802
1786527965.376,78.700,WAIT,DONE_HOLD,2,1,-0.836,9.825,-1.193,-0.968,-1.104,0.004,0.8905
1786527965.476,78.800,WAIT,DONE_HOLD,2,1,-0.916,9.746,-1.187,-0.980,-1.157,0.015,0.8918
1786527965.575,78.900,WAIT,DONE_HOLD,2,1,-1.034,9.627,-1.179,-0.968,-1.174,0.009,0.8870
1786527965.675,79.000,WAIT,DONE_HOLD,2,1,-1.145,9.513,-1.174,-1.052,-1.210,-0.005,0.8860
1786527965.775,79.099,WAIT,DONE_HOLD,2,1,-1.275,9.382,-1.169,-1.058,-1.196,0.006,0.8849
1786527965.875,79.199,WAIT,DONE_HOLD,2,1,-1.392,9.268,-1.163,-1.062,-1.165,0.009,0.8834
1786527965.975,79.299,WAIT,DONE_HOLD,2,1,-1.503,9.155,-1.160,-0.988,-1.126,-0.033,0.8827
1786527966.075,79.399,WAIT,DONE_HOLD,2,1,-1.602,9.053,-1.162,-0.917,-1.004,-0.069,0.8827
1786527966.175,79.499,WAIT,DONE_HOLD,2,1,-1.707,8.947,-1.166,-0.716,-0.799,-0.101,0.8838
1786527966.275,79.599,WAIT,DONE_HOLD,2,1,-1.783,8.870,-1.166,-0.444,-0.444,-0.044,0.8833
1786527966.375,79.699,WAIT,DONE_HOLD,2,1,-1.839,8.814,-1.162,-0.209,-0.167,0.009,0.8838
1786527966.475,79.799,WAIT,DONE_HOLD,2,1,-1.886,8.771,-1.154,-0.170,-0.119,0.002,0.8864
1786527966.575,79.899,WAIT,DONE_HOLD,2,1,-1.940,8.720,-1.144,-0.039,-0.016,0.012,0.8890
1786527966.675,79.999,WAIT,DONE_HOLD,2,1,-1.990,8.670,-1.138,-0.022,-0.014,0.003,0.8902
1786527966.775,80.099,WAIT,DONE_HOLD,2,1,-2.053,8.608,-1.135,-0.051,-0.008,-0.006,0.8906
1786527966.875,80.199,WAIT,DONE_HOLD,2,1,-2.130,8.532,-1.134,-0.126,-0.141,-0.023,0.8901
1786527966.975,80.299,WAIT,DONE_HOLD,2,1,-2.220,8.439,-1.135,-0.250,-0.270,-0.036,0.8911
1786527967.075,80.400,WAIT,DONE_HOLD,2,1,-2.323,8.331,-1.139,-0.444,-0.503,-0.053,0.8925
1786527967.175,80.499,WAIT,DONE_HOLD,2,1,-2.432,8.212,-1.143,-0.618,-0.717,-0.035,0.8936
1786527967.275,80.599,WAIT,DONE_HOLD,2,1,-2.573,8.058,-1.146,-0.829,-0.962,0.000,0.8948
1786527967.375,80.700,WAIT,DONE_HOLD,2,1,-2.720,7.896,-1.151,-0.960,-1.119,-0.003,0.8933
1786527967.475,80.800,WAIT,DONE_HOLD,2,1,-2.857,7.746,-1.161,-0.988,-1.176,-0.028,0.8877
1786527967.575,80.899,WAIT,DONE_HOLD,2,1,-3.000,7.591,-1.176,-1.054,-1.226,-0.041,0.8831
1786527967.675,80.999,WAIT,DONE_HOLD,2,1,-3.127,7.461,-1.194,-1.066,-1.177,-0.061,0.8828
1786527967.775,81.099,WAIT,DONE_HOLD,2,1,-3.266,7.325,-1.218,-0.926,-1.029,-0.057,0.8836
1786527967.875,81.199,WAIT,DONE_HOLD,2,1,-3.385,7.208,-1.243,-0.777,-0.845,-0.050,0.8857
1786527967.975,81.299,WAIT,DONE_HOLD,2,1,-3.496,7.100,-1.268,-0.569,-0.628,-0.031,0.8879
1786527968.075,81.399,WAIT,DONE_HOLD,2,1,-3.568,7.034,-1.282,-0.365,-0.362,0.020,0.8910
1786527968.175,81.499,WAIT,DONE_HOLD,2,1,-3.631,6.980,-1.291,-0.232,-0.142,0.065,0.8921
1786527968.275,81.599,WAIT,DONE_HOLD,2,1,-3.674,6.948,-1.291,-0.070,0.002,0.115,0.8919
1786527968.375,81.699,WAIT,DONE_HOLD,2,1,-3.721,6.911,-1.288,-0.032,0.076,0.126,0.8927
1786527968.475,81.799,WAIT,DONE_HOLD,2,1,-3.770,6.874,-1.284,-0.036,0.071,0.138,0.8943
1786527968.575,81.899,WAIT,DONE_HOLD,2,1,-3.836,6.820,-1.276,-0.098,-0.044,0.146,0.8956
1786527968.675,81.999,WAIT,DONE_HOLD,2,1,-3.903,6.763,-1.268,-0.110,-0.055,0.144,0.8944
1786527968.775,82.099,WAIT,DONE_HOLD,2,1,-3.978,6.699,-1.259,-0.112,-0.042,0.128,0.8927
1786527968.875,82.200,WAIT,DONE_HOLD,2,1,-4.065,6.623,-1.252,-0.160,-0.057,0.071,0.8901
1786527968.975,82.299,WAIT,DONE_HOLD,2,1,-4.136,6.563,-1.246,-0.153,-0.085,0.110,0.8857
1786527969.075,82.400,WAIT,DONE_HOLD,2,1,-4.209,6.498,-1.230,-0.119,-0.034,0.208,0.8817
1786527969.175,82.500,WAIT,DONE_HOLD,2,1,-4.280,6.432,-1.207,-0.094,-0.065,0.274,0.8786
1786527969.275,82.599,WAIT,DONE_HOLD,2,1,-4.340,6.377,-1.179,-0.068,-0.007,0.324,0.8736
1786527969.375,82.699,WAIT,DONE_HOLD,2,1,-4.391,6.329,-1.149,0.038,0.039,0.334,0.8697
1786527969.475,82.799,WAIT,DONE_HOLD,2,1,-4.436,6.288,-1.119,0.057,0.068,0.365,0.8684
1786527969.575,82.899,WAIT,DONE_HOLD,2,1,-4.479,6.251,-1.080,0.101,0.119,0.453,0.8693
1786527969.675,82.999,WAIT,DONE_HOLD,2,1,-4.513,6.223,-1.044,0.176,0.141,0.493,0.8708
1786527969.775,83.099,WAIT,DONE_HOLD,2,1,-4.549,6.196,-0.999,0.220,0.210,0.522,0.8746
1786527969.875,83.199,WAIT,DONE_HOLD,2,1,-4.581,6.172,-0.956,0.263,0.223,0.544,0.8821
1786527969.975,83.299,WAIT,DONE_HOLD,2,1,-4.608,6.153,-0.911,0.318,0.251,0.560,0.8894
1786527970.075,83.399,WAIT,DONE_HOLD,2,1,-4.627,6.142,-0.865,0.327,0.304,0.546,0.8953
1786527970.175,83.499,WAIT,DONE_HOLD,2,1,-4.639,6.138,-0.821,0.408,0.333,0.519,0.8968
1786527970.275,83.599,WAIT,DONE_HOLD,2,1,-4.643,6.141,-0.778,0.466,0.388,0.459,0.8974
1786527970.375,83.699,WAIT,DONE_HOLD,2,1,-4.640,6.149,-0.750,0.518,0.412,0.385,0.8939
1786527970.475,83.799,WAIT,DONE_HOLD,2,1,-4.631,6.162,-0.721,0.552,0.446,0.391,0.8886
1786527970.575,83.900,WAIT,DONE_HOLD,2,1,-4.620,6.177,-0.691,0.575,0.432,0.405,0.8859
1786527970.675,83.999,WAIT,DONE_HOLD,2,1,-4.605,6.194,-0.661,0.591,0.451,0.426,0.8882
1786527970.775,84.099,WAIT,DONE_HOLD,2,1,-4.584,6.218,-0.621,0.561,0.482,0.459,0.8978
1786527970.876,84.200,WAIT,DONE_HOLD,2,1,-4.569,6.241,-0.580,0.591,0.520,0.488,0.9098
1786527970.975,84.299,WAIT,DONE_HOLD,2,1,-4.552,6.270,-0.538,0.535,0.563,0.487,0.9135
1786527971.075,84.399,WAIT,DONE_HOLD,2,1,-4.533,6.305,-0.493,0.535,0.594,0.482,0.9131
1786527971.175,84.499,WAIT,DONE_HOLD,2,1,-4.507,6.346,-0.442,0.536,0.615,0.474,0.9106
1786527971.275,84.599,WAIT,DONE_HOLD,2,1,-4.484,6.379,-0.404,-0.144,0.015,-0.246,0.8919
1786527971.375,84.699,WAIT,DONE_HOLD,2,1,-4.540,6.329,-0.444,-0.315,-0.293,-0.369,0.9679
1786527971.475,84.799,WAIT,DONE_HOLD,2,1,-4.580,6.301,-0.445,-0.139,-0.053,0.074,0.9405
1786527971.575,84.899,WAIT,DONE_HOLD,2,1,-4.600,6.294,-0.161,-0.043,0.045,0.289,0.9260
1786527971.675,84.999,WAIT,DONE_HOLD,2,1,-4.620,6.289,-0.131,-0.474,-0.066,-0.117,0.8249
1786527971.775,85.099,WAIT,DONE_HOLD,2,1,-4.678,6.284,-0.136,-0.475,-0.008,-0.006,0.7032
1786527971.875,85.199,WAIT,DONE_HOLD,2,1,-4.720,6.284,-0.121,-0.476,-0.080,0.083,0.5113
1786527971.975,85.299,WAIT,DONE_HOLD,2,1,-4.776,6.251,-0.122,-0.543,-0.362,0.163,0.4622
1786527972.075,85.399,WAIT,DONE_HOLD,2,1,-4.826,6.215,-0.102,-0.568,-0.447,0.267,0.4765
1786527972.175,85.499,WAIT,DONE_HOLD,2,1,-4.876,6.180,-0.067,-0.705,-0.620,0.038,0.5093
1786527972.275,85.599,WAIT,DONE_HOLD,2,1,-4.917,6.150,-0.076,-0.559,-0.468,0.106,0.4834
1786527972.375,85.700,WAIT,DONE_HOLD,2,1,-4.960,6.126,-0.068,-0.556,-0.275,0.014,0.5292
1786527972.475,85.800,WAIT,DONE_HOLD,2,1,-5.000,6.109,-0.064,-0.485,-0.280,0.037,0.5265
1786527972.575,85.900,WAIT,DONE_HOLD,2,1,-5.037,6.093,-0.062,-0.499,-0.290,0.018,0.5281
1786527972.675,86.000,WAIT,DONE_HOLD,2,1,-5.073,6.081,-0.060,-0.496,-0.254,0.022,0.5257
1786527972.775,86.100,WAIT,DONE_HOLD,2,1,-5.105,6.073,-0.058,-0.501,-0.237,0.016,0.5256
1786527972.875,86.199,WAIT,DONE_HOLD,2,1,-5.130,6.067,-0.057,-0.490,-0.214,0.013,0.5256
1786527972.975,86.299,WAIT,DONE_HOLD,2,1,-5.154,6.064,-0.056,-0.490,-0.201,0.011,0.5256
1786527973.075,86.399,WAIT,DONE_HOLD,2,1,-5.179,6.062,-0.055,-0.479,-0.178,0.009,0.5258
1786527973.175,86.499,WAIT,DONE_HOLD,2,1,-5.199,6.063,-0.054,-0.470,-0.159,0.007,0.5262
1786527973.275,86.599,WAIT,DONE_HOLD,2,1,-5.221,6.063,-0.054,-0.465,-0.150,0.012,0.5260
1786527973.375,86.699,WAIT,DONE_HOLD,2,1,-5.241,6.064,-0.053,-0.460,-0.125,0.007,0.5263
1786527973.475,86.799,WAIT,DONE_HOLD,2,1,-5.259,6.070,-0.114,-0.453,-0.115,-0.001,0.5265
1786527973.575,86.899,WAIT,DONE_HOLD,2,1,-5.269,6.085,-0.115,-0.440,-0.089,-0.004,0.5266
1786527973.675,87.000,WAIT,DONE_HOLD,2,1,-5.278,6.097,-0.099,-0.428,-0.068,-0.005,0.5269
1786527973.775,87.099,WAIT,DONE_HOLD,2,1,-5.284,6.114,-0.070,-0.411,-0.046,-0.006,0.5271
1786527973.875,87.199,WAIT,DONE_HOLD,2,1,-5.283,6.127,-0.049,-0.395,-0.032,-0.007,0.5274
1786527973.975,87.299,WAIT,DONE_HOLD,2,1,-5.283,6.141,-0.025,-0.378,-0.017,-0.006,0.5276
1786527974.075,87.399,WAIT,DONE_HOLD,2,1,-5.281,6.155,-0.004,-0.362,-0.003,-0.004,0.5280
1786527974.175,87.500,WAIT,DONE_HOLD,2,1,-5.205,6.178,-0.000,-0.274,0.013,-0.030,0.5288
1786527974.275,87.600,WAIT,DONE_HOLD,2,1,-5.122,6.196,0.007,-0.190,0.023,-0.040,0.5301
1786527974.375,87.699,WAIT,DONE_HOLD,2,1,-5.050,6.209,0.016,-0.126,0.027,-0.044,0.5316
1786527974.475,87.800,WAIT,DONE_HOLD,2,1,-4.986,6.219,0.025,-0.072,0.030,-0.043,0.5328
1786527974.575,87.899,WAIT,DONE_HOLD,2,1,-4.939,6.224,0.035,-0.037,0.027,-0.035,0.5336
1786527974.675,87.999,WAIT,DONE_HOLD,2,1,-4.902,6.227,0.045,-0.010,0.026,-0.033,0.5335
1786527974.775,88.099,WAIT,DONE_HOLD,2,1,-4.874,6.229,0.054,0.028,0.022,-0.112,0.5342
1786527974.875,88.199,WAIT,DONE_HOLD,2,1,-4.854,6.225,0.045,0.005,-0.071,-0.320,0.5530
1786527974.975,88.299,WAIT,DONE_HOLD,2,1,-4.840,6.210,0.012,-0.042,-0.173,-0.592,0.5780
1786527975.075,88.399,WAIT,DONE_HOLD,2,1,-4.839,6.181,-0.037,-0.087,-0.372,-0.839,0.6247
1786527975.175,88.499,WAIT,DONE_HOLD,2,1,-4.851,6.126,-0.105,-0.201,-0.675,-0.988,0.7149
1786527975.275,88.599,WAIT,DONE_HOLD,2,1,-4.877,6.039,-0.204,-0.278,-0.923,-1.036,0.8492
1786527975.375,88.699,WAIT,DONE_HOLD,2,1,-4.908,5.945,-0.305,-0.351,-1.133,-1.001,0.9929
1786527975.475,88.799,WAIT,DONE_HOLD,2,1,-4.950,5.819,-0.404,-0.364,-1.391,-0.879,1.1783
1786527975.575,88.899,WAIT,DONE_HOLD,2,1,-4.988,5.672,-0.489,-0.282,-1.581,-0.759,1.3828
1786527975.675,88.999,WAIT,DONE_HOLD,2,1,-5.018,5.501,-0.561,-0.142,-1.743,-0.556,1.6035
1786527975.775,89.099,WAIT,DONE_HOLD,2,1,-5.027,5.315,-0.610,0.101,-1.704,-0.279,1.8225
1786527975.875,89.199,WAIT,DONE_HOLD,2,1,-5.014,5.154,-0.631,0.271,-1.574,-0.077,2.0192
1786527975.975,89.300,WAIT,DONE_HOLD,2,1,-4.990,5.013,-0.635,0.310,-1.405,0.056,2.2169
1786527976.076,89.400,WAIT,DONE_HOLD,2,1,-4.963,4.882,-0.628,0.290,-1.218,0.122,2.4137
1786527976.175,89.500,WAIT,DONE_HOLD,2,1,-4.937,4.776,-0.616,0.251,-1.111,0.143,2.5563
1786527976.275,89.599,WAIT,DONE_HOLD,2,1,-4.918,4.700,-0.607,0.187,-1.059,0.069,2.6498
1786527976.375,89.699,WAIT,DONE_HOLD,2,1,-4.904,4.629,-0.612,0.113,-0.921,-0.141,2.7520
1786527976.475,89.799,WAIT,DONE_HOLD,2,1,-4.895,4.577,-0.631,0.128,-0.804,-0.203,2.8489
1786527976.575,89.899,WAIT,DONE_HOLD,2,1,-4.883,4.524,-0.650,0.107,-0.687,-0.049,2.9408
1786527976.675,89.999,WAIT,DONE_HOLD,2,1,-4.881,4.484,-0.652,0.020,-0.659,0.055,2.9658
1786527976.775,90.100,WAIT,DONE_HOLD,2,1,-4.890,4.434,-0.647,-0.037,-0.692,0.115,2.9831
1786527976.875,90.199,WAIT,DONE_HOLD,2,1,-4.899,4.379,-0.642,-0.029,-0.726,0.031,2.9944
1786527976.975,90.299,WAIT,DONE_HOLD,2,1,-4.905,4.331,-0.649,-0.010,-0.718,-0.109,2.9752
1786527977.075,90.399,WAIT,DONE_HOLD,2,1,-4.909,4.268,-0.673,-0.010,-0.578,-0.229,2.9407
1786527977.175,90.499,WAIT,DONE_HOLD,2,1,-4.914,4.225,-0.696,-0.018,-0.499,-0.176,2.8943
1786527977.275,90.599,WAIT,DONE_HOLD,2,1,-4.917,4.186,-0.705,-0.003,-0.501,-0.056,2.8738
1786527977.375,90.699,WAIT,DONE_HOLD,2,1,-4.922,4.142,-0.701,0.007,-0.509,0.042,2.8634
1786527977.475,90.799,WAIT,DONE_HOLD,2,1,-4.927,4.093,-0.687,0.039,-0.508,0.097,2.8633
1786527977.575,90.899,WAIT,DONE_HOLD,2,1,-4.928,4.037,-0.669,0.062,-0.503,0.074,2.8638
1786527977.675,90.999,WAIT,DONE_HOLD,2,1,-4.931,3.980,-0.654,0.040,-0.458,-0.029,2.8506
1786527977.775,91.100,WAIT,DONE_HOLD,2,1,-4.938,3.929,-0.639,0.018,-0.389,-0.038,2.8230
1786527977.875,91.199,WAIT,DONE_HOLD,2,1,-4.945,3.885,-0.620,-0.026,-0.303,-0.036,2.7936
1786527977.975,91.299,WAIT,DONE_HOLD,2,1,-4.960,3.846,-0.605,-0.089,-0.189,0.021,2.7687
1786527978.075,91.399,WAIT,DONE_HOLD,2,1,-4.975,3.816,-0.589,-0.103,-0.176,0.130,2.7319
1786527978.175,91.499,WAIT,DONE_HOLD,2,1,-4.990,3.773,-0.560,-0.069,-0.232,0.261,2.6704
1786527978.275,91.599,WAIT,DONE_HOLD,2,1,-5.000,3.730,-0.521,-0.036,-0.267,0.434,2.5993
1786527978.375,91.699,WAIT,DONE_HOLD,2,1,-5.005,3.687,-0.475,0.013,-0.323,0.518,2.5270
1786527978.475,91.799,WAIT,DONE_HOLD,2,1,-5.007,3.636,-0.418,0.061,-0.307,0.557,2.4387
1786527978.575,91.899,WAIT,DONE_HOLD,2,1,-5.008,3.583,-0.349,0.021,-0.230,0.675,2.3652
1786527978.675,91.999,WAIT,DONE_HOLD,2,1,-5.019,3.541,-0.279,-0.049,-0.162,0.739,2.3312
1786527978.775,92.099,WAIT,DONE_HOLD,2,1,-5.032,3.503,-0.215,-0.031,-0.156,0.716,2.3331
1786527978.875,92.200,WAIT,DONE_HOLD,2,1,-5.038,3.462,-0.155,0.001,-0.125,0.737,2.3401
1786527978.975,92.299,WAIT,DONE_HOLD,2,1,-5.041,3.420,-0.095,0.015,-0.123,0.728,2.3624
1786527979.075,92.399,WAIT,DONE_HOLD,2,1,-5.044,3.380,-0.038,0.008,-0.090,0.640,2.4094
1786527979.175,92.499,WAIT,DONE_HOLD,2,1,-5.048,3.343,0.007,0.000,-0.037,0.405,2.4693
1786527979.275,92.600,WAIT,DONE_HOLD,2,1,-5.051,3.316,0.022,-0.002,-0.037,0.134,2.5224
1786527979.375,92.699,WAIT,DONE_HOLD,2,1,-5.055,3.298,0.012,-0.010,0.030,-0.047,2.5502
1786527979.475,92.800,WAIT,DONE_HOLD,2,1,-5.062,3.279,-0.011,-0.072,0.024,-0.112,2.5604
1786527979.575,92.900,WAIT,DONE_HOLD,2,1,-5.076,3.257,-0.040,-0.116,-0.039,-0.165,2.5736
1786527979.675,92.999,WAIT,DONE_HOLD,2,1,-5.091,3.229,-0.068,-0.132,-0.097,-0.117,2.6056
1786527979.775,93.099,WAIT,DONE_HOLD,2,1,-5.110,3.190,-0.097,-0.143,-0.149,-0.070,2.6262
1786527979.875,93.199,WAIT,DONE_HOLD,2,1,-5.127,3.153,-0.123,-0.118,-0.124,-0.104,2.6437
1786527979.975,93.299,WAIT,DONE_HOLD,2,1,-5.139,3.125,-0.150,-0.069,-0.059,-0.124,2.6600
1786527980.075,93.399,WAIT,DONE_HOLD,2,1,-5.148,3.096,-0.183,-0.049,-0.037,-0.097,2.6738
1786527980.175,93.499,WAIT,DONE_HOLD,2,1,-5.156,3.070,-0.211,-0.068,-0.062,-0.106,2.6975
1786527980.275,93.599,WAIT,DONE_HOLD,2,1,-5.165,3.042,-0.248,-0.060,-0.093,-0.179,2.7137
1786527980.375,93.699,WAIT,DONE_HOLD,2,1,-5.174,3.016,-0.282,-0.062,-0.123,-0.220,2.7212
1786527980.475,93.799,WAIT,DONE_HOLD,2,1,-5.182,2.983,-0.322,-0.039,-0.136,-0.217,2.7240
1786527980.575,93.899,WAIT,DONE_HOLD,2,1,-5.188,2.953,-0.351,-0.048,-0.148,-0.253,2.7242
1786527980.675,93.999,WAIT,DONE_HOLD,2,1,-5.197,2.917,-0.378,-0.046,-0.167,-0.254,2.7242
1786527980.775,94.099,WAIT,DONE_HOLD,2,1,-5.203,2.884,-0.400,-0.045,-0.185,-0.253,2.7242
1786527980.875,94.199,WAIT,DONE_HOLD,2,1,-5.206,2.867,-0.420,-0.040,-0.182,-0.250,2.7242
1786527980.975,94.299,WAIT,DONE_HOLD,2,1,-5.201,2.878,-0.435,-0.027,-0.157,-0.249,2.7242
1786527981.075,94.399,WAIT,DONE_HOLD,2,1,-5.194,2.891,-0.449,-0.013,-0.131,-0.245,2.7242
1786527981.175,94.500,WAIT,DONE_HOLD,2,1,-5.188,2.904,-0.462,-0.003,-0.105,-0.241,2.7242
1786527981.275,94.599,WAIT,DONE_HOLD,2,1,-5.183,2.914,-0.474,0.006,-0.091,-0.239,2.7242
1786527981.375,94.700,WAIT,DONE_HOLD,2,1,-5.178,2.921,-0.488,0.012,-0.078,-0.236,2.7242
1786527981.475,94.799,WAIT,DONE_HOLD,2,1,-5.175,2.924,-0.501,0.015,-0.069,-0.233,2.7242
1786527981.575,94.899,WAIT,DONE_HOLD,2,1,-5.173,2.922,-0.512,0.019,-0.062,-0.230,2.7241
1786527981.675,94.999,WAIT,DONE_HOLD,2,1,-5.173,2.917,-0.519,0.022,-0.056,-0.225,2.7241
1786527981.775,95.099,WAIT,DONE_HOLD,2,1,-5.173,2.909,-0.526,0.022,-0.052,-0.221,2.7241
1786527981.875,95.200,WAIT,DONE_HOLD,2,1,-5.174,2.900,-0.534,0.024,-0.051,-0.216,2.7241
1786527981.975,95.299,WAIT,DONE_HOLD,2,1,-5.175,2.889,-0.540,0.025,-0.052,-0.213,2.7242
1786527982.075,95.399,WAIT,DONE_HOLD,2,1,-5.176,2.876,-0.546,0.026,-0.051,-0.209,2.7243
1786527982.175,95.499,WAIT,DONE_HOLD,2,1,-5.177,2.861,-0.553,0.028,-0.052,-0.205,2.7244
1786527982.275,95.599,WAIT,DONE_HOLD,2,1,-5.177,2.850,-0.563,0.029,-0.053,-0.203,2.7244
1786527982.375,95.699,WAIT,DONE_HOLD,2,1,-5.178,2.837,-0.570,0.029,-0.053,-0.199,2.7244
1786527982.475,95.799,WAIT,DONE_HOLD,2,1,-5.179,2.824,-0.576,0.030,-0.052,-0.196,2.7245
1786527982.575,95.899,WAIT,DONE_HOLD,2,1,-5.180,2.809,-0.584,0.030,-0.053,-0.192,2.7246
1786527982.675,95.999,WAIT,DONE_HOLD,2,1,-5.180,2.794,-0.592,0.029,-0.055,-0.189,2.7247
1786527982.775,96.099,WAIT,DONE_HOLD,2,1,-5.181,2.777,-0.601,0.028,-0.054,-0.186,2.7249
1786527982.875,96.199,WAIT,DONE_HOLD,2,1,-5.183,2.769,-0.162,0.026,-0.047,-0.182,2.7251
1786527982.975,96.300,WAIT,DONE_HOLD,2,1,-5.186,2.766,-0.170,0.021,-0.033,-0.180,2.7252
1786527983.076,96.400,WAIT,DONE_HOLD,2,1,-5.188,2.763,-0.177,0.017,-0.021,-0.177,2.7254
1786527983.175,96.499,WAIT,DONE_HOLD,2,1,-5.191,2.761,-0.183,0.014,-0.013,-0.175,2.7255
1786527983.275,96.599,WAIT,DONE_HOLD,2,1,-5.194,2.759,-0.189,0.011,-0.005,-0.170,2.7258
1786527983.375,96.699,WAIT,DONE_HOLD,2,1,-5.195,2.759,-0.194,0.010,0.001,-0.166,2.7260
1786527983.475,96.799,WAIT,DONE_HOLD,2,1,-5.197,2.758,-0.199,0.008,0.004,-0.158,2.7262
1786527983.575,96.899,WAIT,DONE_HOLD,2,1,-5.198,2.757,-0.204,0.007,0.006,-0.149,2.7262
1786527983.675,96.999,WAIT,DONE_HOLD,2,1,-5.199,2.755,-0.206,0.006,0.010,-0.134,2.7263
1786527983.775,97.099,WAIT,DONE_HOLD,2,1,-5.200,2.753,-0.205,0.004,0.012,-0.120,2.7264
1786527983.875,97.199,WAIT,DONE_HOLD,2,1,-5.202,2.750,-0.201,0.004,0.011,-0.104,2.7266
1786527983.975,97.300,WAIT,DONE_HOLD,2,1,-5.203,2.746,-0.193,0.001,0.013,-0.085,2.7267
1786527984.075,97.400,WAIT,DONE_HOLD,2,1,-5.203,2.741,-0.182,-0.002,0.013,-0.068,2.7269
1786527984.175,97.500,WAIT,DONE_HOLD,2,1,-5.204,2.736,-0.172,-0.005,0.011,-0.054,2.7271
1786527984.275,97.599,WAIT,DONE_HOLD,2,1,-5.205,2.733,-0.158,-0.009,0.010,-0.036,2.7272
1786527984.375,97.699,WAIT,DONE_HOLD,2,1,-5.207,2.728,-0.144,-0.009,0.009,-0.021,2.7272
1786527984.475,97.799,WAIT,DONE_HOLD,2,1,-5.208,2.724,-0.130,-0.010,0.011,-0.006,2.7273
1786527984.576,97.900,WAIT,DONE_HOLD,2,1,-5.209,2.719,-0.114,-0.023,0.011,0.003,2.7275
1786527984.676,98.000,WAIT,DONE_HOLD,2,1,-5.210,2.714,-0.113,-0.011,0.002,0.010,2.7276
1786527984.775,98.100,WAIT,DONE_HOLD,2,1,-5.211,2.711,-0.117,-0.012,0.025,0.015,2.7273
1786527984.875,98.199,WAIT,DONE_HOLD,2,1,-5.210,2.706,-0.124,0.005,0.042,0.001,2.7256
1786527984.975,98.300,WAIT,DONE_HOLD,2,1,-5.207,2.702,-0.132,0.003,0.014,-0.020,2.7215
1786527985.075,98.399,WAIT,DONE_HOLD,2,1,-5.200,2.695,-0.133,0.039,-0.022,0.089,2.7173
1786527985.175,98.499,WAIT,DONE_HOLD,2,1,-5.194,2.689,-0.125,0.005,0.050,-0.013,2.7125
1786527985.275,98.600,WAIT,DONE_HOLD,2,1,-5.191,2.684,-0.127,0.019,0.044,0.028,2.7100
1786527985.375,98.699,WAIT,DONE_HOLD,2,1,-5.188,2.679,-0.129,0.017,0.033,0.020,2.7102
1786527985.475,98.799,WAIT,DONE_HOLD,2,1,-5.185,2.673,-0.131,0.017,0.021,0.022,2.7104
1786527985.575,98.900,WAIT,DONE_HOLD,2,1,-5.182,2.665,-0.132,0.018,0.014,0.020,2.7106
1786527985.675,99.000,WAIT,DONE_HOLD,2,1,-5.180,2.657,-0.132,0.018,0.011,0.020,2.7107
1786527985.775,99.100,WAIT,DONE_HOLD,2,1,-5.178,2.648,-0.132,0.020,0.005,0.019,2.7108
1786527985.875,99.200,WAIT,DONE_HOLD,2,1,-5.177,2.641,-0.132,0.021,0.003,0.019,2.7109
1786527985.975,99.299,WAIT,DONE_HOLD,2,1,-5.175,2.633,-0.131,0.020,0.001,0.017,2.7109
1786527986.075,99.399,WAIT,DONE_HOLD,2,1,-5.175,2.624,-0.130,0.019,-0.001,0.016,2.7110
1786527986.175,99.500,WAIT,DONE_HOLD,2,1,-5.174,2.614,-0.129,0.018,-0.003,0.016,2.7111
1786527986.275,99.600,WAIT,DONE_HOLD,2,1,-5.173,2.606,-0.128,0.018,-0.005,0.015,2.7111
1786527986.375,99.700,WAIT,DONE_HOLD,2,1,-5.173,2.597,-0.127,0.017,-0.002,0.013,2.7111
1786527986.475,99.800,WAIT,DONE_HOLD,2,1,-5.172,2.589,-0.127,0.017,-0.003,0.012,2.7112
1786527986.575,99.900,WAIT,DONE_HOLD,2,1,-5.172,2.579,-0.125,0.017,-0.007,0.012,2.7113
1786527986.675,99.999,WAIT,DONE_HOLD,2,1,-5.172,2.567,-0.124,0.014,-0.012,0.008,2.7117
1786527986.775,100.099,WAIT,DONE_HOLD,2,1,-5.172,2.555,-0.124,0.013,-0.015,0.011,2.7116
1786527986.875,100.199,WAIT,DONE_HOLD,2,1,-5.173,2.538,-0.124,0.008,-0.020,0.015,2.7113
1786527986.975,100.299,WAIT,DONE_HOLD,2,1,-5.174,2.523,-0.124,0.004,-0.024,0.010,2.7115
1786527987.075,100.400,WAIT,DONE_HOLD,2,1,-5.174,2.510,-0.089,0.003,-0.029,0.007,2.7117
1786527987.175,100.499,WAIT,DONE_HOLD,2,1,-5.175,2.492,-0.086,0.005,-0.037,0.006,2.7118
1786527987.275,100.599,WAIT,DONE_HOLD,2,1,-5.178,2.490,-0.064,0.003,-0.026,0.003,2.7119
1786527987.375,100.700,WAIT,DONE_HOLD,2,1,-5.180,2.491,-0.049,0.000,-0.015,0.000,2.7120
1786527987.475,100.799,WAIT,DONE_HOLD,2,1,-5.183,2.491,-0.039,-0.003,-0.007,-0.001,2.7121
1786527987.575,100.899,WAIT,DONE_HOLD,2,1,-5.185,2.488,-0.037,-0.002,-0.001,-0.004,2.7122
1786527987.675,101.000,WAIT,DONE_HOLD,2,1,-5.186,2.485,-0.037,-0.003,0.004,-0.007,2.7123
1786527987.775,101.099,WAIT,DONE_HOLD,2,1,-5.188,2.481,-0.038,-0.005,0.005,-0.008,2.7122
1786527987.875,101.199,WAIT,DONE_HOLD,2,1,-5.189,2.473,-0.040,-0.005,0.009,-0.011,2.7124
1786527987.975,101.300,WAIT,DONE_HOLD,2,1,-5.191,2.466,-0.042,-0.006,0.010,-0.013,2.7124
1786527988.075,101.400,WAIT,DONE_HOLD,2,1,-5.192,2.458,-0.046,-0.008,0.009,-0.015,2.7125
1786527988.175,101.499,WAIT,DONE_HOLD,2,1,-5.194,2.450,-0.050,-0.008,0.010,-0.017,2.7127
1786527988.275,101.599,WAIT,DONE_HOLD,2,1,-5.195,2.444,-0.051,-0.010,0.011,-0.018,2.7127
1786527988.375,101.699,WAIT,DONE_HOLD,2,1,-5.196,2.436,-0.053,-0.011,0.009,-0.021,2.7128
1786527988.475,101.799,WAIT,DONE_HOLD,2,1,-5.198,2.427,-0.056,-0.011,0.008,-0.020,2.7128
1786527988.575,101.899,WAIT,DONE_HOLD,2,1,-5.199,2.416,-0.059,-0.011,0.005,-0.023,2.7130
1786527988.675,101.999,WAIT,DONE_HOLD,2,1,-5.200,2.405,-0.063,-0.013,0.002,-0.024,2.7130
1786527988.775,102.099,WAIT,DONE_HOLD,2,1,-5.202,2.393,-0.066,-0.012,-0.001,-0.026,2.7132
1786527988.875,102.199,WAIT,DONE_HOLD,2,0,-5.203,2.382,-0.069,-0.014,-0.003,-0.027,2.7133
1786527988.975,102.299,WAIT,DONE_HOLD,2,0,-5.204,2.366,-0.072,-0.012,-0.010,-0.027,2.7134
1786527989.075,102.400,WAIT,DONE_HOLD,2,0,-5.205,2.350,-0.075,-0.010,-0.013,-0.028,2.7136
1786527989.175,102.499,WAIT,DONE_HOLD,2,0,-5.205,2.334,-0.077,-0.005,-0.016,-0.028,2.6801
1786527989.275,102.599,WAIT,DONE_HOLD,2,0,-5.205,2.322,-0.079,0.000,-0.017,-0.027,2.6802
1786527989.375,102.699,WAIT,DONE_HOLD,2,0,-5.203,2.313,-0.080,0.005,-0.012,-0.026,2.6803
1786527989.475,102.799,WAIT,DONE_HOLD,2,0,-5.201,2.305,-0.081,0.008,-0.007,-0.024,2.6804
1786527989.575,102.899,WAIT,DONE_HOLD,2,0,-5.198,2.297,-0.081,0.009,-0.002,-0.020,2.6805
1786527989.675,103.000,WAIT,DONE_HOLD,2,0,-5.196,2.290,-0.080,0.008,0.001,-0.015,2.6806
1786527989.775,103.100,WAIT,DONE_HOLD,2,0,-5.193,2.283,-0.078,0.007,0.003,-0.006,2.6807
1786527989.875,103.199,WAIT,DONE_HOLD,2,0,-5.192,2.276,-0.076,0.006,0.003,0.001,2.6808
1786527989.975,103.300,WAIT,DONE_HOLD,2,0,-5.190,2.268,-0.072,0.005,0.004,0.012,2.6809
1786527990.075,103.399,WAIT,DONE_HOLD,2,0,-5.189,2.263,-0.068,0.003,0.004,0.021,2.6810
1786527990.175,103.499,WAIT,DONE_HOLD,2,0,-5.188,2.258,-0.062,0.002,0.005,0.029,2.6810
1786527990.275,103.599,WAIT,DONE_HOLD,2,0,-5.188,2.255,-0.057,0.002,0.006,0.035,2.6812
1786527990.375,103.699,WAIT,DONE_HOLD,2,0,-5.188,2.252,-0.051,0.001,0.005,0.039,2.6813
1786527990.475,103.799,WAIT,DONE_HOLD,2,0,-5.188,2.249,-0.046,0.001,0.004,0.040,2.6814
1786527990.575,103.899,WAIT,DONE_HOLD,2,0,-5.188,2.246,-0.042,0.000,0.004,0.042,2.6815
1786527990.675,103.999,WAIT,DONE_HOLD,2,0,-5.188,2.243,-0.039,-0.000,0.004,0.042,2.6815
1786527990.775,104.100,WAIT,DONE_HOLD,2,0,-5.188,2.240,-0.036,-0.001,0.004,0.041,2.6817
1786527990.875,104.199,WAIT,DONE_HOLD,2,0,-5.187,2.237,-0.035,-0.001,0.005,0.040,2.6818
1786527990.975,104.299,WAIT,DONE_HOLD,2,0,-5.187,2.232,-0.035,-0.001,0.005,0.037,2.6818
1786527991.075,104.400,WAIT,DONE_HOLD,2,0,-5.187,2.227,-0.037,-0.001,0.006,0.036,2.6819
1786527991.175,104.499,WAIT,DONE_HOLD,2,0,-5.187,2.223,-0.038,0.000,0.007,0.034,2.6821
1786527991.275,104.599,WAIT,DONE_HOLD,2,0,-5.186,2.218,-0.040,-0.000,0.006,0.031,2.6821
1786527991.375,104.699,WAIT,DONE_HOLD,2,0,-5.186,2.215,-0.041,-0.001,0.006,0.028,2.6822
1786527991.475,104.800,WAIT,DONE_HOLD,2,0,-5.186,2.212,-0.043,-0.001,0.006,0.024,2.6823
1786527991.575,104.900,WAIT,DONE_HOLD,2,0,-5.186,2.209,-0.044,-0.000,0.006,0.022,2.6824
1786527991.675,105.000,WAIT,DONE_HOLD,2,0,-5.185,2.207,-0.045,-0.000,0.006,0.021,2.6825
1786527991.775,105.099,WAIT,DONE_HOLD,2,0,-5.185,2.205,-0.046,-0.001,0.006,0.020,2.6826
1786527991.875,105.199,WAIT,DONE_HOLD,2,0,-5.185,2.202,-0.047,-0.001,0.006,0.018,2.6827
1786527991.975,105.299,WAIT,DONE_HOLD,2,0,-5.185,2.199,-0.048,-0.001,0.007,0.016,2.6827
1786527992.075,105.399,WAIT,DONE_HOLD,2,0,-5.185,2.197,-0.049,-0.002,0.007,0.015,2.6828
1786527992.175,105.500,WAIT,DONE_HOLD,2,0,-5.185,2.193,-0.050,-0.002,0.007,0.013,2.6829
1786527992.275,105.600,WAIT,DONE_HOLD,2,0,-5.185,2.191,-0.050,-0.003,0.007,0.011,2.6830
1786527992.375,105.699,WAIT,DONE_HOLD,2,0,-5.185,2.189,-0.050,-0.004,0.008,0.009,2.6831
1786527992.475,105.799,WAIT,DONE_HOLD,2,0,-5.186,2.186,-0.051,-0.003,0.007,0.008,2.6832
1786527992.575,105.899,WAIT,DONE_HOLD,1,0,-5.186,2.184,-0.052,-0.003,0.007,0.007,2.6832
1786527992.675,105.999,WAIT,DONE_HOLD,1,0,-5.186,2.180,-0.053,-0.003,0.007,0.005,2.6833
1786527992.775,106.099,WAIT,DONE_HOLD,1,0,-5.186,2.177,-0.054,-0.002,0.005,0.004,2.6834
1786527992.875,106.199,WAIT,DONE_HOLD,1,0,-5.186,2.174,-0.055,-0.001,0.004,0.003,2.6835
1786527992.975,106.299,WAIT,DONE_HOLD,1,0,-5.186,2.171,-0.056,-0.001,0.004,0.003,2.6836
1786527993.075,106.399,WAIT,DONE_HOLD,1,0,-5.186,2.169,-0.056,-0.001,0.004,0.002,2.6836
1786527993.175,106.500,WAIT,DONE_HOLD,1,0,-5.186,2.166,-0.057,-0.001,0.004,0.001,2.6837
1786527993.275,106.600,WAIT,DONE_HOLD,1,0,-5.187,2.164,-0.057,-0.016,0.001,0.002,2.6836
1786527993.375,106.700,WAIT,DONE_HOLD,1,0,-5.187,2.161,-0.058,-0.010,0.003,-0.005,2.6834
1786527993.475,106.799,WAIT,DONE_HOLD,1,0,-5.189,2.159,-0.058,-0.031,-0.000,-0.001,2.6808
1786527993.575,106.899,WAIT,DONE_HOLD,1,0,-5.190,2.156,-0.058,-0.008,0.005,-0.000,2.6802
1786527993.675,106.999,WAIT,DONE_HOLD,1,0,-5.192,2.154,-0.056,-0.008,0.006,0.002,2.6804
