t_wall,t_seq,state,stage,nav_state,armed,x,y,z,vx,vy,vz,heading
1786527377.503,0.000,WAIT,idle,-1,0,12.406,5.805,-3.291,0.247,-0.050,-1.446,1.2494
1786527377.602,0.000,WAIT,idle,-1,0,12.429,5.800,-3.449,0.263,-0.034,-1.241,1.2537
1786527377.702,0.000,WAIT,idle,-1,0,12.445,5.796,-3.562,0.234,-0.010,-0.939,1.2593
1786527377.802,0.000,WAIT,idle,-1,0,12.459,5.795,-3.650,0.220,0.013,-0.636,1.2672
1786527377.902,0.000,WAIT,idle,-1,0,12.468,5.797,-3.711,0.146,0.037,-0.568,1.2654
1786527378.002,0.000,WAIT,idle,-1,0,12.472,5.798,-3.775,0.105,0.019,-0.640,1.2609
1786527378.102,0.000,WAIT,idle,2,1,12.470,5.802,-3.843,0.086,0.066,-0.747,1.2589
1786527378.202,0.000,WAIT,idle,2,1,12.463,5.805,-3.930,0.068,0.055,-0.791,1.2581
1786527378.302,0.000,WAIT,idle,2,1,12.453,5.811,-4.006,0.013,0.078,-0.833,1.2561
1786527378.402,0.000,WAIT,idle,2,1,12.443,5.820,-4.099,0.018,0.077,-0.829,1.2544
1786527378.502,0.000,WAIT,idle,2,1,12.434,5.829,-4.182,0.039,0.091,-0.811,1.2576
1786527378.602,0.000,WAIT,idle,2,1,12.428,5.838,-4.264,0.048,0.078,-0.811,1.2580
1786527378.702,0.000,WAIT,idle,2,1,12.420,5.847,-4.344,0.016,0.075,-0.709,1.2518
1786527378.802,0.000,WAIT,idle,2,1,12.410,5.856,-4.399,0.016,0.084,-0.520,1.2492
1786527378.902,0.000,WAIT,idle,2,1,12.400,5.867,-4.440,0.021,0.095,-0.211,1.2504
1786527379.002,0.000,WAIT,idle,2,1,12.389,5.877,-4.452,0.022,0.122,-0.019,1.2507
1786527379.102,0.000,WAIT,idle,2,1,12.377,5.884,-4.453,0.022,0.092,0.029,1.2524
1786527379.202,0.000,WAIT,idle,2,1,12.368,5.889,-4.453,0.030,0.074,-0.016,1.2530
1786527379.302,0.000,WAIT,idle,2,1,12.361,5.895,-4.462,0.047,0.060,-0.103,1.2499
1786527379.402,0.000,WAIT,idle,2,1,12.356,5.899,-4.473,0.043,0.016,-0.096,1.2522
1786527379.502,0.000,WAIT,idle,2,1,12.349,5.900,-4.486,0.009,-0.025,-0.112,1.2516
1786527379.602,0.000,WAIT,idle,2,1,12.344,5.900,-4.496,0.037,-0.018,-0.112,1.2463
1786527379.702,0.000,WAIT,idle,2,1,12.336,5.898,-4.507,0.040,-0.031,-0.103,1.2413
1786527379.802,0.000,WAIT,idle,2,1,12.330,5.892,-4.517,0.027,-0.085,-0.106,1.2372
1786527379.902,0.000,WAIT,idle,2,1,12.320,5.884,-4.528,0.047,-0.077,-0.093,1.2326
1786527380.002,0.000,WAIT,idle,2,1,12.311,5.875,-4.536,0.023,-0.085,-0.092,1.2291
1786527380.102,0.000,WAIT,idle,2,1,12.301,5.868,-4.544,0.012,-0.067,-0.102,1.2264
1786527380.202,0.000,WAIT,idle,2,1,12.294,5.862,-4.550,0.047,-0.071,-0.096,1.2230
1786527380.302,0.000,WAIT,idle,2,1,12.292,5.855,-4.557,0.080,-0.072,-0.095,1.2195
1786527380.402,0.000,WAIT,idle,2,1,12.295,5.850,-4.563,0.099,-0.042,-0.077,1.2212
1786527380.502,0.000,WAIT,idle,2,1,12.296,5.846,-4.568,0.126,-0.028,-0.076,1.2187
1786527380.602,0.000,WAIT,idle,2,1,12.300,5.844,-4.571,0.125,0.007,-0.054,1.2142
1786527380.702,0.000,WAIT,idle,2,1,12.306,5.846,-4.573,0.129,0.023,-0.071,1.2179
1786527380.802,0.000,WAIT,idle,2,1,12.313,5.849,-4.577,0.137,0.040,-0.091,1.2237
1786527380.902,0.000,WAIT,idle,2,1,12.321,5.856,-4.582,0.136,0.086,-0.085,1.2288
1786527381.002,0.000,WAIT,idle,2,1,12.327,5.864,-4.587,0.122,0.067,-0.090,1.2297
1786527381.102,0.000,WAIT,idle,2,1,12.334,5.871,-4.590,0.112,0.075,-0.082,1.2305
1786527381.202,0.000,WAIT,idle,2,1,12.344,5.882,-4.595,0.126,0.118,-0.073,1.2344
1786527381.302,0.000,WAIT,idle,2,1,12.353,5.894,-4.598,0.109,0.121,-0.076,1.2351
1786527381.402,0.000,WAIT,idle,2,1,12.363,5.908,-4.600,0.095,0.096,-0.079,1.2351
1786527381.502,0.000,WAIT,idle,2,1,12.371,5.918,-4.602,0.111,0.092,-0.066,1.2368
1786527381.602,0.000,WAIT,idle,2,1,12.382,5.929,-4.605,0.126,0.122,-0.070,1.2389
1786527381.702,0.000,WAIT,idle,2,1,12.395,5.938,-4.606,0.145,0.095,-0.054,1.2370
1786527381.802,0.000,WAIT,idle,2,1,12.407,5.946,-4.607,0.136,0.097,-0.049,1.2324
1786527381.902,0.000,WAIT,idle,2,1,12.421,5.955,-4.608,0.124,0.069,-0.059,1.2283
1786527382.002,0.000,WAIT,idle,2,1,12.432,5.961,-4.610,0.120,0.087,-0.071,1.2284
1786527382.102,0.000,WAIT,idle,2,1,12.443,5.970,-4.613,0.113,0.078,-0.092,1.2279
1786527382.202,0.000,WAIT,idle,2,1,12.451,5.976,-4.617,0.098,0.059,-0.080,1.2260
1786527382.302,0.000,WAIT,idle,2,1,12.461,5.981,-4.619,0.081,0.033,-0.073,1.2250
1786527382.402,0.000,WAIT,idle,2,1,12.469,5.985,-4.620,0.061,0.020,-0.053,1.2175
1786527382.502,0.000,WAIT,idle,2,1,12.476,5.987,-4.619,0.080,0.061,-0.032,1.2144
1786527382.602,0.000,WAIT,idle,2,1,12.485,5.991,-4.617,0.048,0.020,-0.038,1.2157
1786527382.702,0.000,WAIT,idle,2,1,12.492,5.994,-4.616,0.044,0.022,-0.042,1.2201
1786527382.802,0.000,WAIT,idle,2,1,12.498,5.994,-4.614,0.002,-0.015,-0.048,1.2268
1786527382.902,0.000,WAIT,idle,2,1,12.503,5.994,-4.612,-0.005,-0.019,-0.046,1.2282
1786527383.002,0.000,WAIT,idle,2,1,12.508,5.994,-4.611,-0.023,-0.009,-0.055,1.2223
1786527383.102,0.000,WAIT,idle,2,1,12.510,5.995,-4.610,-0.047,-0.024,-0.067,1.2191
1786527383.202,0.000,WAIT,idle,2,1,12.510,5.994,-4.611,-0.017,-0.021,-0.048,1.2218
1786527383.302,0.000,WAIT,idle,2,1,12.510,5.992,-4.610,-0.039,-0.025,-0.045,1.2246
1786527383.402,0.000,WAIT,idle,2,1,12.506,5.990,-4.610,-0.058,-0.002,-0.043,1.2280
1786527383.502,0.000,WAIT,idle,2,1,12.502,5.988,-4.610,-0.080,-0.026,-0.041,1.2301
1786527383.602,0.000,WAIT,idle,2,1,12.494,5.985,-4.610,-0.112,-0.028,-0.039,1.2284
1786527383.702,0.000,WAIT,idle,2,1,12.486,5.984,-4.610,-0.115,-0.026,-0.048,1.2248
1786527383.802,0.000,WAIT,idle,2,1,12.475,5.982,-4.609,-0.140,-0.010,-0.034,1.2230
1786527383.902,0.000,WAIT,idle,2,1,12.462,5.978,-4.608,-0.144,-0.010,-0.036,1.2199
1786527384.002,0.000,WAIT,idle,2,1,12.450,5.977,-4.607,-0.127,-0.007,-0.024,1.2180
1786527384.102,0.000,WAIT,idle,2,1,12.440,5.978,-4.605,-0.139,-0.021,-0.027,1.2179
1786527384.202,0.000,WAIT,idle,2,1,12.427,5.978,-4.604,-0.153,-0.018,-0.021,1.2182
1786527384.302,0.000,WAIT,idle,2,1,12.413,5.977,-4.601,-0.140,-0.015,-0.003,1.2174
1786527384.402,0.000,WAIT,idle,2,1,12.404,5.977,-4.598,-0.146,-0.015,-0.005,1.2182
1786527384.502,0.000,WAIT,idle,2,1,12.392,5.976,-4.594,-0.173,-0.012,-0.015,1.2165
1786527384.602,0.000,WAIT,idle,2,1,12.379,5.975,-4.591,-0.195,-0.044,-0.017,1.2169
1786527384.702,0.000,WAIT,idle,2,1,12.368,5.973,-4.587,-0.160,0.015,-0.015,1.2154
1786527384.802,0.000,WAIT,idle,2,1,12.360,5.971,-4.583,-0.162,0.016,-0.009,1.2177
1786527384.902,0.000,WAIT,idle,2,1,12.352,5.968,-4.579,-0.167,0.035,-0.007,1.2217
1786527385.002,0.000,WAIT,idle,2,1,12.345,5.965,-4.576,-0.169,0.018,-0.019,1.2208
1786527385.102,0.000,WAIT,idle,2,1,12.339,5.964,-4.569,-0.138,0.009,-0.005,1.2227
1786527385.202,0.000,WAIT,idle,2,1,12.331,5.963,-4.565,-0.160,0.019,-0.004,1.2198
1786527385.302,0.000,WAIT,idle,2,1,12.323,5.962,-4.561,-0.122,0.015,-0.016,1.2184
1786527385.402,0.000,WAIT,idle,2,1,12.320,5.961,-4.558,-0.107,0.028,-0.017,1.2177
1786527385.502,0.000,WAIT,idle,2,1,12.317,5.957,-4.554,-0.121,0.003,-0.019,1.2138
1786527385.602,0.000,WAIT,idle,2,1,12.314,5.957,-4.552,-0.064,0.044,-0.013,1.2093
1786527385.702,0.000,WAIT,idle,2,1,12.312,5.959,-4.550,-0.028,0.064,-0.015,1.2126
1786527385.802,0.000,WAIT,idle,2,1,12.313,5.959,-4.548,-0.013,0.031,-0.014,1.2130
1786527385.902,0.000,WAIT,idle,2,1,12.320,5.961,-4.542,-0.009,0.045,-0.007,1.2084
1786527386.002,0.000,WAIT,idle,2,1,12.329,5.966,-4.537,0.010,0.042,0.005,1.2069
1786527386.102,0.000,WAIT,idle,2,1,12.338,5.973,-4.531,0.075,0.095,0.026,1.2095
1786527386.202,0.000,WAIT,idle,2,1,12.350,5.981,-4.524,0.091,0.104,0.044,1.2116
1786527386.302,0.000,WAIT,idle,2,1,12.364,5.990,-4.515,0.103,0.094,0.043,1.2095
1786527386.402,0.000,WAIT,idle,2,1,12.379,5.999,-4.507,0.134,0.123,0.046,1.2115
1786527386.502,0.000,WAIT,idle,2,1,12.396,6.008,-4.498,0.135,0.087,0.039,1.2133
1786527386.602,0.000,WAIT,idle,2,1,12.414,6.020,-4.490,0.122,0.103,0.038,1.2167
1786527386.702,0.000,WAIT,idle,2,1,12.430,6.029,-4.482,0.123,0.100,0.030,1.2163
1786527386.803,0.001,ENGAGED,idle,14,1,12.445,6.040,-4.474,0.130,0.093,0.025,1.2181
1786527386.903,0.101,ENGAGED,SETTLE 0/5s,14,1,12.460,6.051,-4.467,0.085,0.095,0.019,1.2208
1786527387.002,0.200,ENGAGED,SETTLE 0/5s,14,1,12.473,6.062,-4.460,0.127,0.100,0.044,1.2239
1786527387.102,0.300,ENGAGED,SETTLE 0/5s,14,1,12.484,6.071,-4.453,0.122,0.090,0.030,1.2273
1786527387.202,0.400,ENGAGED,SETTLE 0/5s,14,1,12.492,6.077,-4.448,0.111,0.066,0.018,1.2322
1786527387.302,0.500,ENGAGED,SETTLE 0/5s,14,1,12.501,6.083,-4.444,0.093,0.044,-0.004,1.2333
1786527387.403,0.601,ENGAGED,SETTLE 1/5s,14,1,12.506,6.086,-4.442,0.032,0.030,-0.011,1.2343
1786527387.502,0.700,ENGAGED,SETTLE 1/5s,14,1,12.508,6.091,-4.439,0.072,0.016,-0.006,1.2340
1786527387.602,0.800,ENGAGED,SETTLE 1/5s,14,1,12.510,6.095,-4.435,0.036,0.030,0.012,1.2351
1786527387.702,0.900,ENGAGED,SETTLE 1/5s,14,1,12.509,6.101,-4.429,0.007,0.013,0.005,1.2371
1786527387.802,1.000,ENGAGED,SETTLE 1/5s,14,1,12.509,6.105,-4.425,-0.011,0.012,0.002,1.2366
1786527387.902,1.100,ENGAGED,SETTLE 1/5s,14,1,12.504,6.110,-4.420,-0.001,0.032,0.003,1.2324
1786527388.002,1.200,ENGAGED,SETTLE 1/5s,14,1,12.500,6.116,-4.417,0.002,0.041,0.005,1.2302
1786527388.102,1.300,ENGAGED,SETTLE 1/5s,14,1,12.495,6.122,-4.414,0.009,0.064,-0.003,1.2265
1786527388.202,1.400,ENGAGED,SETTLE 1/5s,14,1,12.489,6.131,-4.412,-0.033,0.025,-0.036,1.2244
1786527388.302,1.500,ENGAGED,SETTLE 1/5s,14,1,12.485,6.136,-4.412,-0.004,0.039,-0.036,1.2216
1786527388.403,1.601,ENGAGED,SETTLE 2/5s,14,1,12.482,6.141,-4.414,-0.002,0.009,-0.049,1.2176
1786527388.502,1.700,ENGAGED,SETTLE 2/5s,14,1,12.479,6.145,-4.416,0.002,-0.035,-0.062,1.2112
1786527388.602,1.800,ENGAGED,SETTLE 2/5s,14,1,12.474,6.149,-4.418,-0.026,-0.013,-0.063,1.2032
1786527388.702,1.900,ENGAGED,SETTLE 2/5s,14,1,12.471,6.154,-4.420,0.018,0.033,-0.044,1.1959
1786527388.802,2.000,ENGAGED,SETTLE 2/5s,14,1,12.467,6.161,-4.421,0.002,0.037,-0.044,1.1896
1786527388.902,2.100,ENGAGED,SETTLE 2/5s,14,1,12.464,6.170,-4.422,-0.001,0.023,-0.039,1.1846
1786527389.002,2.200,ENGAGED,SETTLE 2/5s,14,1,12.462,6.178,-4.422,0.018,0.039,-0.034,1.1843
1786527389.102,2.300,ENGAGED,SETTLE 2/5s,14,1,12.460,6.190,-4.423,0.023,0.063,-0.033,1.1877
1786527389.202,2.400,ENGAGED,SETTLE 2/5s,14,1,12.459,6.204,-4.424,0.010,0.077,-0.039,1.1903
1786527389.304,2.501,ENGAGED,SETTLE 3/5s,14,1,12.455,6.216,-4.425,0.008,0.066,-0.021,1.1943
1786527389.402,2.600,ENGAGED,SETTLE 3/5s,14,1,12.451,6.226,-4.425,-0.021,0.096,-0.034,1.1999
1786527389.502,2.700,ENGAGED,SETTLE 3/5s,14,1,12.444,6.236,-4.425,-0.067,0.052,-0.033,1.2048
1786527389.602,2.800,ENGAGED,SETTLE 3/5s,14,1,12.438,6.244,-4.425,-0.044,0.054,-0.019,1.2128
1786527389.702,2.900,ENGAGED,SETTLE 3/5s,14,1,12.433,6.252,-4.424,-0.011,0.109,-0.015,1.2253
1786527389.802,3.000,ENGAGED,SETTLE 3/5s,14,1,12.426,6.255,-4.423,-0.071,0.067,-0.021,1.2364
1786527389.902,3.100,ENGAGED,SETTLE 3/5s,14,1,12.416,6.258,-4.424,-0.087,0.010,-0.040,1.2433
1786527390.002,3.200,ENGAGED,SETTLE 3/5s,14,1,12.401,6.255,-4.426,-0.104,-0.014,-0.047,1.2454
1786527390.102,3.300,ENGAGED,SETTLE 3/5s,14,1,12.388,6.249,-4.429,-0.144,-0.031,-0.056,1.2428
1786527390.202,3.400,ENGAGED,SETTLE 3/5s,14,1,12.372,6.242,-4.434,-0.132,-0.078,-0.069,1.2340
1786527390.302,3.500,ENGAGED,SETTLE 3/5s,14,1,12.357,6.233,-4.440,-0.132,-0.054,-0.084,1.2219
1786527390.403,3.601,ENGAGED,SETTLE 4/5s,14,1,12.345,6.225,-4.445,-0.159,-0.094,-0.087,1.2128
1786527390.502,3.700,ENGAGED,SETTLE 4/5s,14,1,12.330,6.215,-4.451,-0.140,-0.127,-0.079,1.2057
1786527390.602,3.800,ENGAGED,SETTLE 4/5s,14,1,12.316,6.205,-4.456,-0.107,-0.136,-0.081,1.2059
1786527390.702,3.900,ENGAGED,SETTLE 4/5s,14,1,12.303,6.195,-4.462,-0.101,-0.093,-0.085,1.2088
1786527390.802,4.000,ENGAGED,SETTLE 4/5s,14,1,12.292,6.181,-4.469,-0.040,-0.116,-0.084,1.2107
1786527390.902,4.100,ENGAGED,SETTLE 4/5s,14,1,12.282,6.167,-4.475,-0.073,-0.123,-0.081,1.2086
1786527391.002,4.200,ENGAGED,SETTLE 4/5s,14,1,12.272,6.151,-4.480,-0.052,-0.149,-0.051,1.2045
1786527391.102,4.300,ENGAGED,SETTLE 4/5s,14,1,12.265,6.136,-4.484,-0.033,-0.141,-0.043,1.2040
1786527391.202,4.400,ENGAGED,SETTLE 4/5s,14,1,12.261,6.124,-4.486,-0.018,-0.184,-0.023,1.2054
1786527391.302,4.500,ENGAGED,SETTLE 4/5s,14,1,12.256,6.109,-4.486,-0.003,-0.139,0.009,1.2042
1786527391.403,4.601,ENGAGED,SETTLE 5/5s,14,1,12.250,6.092,-4.484,-0.020,-0.173,0.012,1.2050
1786527391.502,4.700,ENGAGED,SETTLE 5/5s,14,1,12.245,6.076,-4.484,-0.047,-0.199,-0.026,1.2045
1786527391.602,4.800,ENGAGED,SETTLE 5/5s,14,1,12.236,6.055,-4.487,-0.052,-0.209,-0.028,1.2042
1786527391.702,4.900,ENGAGED,SETTLE 5/5s,14,1,12.231,6.036,-4.488,-0.023,-0.181,0.010,1.2031
1786527391.802,5.000,ENGAGED,SETTLE 5/5s,14,1,12.225,6.015,-4.485,-0.005,-0.182,0.028,1.2035
1786527391.903,5.101,ENGAGED,roll 1/6 PULSEA +8°,14,1,12.218,5.998,-4.482,0.001,-0.135,0.022,1.2068
1786527392.002,5.200,ENGAGED,roll 1/6 PULSEA +8°,14,1,12.210,5.984,-4.480,0.005,-0.131,0.025,1.2110
1786527392.102,5.300,ENGAGED,roll 1/6 PULSEA +8°,14,1,12.203,5.968,-4.478,-0.037,-0.151,0.011,1.2127
1786527392.202,5.400,ENGAGED,roll 1/6 PULSEA +8°,14,1,12.193,5.952,-4.478,-0.039,-0.122,0.002,1.2113
1786527392.303,5.501,ENGAGED,roll 1/6 PULSEB -8°,14,1,12.184,5.940,-4.477,-0.002,-0.088,0.005,1.2109
1786527392.402,5.600,ENGAGED,roll 1/6 PULSEB -8°,14,1,12.177,5.932,-4.477,0.003,-0.071,-0.001,1.2101
1786527392.503,5.700,ENGAGED,roll 1/6 PULSEB -8°,14,1,12.167,5.928,-4.480,0.018,-0.001,-0.024,1.2092
1786527392.602,5.800,ENGAGED,roll 1/6 PULSEB -8°,14,1,12.165,5.927,-4.482,0.109,-0.022,-0.016,1.2087
1786527392.703,5.901,ENGAGED,roll 1/6 RECOVER,14,1,12.174,5.918,-4.484,0.217,-0.119,-0.017,1.2113
1786527392.802,6.000,ENGAGED,roll 1/6 RECOVER,14,1,12.196,5.902,-4.487,0.366,-0.206,-0.026,1.2149
1786527392.902,6.100,ENGAGED,roll 1/6 RECOVER,14,1,12.224,5.881,-4.491,0.505,-0.300,-0.038,1.2179
1786527393.002,6.200,ENGAGED,roll 1/6 RECOVER,14,1,12.277,5.843,-4.498,0.527,-0.348,-0.047,1.2220
1786527393.102,6.300,ENGAGED,roll 1/6 RECOVER,14,1,12.317,5.808,-4.505,0.483,-0.315,-0.043,1.2191
1786527393.202,6.400,ENGAGED,roll 1/6 RECOVER,14,1,12.356,5.777,-4.510,0.419,-0.300,-0.029,1.2132
1786527393.302,6.500,ENGAGED,roll 1/6 RECOVER,14,1,12.391,5.748,-4.512,0.430,-0.246,-0.006,1.2102
1786527393.402,6.600,ENGAGED,roll 1/6 RECOVER,14,1,12.422,5.723,-4.512,0.386,-0.208,0.022,1.2092
1786527393.502,6.700,ENGAGED,roll 1/6 RECOVER,14,1,12.450,5.697,-4.510,0.363,-0.177,0.033,1.2077
1786527393.602,6.800,ENGAGED,roll 1/6 RECOVER,14,1,12.475,5.676,-4.507,0.277,-0.154,0.035,1.2085
1786527393.702,6.900,ENGAGED,roll 1/6 RECOVER,14,1,12.498,5.658,-4.503,0.268,-0.131,0.035,1.2102
1786527393.802,7.000,ENGAGED,roll 1/6 RECOVER,14,1,12.516,5.644,-4.499,0.278,-0.055,0.048,1.2107
1786527393.903,7.100,ENGAGED,roll 1/6 RECOVER,14,1,12.541,5.629,-4.497,0.209,-0.066,-0.010,1.2198
1786527394.002,7.200,ENGAGED,roll 1/6 RECOVER,14,1,12.558,5.620,-4.499,0.160,-0.031,-0.022,1.2233
1786527394.102,7.300,ENGAGED,roll 1/6 RECOVER,14,1,12.572,5.614,-4.500,0.160,0.011,-0.020,1.2249
1786527394.202,7.400,ENGAGED,roll 1/6 RECOVER,14,1,12.585,5.612,-4.501,0.169,0.056,-0.009,1.2298
1786527394.302,7.500,ENGAGED,roll 1/6 RECOVER,14,1,12.598,5.615,-4.501,0.123,0.088,0.008,1.2293
1786527394.402,7.600,ENGAGED,roll 1/6 RECOVER,14,1,12.610,5.623,-4.498,0.142,0.136,0.028,1.2287
1786527394.502,7.700,ENGAGED,roll 1/6 RECOVER,14,1,12.618,5.630,-4.494,0.064,0.133,0.032,1.2300
1786527394.602,7.800,ENGAGED,roll 1/6 RECOVER,14,1,12.626,5.639,-4.490,0.115,0.154,0.042,1.2313
1786527394.702,7.900,ENGAGED,roll 1/6 RECOVER,14,1,12.633,5.648,-4.484,0.029,0.139,0.043,1.2315
1786527394.802,8.000,ENGAGED,roll 1/6 RECOVER,14,1,12.636,5.661,-4.479,0.014,0.165,0.056,1.2320
1786527394.902,8.100,ENGAGED,roll 1/6 RECOVER,14,1,12.637,5.676,-4.472,0.024,0.172,0.064,1.2307
1786527395.002,8.200,ENGAGED,roll 1/6 RECOVER,14,1,12.639,5.692,-4.465,-0.020,0.180,0.063,1.2284
1786527395.102,8.300,ENGAGED,roll 1/6 RECOVER,14,1,12.639,5.708,-4.458,-0.012,0.204,0.057,1.2242
1786527395.202,8.400,ENGAGED,roll 1/6 RECOVER,14,1,12.637,5.726,-4.450,-0.041,0.217,0.052,1.2195
1786527395.302,8.500,ENGAGED,roll 1/6 RECOVER,14,1,12.632,5.744,-4.443,-0.061,0.245,0.054,1.2214
1786527395.402,8.600,ENGAGED,roll 1/6 RECOVER,14,1,12.626,5.761,-4.439,-0.108,0.208,0.017,1.2189
1786527395.502,8.700,ENGAGED,roll 1/6 RECOVER,14,1,12.616,5.782,-4.436,-0.104,0.225,-0.000,1.2150
1786527395.602,8.800,ENGAGED,roll 1/6 RECOVER,14,1,12.605,5.800,-4.434,-0.107,0.197,0.012,1.2107
1786527395.703,8.901,ENGAGED,roll 2/6 PULSEA +8°,14,1,12.595,5.817,-4.431,-0.090,0.211,0.019,1.2081
1786527395.802,9.000,ENGAGED,roll 2/6 PULSEA +8°,14,1,12.583,5.834,-4.427,-0.111,0.164,0.029,1.2152
1786527395.902,9.100,ENGAGED,roll 2/6 PULSEA +8°,14,1,12.574,5.848,-4.424,-0.121,0.147,0.014,1.2249
1786527396.002,9.200,ENGAGED,roll 2/6 PULSEA +8°,14,1,12.563,5.864,-4.420,-0.114,0.140,0.025,1.2261
1786527396.104,9.301,ENGAGED,roll 2/6 PULSEB -8°,14,1,12.549,5.877,-4.415,-0.215,0.141,0.042,1.2249
1786527396.202,9.400,ENGAGED,roll 2/6 PULSEB -8°,14,1,12.522,5.892,-4.407,-0.332,0.187,0.086,1.2225
1786527396.302,9.500,ENGAGED,roll 2/6 PULSEB -8°,14,1,12.492,5.904,-4.397,-0.296,0.124,0.077,1.2137
1786527396.402,9.600,ENGAGED,roll 2/6 PULSEB -8°,14,1,12.468,5.908,-4.388,-0.202,0.045,0.059,1.2054
1786527396.503,9.701,ENGAGED,roll 2/6 RECOVER,14,1,12.459,5.899,-4.381,-0.052,-0.095,0.052,1.2002
1786527396.602,9.800,ENGAGED,roll 2/6 RECOVER,14,1,12.458,5.881,-4.375,0.051,-0.212,0.034,1.1985
1786527396.702,9.900,ENGAGED,roll 2/6 RECOVER,14,1,12.471,5.854,-4.371,0.236,-0.265,0.031,1.1955
1786527396.802,10.000,ENGAGED,roll 2/6 RECOVER,14,1,12.496,5.818,-4.369,0.384,-0.361,0.003,1.1925
1786527396.902,10.100,ENGAGED,roll 2/6 RECOVER,14,1,12.535,5.773,-4.369,0.526,-0.452,-0.011,1.1955
1786527397.002,10.200,ENGAGED,roll 2/6 RECOVER,14,1,12.589,5.716,-4.370,0.668,-0.640,-0.035,1.1995
1786527397.102,10.300,ENGAGED,roll 2/6 RECOVER,14,1,12.650,5.654,-4.376,0.593,-0.557,-0.111,1.1994
1786527397.202,10.400,ENGAGED,roll 2/6 RECOVER,14,1,12.693,5.608,-4.386,0.474,-0.394,-0.095,1.1955
1786527397.302,10.500,ENGAGED,roll 2/6 RECOVER,14,1,12.725,5.571,-4.393,0.366,-0.252,-0.069,1.1962
1786527397.402,10.600,ENGAGED,roll 2/6 RECOVER,14,1,12.746,5.547,-4.397,0.220,-0.193,-0.059,1.2010
1786527397.502,10.700,ENGAGED,roll 2/6 RECOVER,14,1,12.759,5.533,-4.399,0.125,-0.084,-0.042,1.2057
1786527397.602,10.800,ENGAGED,roll 2/6 RECOVER,14,1,12.765,5.527,-4.401,0.052,0.001,-0.061,1.2101
1786527397.702,10.900,ENGAGED,roll 2/6 RECOVER,14,1,12.765,5.530,-4.404,-0.034,0.103,-0.055,1.2104
1786527397.802,11.000,ENGAGED,roll 2/6 RECOVER,14,1,12.762,5.536,-4.407,-0.063,0.152,-0.056,1.2103
1786527397.902,11.100,ENGAGED,roll 2/6 RECOVER,14,1,12.757,5.547,-4.411,-0.111,0.167,-0.068,1.2119
1786527398.002,11.200,ENGAGED,roll 2/6 RECOVER,14,1,12.749,5.561,-4.416,-0.129,0.188,-0.094,1.2095
1786527398.102,11.300,ENGAGED,roll 2/6 RECOVER,14,1,12.740,5.577,-4.424,-0.127,0.229,-0.098,1.2102
1786527398.202,11.400,ENGAGED,roll 2/6 RECOVER,14,1,12.729,5.593,-4.433,-0.119,0.240,-0.082,1.2103
1786527398.302,11.500,ENGAGED,roll 2/6 RECOVER,14,1,12.721,5.612,-4.440,-0.168,0.237,-0.074,1.2110
1786527398.402,11.600,ENGAGED,roll 2/6 RECOVER,14,1,12.713,5.634,-4.445,-0.124,0.266,-0.054,1.2125
1786527398.502,11.700,ENGAGED,roll 2/6 RECOVER,14,1,12.706,5.656,-4.450,-0.146,0.248,-0.054,1.2156
1786527398.602,11.800,ENGAGED,roll 2/6 RECOVER,14,1,12.697,5.676,-4.454,-0.159,0.268,-0.025,1.2159
1786527398.702,11.900,ENGAGED,roll 2/6 RECOVER,14,1,12.688,5.697,-4.457,-0.174,0.257,-0.037,1.2168
1786527398.802,12.000,ENGAGED,roll 2/6 RECOVER,14,1,12.680,5.714,-4.460,-0.172,0.232,-0.044,1.2229
1786527398.902,12.100,ENGAGED,roll 2/6 RECOVER,14,1,12.671,5.733,-4.465,-0.183,0.218,-0.057,1.2300
1786527399.002,12.200,ENGAGED,roll 2/6 RECOVER,14,1,12.660,5.753,-4.471,-0.223,0.226,-0.048,1.2328
1786527399.102,12.300,ENGAGED,roll 2/6 RECOVER,14,1,12.650,5.775,-4.474,-0.195,0.291,-0.012,1.2297
1786527399.202,12.400,ENGAGED,roll 2/6 RECOVER,14,1,12.635,5.799,-4.476,-0.217,0.239,0.010,1.2255
1786527399.304,12.501,ENGAGED,roll 2/6 RECOVER,14,1,12.620,5.819,-4.475,-0.231,0.221,0.034,1.2221
1786527399.402,12.600,ENGAGED,roll 2/6 RECOVER,14,1,12.605,5.838,-4.473,-0.232,0.176,0.028,1.2213
1786527399.503,12.701,ENGAGED,roll 3/6 PULSEA +8°,14,1,12.590,5.857,-4.471,-0.197,0.220,0.042,1.2204
1786527399.602,12.800,ENGAGED,roll 3/6 PULSEA +8°,14,1,12.578,5.874,-4.468,-0.197,0.146,0.040,1.2185
1786527399.702,12.900,ENGAGED,roll 3/6 PULSEA +8°,14,1,12.564,5.889,-4.464,-0.158,0.157,0.058,1.2194
1786527399.802,13.000,ENGAGED,roll 3/6 PULSEA +8°,14,1,12.549,5.902,-4.460,-0.189,0.111,0.058,1.2268
1786527399.903,13.101,ENGAGED,roll 3/6 PULSEB -8°,14,1,12.535,5.913,-4.455,-0.183,0.092,0.055,1.2330
1786527400.002,13.200,ENGAGED,roll 3/6 PULSEB -8°,14,1,12.518,5.921,-4.450,-0.208,0.057,0.060,1.2302
1786527400.102,13.300,ENGAGED,roll 3/6 PULSEB -8°,14,1,12.499,5.928,-4.445,-0.213,0.040,0.057,1.2296
1786527400.202,13.400,ENGAGED,roll 3/6 PULSEB -8°,14,1,12.485,5.929,-4.440,-0.099,0.009,0.090,1.2323
1786527400.303,13.501,ENGAGED,roll 3/6 RECOVER,14,1,12.479,5.923,-4.432,-0.004,-0.117,0.127,1.2286
1786527400.402,13.600,ENGAGED,roll 3/6 RECOVER,14,1,12.482,5.902,-4.418,0.150,-0.245,0.161,1.2280
1786527400.502,13.700,ENGAGED,roll 3/6 RECOVER,14,1,12.505,5.868,-4.396,0.386,-0.388,0.220,1.2352
1786527400.602,13.800,ENGAGED,roll 3/6 RECOVER,14,1,12.535,5.829,-4.379,0.362,-0.434,0.163,1.2459
1786527400.702,13.900,ENGAGED,roll 3/6 RECOVER,14,1,12.556,5.790,-4.369,0.249,-0.402,0.074,1.2431
1786527400.802,14.000,ENGAGED,roll 3/6 RECOVER,14,1,12.568,5.753,-4.363,0.205,-0.336,0.039,1.2335
1786527400.902,14.100,ENGAGED,roll 3/6 RECOVER,14,1,12.576,5.723,-4.361,0.100,-0.292,-0.002,1.2291
1786527401.002,14.200,ENGAGED,roll 3/6 RECOVER,14,1,12.576,5.691,-4.361,0.020,-0.226,-0.029,1.2273
1786527401.102,14.300,ENGAGED,roll 3/6 RECOVER,14,1,12.572,5.672,-4.362,0.010,-0.177,-0.035,1.2225
1786527401.202,14.400,ENGAGED,roll 3/6 RECOVER,14,1,12.565,5.655,-4.364,-0.036,-0.143,-0.045,1.2192
1786527401.302,14.500,ENGAGED,roll 3/6 RECOVER,14,1,12.554,5.640,-4.366,-0.071,-0.111,-0.038,1.2170
1786527401.402,14.600,ENGAGED,roll 3/6 RECOVER,14,1,12.543,5.630,-4.369,-0.109,-0.059,-0.043,1.2147
1786527401.502,14.700,ENGAGED,roll 3/6 RECOVER,14,1,12.531,5.623,-4.372,-0.106,-0.022,-0.036,1.2147
1786527401.602,14.800,ENGAGED,roll 3/6 RECOVER,14,1,12.521,5.617,-4.375,-0.097,-0.004,-0.032,1.2147
1786527401.702,14.900,ENGAGED,roll 3/6 RECOVER,14,1,12.515,5.614,-4.379,-0.112,0.006,-0.062,1.2181
1786527401.802,15.000,ENGAGED,roll 3/6 RECOVER,14,1,12.510,5.611,-4.387,-0.137,0.025,-0.081,1.2177
1786527401.902,15.100,ENGAGED,roll 3/6 RECOVER,14,1,12.506,5.609,-4.394,-0.139,0.019,-0.080,1.2162
1786527402.002,15.200,ENGAGED,roll 3/6 RECOVER,14,1,12.501,5.610,-4.402,-0.101,0.075,-0.068,1.2160
1786527402.102,15.300,ENGAGED,roll 3/6 RECOVER,14,1,12.500,5.610,-4.410,-0.102,0.100,-0.063,1.2140
1786527402.202,15.400,ENGAGED,roll 3/6 RECOVER,14,1,12.499,5.612,-4.416,-0.098,0.104,-0.043,1.2133
1786527402.302,15.500,ENGAGED,roll 3/6 RECOVER,14,1,12.499,5.619,-4.421,-0.094,0.131,-0.033,1.2136
1786527402.402,15.600,ENGAGED,roll 3/6 RECOVER,14,1,12.497,5.632,-4.425,-0.132,0.169,-0.018,1.2126
1786527402.502,15.700,ENGAGED,roll 3/6 RECOVER,14,1,12.495,5.650,-4.428,-0.113,0.189,-0.021,1.2119
1786527402.602,15.800,ENGAGED,roll 3/6 RECOVER,14,1,12.495,5.668,-4.432,-0.106,0.195,-0.031,1.2133
1786527402.702,15.900,ENGAGED,roll 3/6 RECOVER,14,1,12.495,5.685,-4.435,-0.073,0.228,-0.024,1.2114
1786527402.802,16.000,ENGAGED,roll 3/6 RECOVER,14,1,12.498,5.706,-4.440,-0.089,0.197,-0.034,1.2112
1786527402.902,16.100,ENGAGED,roll 3/6 RECOVER,14,1,12.502,5.723,-4.445,-0.077,0.183,-0.047,1.2115
1786527403.002,16.200,ENGAGED,roll 3/6 RECOVER,14,1,12.508,5.736,-4.450,-0.067,0.177,-0.034,1.2150
1786527403.102,16.300,ENGAGED,roll 3/6 RECOVER,14,1,12.512,5.750,-4.454,-0.058,0.157,-0.027,1.2151
1786527403.202,16.400,ENGAGED,roll 3/6 RECOVER,14,1,12.514,5.761,-4.458,-0.079,0.107,-0.034,1.2133
1786527403.303,16.501,ENGAGED,roll 4/6 PULSEA +8°,14,1,12.514,5.769,-4.461,-0.061,0.096,-0.006,1.2137
1786527403.402,16.600,ENGAGED,roll 4/6 PULSEA +8°,14,1,12.516,5.776,-4.463,-0.069,0.093,0.004,1.2152
1786527403.502,16.700,ENGAGED,roll 4/6 PULSEA +8°,14,1,12.518,5.785,-4.464,-0.059,0.092,-0.009,1.2151
1786527403.602,16.800,ENGAGED,roll 4/6 PULSEA +8°,14,1,12.522,5.791,-4.466,-0.012,0.106,0.020,1.2180
1786527403.703,16.901,ENGAGED,roll 4/6 PULSEB -8°,14,1,12.522,5.797,-4.462,-0.118,0.080,0.068,1.2196
1786527403.802,17.000,ENGAGED,roll 4/6 PULSEB -8°,14,1,12.508,5.804,-4.453,-0.261,0.085,0.136,1.2218
1786527403.902,17.100,ENGAGED,roll 4/6 PULSEB -8°,14,1,12.488,5.808,-4.437,-0.191,0.006,0.178,1.2245
1786527404.002,17.200,ENGAGED,roll 4/6 PULSEB -8°,14,1,12.482,5.803,-4.422,-0.106,-0.079,0.194,1.2313
1786527404.103,17.301,ENGAGED,roll 4/6 RECOVER,14,1,12.486,5.786,-4.401,0.061,-0.202,0.202,1.2349
1786527404.202,17.400,ENGAGED,roll 4/6 RECOVER,14,1,12.502,5.758,-4.380,0.166,-0.309,0.211,1.2295
1786527404.302,17.500,ENGAGED,roll 4/6 RECOVER,14,1,12.530,5.722,-4.360,0.354,-0.379,0.227,1.2281
1786527404.402,17.600,ENGAGED,roll 4/6 RECOVER,14,1,12.565,5.682,-4.340,0.437,-0.495,0.218,1.2280
1786527404.502,17.700,ENGAGED,roll 4/6 RECOVER,14,1,12.614,5.630,-4.319,0.574,-0.576,0.207,1.2269
1786527404.602,17.800,ENGAGED,roll 4/6 RECOVER,14,1,12.687,5.559,-4.299,0.804,-0.681,0.090,1.2313
1786527404.702,17.900,ENGAGED,roll 4/6 RECOVER,14,1,12.751,5.498,-4.300,0.640,-0.588,-0.077,1.2310
1786527404.802,18.000,ENGAGED,roll 4/6 RECOVER,14,1,12.795,5.454,-4.311,0.443,-0.446,-0.121,1.2236
1786527404.902,18.100,ENGAGED,roll 4/6 RECOVER,14,1,12.825,5.423,-4.323,0.286,-0.307,-0.131,1.2215
1786527405.002,18.200,ENGAGED,roll 4/6 RECOVER,14,1,12.845,5.400,-4.335,0.216,-0.173,-0.129,1.2229
1786527405.102,18.300,ENGAGED,roll 4/6 RECOVER,14,1,12.855,5.388,-4.345,0.089,-0.047,-0.097,1.2233
1786527405.202,18.400,ENGAGED,roll 4/6 RECOVER,14,1,12.857,5.386,-4.354,-0.009,-0.003,-0.121,1.2184
1786527405.302,18.500,ENGAGED,roll 4/6 RECOVER,14,1,12.850,5.390,-4.365,-0.081,0.111,-0.120,1.2108
1786527405.402,18.600,ENGAGED,roll 4/6 RECOVER,14,1,12.838,5.398,-4.376,-0.155,0.131,-0.143,1.2080
1786527405.502,18.700,ENGAGED,roll 4/6 RECOVER,14,1,12.821,5.412,-4.390,-0.225,0.188,-0.145,1.2070
1786527405.603,18.800,ENGAGED,roll 4/6 RECOVER,14,1,12.803,5.427,-4.403,-0.238,0.223,-0.137,1.2056
1786527405.702,18.900,ENGAGED,roll 4/6 RECOVER,14,1,12.781,5.447,-4.417,-0.275,0.259,-0.128,1.2054
1786527405.802,19.000,ENGAGED,roll 4/6 RECOVER,14,1,12.759,5.468,-4.429,-0.323,0.274,-0.108,1.2050
1786527405.902,19.100,ENGAGED,roll 4/6 RECOVER,14,1,12.738,5.488,-4.439,-0.347,0.279,-0.101,1.2055
1786527406.002,19.200,ENGAGED,roll 4/6 RECOVER,14,1,12.715,5.512,-4.450,-0.342,0.265,-0.106,1.2051
1786527406.102,19.300,ENGAGED,roll 4/6 RECOVER,14,1,12.693,5.532,-4.460,-0.303,0.269,-0.085,1.2053
1786527406.202,19.400,ENGAGED,roll 4/6 RECOVER,14,1,12.669,5.553,-4.468,-0.300,0.266,-0.048,1.2065
1786527406.302,19.500,ENGAGED,roll 4/6 RECOVER,14,1,12.649,5.574,-4.473,-0.305,0.223,-0.026,1.2090
1786527406.402,19.600,ENGAGED,roll 4/6 RECOVER,14,1,12.627,5.594,-4.475,-0.281,0.259,0.012,1.2106
1786527406.502,19.700,ENGAGED,roll 4/6 RECOVER,14,1,12.605,5.615,-4.475,-0.256,0.279,0.016,1.2132
1786527406.602,19.800,ENGAGED,roll 4/6 RECOVER,14,1,12.582,5.643,-4.474,-0.255,0.287,0.012,1.2157
1786527406.702,19.900,ENGAGED,roll 4/6 RECOVER,14,1,12.563,5.671,-4.472,-0.268,0.264,0.025,1.2155
1786527406.802,20.000,ENGAGED,roll 4/6 RECOVER,14,1,12.547,5.697,-4.468,-0.212,0.291,0.051,1.2152
1786527406.902,20.100,ENGAGED,roll 4/6 RECOVER,14,1,12.534,5.717,-4.464,-0.188,0.259,0.060,1.2189
1786527407.002,20.200,ENGAGED,roll 4/6 RECOVER,14,1,12.519,5.742,-4.456,-0.156,0.214,0.072,1.2223
1786527407.103,20.301,ENGAGED,roll 5/6 PULSEA +8°,14,1,12.508,5.758,-4.450,-0.178,0.197,0.066,1.2208
1786527407.202,20.400,ENGAGED,roll 5/6 PULSEA +8°,14,1,12.497,5.771,-4.444,-0.205,0.134,0.038,1.2203
1786527407.302,20.500,ENGAGED,roll 5/6 PULSEA +8°,14,1,12.479,5.784,-4.440,-0.216,0.114,0.054,1.2205
1786527407.402,20.600,ENGAGED,roll 5/6 PULSEA +8°,14,1,12.462,5.796,-4.434,-0.206,0.125,0.069,1.2174
1786527407.503,20.701,ENGAGED,roll 5/6 PULSEB -8°,14,1,12.448,5.808,-4.428,-0.190,0.114,0.067,1.2170
1786527407.602,20.800,ENGAGED,roll 5/6 PULSEB -8°,14,1,12.429,5.821,-4.421,-0.223,0.088,0.045,1.2204
1786527407.702,20.900,ENGAGED,roll 5/6 PULSEB -8°,14,1,12.404,5.832,-4.416,-0.250,0.090,0.042,1.2202
1786527407.802,21.000,ENGAGED,roll 5/6 PULSEB -8°,14,1,12.385,5.838,-4.409,-0.134,0.009,0.080,1.2161
1786527407.903,21.101,ENGAGED,roll 5/6 RECOVER,14,1,12.376,5.834,-4.398,-0.033,-0.099,0.130,1.2107
1786527408.002,21.200,ENGAGED,roll 5/6 RECOVER,14,1,12.378,5.817,-4.381,0.104,-0.250,0.176,1.2099
1786527408.102,21.300,ENGAGED,roll 5/6 RECOVER,14,1,12.391,5.790,-4.362,0.247,-0.397,0.226,1.2105
1786527408.202,21.400,ENGAGED,roll 5/6 RECOVER,14,1,12.417,5.751,-4.342,0.262,-0.447,0.129,1.2077
1786527408.302,21.500,ENGAGED,roll 5/6 RECOVER,14,1,12.434,5.717,-4.335,0.211,-0.390,0.016,1.2013
1786527408.402,21.600,ENGAGED,roll 5/6 RECOVER,14,1,12.451,5.687,-4.336,0.172,-0.305,-0.038,1.1997
1786527408.502,21.700,ENGAGED,roll 5/6 RECOVER,14,1,12.468,5.660,-4.342,0.145,-0.255,-0.060,1.1983
1786527408.602,21.800,ENGAGED,roll 5/6 RECOVER,14,1,12.482,5.638,-4.347,0.132,-0.190,-0.069,1.1987
1786527408.702,21.900,ENGAGED,roll 5/6 RECOVER,14,1,12.493,5.622,-4.352,0.098,-0.140,-0.068,1.1963
1786527408.803,22.000,ENGAGED,roll 5/6 RECOVER,14,1,12.499,5.610,-4.359,0.062,-0.048,-0.070,1.1982
1786527408.902,22.100,ENGAGED,roll 5/6 RECOVER,14,1,12.502,5.605,-4.365,0.022,-0.030,-0.075,1.1999
1786527409.002,22.200,ENGAGED,roll 5/6 RECOVER,14,1,12.501,5.603,-4.374,-0.019,0.003,-0.088,1.2076
1786527409.102,22.300,ENGAGED,roll 5/6 RECOVER,14,1,12.501,5.604,-4.382,-0.027,0.045,-0.088,1.2136
1786527409.202,22.400,ENGAGED,roll 5/6 RECOVER,14,1,12.498,5.611,-4.392,-0.051,0.085,-0.096,1.2147
1786527409.302,22.500,ENGAGED,roll 5/6 RECOVER,14,1,12.495,5.621,-4.400,-0.034,0.137,-0.071,1.2155
1786527409.402,22.600,ENGAGED,roll 5/6 RECOVER,14,1,12.491,5.632,-4.408,-0.092,0.113,-0.076,1.2149
1786527409.502,22.700,ENGAGED,roll 5/6 RECOVER,14,1,12.484,5.645,-4.415,-0.112,0.112,-0.068,1.2138
1786527409.602,22.800,ENGAGED,roll 5/6 RECOVER,14,1,12.477,5.660,-4.422,-0.110,0.137,-0.070,1.2128
1786527409.702,22.900,ENGAGED,roll 5/6 RECOVER,14,1,12.470,5.677,-4.429,-0.133,0.152,-0.063,1.2140
1786527409.802,23.000,ENGAGED,roll 5/6 RECOVER,14,1,12.464,5.691,-4.436,-0.109,0.152,-0.076,1.2134
1786527409.902,23.100,ENGAGED,roll 5/6 RECOVER,14,1,12.456,5.707,-4.445,-0.117,0.152,-0.075,1.2125
1786527410.002,23.200,ENGAGED,roll 5/6 RECOVER,14,1,12.448,5.719,-4.453,-0.114,0.149,-0.072,1.2102
1786527410.102,23.300,ENGAGED,roll 5/6 RECOVER,14,1,12.440,5.731,-4.461,-0.108,0.132,-0.072,1.2074
1786527410.202,23.400,ENGAGED,roll 5/6 RECOVER,14,1,12.432,5.744,-4.470,-0.113,0.135,-0.076,1.2075
1786527410.302,23.500,ENGAGED,roll 5/6 RECOVER,14,1,12.424,5.757,-4.479,-0.090,0.133,-0.070,1.2077
1786527410.402,23.600,ENGAGED,roll 5/6 RECOVER,14,1,12.419,5.768,-4.486,-0.072,0.112,-0.041,1.2068
1786527410.502,23.700,ENGAGED,roll 5/6 RECOVER,14,1,12.415,5.778,-4.490,-0.036,0.143,-0.018,1.2067
1786527410.602,23.800,ENGAGED,roll 5/6 RECOVER,14,1,12.416,5.787,-4.492,-0.002,0.128,-0.004,1.2117
1786527410.702,23.900,ENGAGED,roll 5/6 RECOVER,14,1,12.416,5.792,-4.494,0.009,0.084,-0.007,1.2154
1786527410.802,24.000,ENGAGED,roll 5/6 RECOVER,14,1,12.419,5.800,-4.495,0.006,0.077,-0.008,1.2213
1786527410.903,24.101,ENGAGED,roll 6/6 PULSEA +8°,14,1,12.422,5.804,-4.496,0.005,0.032,-0.010,1.2287
1786527411.002,24.200,ENGAGED,roll 6/6 PULSEA +8°,14,1,12.423,5.806,-4.497,-0.019,0.057,0.008,1.2311
1786527411.102,24.300,ENGAGED,roll 6/6 PULSEA +8°,14,1,12.426,5.809,-4.496,0.043,0.062,0.029,1.2305
1786527411.202,24.400,ENGAGED,roll 6/6 PULSEA +8°,14,1,12.430,5.811,-4.493,0.080,0.062,0.074,1.2314
1786527411.303,24.501,ENGAGED,roll 6/6 PULSEB -8°,14,1,12.430,5.813,-4.485,-0.007,0.051,0.123,1.2304
1786527411.402,24.600,ENGAGED,roll 6/6 PULSEB -8°,14,1,12.417,5.816,-4.473,-0.176,0.040,0.165,1.2296
1786527411.502,24.700,ENGAGED,roll 6/6 PULSEB -8°,14,1,12.399,5.817,-4.458,-0.126,-0.020,0.180,1.2266
1786527411.602,24.800,ENGAGED,roll 6/6 PULSEB -8°,14,1,12.391,5.810,-4.439,-0.001,-0.109,0.181,1.2280
1786527411.703,24.901,ENGAGED,roll 6/6 RECOVER,14,1,12.397,5.791,-4.420,0.155,-0.228,0.190,1.2288
1786527411.802,25.000,ENGAGED,roll 6/6 RECOVER,14,1,12.419,5.759,-4.400,0.323,-0.319,0.190,1.2269
1786527411.902,25.100,ENGAGED,roll 6/6 RECOVER,14,1,12.446,5.727,-4.385,0.469,-0.417,0.193,1.2277
1786527412.002,25.200,ENGAGED,roll 6/6 RECOVER,14,1,12.495,5.673,-4.366,0.574,-0.522,0.174,1.2276
1786527412.102,25.300,ENGAGED,roll 6/6 RECOVER,14,1,12.557,5.611,-4.349,0.745,-0.618,0.162,1.2239
1786527412.202,25.400,ENGAGED,roll 6/6 RECOVER,14,1,12.629,5.546,-4.337,0.924,-0.730,0.073,1.2233
1786527412.302,25.500,ENGAGED,roll 6/6 RECOVER,14,1,12.710,5.472,-4.341,0.727,-0.605,-0.096,1.2223
1786527412.402,25.600,ENGAGED,roll 6/6 RECOVER,14,1,12.766,5.422,-4.354,0.597,-0.437,-0.158,1.2226
1786527412.502,25.700,ENGAGED,roll 6/6 RECOVER,14,1,12.810,5.389,-4.368,0.411,-0.341,-0.167,1.2241
1786527412.602,25.800,ENGAGED,roll 6/6 RECOVER,14,1,12.844,5.358,-4.383,0.321,-0.157,-0.136,1.2252
1786527412.702,25.900,ENGAGED,roll 6/6 RECOVER,14,1,12.866,5.343,-4.396,0.175,-0.050,-0.121,1.2243
1786527412.802,26.000,ENGAGED,roll 6/6 RECOVER,14,1,12.873,5.339,-4.405,0.059,0.037,-0.098,1.2223
1786527412.902,26.100,ENGAGED,roll 6/6 RECOVER,14,1,12.874,5.341,-4.412,-0.025,0.139,-0.061,1.2181
1786527413.002,26.200,ENGAGED,roll 6/6 RECOVER,14,1,12.866,5.354,-4.416,-0.072,0.251,-0.026,1.2154
1786527413.102,26.300,ENGAGED,roll 6/6 RECOVER,14,1,12.853,5.372,-4.418,-0.135,0.280,-0.022,1.2180
1786527413.202,26.400,ENGAGED,roll 6/6 RECOVER,14,1,12.832,5.400,-4.420,-0.238,0.324,-0.009,1.2238
1786527413.302,26.500,ENGAGED,roll 6/6 RECOVER,14,1,12.809,5.428,-4.420,-0.263,0.398,-0.005,1.2188
1786527413.402,26.600,ENGAGED,roll 6/6 RECOVER,14,1,12.780,5.461,-4.421,-0.328,0.405,-0.003,1.2091
1786527413.502,26.700,ENGAGED,roll 6/6 RECOVER,14,1,12.749,5.493,-4.420,-0.327,0.439,-0.000,1.2073
1786527413.602,26.800,ENGAGED,roll 6/6 RECOVER,14,1,12.721,5.525,-4.420,-0.343,0.399,0.006,1.2123
1786527413.702,26.900,ENGAGED,roll 6/6 RECOVER,14,1,12.686,5.563,-4.418,-0.341,0.394,-0.005,1.2182
1786527413.802,27.000,ENGAGED,roll 6/6 RECOVER,14,1,12.654,5.598,-4.418,-0.325,0.390,-0.013,1.2192
1786527413.902,27.100,ENGAGED,roll 6/6 RECOVER,14,1,12.625,5.624,-4.419,-0.356,0.373,-0.029,1.2198
1786527414.002,27.200,ENGAGED,roll 6/6 RECOVER,14,1,12.593,5.654,-4.423,-0.339,0.303,-0.055,1.2220
1786527414.102,27.300,ENGAGED,roll 6/6 RECOVER,14,1,12.569,5.679,-4.428,-0.302,0.293,-0.064,1.2247
1786527414.202,27.400,ENGAGED,roll 6/6 RECOVER,14,1,12.544,5.704,-4.436,-0.288,0.259,-0.089,1.2266
1786527414.302,27.500,ENGAGED,roll 6/6 RECOVER,14,1,12.521,5.725,-4.446,-0.216,0.275,-0.092,1.2274
1786527414.402,27.600,ENGAGED,roll 6/6 RECOVER,14,1,12.501,5.744,-4.455,-0.212,0.254,-0.090,1.2286
1786527414.502,27.700,ENGAGED,roll 6/6 RECOVER,14,1,12.478,5.763,-4.465,-0.211,0.227,-0.086,1.2278
1786527414.602,27.800,ENGAGED,roll 6/6 RECOVER,14,1,12.456,5.781,-4.474,-0.188,0.240,-0.078,1.2260
1786527414.703,27.901,ENGAGED,pitch 1/6 PULSEA +8°,14,1,12.439,5.799,-4.481,-0.171,0.226,-0.069,1.2245
1786527414.802,28.000,ENGAGED,pitch 1/6 PULSEA +8°,14,1,12.420,5.816,-4.487,-0.124,0.212,-0.050,1.2235
1786527414.902,28.100,ENGAGED,pitch 1/6 PULSEA +8°,14,1,12.402,5.829,-4.492,-0.184,0.181,-0.044,1.2225
1786527415.002,28.200,ENGAGED,pitch 1/6 PULSEA +8°,14,1,12.386,5.843,-4.494,-0.166,0.182,-0.030,1.2186
1786527415.103,28.301,ENGAGED,pitch 1/6 PULSEB -8°,14,1,12.370,5.859,-4.494,-0.121,0.172,0.002,1.2156
1786527415.202,28.400,ENGAGED,pitch 1/6 PULSEB -8°,14,1,12.360,5.869,-4.494,-0.085,0.161,0.003,1.2156
1786527415.302,28.500,ENGAGED,pitch 1/6 PULSEB -8°,14,1,12.346,5.882,-4.493,-0.088,0.109,0.013,1.2143
1786527415.403,28.601,ENGAGED,pitch 1/6 RECOVER,14,1,12.334,5.895,-4.489,-0.082,0.156,0.045,1.2167
1786527415.502,28.700,ENGAGED,pitch 1/6 RECOVER,14,1,12.325,5.914,-4.482,-0.007,0.252,0.101,1.2184
1786527415.602,28.800,ENGAGED,pitch 1/6 RECOVER,14,1,12.317,5.937,-4.470,0.014,0.313,0.130,1.2174
1786527415.702,28.900,ENGAGED,pitch 1/6 RECOVER,14,1,12.311,5.971,-4.453,0.040,0.494,0.134,1.2151
1786527415.802,29.000,ENGAGED,pitch 1/6 RECOVER,14,1,12.304,6.012,-4.442,0.041,0.412,0.065,1.2138
1786527415.902,29.100,ENGAGED,pitch 1/6 RECOVER,14,1,12.291,6.042,-4.437,0.008,0.309,0.013,1.2128
1786527416.002,29.200,ENGAGED,pitch 1/6 RECOVER,14,1,12.280,6.063,-4.437,0.043,0.197,-0.035,1.2127
1786527416.102,29.300,ENGAGED,pitch 1/6 RECOVER,14,1,12.274,6.076,-4.440,0.029,0.103,-0.049,1.2132
1786527416.202,29.400,ENGAGED,pitch 1/6 RECOVER,14,1,12.269,6.084,-4.445,0.073,0.084,-0.054,1.2139
1786527416.302,29.500,ENGAGED,pitch 1/6 RECOVER,14,1,12.267,6.086,-4.450,0.057,0.001,-0.051,1.2163
1786527416.402,29.600,ENGAGED,pitch 1/6 RECOVER,14,1,12.265,6.085,-4.456,0.085,-0.008,-0.043,1.2185
1786527416.502,29.700,ENGAGED,pitch 1/6 RECOVER,14,1,12.265,6.081,-4.462,0.109,-0.047,-0.038,1.2205
1786527416.602,29.800,ENGAGED,pitch 1/6 RECOVER,14,1,12.269,6.074,-4.466,0.113,-0.103,-0.046,1.2207
1786527416.702,29.900,ENGAGED,pitch 1/6 RECOVER,14,1,12.271,6.066,-4.470,0.094,-0.099,-0.049,1.2203
1786527416.802,30.000,ENGAGED,pitch 1/6 RECOVER,14,1,12.272,6.056,-4.475,0.096,-0.108,-0.037,1.2204
1786527416.902,30.100,ENGAGED,pitch 1/6 RECOVER,14,1,12.273,6.046,-4.479,0.114,-0.101,-0.033,1.2200
1786527417.002,30.200,ENGAGED,pitch 1/6 RECOVER,14,1,12.274,6.035,-4.482,0.079,-0.129,-0.045,1.2183
1786527417.102,30.300,ENGAGED,pitch 1/6 RECOVER,14,1,12.278,6.023,-4.486,0.100,-0.172,-0.044,1.2140
1786527417.202,30.400,ENGAGED,pitch 1/6 RECOVER,14,1,12.281,6.012,-4.489,0.108,-0.133,-0.035,1.2147
1786527417.302,30.500,ENGAGED,pitch 1/6 RECOVER,14,1,12.284,5.999,-4.490,0.106,-0.142,-0.004,1.2157
1786527417.402,30.600,ENGAGED,pitch 1/6 RECOVER,14,1,12.288,5.986,-4.490,0.133,-0.127,0.011,1.2145
1786527417.502,30.700,ENGAGED,pitch 1/6 RECOVER,14,1,12.292,5.971,-4.488,0.096,-0.153,0.003,1.2120
1786527417.602,30.800,ENGAGED,pitch 1/6 RECOVER,14,1,12.295,5.959,-4.487,0.098,-0.149,0.017,1.2106
1786527417.702,30.900,ENGAGED,pitch 1/6 RECOVER,14,1,12.299,5.949,-4.486,0.083,-0.152,0.005,1.2117
1786527417.802,31.000,ENGAGED,pitch 1/6 RECOVER,14,1,12.304,5.940,-4.483,0.114,-0.131,0.016,1.2117
1786527417.902,31.100,ENGAGED,pitch 1/6 RECOVER,14,1,12.310,5.934,-4.481,0.127,-0.106,0.014,1.2119
1786527418.002,31.200,ENGAGED,pitch 1/6 RECOVER,14,1,12.320,5.925,-4.479,0.141,-0.092,0.015,1.2122
1786527418.102,31.300,ENGAGED,pitch 1/6 RECOVER,14,1,12.330,5.921,-4.478,0.126,-0.062,0.019,1.2150
1786527418.202,31.400,ENGAGED,pitch 1/6 RECOVER,14,1,12.339,5.919,-4.477,0.077,-0.084,0.017,1.2194
1786527418.302,31.500,ENGAGED,pitch 1/6 RECOVER,14,1,12.349,5.917,-4.476,0.113,-0.024,0.013,1.2221
1786527418.402,31.600,ENGAGED,pitch 1/6 RECOVER,14,1,12.359,5.918,-4.477,0.119,0.000,0.002,1.2229
1786527418.503,31.701,ENGAGED,pitch 2/6 PULSEA +8°,14,1,12.366,5.922,-4.479,0.064,-0.024,-0.019,1.2242
1786527418.602,31.800,ENGAGED,pitch 2/6 PULSEA +8°,14,1,12.373,5.926,-4.480,0.055,0.005,0.003,1.2225
1786527418.702,31.900,ENGAGED,pitch 2/6 PULSEA +8°,14,1,12.381,5.931,-4.481,0.066,-0.056,0.004,1.2202
1786527418.802,32.000,ENGAGED,pitch 2/6 PULSEA +8°,14,1,12.391,5.939,-4.482,0.051,0.016,0.013,1.2179
1786527418.903,32.101,ENGAGED,pitch 2/6 PULSEB -8°,14,1,12.399,5.943,-4.480,0.048,-0.028,0.050,1.2182
1786527419.002,32.200,ENGAGED,pitch 2/6 PULSEB -8°,14,1,12.405,5.935,-4.474,-0.045,-0.251,0.113,1.2173
1786527419.102,32.300,ENGAGED,pitch 2/6 PULSEB -8°,14,1,12.406,5.920,-4.465,-0.006,-0.227,0.103,1.2171
1786527419.202,32.400,ENGAGED,pitch 2/6 PULSEB -8°,14,1,12.413,5.915,-4.456,-0.013,-0.135,0.112,1.2156
1786527419.303,32.501,ENGAGED,pitch 2/6 RECOVER,14,1,12.420,5.917,-4.448,0.043,-0.009,0.115,1.2137
1786527419.402,32.600,ENGAGED,pitch 2/6 RECOVER,14,1,12.431,5.925,-4.439,0.067,0.066,0.124,1.2142
1786527419.502,32.700,ENGAGED,pitch 2/6 RECOVER,14,1,12.448,5.945,-4.429,0.126,0.168,0.120,1.2160
1786527419.602,32.800,ENGAGED,pitch 2/6 RECOVER,14,1,12.468,5.972,-4.421,0.185,0.263,0.113,1.2160
1786527419.702,32.900,ENGAGED,pitch 2/6 RECOVER,14,1,12.490,6.004,-4.413,0.208,0.346,0.120,1.2154
1786527419.802,33.000,ENGAGED,pitch 2/6 RECOVER,14,1,12.521,6.058,-4.405,0.253,0.499,0.057,1.2144
1786527419.902,33.100,ENGAGED,pitch 2/6 RECOVER,14,1,12.550,6.107,-4.406,0.188,0.388,-0.007,1.2159
1786527420.002,33.200,ENGAGED,pitch 2/6 RECOVER,14,1,12.572,6.144,-4.413,0.073,0.224,-0.054,1.2174
1786527420.102,33.300,ENGAGED,pitch 2/6 RECOVER,14,1,12.587,6.170,-4.421,0.046,0.154,-0.070,1.2183
1786527420.202,33.400,ENGAGED,pitch 2/6 RECOVER,14,1,12.602,6.192,-4.431,0.053,0.116,-0.071,1.2190
1786527420.303,33.500,ENGAGED,pitch 2/6 RECOVER,14,1,12.617,6.208,-4.443,-0.029,-0.018,-0.082,1.2182
1786527420.402,33.600,ENGAGED,pitch 2/6 RECOVER,14,1,12.624,6.214,-4.452,-0.090,-0.034,-0.081,1.2177
1786527420.502,33.700,ENGAGED,pitch 2/6 RECOVER,14,1,12.631,6.218,-4.461,-0.078,-0.090,-0.078,1.2175
1786527420.602,33.800,ENGAGED,pitch 2/6 RECOVER,14,1,12.640,6.218,-4.471,-0.081,-0.096,-0.056,1.2190
1786527420.702,33.900,ENGAGED,pitch 2/6 RECOVER,14,1,12.644,6.213,-4.478,-0.097,-0.160,-0.051,1.2204
1786527420.802,34.000,ENGAGED,pitch 2/6 RECOVER,14,1,12.647,6.203,-4.483,-0.140,-0.199,-0.038,1.2218
1786527420.902,34.100,ENGAGED,pitch 2/6 RECOVER,14,1,12.646,6.190,-4.488,-0.137,-0.207,-0.024,1.2220
1786527421.002,34.200,ENGAGED,pitch 2/6 RECOVER,14,1,12.648,6.177,-4.491,-0.100,-0.183,-0.004,1.2229
1786527421.102,34.300,ENGAGED,pitch 2/6 RECOVER,14,1,12.648,6.162,-4.494,-0.119,-0.251,-0.008,1.2228
1786527421.202,34.400,ENGAGED,pitch 2/6 RECOVER,14,1,12.646,6.146,-4.495,-0.104,-0.216,0.004,1.2236
1786527421.302,34.500,ENGAGED,pitch 2/6 RECOVER,14,1,12.643,6.134,-4.496,-0.145,-0.242,0.010,1.2229
1786527421.402,34.600,ENGAGED,pitch 2/6 RECOVER,14,1,12.640,6.119,-4.497,-0.123,-0.212,0.015,1.2204
1786527421.502,34.700,ENGAGED,pitch 2/6 RECOVER,14,1,12.636,6.104,-4.498,-0.147,-0.219,0.014,1.2187
1786527421.602,34.800,ENGAGED,pitch 2/6 RECOVER,14,1,12.631,6.093,-4.499,-0.174,-0.194,0.013,1.2156
1786527421.702,34.900,ENGAGED,pitch 2/6 RECOVER,14,1,12.620,6.085,-4.499,-0.185,-0.193,0.021,1.2128
1786527421.802,35.000,ENGAGED,pitch 2/6 RECOVER,14,1,12.605,6.077,-4.500,-0.222,-0.197,0.012,1.2110
1786527421.902,35.100,ENGAGED,pitch 2/6 RECOVER,14,1,12.594,6.073,-4.500,-0.224,-0.183,0.000,1.2095
1786527422.003,35.201,ENGAGED,pitch 2/6 RECOVER,14,1,12.581,6.069,-4.502,-0.205,-0.152,0.012,1.2084
1786527422.102,35.300,ENGAGED,pitch 2/6 RECOVER,14,1,12.568,6.064,-4.502,-0.220,-0.174,0.009,1.2077
1786527422.202,35.400,ENGAGED,pitch 2/6 RECOVER,14,1,12.554,6.055,-4.502,-0.178,-0.151,0.024,1.2096
1786527422.303,35.501,ENGAGED,pitch 3/6 PULSEA +8°,14,1,12.539,6.047,-4.502,-0.209,-0.178,0.015,1.2114
1786527422.402,35.600,ENGAGED,pitch 3/6 PULSEA +8°,14,1,12.526,6.042,-4.502,-0.217,-0.163,0.015,1.2120
1786527422.502,35.700,ENGAGED,pitch 3/6 PULSEA +8°,14,1,12.511,6.034,-4.502,-0.183,-0.175,0.028,1.2110
1786527422.602,35.800,ENGAGED,pitch 3/6 PULSEA +8°,14,1,12.497,6.025,-4.500,-0.207,-0.190,0.044,1.2103
1786527422.703,35.901,ENGAGED,pitch 3/6 PULSEB -8°,14,1,12.482,6.016,-4.498,-0.197,-0.174,0.041,1.2119
1786527422.802,36.000,ENGAGED,pitch 3/6 PULSEB -8°,14,1,12.465,6.004,-4.496,-0.214,-0.206,0.058,1.2138
1786527422.902,36.100,ENGAGED,pitch 3/6 PULSEB -8°,14,1,12.451,5.995,-4.490,-0.134,-0.082,0.092,1.2162
1786527423.003,36.200,ENGAGED,pitch 3/6 PULSEB -8°,14,1,12.443,5.996,-4.482,-0.103,0.019,0.125,1.2181
1786527423.103,36.301,ENGAGED,pitch 3/6 RECOVER,14,1,12.436,6.005,-4.473,-0.083,0.099,0.122,1.2202
1786527423.202,36.400,ENGAGED,pitch 3/6 RECOVER,14,1,12.429,6.021,-4.463,-0.081,0.224,0.135,1.2205
1786527423.302,36.500,ENGAGED,pitch 3/6 RECOVER,14,1,12.423,6.049,-4.452,-0.062,0.388,0.123,1.2213
1786527423.403,36.600,ENGAGED,pitch 3/6 RECOVER,14,1,12.417,6.088,-4.447,-0.077,0.371,0.062,1.2220
1786527423.502,36.700,ENGAGED,pitch 3/6 RECOVER,14,1,12.411,6.116,-4.447,-0.098,0.275,0.016,1.2211
1786527423.603,36.800,ENGAGED,pitch 3/6 RECOVER,14,1,12.406,6.144,-4.450,-0.112,0.176,0.007,1.2203
1786527423.702,36.900,ENGAGED,pitch 3/6 RECOVER,14,1,12.404,6.165,-4.454,-0.066,0.150,-0.005,1.2205
1786527423.802,37.000,ENGAGED,pitch 3/6 RECOVER,14,1,12.402,6.181,-4.459,-0.070,0.079,-0.025,1.2177
1786527423.902,37.100,ENGAGED,pitch 3/6 RECOVER,14,1,12.401,6.190,-4.466,-0.077,0.002,-0.021,1.2164
1786527424.002,37.200,ENGAGED,pitch 3/6 RECOVER,14,1,12.400,6.195,-4.473,-0.039,-0.004,-0.018,1.2178
1786527424.102,37.300,ENGAGED,pitch 3/6 RECOVER,14,1,12.398,6.196,-4.479,-0.044,-0.015,-0.022,1.2189
1786527424.202,37.400,ENGAGED,pitch 3/6 RECOVER,14,1,12.396,6.193,-4.484,-0.081,-0.106,-0.014,1.2209
1786527424.302,37.500,ENGAGED,pitch 3/6 RECOVER,14,1,12.393,6.189,-4.487,-0.028,-0.055,0.006,1.2235
1786527424.402,37.600,ENGAGED,pitch 3/6 RECOVER,14,1,12.390,6.181,-4.490,-0.068,-0.119,0.013,1.2248
1786527424.502,37.700,ENGAGED,pitch 3/6 RECOVER,14,1,12.391,6.172,-4.492,-0.029,-0.107,0.017,1.2253
1786527424.602,37.800,ENGAGED,pitch 3/6 RECOVER,14,1,12.393,6.162,-4.493,-0.014,-0.111,0.021,1.2257
1786527424.702,37.900,ENGAGED,pitch 3/6 RECOVER,14,1,12.399,6.153,-4.493,-0.028,-0.125,0.035,1.2255
1786527424.802,38.000,ENGAGED,pitch 3/6 RECOVER,14,1,12.405,6.143,-4.493,-0.006,-0.087,0.028,1.2246
1786527424.902,38.100,ENGAGED,pitch 3/6 RECOVER,14,1,12.409,6.135,-4.493,0.003,-0.103,0.021,1.2238
1786527425.003,38.200,ENGAGED,pitch 3/6 RECOVER,14,1,12.413,6.126,-4.493,-0.016,-0.152,0.000,1.2206
1786527425.103,38.300,ENGAGED,pitch 3/6 RECOVER,14,1,12.419,6.115,-4.494,-0.023,-0.161,-0.013,1.2183
1786527425.203,38.400,ENGAGED,pitch 3/6 RECOVER,14,1,12.426,6.102,-4.496,-0.001,-0.170,-0.005,1.2185
1786527425.302,38.500,ENGAGED,pitch 3/6 RECOVER,14,1,12.436,6.087,-4.498,0.036,-0.131,0.004,1.2184
1786527425.402,38.600,ENGAGED,pitch 3/6 RECOVER,14,1,12.446,6.073,-4.500,0.002,-0.151,0.002,1.2196
1786527425.502,38.700,ENGAGED,pitch 3/6 RECOVER,14,1,12.456,6.056,-4.502,0.023,-0.189,-0.013,1.2207
1786527425.602,38.800,ENGAGED,pitch 3/6 RECOVER,14,1,12.468,6.039,-4.505,0.022,-0.169,-0.003,1.2203
1786527425.702,38.900,ENGAGED,pitch 3/6 RECOVER,14,1,12.483,6.024,-4.507,0.042,-0.162,0.002,1.2182
1786527425.802,39.000,ENGAGED,pitch 3/6 RECOVER,14,1,12.497,6.007,-4.508,-0.008,-0.183,-0.006,1.2143
1786527425.902,39.100,ENGAGED,pitch 3/6 RECOVER,14,1,12.512,5.995,-4.511,0.005,-0.180,-0.012,1.2130
1786527426.002,39.200,ENGAGED,pitch 3/6 RECOVER,14,1,12.527,5.983,-4.514,0.046,-0.122,-0.008,1.2116
1786527426.103,39.301,ENGAGED,pitch 4/6 PULSEA +8°,14,1,12.540,5.972,-4.517,-0.010,-0.143,-0.003,1.2085
1786527426.203,39.401,ENGAGED,pitch 4/6 PULSEA +8°,14,1,12.551,5.963,-4.520,-0.035,-0.138,-0.007,1.2107
1786527426.303,39.500,ENGAGED,pitch 4/6 PULSEA +8°,14,1,12.558,5.957,-4.522,-0.040,-0.129,0.014,1.2137
1786527426.402,39.600,ENGAGED,pitch 4/6 PULSEA +8°,14,1,12.563,5.949,-4.521,-0.024,-0.072,0.023,1.2139
1786527426.504,39.701,ENGAGED,pitch 4/6 PULSEB -8°,14,1,12.568,5.940,-4.519,-0.056,-0.193,0.066,1.2125
1786527426.602,39.800,ENGAGED,pitch 4/6 PULSEB -8°,14,1,12.567,5.921,-4.514,-0.109,-0.350,0.130,1.2083
1786527426.702,39.900,ENGAGED,pitch 4/6 PULSEB -8°,14,1,12.560,5.890,-4.504,-0.121,-0.318,0.115,1.2028
1786527426.802,40.000,ENGAGED,pitch 4/6 PULSEB -8°,14,1,12.555,5.870,-4.497,-0.121,-0.209,0.108,1.1999
1786527426.903,40.101,ENGAGED,pitch 4/6 RECOVER,14,1,12.550,5.857,-4.490,-0.124,-0.160,0.091,1.1985
1786527427.002,40.200,ENGAGED,pitch 4/6 RECOVER,14,1,12.547,5.853,-4.485,-0.059,-0.006,0.105,1.1992
1786527427.103,40.300,ENGAGED,pitch 4/6 RECOVER,14,1,12.546,5.856,-4.478,-0.009,0.105,0.107,1.1999
1786527427.202,40.400,ENGAGED,pitch 4/6 RECOVER,14,1,12.548,5.869,-4.471,0.013,0.147,0.121,1.2009
1786527427.303,40.500,ENGAGED,pitch 4/6 RECOVER,14,1,12.554,5.890,-4.463,0.069,0.288,0.133,1.2044
1786527427.403,40.601,ENGAGED,pitch 4/6 RECOVER,14,1,12.565,5.922,-4.457,0.106,0.354,0.067,1.2066
1786527427.502,40.700,ENGAGED,pitch 4/6 RECOVER,14,1,12.578,5.954,-4.456,0.106,0.291,0.031,1.2079
1786527427.602,40.800,ENGAGED,pitch 4/6 RECOVER,14,1,12.586,5.977,-4.459,0.066,0.221,-0.002,1.2086
1786527427.703,40.900,ENGAGED,pitch 4/6 RECOVER,14,1,12.595,5.995,-4.463,0.001,0.130,-0.016,1.2080
1786527427.803,41.001,ENGAGED,pitch 4/6 RECOVER,14,1,12.603,6.011,-4.470,-0.021,0.058,-0.029,1.2096
1786527427.903,41.101,ENGAGED,pitch 4/6 RECOVER,14,1,12.610,6.019,-4.476,-0.004,0.057,-0.043,1.2104
1786527428.002,41.200,ENGAGED,pitch 4/6 RECOVER,14,1,12.613,6.020,-4.481,-0.050,0.018,-0.030,1.2137
1786527428.102,41.300,ENGAGED,pitch 4/6 RECOVER,14,1,12.615,6.021,-4.487,-0.030,-0.022,-0.034,1.2218
1786527428.202,41.400,ENGAGED,pitch 4/6 RECOVER,14,1,12.618,6.019,-4.492,-0.052,-0.029,-0.016,1.2274
1786527428.302,41.500,ENGAGED,pitch 4/6 RECOVER,14,1,12.618,6.014,-4.495,-0.069,-0.067,-0.007,1.2282
1786527428.402,41.600,ENGAGED,pitch 4/6 RECOVER,14,1,12.617,6.011,-4.497,-0.092,-0.020,0.013,1.2264
1786527428.502,41.700,ENGAGED,pitch 4/6 RECOVER,14,1,12.616,6.006,-4.497,-0.076,-0.031,0.017,1.2252
1786527428.602,41.800,ENGAGED,pitch 4/6 RECOVER,14,1,12.616,6.002,-4.497,-0.100,-0.009,0.025,1.2239
1786527428.702,41.900,ENGAGED,pitch 4/6 RECOVER,14,1,12.613,5.999,-4.497,-0.120,-0.022,0.028,1.2248
1786527428.802,42.000,ENGAGED,pitch 4/6 RECOVER,14,1,12.609,5.994,-4.495,-0.101,-0.006,0.041,1.2298
1786527428.902,42.100,ENGAGED,pitch 4/6 RECOVER,14,1,12.603,5.991,-4.492,-0.097,-0.040,0.033,1.2363
1786527429.002,42.200,ENGAGED,pitch 4/6 RECOVER,14,1,12.596,5.988,-4.489,-0.118,-0.013,0.044,1.2431
1786527429.102,42.300,ENGAGED,pitch 4/6 RECOVER,14,1,12.589,5.984,-4.486,-0.111,0.026,0.049,1.2487
1786527429.202,42.400,ENGAGED,pitch 4/6 RECOVER,14,1,12.583,5.980,-4.483,-0.137,-0.003,0.042,1.2524
1786527429.302,42.500,ENGAGED,pitch 4/6 RECOVER,14,1,12.578,5.979,-4.479,-0.108,0.016,0.045,1.2564
1786527429.402,42.600,ENGAGED,pitch 4/6 RECOVER,14,1,12.572,5.980,-4.475,-0.101,0.039,0.050,1.2577
1786527429.502,42.700,ENGAGED,pitch 4/6 RECOVER,14,1,12.567,5.982,-4.471,-0.073,0.068,0.035,1.2541
1786527429.603,42.800,ENGAGED,pitch 4/6 RECOVER,14,1,12.562,5.985,-4.469,-0.086,0.049,0.023,1.2491
1786527429.702,42.900,ENGAGED,pitch 4/6 RECOVER,14,1,12.559,5.988,-4.468,-0.094,0.087,0.013,1.2443
1786527429.802,43.000,ENGAGED,pitch 4/6 RECOVER,14,1,12.555,5.990,-4.469,-0.069,0.050,-0.007,1.2375
1786527429.904,43.101,ENGAGED,pitch 5/6 PULSEA +8°,14,1,12.552,5.993,-4.471,-0.094,0.046,-0.012,1.2288
1786527430.002,43.200,ENGAGED,pitch 5/6 PULSEA +8°,14,1,12.546,5.996,-4.472,-0.084,0.030,0.005,1.2173
1786527430.102,43.300,ENGAGED,pitch 5/6 PULSEA +8°,14,1,12.539,5.999,-4.473,-0.079,0.053,-0.003,1.2079
1786527430.202,43.400,ENGAGED,pitch 5/6 PULSEA +8°,14,1,12.529,6.002,-4.474,-0.134,0.021,0.003,1.2030
1786527430.303,43.501,ENGAGED,pitch 5/6 PULSEB -8°,14,1,12.518,6.006,-4.474,-0.105,0.032,0.005,1.2000
1786527430.402,43.600,ENGAGED,pitch 5/6 PULSEB -8°,14,1,12.508,6.009,-4.474,-0.141,-0.039,0.032,1.1972
1786527430.502,43.700,ENGAGED,pitch 5/6 PULSEB -8°,14,1,12.498,6.012,-4.470,-0.108,0.056,0.066,1.1939
1786527430.603,43.800,ENGAGED,pitch 5/6 PULSEB -8°,14,1,12.493,6.019,-4.465,-0.079,0.095,0.069,1.1940
1786527430.703,43.901,ENGAGED,pitch 5/6 RECOVER,14,1,12.489,6.037,-4.457,-0.012,0.240,0.094,1.1984
1786527430.802,44.000,ENGAGED,pitch 5/6 RECOVER,14,1,12.490,6.063,-4.445,0.023,0.331,0.138,1.2046
1786527430.903,44.100,ENGAGED,pitch 5/6 RECOVER,14,1,12.494,6.095,-4.434,0.133,0.487,0.114,1.2082
1786527431.004,44.202,ENGAGED,pitch 5/6 RECOVER,14,1,12.502,6.141,-4.427,0.104,0.444,0.038,1.2102
1786527431.102,44.300,ENGAGED,pitch 5/6 RECOVER,14,1,12.504,6.168,-4.426,0.062,0.309,0.004,1.2094
1786527431.202,44.400,ENGAGED,pitch 5/6 RECOVER,14,1,12.507,6.188,-4.429,0.067,0.238,-0.031,1.2077
1786527431.302,44.500,ENGAGED,pitch 5/6 RECOVER,14,1,12.510,6.201,-4.435,0.020,0.158,-0.055,1.2093
1786527431.402,44.600,ENGAGED,pitch 5/6 RECOVER,14,1,12.513,6.211,-4.442,0.015,0.062,-0.045,1.2113
1786527431.503,44.700,ENGAGED,pitch 5/6 RECOVER,14,1,12.514,6.215,-4.450,-0.003,0.044,-0.048,1.2108
1786527431.602,44.800,ENGAGED,pitch 5/6 RECOVER,14,1,12.513,6.213,-4.457,-0.019,-0.050,-0.043,1.2120
1786527431.702,44.900,ENGAGED,pitch 5/6 RECOVER,14,1,12.512,6.208,-4.463,-0.025,-0.052,-0.029,1.2135
1786527431.802,45.000,ENGAGED,pitch 5/6 RECOVER,14,1,12.510,6.200,-4.468,-0.023,-0.059,-0.019,1.2162
1786527431.902,45.100,ENGAGED,pitch 5/6 RECOVER,14,1,12.511,6.187,-4.471,-0.036,-0.119,-0.003,1.2195
1786527432.002,45.200,ENGAGED,pitch 5/6 RECOVER,14,1,12.509,6.175,-4.474,-0.036,-0.118,-0.004,1.2222
1786527432.102,45.300,ENGAGED,pitch 5/6 RECOVER,14,1,12.508,6.161,-4.475,-0.025,-0.130,0.012,1.2257
1786527432.202,45.400,ENGAGED,pitch 5/6 RECOVER,14,1,12.504,6.146,-4.476,-0.008,-0.091,0.020,1.2275
1786527432.302,45.500,ENGAGED,pitch 5/6 RECOVER,14,1,12.500,6.131,-4.476,-0.012,-0.098,0.020,1.2269
1786527432.402,45.600,ENGAGED,pitch 5/6 RECOVER,14,1,12.496,6.116,-4.476,-0.056,-0.091,0.023,1.2263
1786527432.503,45.700,ENGAGED,pitch 5/6 RECOVER,14,1,12.492,6.099,-4.475,-0.028,-0.060,0.028,1.2258
1786527432.603,45.801,ENGAGED,pitch 5/6 RECOVER,14,1,12.488,6.085,-4.473,-0.027,-0.071,0.024,1.2273
1786527432.702,45.900,ENGAGED,pitch 5/6 RECOVER,14,1,12.484,6.074,-4.472,-0.043,-0.112,0.008,1.2294
1786527432.803,46.000,ENGAGED,pitch 5/6 RECOVER,14,1,12.479,6.066,-4.472,-0.037,-0.062,0.006,1.2291
1786527432.903,46.100,ENGAGED,pitch 5/6 RECOVER,14,1,12.476,6.061,-4.472,-0.002,-0.039,0.011,1.2275
1786527433.002,46.200,ENGAGED,pitch 5/6 RECOVER,14,1,12.476,6.058,-4.472,0.018,-0.007,0.023,1.2214
1786527433.102,46.300,ENGAGED,pitch 5/6 RECOVER,14,1,12.478,6.060,-4.471,0.026,0.004,0.029,1.2124
1786527433.202,46.400,ENGAGED,pitch 5/6 RECOVER,14,1,12.480,6.060,-4.468,0.031,-0.020,0.048,1.2015
1786527433.302,46.500,ENGAGED,pitch 5/6 RECOVER,14,1,12.483,6.060,-4.465,0.053,-0.053,0.048,1.1986
1786527433.402,46.600,ENGAGED,pitch 5/6 RECOVER,14,1,12.485,6.061,-4.463,0.013,-0.047,0.030,1.2005
1786527433.503,46.700,ENGAGED,pitch 5/6 RECOVER,14,1,12.485,6.062,-4.462,0.007,-0.080,0.026,1.2035
1786527433.602,46.800,ENGAGED,pitch 5/6 RECOVER,14,1,12.484,6.062,-4.462,-0.021,-0.054,0.023,1.2078
1786527433.703,46.901,ENGAGED,pitch 6/6 PULSEA +8°,14,1,12.481,6.063,-4.462,-0.007,-0.032,0.011,1.2127
1786527433.803,47.000,ENGAGED,pitch 6/6 PULSEA +8°,14,1,12.476,6.061,-4.462,-0.007,-0.040,0.028,1.2143
1786527433.902,47.100,ENGAGED,pitch 6/6 PULSEA +8°,14,1,12.470,6.056,-4.463,-0.016,-0.051,0.008,1.2147
1786527434.002,47.200,ENGAGED,pitch 6/6 PULSEA +8°,14,1,12.467,6.052,-4.466,-0.013,-0.013,0.007,1.2161
1786527434.103,47.301,ENGAGED,pitch 6/6 PULSEB -8°,14,1,12.461,6.043,-4.464,-0.044,-0.158,0.085,1.2194
1786527434.202,47.400,ENGAGED,pitch 6/6 PULSEB -8°,14,1,12.452,6.022,-4.457,-0.065,-0.320,0.161,1.2210
1786527434.302,47.500,ENGAGED,pitch 6/6 PULSEB -8°,14,1,12.442,5.985,-4.441,-0.046,-0.299,0.190,1.2173
1786527434.402,47.600,ENGAGED,pitch 6/6 PULSEB -8°,14,1,12.439,5.964,-4.426,-0.001,-0.243,0.180,1.2144
1786527434.503,47.701,ENGAGED,pitch 6/6 RECOVER,14,1,12.442,5.950,-4.408,0.049,-0.068,0.208,1.2153
1786527434.603,47.800,ENGAGED,pitch 6/6 RECOVER,14,1,12.447,5.945,-4.389,0.082,-0.010,0.225,1.2169
1786527434.702,47.900,ENGAGED,pitch 6/6 RECOVER,14,1,12.457,5.952,-4.368,0.127,0.123,0.218,1.2179
1786527434.802,48.000,ENGAGED,pitch 6/6 RECOVER,14,1,12.473,5.972,-4.344,0.201,0.274,0.236,1.2195
1786527434.902,48.100,ENGAGED,pitch 6/6 RECOVER,14,1,12.492,5.999,-4.324,0.242,0.380,0.243,1.2216
1786527435.002,48.200,ENGAGED,pitch 6/6 RECOVER,14,1,12.523,6.049,-4.305,0.317,0.533,0.117,1.2230
1786527435.103,48.300,ENGAGED,pitch 6/6 RECOVER,14,1,12.551,6.095,-4.302,0.249,0.422,-0.016,1.2261
1786527435.202,48.400,ENGAGED,pitch 6/6 RECOVER,14,1,12.571,6.131,-4.308,0.200,0.377,-0.091,1.2291
1786527435.302,48.500,ENGAGED,pitch 6/6 RECOVER,14,1,12.587,6.159,-4.319,0.137,0.287,-0.116,1.2282
1786527435.402,48.600,ENGAGED,pitch 6/6 RECOVER,14,1,12.601,6.183,-4.334,0.082,0.180,-0.140,1.2288
1786527435.502,48.700,ENGAGED,pitch 6/6 RECOVER,14,1,12.610,6.196,-4.347,0.047,0.140,-0.131,1.2305
1786527435.602,48.800,ENGAGED,pitch 6/6 RECOVER,14,1,12.620,6.204,-4.364,0.047,0.106,-0.124,1.2329
1786527435.702,48.900,ENGAGED,pitch 6/6 RECOVER,14,1,12.629,6.206,-4.378,0.037,0.060,-0.123,1.2346
1786527435.803,49.001,ENGAGED,pitch 6/6 RECOVER,14,1,12.636,6.205,-4.390,0.031,0.031,-0.115,1.2325
1786527435.902,49.100,ENGAGED,pitch 6/6 RECOVER,14,1,12.639,6.201,-4.405,-0.054,-0.033,-0.118,1.2288
1786527436.002,49.200,ENGAGED,pitch 6/6 RECOVER,14,1,12.638,6.195,-4.418,-0.051,-0.010,-0.097,1.2258
1786527436.102,49.300,ENGAGED,pitch 6/6 RECOVER,14,1,12.634,6.189,-4.430,-0.082,-0.063,-0.096,1.2250
1786527436.202,49.400,ENGAGED,pitch 6/6 RECOVER,14,1,12.628,6.180,-4.442,-0.107,-0.051,-0.079,1.2239
1786527436.302,49.500,ENGAGED,pitch 6/6 RECOVER,14,1,12.619,6.171,-4.452,-0.115,-0.070,-0.050,1.2209
1786527436.402,49.600,ENGAGED,pitch 6/6 RECOVER,14,1,12.608,6.163,-4.460,-0.106,-0.019,-0.040,1.2178
1786527436.502,49.700,ENGAGED,pitch 6/6 RECOVER,14,1,12.598,6.154,-4.468,-0.168,-0.085,-0.048,1.2163
1786527436.602,49.800,ENGAGED,pitch 6/6 RECOVER,14,1,12.586,6.145,-4.475,-0.146,-0.021,-0.045,1.2120
1786527436.702,49.900,ENGAGED,pitch 6/6 RECOVER,14,1,12.572,6.138,-4.483,-0.197,-0.076,-0.056,1.2083
1786527436.802,50.000,ENGAGED,pitch 6/6 RECOVER,14,1,12.557,6.127,-4.491,-0.176,-0.059,-0.044,1.2075
1786527436.902,50.100,ENGAGED,pitch 6/6 RECOVER,14,1,12.543,6.115,-4.496,-0.181,-0.104,-0.014,1.2065
1786527437.002,50.200,ENGAGED,pitch 6/6 RECOVER,14,1,12.528,6.101,-4.500,-0.155,-0.083,0.004,1.2072
1786527437.102,50.300,ENGAGED,pitch 6/6 RECOVER,14,1,12.519,6.090,-4.502,-0.145,-0.075,-0.011,1.2076
1786527437.202,50.400,ENGAGED,pitch 6/6 RECOVER,14,1,12.506,6.076,-4.505,-0.115,-0.097,0.006,1.2058
1786527437.302,50.500,ENGAGED,pitch 6/6 RECOVER,14,1,12.496,6.061,-4.507,-0.112,-0.138,0.016,1.2023
1786527437.402,50.600,ENGAGED,pitch 6/6 RECOVER,14,1,12.487,6.045,-4.508,-0.101,-0.137,0.034,1.2003
1786527437.503,50.701,ENGAGED,yaw 1/6 PULSEA +8°,14,1,12.479,6.030,-4.508,-0.105,-0.129,0.029,1.2017
1786527437.602,50.800,ENGAGED,yaw 1/6 PULSEA +8°,14,1,12.472,6.015,-4.508,-0.112,-0.165,0.033,1.2099
1786527437.703,50.900,ENGAGED,yaw 1/6 PULSEA +8°,14,1,12.468,6.000,-4.505,-0.093,-0.154,0.052,1.2211
1786527437.802,51.000,ENGAGED,yaw 1/6 PULSEA +8°,14,1,12.464,5.984,-4.501,-0.061,-0.173,0.056,1.2334
1786527437.903,51.101,ENGAGED,yaw 1/6 PULSEB -8°,14,1,12.465,5.969,-4.497,-0.025,-0.129,0.067,1.2417
1786527438.002,51.200,ENGAGED,yaw 1/6 PULSEB -8°,14,1,12.463,5.956,-4.493,-0.053,-0.092,0.084,1.2348
1786527438.102,51.300,ENGAGED,yaw 1/6 PULSEB -8°,14,1,12.464,5.946,-4.484,-0.034,-0.077,0.123,1.1910
1786527438.202,51.400,ENGAGED,yaw 1/6 PULSEB -8°,14,1,12.463,5.938,-4.473,-0.044,-0.055,0.159,1.1607
1786527438.304,51.501,ENGAGED,yaw 1/6 RECOVER,14,1,12.460,5.935,-4.459,-0.024,0.013,0.158,1.1432
1786527438.402,51.600,ENGAGED,yaw 1/6 RECOVER,14,1,12.453,5.933,-4.447,-0.070,0.007,0.153,1.1326
1786527438.502,51.700,ENGAGED,yaw 1/6 RECOVER,14,1,12.449,5.936,-4.436,-0.066,0.069,0.100,1.1275
1786527438.602,51.800,ENGAGED,yaw 1/6 RECOVER,14,1,12.446,5.939,-4.434,-0.047,0.054,-0.005,1.1561
1786527438.702,51.900,ENGAGED,yaw 1/6 RECOVER,14,1,12.444,5.946,-4.439,-0.079,0.071,-0.049,1.1845
1786527438.803,52.000,ENGAGED,yaw 1/6 RECOVER,14,1,12.444,5.955,-4.448,-0.028,0.110,-0.058,1.2023
1786527438.903,52.100,ENGAGED,yaw 1/6 RECOVER,14,1,12.443,5.966,-4.456,-0.038,0.131,-0.069,1.2154
1786527439.003,52.200,ENGAGED,yaw 1/6 RECOVER,14,1,12.443,5.978,-4.463,-0.005,0.145,-0.050,1.2200
1786527439.102,52.300,ENGAGED,yaw 1/6 RECOVER,14,1,12.446,5.993,-4.470,0.006,0.142,-0.043,1.2225
1786527439.203,52.401,ENGAGED,yaw 1/6 RECOVER,14,1,12.450,6.009,-4.475,0.025,0.180,-0.022,1.2264
1786527439.302,52.500,ENGAGED,yaw 1/6 RECOVER,14,1,12.455,6.027,-4.479,0.036,0.169,-0.012,1.2328
1786527439.402,52.600,ENGAGED,yaw 1/6 RECOVER,14,1,12.457,6.042,-4.482,0.014,0.134,-0.013,1.2368
1786527439.502,52.700,ENGAGED,yaw 1/6 RECOVER,14,1,12.457,6.058,-4.485,-0.000,0.145,-0.011,1.2403
1786527439.602,52.800,ENGAGED,yaw 1/6 RECOVER,14,1,12.460,6.073,-4.488,0.038,0.109,-0.000,1.2379
1786527439.702,52.900,ENGAGED,yaw 1/6 RECOVER,14,1,12.464,6.087,-4.491,0.040,0.103,-0.003,1.2365
1786527439.803,53.000,ENGAGED,yaw 1/6 RECOVER,14,1,12.468,6.097,-4.494,0.049,0.098,-0.001,1.2344
1786527439.902,53.100,ENGAGED,yaw 1/6 RECOVER,14,1,12.471,6.106,-4.496,0.024,0.018,-0.004,1.2311
1786527440.002,53.200,ENGAGED,yaw 1/6 RECOVER,14,1,12.472,6.113,-4.498,0.063,0.042,-0.001,1.2276
1786527440.102,53.300,ENGAGED,yaw 1/6 RECOVER,14,1,12.474,6.120,-4.500,0.055,0.036,0.008,1.2232
1786527440.202,53.400,ENGAGED,yaw 1/6 RECOVER,14,1,12.475,6.123,-4.502,0.060,0.064,-0.001,1.2198
1786527440.302,53.500,ENGAGED,yaw 1/6 RECOVER,14,1,12.475,6.127,-4.503,0.037,0.011,0.010,1.2197
1786527440.402,53.600,ENGAGED,yaw 1/6 RECOVER,14,1,12.476,6.127,-4.504,0.057,0.010,0.010,1.2218
1786527440.503,53.700,ENGAGED,yaw 1/6 RECOVER,14,1,12.474,6.125,-4.505,0.040,-0.027,0.012,1.2234
1786527440.602,53.800,ENGAGED,yaw 1/6 RECOVER,14,1,12.471,6.124,-4.506,0.055,-0.014,0.017,1.2236
1786527440.702,53.900,ENGAGED,yaw 1/6 RECOVER,14,1,12.468,6.123,-4.506,0.019,-0.036,0.016,1.2250
1786527440.802,54.000,ENGAGED,yaw 1/6 RECOVER,14,1,12.465,6.121,-4.506,0.037,-0.047,0.006,1.2261
1786527440.902,54.100,ENGAGED,yaw 1/6 RECOVER,14,1,12.460,6.119,-4.507,0.033,-0.054,0.009,1.2254
1786527441.002,54.200,ENGAGED,yaw 1/6 RECOVER,14,1,12.456,6.117,-4.508,0.036,-0.021,0.017,1.2260
1786527441.102,54.300,ENGAGED,yaw 1/6 RECOVER,14,1,12.453,6.115,-4.508,0.057,-0.017,0.020,1.2271
1786527441.202,54.400,ENGAGED,yaw 1/6 RECOVER,14,1,12.455,6.113,-4.507,0.089,-0.031,0.019,1.2285
1786527441.304,54.501,ENGAGED,yaw 2/6 PULSEA +8°,14,1,12.455,6.111,-4.507,0.065,-0.040,0.034,1.2293
1786527441.403,54.601,ENGAGED,yaw 2/6 PULSEA +8°,14,1,12.453,6.108,-4.506,0.048,-0.033,0.032,1.2313
1786527441.503,54.700,ENGAGED,yaw 2/6 PULSEA +8°,14,1,12.449,6.107,-4.506,0.053,-0.040,0.027,1.2329
1786527441.602,54.800,ENGAGED,yaw 2/6 PULSEA +8°,14,1,12.446,6.105,-4.505,0.029,-0.057,0.033,1.2380
1786527441.703,54.901,ENGAGED,yaw 2/6 PULSEB -8°,14,1,12.445,6.104,-4.503,0.070,-0.011,0.062,1.2677
1786527441.802,55.000,ENGAGED,yaw 2/6 PULSEB -8°,14,1,12.442,6.104,-4.496,0.067,-0.029,0.097,1.2854
1786527441.902,55.100,ENGAGED,yaw 2/6 PULSEB -8°,14,1,12.443,6.106,-4.489,0.111,0.008,0.114,1.2409
1786527442.002,55.200,ENGAGED,yaw 2/6 PULSEB -8°,14,1,12.443,6.113,-4.478,0.119,0.076,0.128,1.1915
1786527442.103,55.301,ENGAGED,yaw 2/6 RECOVER,14,1,12.443,6.120,-4.467,0.109,0.072,0.125,1.1601
1786527442.202,55.400,ENGAGED,yaw 2/6 RECOVER,14,1,12.443,6.129,-4.457,0.131,0.066,0.119,1.1367
1786527442.302,55.500,ENGAGED,yaw 2/6 RECOVER,14,1,12.445,6.141,-4.447,0.118,0.043,0.111,1.1201
1786527442.403,55.600,ENGAGED,yaw 2/6 RECOVER,14,1,12.447,6.154,-4.437,0.106,0.042,0.116,1.1100
1786527442.502,55.700,ENGAGED,yaw 2/6 RECOVER,14,1,12.451,6.172,-4.426,0.123,0.124,0.119,1.1014
1786527442.602,55.800,ENGAGED,yaw 2/6 RECOVER,14,1,12.458,6.188,-4.419,0.127,0.127,0.073,1.1026
1786527442.702,55.900,ENGAGED,yaw 2/6 RECOVER,14,1,12.464,6.205,-4.418,0.117,0.077,-0.005,1.1338
1786527442.802,56.000,ENGAGED,yaw 2/6 RECOVER,14,1,12.470,6.217,-4.422,0.117,0.121,-0.044,1.1590
1786527442.902,56.100,ENGAGED,yaw 2/6 RECOVER,14,1,12.477,6.226,-4.430,0.116,0.054,-0.057,1.1771
1786527443.002,56.200,ENGAGED,yaw 2/6 RECOVER,14,1,12.482,6.231,-4.438,0.094,0.004,-0.075,1.1868
1786527443.102,56.300,ENGAGED,yaw 2/6 RECOVER,14,1,12.489,6.233,-4.448,0.107,0.016,-0.068,1.1949
1786527443.202,56.400,ENGAGED,yaw 2/6 RECOVER,14,1,12.495,6.234,-4.457,0.075,-0.019,-0.054,1.2017
1786527443.302,56.500,ENGAGED,yaw 2/6 RECOVER,14,1,12.501,6.232,-4.465,0.107,-0.028,-0.038,1.2070
1786527443.402,56.600,ENGAGED,yaw 2/6 RECOVER,14,1,12.506,6.230,-4.471,0.075,-0.017,-0.024,1.2132
1786527443.502,56.700,ENGAGED,yaw 2/6 RECOVER,14,1,12.510,6.228,-4.476,0.073,-0.053,-0.025,1.2165
1786527443.602,56.800,ENGAGED,yaw 2/6 RECOVER,14,1,12.513,6.226,-4.480,0.083,-0.082,-0.029,1.2182
1786527443.702,56.900,ENGAGED,yaw 2/6 RECOVER,14,1,12.515,6.221,-4.486,0.044,-0.012,-0.032,1.2199
1786527443.802,57.000,ENGAGED,yaw 2/6 RECOVER,14,1,12.515,6.218,-4.492,0.032,-0.041,-0.025,1.2217
1786527443.902,57.100,ENGAGED,yaw 2/6 RECOVER,14,1,12.515,6.216,-4.495,0.035,-0.074,-0.016,1.2220
1786527444.002,57.200,ENGAGED,yaw 2/6 RECOVER,14,1,12.511,6.210,-4.500,0.007,-0.068,-0.010,1.2200
1786527444.102,57.300,ENGAGED,yaw 2/6 RECOVER,14,1,12.505,6.204,-4.503,0.006,-0.113,-0.005,1.2175
1786527444.202,57.400,ENGAGED,yaw 2/6 RECOVER,14,1,12.498,6.197,-4.505,0.023,-0.064,0.007,1.2141
1786527444.302,57.500,ENGAGED,yaw 2/6 RECOVER,14,1,12.492,6.187,-4.507,0.033,-0.084,0.004,1.2117
1786527444.402,57.600,ENGAGED,yaw 2/6 RECOVER,14,1,12.486,6.179,-4.508,0.012,-0.102,0.008,1.2105
1786527444.502,57.700,ENGAGED,yaw 2/6 RECOVER,14,1,12.478,6.169,-4.509,-0.000,-0.089,0.005,1.2101
1786527444.602,57.800,ENGAGED,yaw 2/6 RECOVER,14,1,12.464,6.157,-4.509,0.003,-0.096,0.015,1.2076
1786527444.702,57.900,ENGAGED,yaw 2/6 RECOVER,14,1,12.451,6.142,-4.509,-0.009,-0.128,0.021,1.2070
1786527444.802,58.000,ENGAGED,yaw 2/6 RECOVER,14,1,12.438,6.128,-4.508,-0.056,-0.184,0.025,1.2109
1786527444.902,58.100,ENGAGED,yaw 2/6 RECOVER,14,1,12.420,6.111,-4.506,-0.053,-0.159,0.027,1.2196
1786527445.002,58.200,ENGAGED,yaw 2/6 RECOVER,14,1,12.407,6.097,-4.504,-0.040,-0.142,0.028,1.2295
1786527445.103,58.301,ENGAGED,yaw 3/6 PULSEA +8°,14,1,12.398,6.083,-4.502,-0.010,-0.122,0.020,1.2383
1786527445.202,58.400,ENGAGED,yaw 3/6 PULSEA +8°,14,1,12.392,6.072,-4.500,0.036,-0.145,0.010,1.2494
1786527445.302,58.500,ENGAGED,yaw 3/6 PULSEA +8°,14,1,12.390,6.061,-4.500,0.061,-0.133,0.005,1.2623
1786527445.402,58.600,ENGAGED,yaw 3/6 PULSEA +8°,14,1,12.388,6.049,-4.501,0.050,-0.117,-0.003,1.2753
1786527445.503,58.701,ENGAGED,yaw 3/6 PULSEB -8°,14,1,12.388,6.039,-4.501,0.071,-0.080,-0.001,1.2826
1786527445.602,58.800,ENGAGED,yaw 3/6 PULSEB -8°,14,1,12.386,6.031,-4.503,0.067,-0.074,0.000,1.2799
1786527445.702,58.900,ENGAGED,yaw 3/6 PULSEB -8°,14,1,12.386,6.021,-4.503,0.092,-0.070,0.014,1.2398
1786527445.802,59.000,ENGAGED,yaw 3/6 PULSEB -8°,14,1,12.387,6.015,-4.502,0.073,-0.065,0.028,1.2136
1786527445.903,59.101,ENGAGED,yaw 3/6 RECOVER,14,1,12.386,6.007,-4.500,0.080,-0.056,0.053,1.1921
1786527446.002,59.200,ENGAGED,yaw 3/6 RECOVER,14,1,12.388,6.000,-4.494,0.076,-0.045,0.084,1.1736
1786527446.102,59.300,ENGAGED,yaw 3/6 RECOVER,14,1,12.392,5.993,-4.486,0.070,-0.040,0.089,1.1617
1786527446.202,59.400,ENGAGED,yaw 3/6 RECOVER,14,1,12.394,5.987,-4.481,0.070,-0.052,0.064,1.1772
1786527446.302,59.500,ENGAGED,yaw 3/6 RECOVER,14,1,12.399,5.981,-4.477,0.052,-0.002,0.029,1.1906
1786527446.402,59.600,ENGAGED,yaw 3/6 RECOVER,14,1,12.401,5.975,-4.477,0.048,-0.004,0.023,1.1952
1786527446.502,59.700,ENGAGED,yaw 3/6 RECOVER,14,1,12.403,5.970,-4.477,0.033,-0.021,0.001,1.1955
1786527446.602,59.800,ENGAGED,yaw 3/6 RECOVER,14,1,12.404,5.961,-4.479,0.046,0.003,-0.002,1.1939
1786527446.702,59.900,ENGAGED,yaw 3/6 RECOVER,14,1,12.406,5.953,-4.481,0.041,-0.014,-0.017,1.1927
1786527446.802,60.000,ENGAGED,yaw 3/6 RECOVER,14,1,12.409,5.948,-4.483,0.061,0.025,-0.009,1.1917
1786527446.902,60.100,ENGAGED,yaw 3/6 RECOVER,14,1,12.410,5.940,-4.485,0.082,0.026,-0.015,1.1914
1786527447.002,60.200,ENGAGED,yaw 3/6 RECOVER,14,1,12.413,5.934,-4.487,0.031,0.023,-0.019,1.1927
1786527447.102,60.300,ENGAGED,yaw 3/6 RECOVER,14,1,12.412,5.929,-4.489,0.069,0.056,-0.003,1.1924
1786527447.202,60.400,ENGAGED,yaw 3/6 RECOVER,14,1,12.410,5.924,-4.491,0.030,0.039,-0.002,1.1902
1786527447.302,60.500,ENGAGED,yaw 3/6 RECOVER,14,1,12.409,5.922,-4.492,0.062,0.068,0.001,1.1868
1786527447.402,60.600,ENGAGED,yaw 3/6 RECOVER,14,1,12.410,5.921,-4.492,0.057,0.044,0.006,1.1835
1786527447.502,60.700,ENGAGED,yaw 3/6 RECOVER,14,1,12.407,5.917,-4.492,0.046,0.014,0.010,1.1833
1786527447.602,60.800,ENGAGED,yaw 3/6 RECOVER,14,1,12.405,5.915,-4.492,0.046,0.036,0.010,1.1876
1786527447.702,60.900,ENGAGED,yaw 3/6 RECOVER,14,1,12.402,5.913,-4.492,0.082,0.025,0.004,1.1903
1786527447.802,61.000,ENGAGED,yaw 3/6 RECOVER,14,1,12.398,5.911,-4.492,0.077,0.026,-0.011,1.1923
1786527447.902,61.100,ENGAGED,yaw 3/6 RECOVER,14,1,12.391,5.911,-4.493,0.056,0.048,-0.002,1.1944
1786527448.002,61.200,ENGAGED,yaw 3/6 RECOVER,14,1,12.384,5.912,-4.493,0.056,0.046,0.004,1.1970
1786527448.102,61.300,ENGAGED,yaw 3/6 RECOVER,14,1,12.377,5.915,-4.494,0.038,0.012,0.002,1.1920
1786527448.202,61.400,ENGAGED,yaw 3/6 RECOVER,14,1,12.370,5.915,-4.494,0.016,0.022,0.008,1.1866
1786527448.302,61.500,ENGAGED,yaw 3/6 RECOVER,14,1,12.369,5.916,-4.495,0.056,0.020,0.006,1.1844
1786527448.402,61.600,ENGAGED,yaw 3/6 RECOVER,14,1,12.367,5.915,-4.496,0.039,0.023,0.004,1.1846
1786527448.502,61.700,ENGAGED,yaw 3/6 RECOVER,14,1,12.364,5.914,-4.496,0.016,-0.007,-0.004,1.1845
1786527448.602,61.800,ENGAGED,yaw 3/6 RECOVER,14,1,12.361,5.913,-4.498,0.077,0.020,0.004,1.1862
1786527448.702,61.900,ENGAGED,yaw 3/6 RECOVER,14,1,12.362,5.911,-4.499,0.076,-0.012,0.001,1.1895
1786527448.802,62.000,ENGAGED,yaw 3/6 RECOVER,14,1,12.364,5.907,-4.500,0.098,-0.017,0.015,1.1939
1786527448.903,62.101,ENGAGED,yaw 4/6 PULSEA +8°,14,1,12.370,5.905,-4.500,0.123,0.011,0.020,1.1986
1786527449.002,62.200,ENGAGED,yaw 4/6 PULSEA +8°,14,1,12.376,5.904,-4.500,0.077,0.015,0.038,1.2017
1786527449.102,62.300,ENGAGED,yaw 4/6 PULSEA +8°,14,1,12.381,5.904,-4.497,0.077,0.043,0.051,1.2048
1786527449.202,62.400,ENGAGED,yaw 4/6 PULSEA +8°,14,1,12.387,5.906,-4.494,0.019,-0.015,0.051,1.2104
1786527449.303,62.501,ENGAGED,yaw 4/6 PULSEB -8°,14,1,12.392,5.908,-4.489,0.043,0.038,0.076,1.2433
1786527449.402,62.600,ENGAGED,yaw 4/6 PULSEB -8°,14,1,12.396,5.911,-4.483,0.062,0.030,0.086,1.2654
1786527449.502,62.700,ENGAGED,yaw 4/6 PULSEB -8°,14,1,12.405,5.912,-4.474,0.027,-0.007,0.093,1.2164
1786527449.602,62.800,ENGAGED,yaw 4/6 PULSEB -8°,14,1,12.410,5.910,-4.466,0.029,-0.006,0.103,1.1755
1786527449.703,62.901,ENGAGED,yaw 4/6 RECOVER,14,1,12.415,5.906,-4.458,0.016,-0.060,0.089,1.1479
1786527449.802,63.000,ENGAGED,yaw 4/6 RECOVER,14,1,12.420,5.902,-4.449,-0.003,-0.078,0.090,1.1245
1786527449.902,63.100,ENGAGED,yaw 4/6 RECOVER,14,1,12.423,5.899,-4.442,0.017,-0.097,0.083,1.1123
1786527450.002,63.200,ENGAGED,yaw 4/6 RECOVER,14,1,12.422,5.892,-4.436,-0.052,-0.124,0.078,1.1036
1786527450.102,63.300,ENGAGED,yaw 4/6 RECOVER,14,1,12.422,5.883,-4.429,-0.017,-0.090,0.071,1.0888
1786527450.202,63.400,ENGAGED,yaw 4/6 RECOVER,14,1,12.421,5.873,-4.425,-0.066,-0.159,0.047,1.0836
1786527450.302,63.500,ENGAGED,yaw 4/6 RECOVER,14,1,12.419,5.859,-4.424,-0.080,-0.130,-0.010,1.1102
1786527450.402,63.600,ENGAGED,yaw 4/6 RECOVER,14,1,12.419,5.845,-4.427,-0.041,-0.102,-0.029,1.1374
1786527450.502,63.700,ENGAGED,yaw 4/6 RECOVER,14,1,12.421,5.831,-4.431,-0.039,-0.134,-0.041,1.1548
1786527450.602,63.800,ENGAGED,yaw 4/6 RECOVER,14,1,12.424,5.815,-4.436,-0.020,-0.105,-0.040,1.1713
1786527450.702,63.900,ENGAGED,yaw 4/6 RECOVER,14,1,12.429,5.798,-4.441,-0.028,-0.088,-0.044,1.1848
1786527450.803,64.000,ENGAGED,yaw 4/6 RECOVER,14,1,12.434,5.784,-4.447,0.013,-0.073,-0.035,1.1941
1786527450.902,64.100,ENGAGED,yaw 4/6 RECOVER,14,1,12.438,5.775,-4.450,-0.001,-0.048,-0.031,1.1995
1786527451.002,64.200,ENGAGED,yaw 4/6 RECOVER,14,1,12.444,5.767,-4.455,-0.021,-0.040,-0.045,1.2027
1786527451.102,64.300,ENGAGED,yaw 4/6 RECOVER,14,1,12.450,5.765,-4.458,0.009,0.024,-0.023,1.2049
1786527451.202,64.400,ENGAGED,yaw 4/6 RECOVER,14,1,12.454,5.767,-4.460,0.007,0.031,0.002,1.2067
1786527451.302,64.500,ENGAGED,yaw 4/6 RECOVER,14,1,12.457,5.768,-4.462,-0.003,0.038,-0.002,1.2075
1786527451.402,64.600,ENGAGED,yaw 4/6 RECOVER,14,1,12.459,5.772,-4.463,-0.028,0.024,-0.014,1.2087
1786527451.502,64.700,ENGAGED,yaw 4/6 RECOVER,14,1,12.462,5.781,-4.465,-0.012,0.101,-0.004,1.2100
1786527451.602,64.800,ENGAGED,yaw 4/6 RECOVER,14,1,12.465,5.792,-4.467,-0.029,0.075,-0.022,1.2094
1786527451.702,64.900,ENGAGED,yaw 4/6 RECOVER,14,1,12.471,5.803,-4.469,-0.015,0.068,-0.016,1.2074
1786527451.802,65.000,ENGAGED,yaw 4/6 RECOVER,14,1,12.477,5.815,-4.472,0.005,0.069,-0.010,1.2099
1786527451.902,65.100,ENGAGED,yaw 4/6 RECOVER,14,1,12.483,5.830,-4.474,-0.025,0.085,-0.018,1.2153
1786527452.002,65.200,ENGAGED,yaw 4/6 RECOVER,14,1,12.486,5.845,-4.477,-0.073,0.075,-0.005,1.2151
1786527452.102,65.300,ENGAGED,yaw 4/6 RECOVER,14,1,12.489,5.861,-4.477,-0.050,0.082,0.016,1.2130
1786527452.202,65.400,ENGAGED,yaw 4/6 RECOVER,14,1,12.492,5.877,-4.476,-0.045,0.127,0.045,1.2117
1786527452.302,65.500,ENGAGED,yaw 4/6 RECOVER,14,1,12.494,5.896,-4.473,-0.078,0.112,0.043,1.2109
1786527452.402,65.600,ENGAGED,yaw 4/6 RECOVER,14,1,12.495,5.915,-4.468,-0.077,0.085,0.057,1.2109
1786527452.502,65.700,ENGAGED,yaw 4/6 RECOVER,14,1,12.497,5.933,-4.462,-0.029,0.120,0.078,1.2117
1786527452.602,65.800,ENGAGED,yaw 4/6 RECOVER,14,1,12.499,5.951,-4.456,-0.050,0.102,0.064,1.2126
1786527452.703,65.901,ENGAGED,yaw 5/6 PULSEA +8°,14,1,12.500,5.965,-4.452,-0.032,0.098,0.060,1.2127
1786527452.802,66.000,ENGAGED,yaw 5/6 PULSEA +8°,14,1,12.504,5.982,-4.448,-0.026,0.087,0.039,1.2171
1786527452.902,66.100,ENGAGED,yaw 5/6 PULSEA +8°,14,1,12.507,5.993,-4.446,-0.043,0.043,0.018,1.2207
1786527453.002,66.200,ENGAGED,yaw 5/6 PULSEA +8°,14,1,12.507,6.001,-4.446,-0.043,0.043,0.017,1.2274
1786527453.103,66.301,ENGAGED,yaw 5/6 PULSEB -8°,14,1,12.506,6.008,-4.446,-0.112,-0.000,-0.010,1.2302
1786527453.202,66.400,ENGAGED,yaw 5/6 PULSEB -8°,14,1,12.504,6.016,-4.447,-0.070,0.013,0.017,1.2183
1786527453.302,66.500,ENGAGED,yaw 5/6 PULSEB -8°,14,1,12.502,6.022,-4.442,-0.088,0.052,0.083,1.1790
1786527453.402,66.600,ENGAGED,yaw 5/6 PULSEB -8°,14,1,12.500,6.026,-4.432,-0.123,-0.024,0.121,1.1472
1786527453.503,66.701,ENGAGED,yaw 5/6 RECOVER,14,1,12.498,6.027,-4.419,-0.154,-0.006,0.156,1.1260
1786527453.602,66.800,ENGAGED,yaw 5/6 RECOVER,14,1,12.494,6.026,-4.400,-0.162,-0.073,0.186,1.1089
1786527453.702,66.900,ENGAGED,yaw 5/6 RECOVER,14,1,12.492,6.023,-4.384,-0.188,-0.105,0.170,1.1038
1786527453.802,67.000,ENGAGED,yaw 5/6 RECOVER,14,1,12.489,6.017,-4.372,-0.183,-0.105,0.066,1.1301
1786527453.902,67.100,ENGAGED,yaw 5/6 RECOVER,14,1,12.484,6.010,-4.371,-0.149,-0.089,-0.001,1.1525
1786527454.002,67.200,ENGAGED,yaw 5/6 RECOVER,14,1,12.479,6.003,-4.375,-0.153,-0.104,-0.053,1.1710
1786527454.102,67.300,ENGAGED,yaw 5/6 RECOVER,14,1,12.472,5.994,-4.382,-0.138,-0.087,-0.065,1.1833
1786527454.202,67.400,ENGAGED,yaw 5/6 RECOVER,14,1,12.464,5.981,-4.392,-0.153,-0.114,-0.089,1.1893
1786527454.302,67.500,ENGAGED,yaw 5/6 RECOVER,14,1,12.456,5.970,-4.402,-0.159,-0.086,-0.106,1.1958
1786527454.402,67.600,ENGAGED,yaw 5/6 RECOVER,14,1,12.445,5.961,-4.412,-0.172,-0.075,-0.083,1.2001
1786527454.502,67.700,ENGAGED,yaw 5/6 RECOVER,14,1,12.434,5.952,-4.421,-0.158,-0.089,-0.049,1.2054
1786527454.602,67.800,ENGAGED,yaw 5/6 RECOVER,14,1,12.426,5.945,-4.426,-0.118,-0.079,-0.025,1.2086
1786527454.702,67.900,ENGAGED,yaw 5/6 RECOVER,14,1,12.421,5.937,-4.429,-0.119,-0.057,-0.004,1.2089
1786527454.802,68.000,ENGAGED,yaw 5/6 RECOVER,14,1,12.415,5.931,-4.432,-0.108,-0.034,-0.013,1.2115
1786527454.902,68.100,ENGAGED,yaw 5/6 RECOVER,14,1,12.410,5.925,-4.436,-0.110,-0.055,-0.018,1.2146
1786527455.002,68.200,ENGAGED,yaw 5/6 RECOVER,14,1,12.406,5.921,-4.440,-0.132,-0.036,-0.021,1.2203
1786527455.102,68.300,ENGAGED,yaw 5/6 RECOVER,14,1,12.403,5.920,-4.443,-0.126,-0.034,-0.013,1.2233
1786527455.202,68.400,ENGAGED,yaw 5/6 RECOVER,14,1,12.400,5.923,-4.444,-0.088,0.018,0.009,1.2219
1786527455.302,68.500,ENGAGED,yaw 5/6 RECOVER,14,1,12.397,5.925,-4.444,-0.069,0.048,0.029,1.2200
1786527455.402,68.600,ENGAGED,yaw 5/6 RECOVER,14,1,12.393,5.928,-4.444,-0.083,0.040,0.029,1.2195
1786527455.502,68.700,ENGAGED,yaw 5/6 RECOVER,14,1,12.392,5.934,-4.442,-0.112,0.003,0.034,1.2184
1786527455.602,68.800,ENGAGED,yaw 5/6 RECOVER,14,1,12.391,5.939,-4.441,-0.087,0.042,0.032,1.2174
1786527455.702,68.900,ENGAGED,yaw 5/6 RECOVER,14,1,12.391,5.946,-4.440,-0.062,0.075,0.025,1.2157
1786527455.802,69.000,ENGAGED,yaw 5/6 RECOVER,14,1,12.391,5.953,-4.440,-0.083,0.046,0.013,1.2155
1786527455.902,69.100,ENGAGED,yaw 5/6 RECOVER,14,1,12.392,5.958,-4.442,-0.089,0.046,0.000,1.2166
1786527456.002,69.200,ENGAGED,yaw 5/6 RECOVER,14,1,12.395,5.965,-4.444,-0.086,0.052,-0.009,1.2168
1786527456.102,69.300,ENGAGED,yaw 5/6 RECOVER,14,1,12.399,5.971,-4.449,-0.059,0.066,-0.020,1.2183
1786527456.202,69.400,ENGAGED,yaw 5/6 RECOVER,14,1,12.403,5.975,-4.453,-0.059,0.060,-0.034,1.2190
1786527456.302,69.500,ENGAGED,yaw 5/6 RECOVER,14,1,12.408,5.981,-4.459,-0.075,0.042,-0.034,1.2182
1786527456.402,69.600,ENGAGED,yaw 5/6 RECOVER,14,1,12.412,5.988,-4.464,-0.041,0.039,-0.033,1.2162
1786527456.503,69.701,ENGAGED,yaw 6/6 PULSEA +8°,14,1,12.419,5.993,-4.469,-0.016,0.080,-0.022,1.2158
1786527456.602,69.800,ENGAGED,yaw 6/6 PULSEA +8°,14,1,12.431,5.998,-4.474,-0.030,0.083,-0.017,1.2191
1786527456.702,69.900,ENGAGED,yaw 6/6 PULSEA +8°,14,1,12.444,6.005,-4.477,-0.049,0.045,-0.015,1.2218
1786527456.802,70.000,ENGAGED,yaw 6/6 PULSEA +8°,14,1,12.456,6.011,-4.480,-0.010,0.061,0.003,1.2299
1786527456.903,70.101,ENGAGED,yaw 6/6 PULSEB -8°,14,1,12.468,6.017,-4.478,-0.030,0.066,0.066,1.2629
1786527457.002,70.200,ENGAGED,yaw 6/6 PULSEB -8°,14,1,12.479,6.024,-4.471,-0.033,0.054,0.123,1.2828
1786527457.102,70.300,ENGAGED,yaw 6/6 PULSEB -8°,14,1,12.491,6.032,-4.457,-0.057,0.074,0.159,1.2237
1786527457.202,70.400,ENGAGED,yaw 6/6 PULSEB -8°,14,1,12.497,6.038,-4.443,-0.034,0.096,0.195,1.1873
1786527457.303,70.501,ENGAGED,yaw 6/6 RECOVER,14,1,12.503,6.043,-4.429,-0.106,0.042,0.189,1.1617
1786527457.402,70.600,ENGAGED,yaw 6/6 RECOVER,14,1,12.508,6.048,-4.414,-0.145,0.034,0.157,1.1379
1786527457.502,70.700,ENGAGED,yaw 6/6 RECOVER,14,1,12.513,6.052,-4.401,-0.135,0.012,0.159,1.1221
1786527457.602,70.800,ENGAGED,yaw 6/6 RECOVER,14,1,12.515,6.055,-4.389,-0.163,0.018,0.133,1.1118
1786527457.702,70.900,ENGAGED,yaw 6/6 RECOVER,14,1,12.515,6.059,-4.377,-0.111,0.014,0.134,1.1045
1786527457.802,71.000,ENGAGED,yaw 6/6 RECOVER,14,1,12.512,6.063,-4.369,-0.132,0.016,0.068,1.1089
1786527457.902,71.100,ENGAGED,yaw 6/6 RECOVER,14,1,12.509,6.065,-4.369,-0.149,0.001,0.001,1.1437
1786527458.002,71.200,ENGAGED,yaw 6/6 RECOVER,14,1,12.506,6.067,-4.376,-0.167,0.008,-0.061,1.1801
1786527458.102,71.300,ENGAGED,yaw 6/6 RECOVER,14,1,12.504,6.068,-4.387,-0.164,-0.004,-0.100,1.1995
1786527458.202,71.400,ENGAGED,yaw 6/6 RECOVER,14,1,12.501,6.071,-4.399,-0.115,0.017,-0.098,1.2135
1786527458.302,71.500,ENGAGED,yaw 6/6 RECOVER,14,1,12.494,6.073,-4.411,-0.147,0.023,-0.106,1.2191
1786527458.402,71.600,ENGAGED,yaw 6/6 RECOVER,14,1,12.487,6.074,-4.425,-0.099,0.030,-0.104,1.2203
1786527458.502,71.700,ENGAGED,yaw 6/6 RECOVER,14,1,12.480,6.073,-4.439,-0.098,-0.031,-0.101,1.2266
1786527458.602,71.800,ENGAGED,yaw 6/6 RECOVER,14,1,12.475,6.071,-4.451,-0.092,-0.024,-0.085,1.2316
1786527458.702,71.900,ENGAGED,yaw 6/6 RECOVER,14,1,12.468,6.068,-4.463,-0.079,0.037,-0.070,1.2324
1786527458.802,72.000,ENGAGED,yaw 6/6 RECOVER,14,1,12.458,6.068,-4.473,-0.116,-0.048,-0.073,1.2306
1786527458.902,72.100,ENGAGED,yaw 6/6 RECOVER,14,1,12.449,6.065,-4.482,-0.106,-0.030,-0.065,1.2242
1786527459.002,72.200,ENGAGED,yaw 6/6 RECOVER,14,1,12.443,6.062,-4.490,-0.075,-0.031,-0.058,1.2177
1786527459.102,72.300,ENGAGED,yaw 6/6 RECOVER,14,1,12.436,6.057,-4.497,-0.066,-0.025,-0.027,1.2140
1786527459.202,72.400,ENGAGED,yaw 6/6 RECOVER,14,1,12.429,6.049,-4.501,-0.068,-0.029,-0.006,1.2127
1786527459.302,72.500,ENGAGED,yaw 6/6 RECOVER,14,1,12.425,6.042,-4.503,-0.034,-0.039,0.008,1.2120
1786527459.402,72.600,ENGAGED,yaw 6/6 RECOVER,14,1,12.421,6.033,-4.504,-0.033,-0.036,0.015,1.2112
1786527459.502,72.700,ENGAGED,yaw 6/6 RECOVER,14,1,12.415,6.024,-4.503,-0.042,-0.067,0.019,1.2111
1786527459.602,72.800,ENGAGED,yaw 6/6 RECOVER,14,1,12.411,6.018,-4.502,-0.041,-0.052,0.026,1.2106
1786527459.702,72.900,ENGAGED,yaw 6/6 RECOVER,14,1,12.401,6.011,-4.501,-0.086,-0.075,0.029,1.2109
1786527459.802,73.000,ENGAGED,yaw 6/6 RECOVER,14,1,12.391,6.006,-4.500,-0.058,-0.056,0.022,1.2131
1786527459.902,73.100,ENGAGED,yaw 6/6 RECOVER,14,1,12.382,6.003,-4.498,-0.031,-0.017,0.027,1.2142
1786527460.002,73.200,ENGAGED,yaw 6/6 RECOVER,14,1,12.378,6.002,-4.496,-0.061,-0.025,0.041,1.2132
1786527460.102,73.300,ENGAGED,yaw 6/6 RECOVER,14,1,12.375,6.002,-4.494,-0.053,-0.038,0.024,1.2117
1786527460.202,73.400,ENGAGED,yaw 6/6 RECOVER,14,1,12.372,6.000,-4.492,-0.003,-0.019,0.028,1.2083
1786527460.304,73.501,DONE,DONE_HOLD,14,1,12.368,5.999,-4.491,-0.015,0.014,0.013,1.2043
1786527460.402,73.600,DONE,DONE_HOLD,14,1,12.365,5.998,-4.492,-0.004,0.005,0.019,1.2030
1786527460.502,73.700,DONE,DONE_HOLD,14,1,12.361,5.996,-4.492,0.005,-0.000,0.025,1.2040
1786527460.602,73.800,DONE,DONE_HOLD,14,1,12.357,5.994,-4.492,-0.006,0.009,0.038,1.2085
1786527460.702,73.900,DONE,DONE_HOLD,14,1,12.354,5.993,-4.490,-0.006,-0.011,0.031,1.2131
1786527460.802,74.000,DONE,DONE_HOLD,14,1,12.354,5.992,-4.490,0.030,0.025,0.020,1.2143
1786527460.902,74.100,DONE,DONE_HOLD,14,1,12.355,5.992,-4.491,0.013,0.029,0.019,1.2172
1786527461.002,74.200,DONE,DONE_HOLD,14,1,12.356,5.995,-4.492,0.008,0.034,0.014,1.2186
1786527461.102,74.300,DONE,DONE_HOLD,14,1,12.359,6.001,-4.493,0.042,0.058,0.018,1.2185
1786527461.202,74.400,DONE,DONE_HOLD,14,1,12.361,6.006,-4.494,0.021,0.033,0.005,1.2151
1786527461.302,74.500,DONE,DONE_HOLD,14,1,12.362,6.013,-4.496,0.037,0.027,0.010,1.2131
1786527461.402,74.600,DONE,DONE_HOLD,14,1,12.366,6.020,-4.497,0.053,0.058,0.019,1.2145
1786527461.502,74.700,DONE,DONE_HOLD,14,1,12.374,6.028,-4.497,0.052,0.014,0.027,1.2151
1786527461.602,74.800,DONE,DONE_HOLD,14,1,12.384,6.037,-4.496,0.061,0.052,0.039,1.2173
1786527461.702,74.900,DONE,DONE_HOLD,14,1,12.395,6.049,-4.495,0.073,0.089,0.059,1.2201
1786527461.802,75.000,DONE,DONE_HOLD,14,1,12.405,6.059,-4.492,0.076,0.082,0.057,1.2213
1786527461.902,75.100,DONE,DONE_HOLD,14,1,12.417,6.072,-4.490,0.095,0.083,0.037,1.2225
1786527462.002,75.200,DONE,DONE_HOLD,14,1,12.431,6.085,-4.491,0.157,0.088,0.032,1.2247
1786527462.102,75.300,DONE,DONE_HOLD,14,1,12.446,6.094,-4.491,0.131,0.066,0.018,1.2256
1786527462.202,75.400,DONE,DONE_HOLD,14,1,12.464,6.104,-4.493,0.103,0.055,0.007,1.2286
1786527462.302,75.500,DONE,DONE_HOLD,14,1,12.477,6.114,-4.496,0.096,0.105,-0.002,1.2315
1786527462.402,75.600,DONE,DONE_HOLD,14,1,12.489,6.121,-4.500,0.068,0.067,-0.004,1.2319
1786527462.502,75.700,DONE,DONE_HOLD,14,1,12.501,6.133,-4.504,0.046,0.062,-0.000,1.2308
1786527462.602,75.800,DONE,DONE_HOLD,14,1,12.508,6.143,-4.507,0.022,0.105,0.015,1.2306
1786527462.702,75.900,DONE,DONE_HOLD,14,1,12.513,6.152,-4.509,0.018,0.066,0.027,1.2309
1786527462.802,76.000,DONE,DONE_HOLD,14,1,12.515,6.157,-4.510,0.028,0.037,0.028,1.2298
1786527462.902,76.100,DONE,DONE_HOLD,14,1,12.514,6.160,-4.511,-0.016,0.024,0.023,1.2247
1786527463.002,76.200,DONE,DONE_HOLD,14,1,12.511,6.161,-4.514,-0.027,-0.013,0.005,1.2192
1786527463.102,76.300,DONE,DONE_HOLD,14,1,12.505,6.160,-4.518,-0.059,-0.059,-0.006,1.2096
1786527463.202,76.400,DONE,DONE_HOLD,14,1,12.497,6.156,-4.522,-0.067,-0.063,0.009,1.2010
1786527463.302,76.500,DONE,DONE_HOLD,14,1,12.486,6.148,-4.527,-0.085,-0.124,-0.014,1.1954
1786527463.402,76.600,DONE,DONE_HOLD,14,1,12.475,6.138,-4.531,-0.107,-0.118,-0.012,1.1946
1786527463.502,76.700,WAIT,DONE_HOLD,2,1,12.464,6.126,-4.534,-0.072,-0.132,-0.000,1.1937
1786527463.602,76.800,WAIT,DONE_HOLD,2,1,12.453,6.112,-4.538,-0.059,-0.109,-0.052,1.1897
1786527463.702,76.900,WAIT,DONE_HOLD,2,1,12.444,6.100,-4.547,-0.075,-0.131,-0.055,1.1788
1786527463.802,77.000,WAIT,DONE_HOLD,2,1,12.437,6.091,-4.554,-0.039,-0.053,-0.044,1.1711
1786527463.902,77.100,WAIT,DONE_HOLD,2,1,12.430,6.086,-4.560,-0.023,-0.035,-0.036,1.1655
1786527464.002,77.200,WAIT,DONE_HOLD,2,1,12.427,6.084,-4.566,-0.028,-0.003,-0.066,1.1644
1786527464.102,77.300,WAIT,DONE_HOLD,2,1,12.424,6.081,-4.574,-0.037,-0.063,-0.057,1.1655
1786527464.202,77.400,WAIT,DONE_HOLD,2,1,12.421,6.075,-4.581,-0.044,-0.060,-0.057,1.1703
1786527464.302,77.500,WAIT,DONE_HOLD,2,1,12.419,6.068,-4.589,-0.033,-0.077,-0.047,1.1779
1786527464.402,77.600,WAIT,DONE_HOLD,2,1,12.418,6.063,-4.595,-0.009,-0.026,-0.047,1.1833
1786527464.502,77.700,WAIT,DONE_HOLD,2,1,12.420,6.056,-4.601,0.002,-0.042,-0.038,1.1884
1786527464.602,77.800,WAIT,DONE_HOLD,2,1,12.422,6.047,-4.607,-0.047,-0.092,-0.035,1.1902
1786527464.702,77.900,WAIT,DONE_HOLD,2,1,12.425,6.035,-4.612,-0.031,-0.072,-0.025,1.1909
1786527464.802,78.000,WAIT,DONE_HOLD,2,1,12.427,6.026,-4.615,-0.006,-0.016,0.008,1.1941
1786527464.902,78.100,WAIT,DONE_HOLD,2,1,12.430,6.017,-4.616,-0.006,-0.035,0.007,1.1947
1786527465.002,78.200,WAIT,DONE_HOLD,2,1,12.434,6.011,-4.616,-0.005,-0.037,0.038,1.1963
1786527465.102,78.300,WAIT,DONE_HOLD,2,1,12.436,6.006,-4.615,0.045,0.056,0.029,1.1967
1786527465.202,78.400,WAIT,DONE_HOLD,2,1,12.440,6.003,-4.614,0.018,0.036,0.020,1.1938
1786527465.302,78.500,WAIT,DONE_HOLD,2,1,12.443,6.004,-4.614,-0.011,0.057,0.045,1.1922
1786527465.402,78.600,WAIT,DONE_HOLD,2,1,12.442,6.007,-4.611,-0.035,0.068,0.048,1.1916
1786527465.502,78.700,WAIT,DONE_HOLD,2,1,12.441,6.010,-4.608,-0.024,0.051,0.039,1.1926
1786527465.602,78.800,WAIT,DONE_HOLD,2,1,12.442,6.014,-4.600,0.037,0.066,0.138,1.1942
1786527465.702,78.900,WAIT,DONE_HOLD,2,1,12.445,6.017,-4.586,0.024,0.081,0.176,1.1981
1786527465.802,79.000,WAIT,DONE_HOLD,2,1,12.449,6.021,-4.568,0.021,0.075,0.266,1.1998
1786527465.902,79.100,WAIT,DONE_HOLD,2,1,12.451,6.022,-4.535,0.024,0.063,0.464,1.2001
1786527466.002,79.200,WAIT,DONE_HOLD,2,1,12.456,6.023,-4.467,0.030,0.060,0.762,1.2008
1786527466.102,79.300,WAIT,DONE_HOLD,2,1,12.459,6.025,-4.399,0.025,0.070,0.911,1.2042
1786527466.202,79.400,WAIT,DONE_HOLD,2,1,12.460,6.025,-4.307,0.039,0.051,0.973,1.2098
1786527466.302,79.500,WAIT,DONE_HOLD,2,1,12.461,6.027,-4.201,0.034,0.035,0.940,1.2177
1786527466.402,79.600,WAIT,DONE_HOLD,2,1,12.463,6.028,-4.123,0.006,-0.008,0.897,1.2198
1786527466.502,79.700,WAIT,DONE_HOLD,2,1,12.461,6.026,-4.028,0.024,0.005,0.875,1.2223
1786527466.602,79.800,WAIT,DONE_HOLD,2,1,12.465,6.030,-3.933,0.040,0.066,0.868,1.2308
1786527466.702,79.900,WAIT,DONE_HOLD,2,1,12.465,6.033,-3.859,0.005,0.079,0.863,1.2356
1786527466.802,80.000,WAIT,DONE_HOLD,2,1,12.463,6.037,-3.776,0.008,0.081,0.854,1.2363
1786527466.902,80.100,WAIT,DONE_HOLD,2,1,12.460,6.040,-3.685,0.021,0.100,0.843,1.2231
1786527467.002,80.200,WAIT,DONE_HOLD,2,1,12.459,6.041,-3.601,-0.014,0.081,0.842,1.2057
1786527467.102,80.300,WAIT,DONE_HOLD,2,1,12.455,6.041,-3.519,-0.020,0.064,0.850,1.1977
1786527467.202,80.400,WAIT,DONE_HOLD,2,1,12.445,6.042,-3.427,-0.054,0.078,0.838,1.1936
1786527467.302,80.500,WAIT,DONE_HOLD,2,1,12.435,6.047,-3.352,-0.081,0.078,0.836,1.1919
1786527467.402,80.600,WAIT,DONE_HOLD,2,1,12.422,6.053,-3.271,-0.065,0.055,0.828,1.1890
1786527467.502,80.700,WAIT,DONE_HOLD,2,1,12.408,6.055,-3.194,-0.072,0.071,0.849,1.1847
1786527467.602,80.800,WAIT,DONE_HOLD,2,1,12.392,6.053,-3.102,-0.059,0.019,0.860,1.1811
1786527467.702,80.900,WAIT,DONE_HOLD,2,1,12.375,6.048,-3.016,-0.063,0.032,0.854,1.1834
1786527467.802,81.000,WAIT,DONE_HOLD,2,1,12.354,6.041,-2.925,-0.106,-0.012,0.849,1.1880
1786527467.902,81.100,WAIT,DONE_HOLD,2,1,12.336,6.036,-2.842,-0.076,0.037,0.844,1.1941
1786527468.002,81.200,WAIT,DONE_HOLD,2,1,12.318,6.029,-2.760,-0.083,-0.017,0.758,1.1981
1786527468.102,81.300,WAIT,DONE_HOLD,2,1,12.302,6.025,-2.701,-0.055,0.055,0.591,1.1990
1786527468.202,81.400,WAIT,DONE_HOLD,2,1,12.281,6.021,-2.655,-0.067,0.045,0.275,1.1990
1786527468.302,81.500,WAIT,DONE_HOLD,2,1,12.266,6.020,-2.643,-0.038,0.032,0.042,1.1987
1786527468.402,81.600,WAIT,DONE_HOLD,2,1,12.250,6.021,-2.647,-0.009,0.050,-0.082,1.1982
1786527468.502,81.700,WAIT,DONE_HOLD,2,1,12.232,6.019,-2.657,0.001,0.033,-0.058,1.1991
1786527468.602,81.800,WAIT,DONE_HOLD,2,1,12.223,6.019,-2.661,0.028,0.049,-0.009,1.1980
1786527468.702,81.900,WAIT,DONE_HOLD,2,1,12.217,6.020,-2.661,0.068,0.065,0.049,1.1974
1786527468.802,82.000,WAIT,DONE_HOLD,2,1,12.216,6.020,-2.657,0.081,0.058,0.053,1.1962
1786527468.902,82.100,WAIT,DONE_HOLD,2,1,12.218,6.020,-2.654,0.067,0.015,0.065,1.1951
1786527469.002,82.200,WAIT,DONE_HOLD,2,1,12.222,6.021,-2.647,0.094,0.015,0.073,1.1943
1786527469.102,82.300,WAIT,DONE_HOLD,2,1,12.231,6.023,-2.641,0.140,0.053,0.067,1.1942
1786527469.202,82.400,WAIT,DONE_HOLD,2,1,12.242,6.026,-2.636,0.128,0.030,0.068,1.1943
1786527469.302,82.500,WAIT,DONE_HOLD,2,1,12.250,6.027,-2.631,0.075,0.017,0.065,1.1938
1786527469.402,82.600,WAIT,DONE_HOLD,2,1,12.252,6.023,-2.627,-0.058,-0.100,0.027,1.1960
1786527469.502,82.700,WAIT,DONE_HOLD,2,1,12.243,6.006,-2.627,-0.163,-0.248,0.014,1.1970
1786527469.602,82.800,WAIT,DONE_HOLD,2,1,12.223,5.968,-2.626,-0.260,-0.503,0.037,1.1950
1786527469.702,82.900,WAIT,DONE_HOLD,2,1,12.196,5.905,-2.623,-0.321,-0.716,0.046,1.1927
1786527469.802,83.000,WAIT,DONE_HOLD,2,1,12.156,5.814,-2.618,-0.362,-0.870,0.059,1.1869
1786527469.902,83.100,WAIT,DONE_HOLD,2,1,12.115,5.723,-2.614,-0.463,-1.051,0.066,1.1841
1786527470.002,83.200,WAIT,DONE_HOLD,2,1,12.068,5.622,-2.610,-0.452,-1.029,0.055,1.1856
1786527470.102,83.300,WAIT,DONE_HOLD,2,1,12.020,5.517,-2.607,-0.492,-1.150,0.055,1.1884
1786527470.202,83.400,WAIT,DONE_HOLD,2,1,11.974,5.415,-2.604,-0.483,-1.177,0.051,1.1904
1786527470.302,83.500,WAIT,DONE_HOLD,2,1,11.929,5.312,-2.602,-0.516,-1.202,0.047,1.1934
1786527470.402,83.600,WAIT,DONE_HOLD,2,1,11.888,5.220,-2.600,-0.479,-1.208,0.044,1.1963
1786527470.502,83.700,WAIT,DONE_HOLD,2,1,11.834,5.103,-2.598,-0.512,-1.227,0.043,1.2006
1786527470.602,83.800,WAIT,DONE_HOLD,2,1,11.780,4.979,-2.597,-0.506,-1.272,0.037,1.1988
1786527470.702,83.900,WAIT,DONE_HOLD,2,1,11.733,4.874,-2.596,-0.542,-1.295,0.042,1.1966
1786527470.802,84.000,WAIT,DONE_HOLD,2,1,11.670,4.730,-2.594,-0.536,-1.286,0.037,1.1925
1786527470.902,84.100,WAIT,DONE_HOLD,2,1,11.622,4.625,-2.592,-0.614,-1.445,0.068,1.1915
1786527471.002,84.200,WAIT,DONE_HOLD,2,1,11.561,4.492,-2.589,-0.583,-1.413,0.076,1.1929
1786527471.102,84.300,WAIT,DONE_HOLD,2,1,11.502,4.368,-2.587,-0.561,-1.320,0.061,1.1928
1786527471.202,84.400,WAIT,DONE_HOLD,2,1,11.448,4.256,-2.587,-0.487,-1.147,0.044,1.1918
1786527471.302,84.500,WAIT,DONE_HOLD,2,1,11.397,4.154,-2.589,-0.382,-0.878,0.035,1.1915
1786527471.402,84.600,WAIT,DONE_HOLD,2,1,11.363,4.092,-2.590,-0.308,-0.683,0.040,1.1907
1786527471.502,84.700,WAIT,DONE_HOLD,2,1,11.329,4.027,-2.589,-0.211,-0.474,0.060,1.1879
1786527471.602,84.800,WAIT,DONE_HOLD,2,1,11.311,3.995,-2.587,-0.165,-0.358,0.070,1.1857
1786527471.702,84.900,WAIT,DONE_HOLD,2,1,11.289,3.957,-2.582,-0.078,-0.175,0.066,1.1809
1786527471.802,85.000,WAIT,DONE_HOLD,2,1,11.272,3.932,-2.578,-0.052,-0.092,0.084,1.1809
1786527471.902,85.100,WAIT,DONE_HOLD,2,1,11.252,3.903,-2.574,-0.090,-0.069,0.072,1.1823
1786527472.002,85.200,WAIT,DONE_HOLD,2,1,11.237,3.884,-2.570,-0.043,0.018,0.070,1.1869
1786527472.102,85.300,WAIT,DONE_HOLD,2,1,11.222,3.865,-2.567,-0.044,0.007,0.054,1.1931
1786527472.202,85.400,WAIT,DONE_HOLD,2,1,11.206,3.843,-2.564,-0.064,-0.113,0.064,1.1959
1786527472.302,85.500,WAIT,DONE_HOLD,2,1,11.186,3.802,-2.563,-0.132,-0.232,0.055,1.1972
1786527472.402,85.600,WAIT,DONE_HOLD,2,1,11.162,3.749,-2.560,-0.235,-0.477,0.074,1.1982
1786527472.502,85.700,WAIT,DONE_HOLD,2,1,11.123,3.662,-2.555,-0.283,-0.635,0.088,1.1966
1786527472.602,85.800,WAIT,DONE_HOLD,2,1,11.088,3.581,-2.551,-0.298,-0.668,0.080,1.1943
1786527472.702,85.900,WAIT,DONE_HOLD,2,1,11.054,3.500,-2.549,-0.310,-0.717,0.060,1.1937
1786527472.802,86.000,WAIT,DONE_HOLD,2,1,11.011,3.406,-2.548,-0.290,-0.602,0.057,1.1947
1786527472.902,86.100,WAIT,DONE_HOLD,2,1,10.975,3.329,-2.548,-0.192,-0.423,0.034,1.1966
1786527473.002,86.200,WAIT,DONE_HOLD,2,1,10.954,3.289,-2.548,-0.135,-0.246,0.031,1.1997
1786527473.102,86.300,WAIT,DONE_HOLD,2,1,10.934,3.257,-2.546,-0.053,-0.054,0.072,1.2022
1786527473.202,86.400,WAIT,DONE_HOLD,2,1,10.919,3.235,-2.542,0.001,0.008,0.082,1.2029
1786527473.302,86.500,WAIT,DONE_HOLD,2,1,10.913,3.221,-2.538,-0.006,-0.011,0.100,1.2017
1786527473.402,86.600,WAIT,DONE_HOLD,2,1,10.903,3.197,-2.527,-0.035,-0.059,0.193,1.1952
1786527473.502,86.700,WAIT,DONE_HOLD,2,1,10.894,3.176,-2.507,-0.013,-0.042,0.355,1.1921
1786527473.602,86.800,WAIT,DONE_HOLD,2,1,10.886,3.153,-2.465,0.005,-0.034,0.577,1.1899
1786527473.702,86.900,WAIT,DONE_HOLD,2,1,10.877,3.130,-2.402,-0.011,-0.031,0.759,1.1843
1786527473.802,87.000,WAIT,DONE_HOLD,2,1,10.866,3.105,-2.315,0.024,-0.047,0.852,1.1809
1786527473.902,87.100,WAIT,DONE_HOLD,2,1,10.855,3.081,-2.233,0.037,-0.039,0.870,1.1799
1786527474.002,87.200,WAIT,DONE_HOLD,2,1,10.842,3.053,-2.153,0.005,-0.043,0.837,1.1829
1786527474.102,87.300,WAIT,DONE_HOLD,2,1,10.825,3.022,-2.066,-0.009,-0.046,0.828,1.1868
1786527474.202,87.400,WAIT,DONE_HOLD,2,1,10.815,3.000,-1.996,-0.056,-0.071,0.802,1.1895
1786527474.302,87.500,WAIT,DONE_HOLD,2,1,10.800,2.978,-1.920,-0.010,-0.033,0.776,1.1927
1786527474.402,87.600,WAIT,DONE_HOLD,2,1,10.787,2.962,-1.851,-0.024,-0.005,0.760,1.1950
1786527474.502,87.700,WAIT,DONE_HOLD,2,1,10.773,2.945,-1.772,-0.002,0.026,0.744,1.1944
1786527474.602,87.800,WAIT,DONE_HOLD,2,1,10.761,2.933,-1.695,0.051,0.073,0.752,1.1956
1786527474.702,87.900,WAIT,DONE_HOLD,2,1,10.751,2.924,-1.628,0.034,0.043,0.756,1.1978
1786527474.802,88.000,WAIT,DONE_HOLD,2,1,10.739,2.911,-1.554,0.066,0.112,0.754,1.2008
1786527474.902,88.100,WAIT,DONE_HOLD,2,1,10.725,2.904,-1.477,0.077,0.139,0.753,1.2021
1786527475.002,88.200,WAIT,DONE_HOLD,2,1,10.718,2.899,-1.406,0.090,0.149,0.743,1.2015
1786527475.102,88.300,WAIT,DONE_HOLD,2,1,10.719,2.897,-1.343,0.093,0.177,0.750,1.2004
1786527475.202,88.400,WAIT,DONE_HOLD,2,1,10.723,2.902,-1.266,0.113,0.183,0.753,1.1961
1786527475.302,88.500,WAIT,DONE_HOLD,2,1,10.728,2.912,-1.195,0.127,0.148,0.743,1.1945
1786527475.402,88.600,WAIT,DONE_HOLD,2,1,10.734,2.924,-1.128,0.129,0.199,0.759,1.1928
1786527475.502,88.700,WAIT,DONE_HOLD,2,1,10.741,2.940,-1.053,0.147,0.187,0.758,1.1910
1786527475.602,88.800,WAIT,DONE_HOLD,2,1,10.747,2.962,-0.968,0.156,0.247,0.770,1.1875
1786527475.702,88.900,WAIT,DONE_HOLD,2,1,10.754,2.983,-0.894,0.175,0.185,0.767,1.1867
1786527475.802,89.000,WAIT,DONE_HOLD,2,1,10.763,3.007,-0.825,0.136,0.208,0.765,1.1874
1786527475.902,89.100,WAIT,DONE_HOLD,2,1,10.771,3.034,-0.743,0.178,0.210,0.776,1.1878
1786527476.002,89.200,WAIT,DONE_HOLD,2,1,10.780,3.056,-0.670,0.182,0.232,0.776,1.1881
1786527476.102,89.300,WAIT,DONE_HOLD,2,1,10.788,3.079,-0.592,0.157,0.225,0.785,1.1865
1786527476.202,89.400,WAIT,DONE_HOLD,2,1,10.792,3.100,-0.517,0.183,0.229,0.810,1.1848
1786527476.302,89.500,WAIT,DONE_HOLD,2,1,10.795,3.120,-0.438,0.131,0.191,0.827,1.1832
1786527476.402,89.600,WAIT,DONE_HOLD,2,1,10.801,3.143,-0.351,0.116,0.149,0.827,1.1821
1786527476.502,89.700,WAIT,DONE_HOLD,2,1,10.807,3.164,-0.279,0.121,0.187,0.831,1.1814
1786527476.602,89.800,WAIT,DONE_HOLD,2,1,10.816,3.187,-0.195,0.104,0.166,0.821,1.1809
1786527476.702,89.900,WAIT,DONE_HOLD,2,1,10.823,3.210,-0.113,0.083,0.147,0.708,1.1793
1786527476.802,90.000,WAIT,DONE_HOLD,2,1,10.831,3.228,-0.058,0.093,0.129,0.520,1.1761
1786527476.902,90.100,WAIT,DONE_HOLD,2,1,10.844,3.243,-0.019,0.113,0.080,0.317,1.1779
1786527477.002,90.200,WAIT,DONE_HOLD,2,1,10.858,3.254,0.003,0.153,0.087,0.231,1.1795
1786527477.102,90.300,WAIT,DONE_HOLD,2,1,10.874,3.265,0.020,0.135,0.068,0.222,1.1865
1786527477.202,90.400,WAIT,DONE_HOLD,2,1,10.894,3.281,0.025,0.145,0.054,0.049,1.1961
1786527477.302,90.500,WAIT,DONE_HOLD,2,1,10.910,3.291,0.015,0.141,0.044,-0.066,1.2035
1786527477.402,90.600,WAIT,DONE_HOLD,2,1,10.930,3.301,0.003,0.154,-0.015,-0.054,1.2056
1786527477.502,90.700,WAIT,DONE_HOLD,2,1,10.948,3.309,-0.003,0.107,0.007,-0.010,1.2008
1786527477.602,90.800,WAIT,DONE_HOLD,2,1,10.969,3.317,-0.004,0.130,0.029,0.014,1.2015
1786527477.702,90.900,WAIT,DONE_HOLD,2,1,10.989,3.323,-0.002,0.112,-0.028,0.028,1.2027
1786527477.802,91.000,WAIT,DONE_HOLD,2,1,11.003,3.326,-0.103,0.085,-0.004,0.020,1.2015
1786527477.902,91.100,WAIT,DONE_HOLD,2,1,11.020,3.328,-0.113,0.082,-0.009,-0.001,1.1894
1786527478.002,91.200,WAIT,DONE_HOLD,2,1,11.033,3.327,-0.128,0.037,-0.074,-0.008,1.1808
1786527478.102,91.300,WAIT,DONE_HOLD,2,1,11.042,3.324,-0.140,0.018,-0.053,0.015,1.1831
1786527478.202,91.400,WAIT,DONE_HOLD,2,1,11.050,3.321,-0.149,0.054,-0.056,0.022,1.1866
1786527478.302,91.500,WAIT,DONE_HOLD,2,1,11.057,3.319,-0.155,0.040,-0.016,-0.009,1.1873
1786527478.402,91.600,WAIT,DONE_HOLD,2,1,11.062,3.317,-0.166,0.017,-0.044,-0.001,1.1906
1786527478.502,91.700,WAIT,DONE_HOLD,2,1,11.065,3.314,-0.173,-0.013,-0.047,0.008,1.2006
1786527478.602,91.800,WAIT,DONE_HOLD,2,1,11.067,3.312,-0.180,-0.037,-0.006,0.008,1.2143
1786527478.702,91.900,WAIT,DONE_HOLD,2,1,11.067,3.310,-0.188,-0.023,-0.036,-0.001,1.2295
1786527478.802,92.000,WAIT,DONE_HOLD,2,1,11.066,3.308,-0.196,-0.048,-0.014,-0.003,1.2336
1786527478.902,92.100,WAIT,DONE_HOLD,2,1,11.065,3.307,-0.203,-0.051,-0.038,-0.002,1.2340
1786527479.002,92.200,WAIT,DONE_HOLD,2,1,11.062,3.305,-0.208,-0.068,-0.002,0.040,1.2328
1786527479.102,92.300,WAIT,DONE_HOLD,2,1,11.060,3.303,-0.207,-0.048,-0.014,0.075,1.2294
1786527479.202,92.400,WAIT,DONE_HOLD,2,1,11.060,3.309,-0.214,-0.034,0.063,-0.001,1.2273
1786527479.302,92.500,WAIT,DONE_HOLD,2,1,11.058,3.314,-0.220,-0.043,0.067,-0.017,1.2276
1786527479.402,92.600,WAIT,DONE_HOLD,2,1,11.055,3.319,-0.228,-0.060,0.073,-0.020,1.2275
1786527479.502,92.700,WAIT,DONE_HOLD,2,1,11.055,3.309,-0.233,-0.068,0.066,-0.023,1.2278
1786527479.602,92.800,WAIT,DONE_HOLD,2,1,11.057,3.300,-0.237,-0.072,0.063,-0.026,1.2274
1786527479.702,92.900,WAIT,DONE_HOLD,2,1,11.059,3.293,-0.240,-0.073,0.056,-0.028,1.2271
1786527479.802,93.000,WAIT,DONE_HOLD,2,1,11.058,3.289,-0.243,-0.078,0.060,-0.034,1.2270
1786527479.902,93.100,WAIT,DONE_HOLD,2,1,11.057,3.285,-0.246,-0.082,0.057,-0.034,1.2269
1786527480.002,93.200,WAIT,DONE_HOLD,2,1,11.055,3.284,-0.248,-0.087,0.058,-0.037,1.2268
1786527480.102,93.300,WAIT,DONE_HOLD,2,1,11.052,3.283,-0.248,-0.088,0.061,-0.038,1.2269
1786527480.202,93.400,WAIT,DONE_HOLD,2,1,11.049,3.284,-0.248,-0.092,0.064,-0.042,1.2269
1786527480.302,93.500,WAIT,DONE_HOLD,2,1,11.046,3.286,-0.248,-0.091,0.063,-0.043,1.2270
1786527480.402,93.600,WAIT,DONE_HOLD,2,1,11.044,3.288,-0.133,-0.092,0.063,-0.044,1.2271
1786527480.502,93.700,WAIT,DONE_HOLD,2,1,11.050,3.283,-0.125,-0.075,0.047,-0.045,1.2272
1786527480.602,93.800,WAIT,DONE_HOLD,2,1,11.060,3.277,-0.110,-0.060,0.034,-0.047,1.2272
1786527480.702,93.900,WAIT,DONE_HOLD,2,1,11.066,3.272,-0.101,-0.051,0.025,-0.050,1.2273
1786527480.802,94.000,WAIT,DONE_HOLD,2,1,11.073,3.267,-0.094,-0.043,0.019,-0.053,1.2274
1786527480.902,94.100,WAIT,DONE_HOLD,2,1,11.078,3.263,-0.089,-0.036,0.012,-0.056,1.2275
1786527481.002,94.200,WAIT,DONE_HOLD,2,1,11.084,3.260,-0.085,-0.030,0.008,-0.059,1.2277
1786527481.102,94.300,WAIT,DONE_HOLD,2,1,11.087,3.257,-0.084,-0.025,0.005,-0.060,1.2278
1786527481.202,94.400,WAIT,DONE_HOLD,2,1,11.091,3.255,-0.082,-0.021,0.003,-0.062,1.2280
1786527481.302,94.500,WAIT,DONE_HOLD,2,1,11.094,3.253,-0.081,-0.019,0.004,-0.062,1.2282
1786527481.402,94.600,WAIT,DONE_HOLD,2,1,11.097,3.252,-0.078,-0.016,0.003,-0.062,1.2286
1786527481.502,94.700,WAIT,DONE_HOLD,2,1,11.099,3.251,-0.077,-0.014,0.002,-0.061,1.2287
1786527481.602,94.800,WAIT,DONE_HOLD,2,1,11.101,3.251,-0.074,-0.011,0.000,-0.059,1.2290
1786527481.702,94.900,WAIT,DONE_HOLD,2,1,11.103,3.251,-0.073,-0.011,0.001,-0.058,1.2292
1786527481.802,95.000,WAIT,DONE_HOLD,2,1,11.105,3.250,-0.070,-0.008,-0.001,-0.055,1.2293
1786527481.902,95.100,WAIT,DONE_HOLD,2,1,11.107,3.250,-0.068,-0.008,-0.001,-0.052,1.2294
1786527482.002,95.200,WAIT,DONE_HOLD,2,1,11.109,3.250,-0.063,-0.006,-0.000,-0.048,1.2295
1786527482.102,95.300,WAIT,DONE_HOLD,2,1,11.111,3.250,-0.059,-0.003,-0.003,-0.046,1.2297
1786527482.202,95.400,WAIT,DONE_HOLD,2,0,11.112,3.250,-0.055,-0.002,-0.003,-0.042,1.2298
1786527482.302,95.500,WAIT,DONE_HOLD,2,0,11.113,3.249,-0.051,-0.003,-0.005,-0.039,1.2298
1786527482.402,95.600,WAIT,DONE_HOLD,2,0,11.115,3.249,-0.046,-0.002,-0.006,-0.035,1.2298
1786527482.502,95.700,WAIT,DONE_HOLD,2,0,11.116,3.248,-0.041,-0.001,0.002,-0.032,1.2299
1786527482.602,95.800,WAIT,DONE_HOLD,2,0,11.117,3.248,-0.036,0.001,0.013,-0.032,1.2296
1786527482.702,95.900,WAIT,DONE_HOLD,2,0,11.117,3.250,-0.035,-0.006,0.021,-0.159,1.2354
1786527482.802,96.000,WAIT,DONE_HOLD,2,0,11.114,3.246,-0.059,-0.104,-0.167,-0.541,1.2631
1786527482.902,96.100,WAIT,DONE_HOLD,2,0,11.101,3.207,-0.139,-0.154,-0.587,-1.062,1.2934
1786527483.002,96.200,WAIT,DONE_HOLD,2,0,11.086,3.140,-0.243,-0.236,-0.871,-1.242,1.3362
1786527483.102,96.300,WAIT,DONE_HOLD,2,0,11.052,3.043,-0.359,-0.476,-1.155,-1.169,1.4334
1786527483.202,96.400,WAIT,DONE_HOLD,2,0,10.993,2.916,-0.467,-0.695,-1.409,-1.019,1.5792
1786527483.302,96.500,WAIT,DONE_HOLD,2,0,10.923,2.774,-0.566,-0.692,-1.517,-0.920,1.7651
1786527483.402,96.600,WAIT,DONE_HOLD,2,0,10.859,2.623,-0.660,-0.610,-1.544,-0.768,1.9117
1786527483.502,96.700,WAIT,DONE_HOLD,2,0,10.795,2.456,-0.757,-0.541,-1.406,-0.625,2.0615
1786527483.602,96.800,WAIT,DONE_HOLD,2,0,10.753,2.345,-0.819,-0.505,-1.303,-0.446,2.1872
1786527483.702,96.900,WAIT,DONE_HOLD,2,0,10.708,2.220,-0.868,-0.478,-1.166,-0.271,2.3632
1786527483.802,97.000,WAIT,DONE_HOLD,2,0,10.673,2.135,-0.891,-0.510,-1.033,-0.158,2.4944
1786527483.902,97.100,WAIT,DONE_HOLD,2,0,10.624,2.041,-0.903,-0.584,-0.914,-0.084,2.6206
1786527484.002,97.200,WAIT,DONE_HOLD,2,0,10.580,1.975,-0.904,-0.654,-0.835,-0.107,2.7056
