t_wall,t_seq,state,stage,nav_state,armed,x,y,z,vx,vy,vz,heading
1786528214.098,0.000,WAIT,idle,-1,0,7.032,6.612,-3.828,-0.005,-0.180,0.029,0.7365
1786528214.197,0.000,WAIT,idle,2,1,7.036,6.601,-3.828,-0.060,-0.203,0.029,0.7401
1786528214.297,0.000,WAIT,idle,2,1,7.042,6.586,-3.828,-0.062,-0.222,0.029,0.7438
1786528214.397,0.000,WAIT,idle,2,1,7.044,6.570,-3.829,-0.029,-0.147,0.047,0.7446
1786528214.497,0.000,WAIT,idle,2,1,7.042,6.561,-3.829,-0.105,-0.207,0.037,0.7451
1786528214.597,0.000,WAIT,idle,2,1,7.041,6.546,-3.829,-0.056,-0.158,0.045,0.7438
1786528214.697,0.000,WAIT,idle,2,1,7.040,6.534,-3.828,-0.095,-0.183,0.043,0.7379
1786528214.797,0.000,WAIT,idle,2,1,7.038,6.523,-3.828,-0.094,-0.177,0.050,0.7305
1786528214.897,0.000,WAIT,idle,2,1,7.034,6.511,-3.826,-0.128,-0.183,0.048,0.7310
1786528214.997,0.000,WAIT,idle,2,1,7.033,6.501,-3.825,-0.142,-0.195,0.055,0.7353
1786528215.097,0.000,WAIT,idle,2,1,7.031,6.490,-3.824,-0.135,-0.187,0.014,0.7357
1786528215.197,0.000,WAIT,idle,2,1,7.027,6.477,-3.836,-0.130,-0.172,-0.162,0.7314
1786528215.297,0.000,WAIT,idle,2,1,7.020,6.464,-3.864,-0.141,-0.175,-0.314,0.7290
1786528215.397,0.000,WAIT,idle,2,1,7.010,6.450,-3.904,-0.134,-0.167,-0.391,0.7285
1786528215.497,0.000,WAIT,idle,2,1,7.002,6.436,-3.947,-0.125,-0.163,-0.390,0.7296
1786528215.597,0.000,WAIT,idle,2,1,6.996,6.422,-3.986,-0.148,-0.132,-0.329,0.7284
1786528215.697,0.000,WAIT,idle,2,1,6.987,6.408,-4.022,-0.129,-0.154,-0.252,0.7263
1786528215.798,0.000,WAIT,idle,2,1,6.982,6.396,-4.047,-0.114,-0.147,-0.192,0.7246
1786528215.897,0.000,WAIT,idle,2,1,6.980,6.382,-4.066,-0.132,-0.158,-0.182,0.7252
1786528215.997,0.000,WAIT,idle,2,1,6.978,6.370,-4.084,-0.096,-0.147,-0.189,0.7325
1786528216.097,0.000,WAIT,idle,2,1,6.978,6.354,-4.112,-0.081,-0.162,-0.223,0.7350
1786528216.197,0.000,WAIT,idle,2,1,6.979,6.339,-4.139,-0.111,-0.159,-0.251,0.7375
1786528216.297,0.000,WAIT,idle,2,1,6.976,6.324,-4.163,-0.102,-0.139,-0.254,0.7414
1786528216.397,0.000,WAIT,idle,2,1,6.972,6.310,-4.192,-0.126,-0.139,-0.232,0.7438
1786528216.497,0.000,WAIT,idle,2,1,6.971,6.300,-4.212,-0.091,-0.146,-0.171,0.7388
1786528216.597,0.000,WAIT,idle,2,1,6.969,6.287,-4.229,-0.127,-0.123,-0.100,0.7338
1786528216.697,0.000,WAIT,idle,2,1,6.966,6.276,-4.239,-0.092,-0.132,-0.095,0.7328
1786528216.797,0.000,WAIT,idle,2,1,6.963,6.263,-4.251,-0.105,-0.129,-0.118,0.7338
1786528216.897,0.000,WAIT,idle,2,1,6.960,6.250,-4.264,-0.143,-0.132,-0.081,0.7320
1786528216.997,0.000,WAIT,idle,2,1,6.952,6.237,-4.268,-0.137,-0.116,0.024,0.7321
1786528217.097,0.000,WAIT,idle,2,1,6.948,6.223,-4.266,-0.096,-0.125,0.031,0.7287
1786528217.197,0.000,WAIT,idle,2,1,6.943,6.208,-4.265,-0.153,-0.110,0.020,0.7271
1786528217.297,0.000,WAIT,idle,2,1,6.934,6.197,-4.264,-0.146,-0.098,0.022,0.7239
1786528217.397,0.000,WAIT,idle,2,1,6.926,6.183,-4.262,-0.156,-0.094,0.036,0.7171
1786528217.498,0.000,WAIT,idle,2,1,6.918,6.170,-4.257,-0.137,-0.078,0.066,0.7131
1786528217.597,0.000,WAIT,idle,2,1,6.909,6.158,-4.249,-0.131,-0.095,0.085,0.7142
1786528217.697,0.000,WAIT,idle,2,1,6.902,6.145,-4.241,-0.101,-0.039,0.091,0.7184
1786528217.797,0.000,WAIT,idle,2,1,6.894,6.136,-4.235,-0.109,-0.013,0.079,0.7211
1786528217.897,0.000,WAIT,idle,2,1,6.885,6.127,-4.229,-0.093,-0.005,0.068,0.7222
1786528217.997,0.000,WAIT,idle,2,1,6.878,6.117,-4.223,-0.092,-0.016,0.043,0.7233
1786528218.097,0.000,WAIT,idle,2,1,6.869,6.107,-4.219,-0.100,0.013,0.039,0.7245
1786528218.197,0.000,WAIT,idle,2,1,6.861,6.102,-4.216,-0.119,0.045,0.028,0.7252
1786528218.297,0.000,WAIT,idle,2,1,6.851,6.100,-4.214,-0.088,0.059,0.038,0.7240
1786528218.397,0.000,WAIT,idle,2,1,6.843,6.099,-4.210,-0.098,0.075,0.032,0.7227
1786528218.497,0.000,WAIT,idle,2,1,6.838,6.099,-4.207,-0.068,0.088,0.037,0.7224
1786528218.597,0.000,WAIT,idle,2,1,6.833,6.099,-4.203,-0.040,0.090,0.043,0.7242
1786528218.697,0.000,WAIT,idle,2,1,6.828,6.100,-4.200,-0.073,0.097,0.022,0.7247
1786528218.797,0.000,WAIT,idle,2,1,6.822,6.104,-4.199,-0.027,0.123,0.010,0.7206
1786528218.897,0.000,WAIT,idle,2,1,6.813,6.110,-4.199,-0.097,0.102,0.002,0.7179
1786528218.997,0.000,WAIT,idle,2,1,6.805,6.116,-4.198,-0.062,0.113,0.014,0.7194
1786528219.097,0.000,WAIT,idle,2,1,6.796,6.123,-4.197,-0.115,0.106,0.016,0.7203
1786528219.198,0.001,ENGAGED,idle,14,1,6.787,6.131,-4.195,-0.063,0.127,0.032,0.7215
1786528219.298,0.101,ENGAGED,SETTLE 0/4s,14,1,6.779,6.137,-4.192,-0.083,0.115,0.026,0.7230
1786528219.398,0.200,ENGAGED,SETTLE 0/4s,14,1,6.771,6.141,-4.189,-0.099,0.117,0.048,0.7226
1786528219.498,0.300,ENGAGED,SETTLE 0/4s,14,1,6.762,6.145,-4.184,-0.069,0.088,0.057,0.7219
1786528219.598,0.400,ENGAGED,SETTLE 0/4s,14,1,6.755,6.149,-4.179,-0.052,0.046,0.051,0.7220
1786528219.698,0.500,ENGAGED,SETTLE 0/4s,14,1,6.748,6.150,-4.176,-0.066,0.038,0.046,0.7219
1786528219.799,0.601,ENGAGED,SETTLE 1/4s,14,1,6.741,6.150,-4.171,-0.053,0.045,0.047,0.7216
1786528219.898,0.700,ENGAGED,SETTLE 1/4s,14,1,6.735,6.149,-4.167,-0.032,0.029,0.044,0.7203
1786528219.998,0.800,ENGAGED,SETTLE 1/4s,14,1,6.728,6.147,-4.164,-0.052,0.012,0.023,0.7208
1786528220.098,0.900,ENGAGED,SETTLE 1/4s,14,1,6.724,6.146,-4.162,-0.076,-0.019,0.019,0.7209
1786528220.198,1.000,ENGAGED,SETTLE 1/4s,14,1,6.721,6.146,-4.160,-0.071,0.007,0.030,0.7231
1786528220.298,1.100,ENGAGED,SETTLE 1/4s,14,1,6.715,6.146,-4.157,-0.027,0.007,0.028,0.7221
1786528220.398,1.200,ENGAGED,SETTLE 1/4s,14,1,6.710,6.142,-4.155,-0.017,0.011,0.038,0.7203
1786528220.498,1.300,ENGAGED,SETTLE 1/4s,14,1,6.704,6.138,-4.152,-0.029,-0.001,0.036,0.7188
1786528220.598,1.400,ENGAGED,SETTLE 1/4s,14,1,6.700,6.132,-4.150,-0.055,-0.017,0.009,0.7176
1786528220.698,1.500,ENGAGED,SETTLE 1/4s,14,1,6.699,6.125,-4.150,-0.040,-0.030,-0.011,0.7197
1786528220.798,1.601,ENGAGED,SETTLE 2/4s,14,1,6.701,6.119,-4.151,-0.034,-0.024,-0.020,0.7211
1786528220.898,1.700,ENGAGED,SETTLE 2/4s,14,1,6.704,6.115,-4.152,0.013,-0.017,-0.018,0.7238
1786528220.998,1.800,ENGAGED,SETTLE 2/4s,14,1,6.708,6.109,-4.153,0.033,0.012,-0.016,0.7231
1786528221.098,1.900,ENGAGED,SETTLE 2/4s,14,1,6.713,6.105,-4.154,0.073,0.025,-0.002,0.7231
1786528221.198,2.000,ENGAGED,SETTLE 2/4s,14,1,6.721,6.104,-4.155,0.090,0.053,-0.018,0.7246
1786528221.298,2.100,ENGAGED,SETTLE 2/4s,14,1,6.733,6.103,-4.159,0.093,0.044,-0.063,0.7290
1786528221.398,2.200,ENGAGED,SETTLE 2/4s,14,1,6.746,6.104,-4.165,0.132,0.059,-0.070,0.7317
1786528221.498,2.300,ENGAGED,SETTLE 2/4s,14,1,6.761,6.105,-4.173,0.126,0.079,-0.090,0.7321
1786528221.598,2.400,ENGAGED,SETTLE 2/4s,14,1,6.776,6.111,-4.184,0.132,0.076,-0.093,0.7368
1786528221.698,2.500,ENGAGED,SETTLE 2/4s,14,1,6.787,6.114,-4.193,0.064,0.071,-0.106,0.7334
1786528221.799,2.601,ENGAGED,SETTLE 3/4s,14,1,6.800,6.120,-4.204,0.064,0.071,-0.079,0.7304
1786528221.898,2.700,ENGAGED,SETTLE 3/4s,14,1,6.814,6.125,-4.211,0.111,0.082,-0.028,0.7266
1786528221.998,2.800,ENGAGED,SETTLE 3/4s,14,1,6.824,6.132,-4.213,0.101,0.083,0.007,0.7213
1786528222.098,2.900,ENGAGED,SETTLE 3/4s,14,1,6.834,6.138,-4.213,0.070,0.085,0.022,0.7178
1786528222.198,3.000,ENGAGED,SETTLE 3/4s,14,1,6.841,6.148,-4.210,0.038,0.092,0.051,0.7180
1786528222.298,3.100,ENGAGED,SETTLE 3/4s,14,1,6.848,6.158,-4.207,0.087,0.081,0.058,0.7165
1786528222.398,3.200,ENGAGED,SETTLE 3/4s,14,1,6.855,6.169,-4.203,0.018,0.065,0.041,0.7196
1786528222.498,3.300,ENGAGED,SETTLE 3/4s,14,1,6.862,6.180,-4.201,0.086,0.099,0.033,0.7233
1786528222.598,3.400,ENGAGED,SETTLE 3/4s,14,1,6.871,6.191,-4.201,0.041,0.075,0.021,0.7259
1786528222.698,3.500,ENGAGED,SETTLE 3/4s,14,1,6.881,6.201,-4.202,0.073,0.045,-0.001,0.7289
1786528222.799,3.601,ENGAGED,SETTLE 4/4s,14,1,6.889,6.208,-4.204,0.078,0.053,-0.007,0.7332
1786528222.898,3.700,ENGAGED,SETTLE 4/4s,14,1,6.892,6.214,-4.208,0.030,0.027,-0.023,0.7363
1786528222.998,3.800,ENGAGED,SETTLE 4/4s,14,1,6.892,6.217,-4.211,0.007,0.026,-0.017,0.7347
1786528223.098,3.900,ENGAGED,SETTLE 4/4s,14,1,6.892,6.219,-4.215,0.004,0.024,-0.015,0.7286
1786528223.198,4.000,ENGAGED,SETTLE 4/4s,14,1,6.891,6.221,-4.218,-0.013,-0.003,-0.008,0.7250
1786528223.298,4.101,ENGAGED,1/12 fwd+1 CRUISE 0/4s,14,1,6.891,6.219,-4.220,-0.041,0.008,0.012,0.7230
1786528223.398,4.200,ENGAGED,1/12 fwd+1 CRUISE 0/4s,14,1,6.882,6.216,-4.221,-0.127,-0.077,-0.005,0.7197
1786528223.498,4.300,ENGAGED,1/12 fwd+1 CRUISE 0/4s,14,1,6.879,6.216,-4.227,0.116,0.117,-0.067,0.7160
1786528223.598,4.400,ENGAGED,1/12 fwd+1 CRUISE 0/4s,14,1,6.901,6.237,-4.235,0.315,0.321,-0.047,0.7153
1786528223.698,4.500,ENGAGED,1/12 fwd+1 CRUISE 0/4s,14,1,6.940,6.271,-4.238,0.507,0.447,-0.022,0.7154
1786528223.798,4.601,ENGAGED,1/12 fwd+1 CRUISE 1/4s,14,1,6.996,6.320,-4.239,0.680,0.614,-0.007,0.7192
1786528223.898,4.700,ENGAGED,1/12 fwd+1 CRUISE 1/4s,14,1,7.063,6.381,-4.238,0.819,0.745,0.009,0.7213
1786528223.998,4.800,ENGAGED,1/12 fwd+1 CRUISE 1/4s,14,1,7.141,6.463,-4.235,0.946,0.840,0.025,0.7213
1786528224.097,4.900,ENGAGED,1/12 fwd+1 CRUISE 1/4s,14,1,7.218,6.544,-4.232,1.054,0.950,0.049,0.7213
1786528224.198,5.000,ENGAGED,1/12 fwd+1 CRUISE 1/4s,14,1,7.301,6.625,-4.229,1.092,0.974,0.042,0.7226
1786528224.298,5.100,ENGAGED,1/12 fwd+1 CRUISE 1/4s,14,1,7.402,6.740,-4.224,1.131,1.068,0.055,0.7210
1786528224.398,5.200,ENGAGED,1/12 fwd+1 CRUISE 1/4s,14,1,7.485,6.845,-4.219,1.190,1.134,0.062,0.7218
1786528224.498,5.300,ENGAGED,1/12 fwd+1 CRUISE 1/4s,14,1,7.575,6.962,-4.214,1.241,1.173,0.064,0.7223
1786528224.598,5.400,ENGAGED,1/12 fwd+1 CRUISE 1/4s,14,1,7.667,7.079,-4.210,1.296,1.192,0.080,0.7241
1786528224.698,5.500,ENGAGED,1/12 fwd+1 CRUISE 1/4s,14,1,7.759,7.201,-4.207,1.283,1.235,0.057,0.7302
1786528224.798,5.601,ENGAGED,1/12 fwd+1 CRUISE 2/4s,14,1,7.865,7.336,-4.204,1.361,1.237,0.070,0.7331
1786528224.898,5.700,ENGAGED,1/12 fwd+1 CRUISE 2/4s,14,1,7.966,7.474,-4.201,1.355,1.279,0.054,0.7352
1786528224.998,5.800,ENGAGED,1/12 fwd+1 CRUISE 2/4s,14,1,8.064,7.608,-4.198,1.403,1.302,0.054,0.7351
1786528225.098,5.900,ENGAGED,1/12 fwd+1 CRUISE 2/4s,14,1,8.177,7.752,-4.198,1.432,1.294,0.005,0.7377
1786528225.198,6.000,ENGAGED,1/12 fwd+1 CRUISE 2/4s,14,1,8.290,7.883,-4.200,1.457,1.297,0.001,0.7395
1786528225.298,6.100,ENGAGED,1/12 fwd+1 CRUISE 2/4s,14,1,8.388,8.003,-4.202,1.410,1.300,-0.022,0.7415
1786528225.398,6.200,ENGAGED,1/12 fwd+1 CRUISE 2/4s,14,1,8.516,8.169,-4.203,1.459,1.301,-0.005,0.7425
1786528225.498,6.300,ENGAGED,1/12 fwd+1 CRUISE 2/4s,14,1,8.629,8.316,-4.204,1.438,1.307,-0.015,0.7437
1786528225.598,6.400,ENGAGED,1/12 fwd+1 CRUISE 2/4s,14,1,8.747,8.458,-4.205,1.442,1.296,-0.023,0.7453
1786528225.698,6.500,ENGAGED,1/12 fwd+1 CRUISE 2/4s,14,1,8.885,8.625,-4.207,1.494,1.293,-0.011,0.7439
1786528225.798,6.601,ENGAGED,1/12 fwd+1 CRUISE 3/4s,14,1,9.003,8.773,-4.208,1.467,1.307,-0.028,0.7449
1786528225.897,6.700,ENGAGED,1/12 fwd+1 CRUISE 3/4s,14,1,9.144,8.944,-4.210,1.519,1.333,-0.025,0.7453
1786528225.998,6.800,ENGAGED,1/12 fwd+1 CRUISE 3/4s,14,1,9.303,9.135,-4.213,1.493,1.351,-0.028,0.7439
1786528226.098,6.900,ENGAGED,1/12 fwd+1 CRUISE 3/4s,14,1,9.440,9.297,-4.215,1.543,1.371,-0.021,0.7414
1786528226.198,7.000,ENGAGED,1/12 fwd+1 CRUISE 3/4s,14,1,9.577,9.444,-4.218,1.495,1.341,-0.032,0.7377
1786528226.298,7.100,ENGAGED,1/12 fwd+1 CRUISE 3/4s,14,1,9.717,9.592,-4.220,1.548,1.337,-0.026,0.7359
1786528226.398,7.200,ENGAGED,1/12 fwd+1 CRUISE 3/4s,14,1,9.852,9.737,-4.222,1.558,1.351,-0.020,0.7376
1786528226.498,7.300,ENGAGED,1/12 fwd+1 CRUISE 3/4s,14,1,10.016,9.910,-4.223,1.586,1.350,-0.006,0.7363
1786528226.598,7.400,ENGAGED,1/12 fwd+1 CRUISE 3/4s,14,1,10.153,10.047,-4.224,1.587,1.349,-0.013,0.7388
1786528226.698,7.500,ENGAGED,1/12 fwd+1 CRUISE 3/4s,14,1,10.320,10.209,-4.225,1.637,1.344,-0.016,0.7430
1786528226.798,7.601,ENGAGED,1/12 fwd+1 CRUISE 4/4s,14,1,10.496,10.371,-4.227,1.616,1.341,-0.034,0.7442
1786528226.898,7.700,ENGAGED,1/12 fwd+1 CRUISE 4/4s,14,1,10.664,10.530,-4.229,1.598,1.347,-0.043,0.7440
1786528226.998,7.800,ENGAGED,1/12 fwd+1 CRUISE 4/4s,14,1,10.824,10.685,-4.231,1.596,1.378,-0.037,0.7429
1786528227.098,7.900,ENGAGED,1/12 fwd+1 CRUISE 4/4s,14,1,11.012,10.868,-4.232,1.646,1.375,-0.034,0.7412
1786528227.198,8.000,ENGAGED,1/12 fwd+1 CRUISE 4/4s,14,1,11.184,11.028,-4.233,1.636,1.360,-0.034,0.7391
1786528227.298,8.101,ENGAGED,1/12 fwd+1 PAUSE,14,1,11.372,11.199,-4.234,1.672,1.354,-0.029,0.7368
1786528227.398,8.200,ENGAGED,1/12 fwd+1 PAUSE,14,1,11.545,11.352,-4.235,1.770,1.395,-0.072,0.7375
1786528227.498,8.300,ENGAGED,1/12 fwd+1 PAUSE,14,1,11.721,11.500,-4.241,1.581,1.229,-0.081,0.7420
1786528227.598,8.400,ENGAGED,1/12 fwd+1 PAUSE,14,1,11.874,11.632,-4.245,1.357,1.052,-0.042,0.7431
1786528227.698,8.500,ENGAGED,1/12 fwd+1 PAUSE,14,1,11.992,11.733,-4.246,1.148,0.896,-0.035,0.7392
1786528227.798,8.600,ENGAGED,1/12 fwd+1 PAUSE,14,1,12.137,11.854,-4.248,1.001,0.746,-0.042,0.7313
1786528227.898,8.700,ENGAGED,1/12 fwd+1 PAUSE,14,1,12.258,11.953,-4.249,0.913,0.605,-0.054,0.7314
1786528227.998,8.800,ENGAGED,1/12 fwd+1 PAUSE,14,1,12.373,12.044,-4.251,0.782,0.525,-0.064,0.7339
1786528228.098,8.900,ENGAGED,1/12 fwd+1 PAUSE,14,1,12.466,12.106,-4.253,0.716,0.412,-0.049,0.7375
1786528228.198,9.000,ENGAGED,1/12 fwd+1 PAUSE,14,1,12.568,12.167,-4.255,0.615,0.325,-0.053,0.7368
1786528228.298,9.100,ENGAGED,1/12 fwd+1 PAUSE,14,1,12.655,12.221,-4.256,0.559,0.302,-0.027,0.7371
1786528228.398,9.200,ENGAGED,1/12 fwd+1 PAUSE,14,1,12.748,12.274,-4.255,0.506,0.279,-0.024,0.7352
1786528228.498,9.300,ENGAGED,1/12 fwd+1 PAUSE,14,1,12.831,12.323,-4.254,0.428,0.221,-0.030,0.7350
1786528228.598,9.400,ENGAGED,1/12 fwd+1 PAUSE,14,1,12.937,12.382,-4.253,0.429,0.233,-0.009,0.7338
1786528228.698,9.500,ENGAGED,1/12 fwd+1 PAUSE,14,1,13.027,12.435,-4.250,0.377,0.224,0.011,0.7340
1786528228.798,9.600,ENGAGED,1/12 fwd+1 PAUSE,14,1,13.110,12.483,-4.245,0.367,0.207,0.023,0.7333
1786528228.898,9.700,ENGAGED,1/12 fwd+1 PAUSE,14,1,13.192,12.532,-4.238,0.338,0.221,0.030,0.7341
1786528228.998,9.800,ENGAGED,1/12 fwd+1 PAUSE,14,1,13.267,12.577,-4.233,0.289,0.201,0.015,0.7377
1786528229.098,9.900,ENGAGED,1/12 fwd+1 PAUSE,14,1,13.338,12.620,-4.228,0.280,0.206,0.021,0.7398
1786528229.198,10.000,ENGAGED,1/12 fwd+1 PAUSE,14,1,13.404,12.659,-4.223,0.282,0.223,0.031,0.7362
1786528229.298,10.101,ENGAGED,2/12 fwd-1 CRUISE 0/4s,14,1,13.460,12.690,-4.218,0.266,0.217,0.023,0.7295
1786528229.398,10.200,ENGAGED,2/12 fwd-1 CRUISE 0/4s,14,1,13.523,12.729,-4.214,0.289,0.256,-0.015,0.7211
1786528229.498,10.300,ENGAGED,2/12 fwd-1 CRUISE 0/4s,14,1,13.577,12.758,-4.215,0.130,0.139,-0.048,0.7166
1786528229.598,10.400,ENGAGED,2/12 fwd-1 CRUISE 0/4s,14,1,13.603,12.766,-4.216,-0.117,-0.084,-0.011,0.7123
1786528229.698,10.500,ENGAGED,2/12 fwd-1 CRUISE 0/4s,14,1,13.603,12.753,-4.215,-0.331,-0.276,0.008,0.7105
1786528229.798,10.601,ENGAGED,2/12 fwd-1 CRUISE 1/4s,14,1,13.586,12.729,-4.214,-0.532,-0.431,0.008,0.7126
1786528229.898,10.700,ENGAGED,2/12 fwd-1 CRUISE 1/4s,14,1,13.550,12.686,-4.214,-0.635,-0.546,0.009,0.7158
1786528229.998,10.800,ENGAGED,2/12 fwd-1 CRUISE 1/4s,14,1,13.503,12.633,-4.214,-0.812,-0.698,0.025,0.7186
1786528230.098,10.900,ENGAGED,2/12 fwd-1 CRUISE 1/4s,14,1,13.455,12.580,-4.214,-0.901,-0.785,0.027,0.7216
1786528230.198,11.000,ENGAGED,2/12 fwd-1 CRUISE 1/4s,14,1,13.375,12.497,-4.214,-0.950,-0.825,0.041,0.7244
1786528230.298,11.100,ENGAGED,2/12 fwd-1 CRUISE 1/4s,14,1,13.299,12.417,-4.213,-1.043,-0.897,0.035,0.7278
1786528230.398,11.200,ENGAGED,2/12 fwd-1 CRUISE 1/4s,14,1,13.210,12.324,-4.212,-1.126,-0.977,0.054,0.7271
1786528230.498,11.300,ENGAGED,2/12 fwd-1 CRUISE 1/4s,14,1,13.111,12.226,-4.210,-1.173,-1.013,0.055,0.7240
1786528230.598,11.400,ENGAGED,2/12 fwd-1 CRUISE 1/4s,14,1,12.998,12.115,-4.210,-1.256,-1.089,0.023,0.7205
1786528230.698,11.500,ENGAGED,2/12 fwd-1 CRUISE 1/4s,14,1,12.904,12.022,-4.212,-1.315,-1.103,0.027,0.7210
1786528230.798,11.601,ENGAGED,2/12 fwd-1 CRUISE 2/4s,14,1,12.778,11.898,-4.214,-1.358,-1.120,0.018,0.7276
1786528230.898,11.700,ENGAGED,2/12 fwd-1 CRUISE 2/4s,14,1,12.680,11.800,-4.219,-1.339,-1.172,0.016,0.7339
1786528230.998,11.800,ENGAGED,2/12 fwd-1 CRUISE 2/4s,14,1,12.566,11.682,-4.223,-1.343,-1.213,0.010,0.7362
1786528231.098,11.900,ENGAGED,2/12 fwd-1 CRUISE 2/4s,14,1,12.458,11.568,-4.227,-1.333,-1.226,0.008,0.7386
1786528231.198,12.000,ENGAGED,2/12 fwd-1 CRUISE 2/4s,14,1,12.318,11.422,-4.235,-1.326,-1.264,0.001,0.7418
1786528231.298,12.100,ENGAGED,2/12 fwd-1 CRUISE 2/4s,14,1,12.212,11.312,-4.242,-1.348,-1.249,0.001,0.7435
1786528231.398,12.200,ENGAGED,2/12 fwd-1 CRUISE 2/4s,14,1,12.086,11.179,-4.250,-1.373,-1.331,-0.013,0.7413
1786528231.498,12.300,ENGAGED,2/12 fwd-1 CRUISE 2/4s,14,1,11.965,11.050,-4.258,-1.345,-1.296,-0.024,0.7419
1786528231.598,12.400,ENGAGED,2/12 fwd-1 CRUISE 2/4s,14,1,11.833,10.910,-4.267,-1.367,-1.329,-0.022,0.7404
1786528231.698,12.500,ENGAGED,2/12 fwd-1 CRUISE 2/4s,14,1,11.707,10.776,-4.275,-1.384,-1.379,-0.022,0.7392
1786528231.798,12.601,ENGAGED,2/12 fwd-1 CRUISE 3/4s,14,1,11.564,10.625,-4.284,-1.354,-1.398,-0.023,0.7395
1786528231.898,12.700,ENGAGED,2/12 fwd-1 CRUISE 3/4s,14,1,11.431,10.486,-4.291,-1.388,-1.408,-0.010,0.7399
1786528231.998,12.800,ENGAGED,2/12 fwd-1 CRUISE 3/4s,14,1,11.305,10.360,-4.296,-1.372,-1.409,-0.019,0.7401
1786528232.098,12.900,ENGAGED,2/12 fwd-1 CRUISE 3/4s,14,1,11.143,10.195,-4.304,-1.366,-1.430,-0.031,0.7338
1786528232.198,13.000,ENGAGED,2/12 fwd-1 CRUISE 3/4s,14,1,11.004,10.053,-4.313,-1.417,-1.443,-0.043,0.7280
1786528232.298,13.100,ENGAGED,2/12 fwd-1 CRUISE 3/4s,14,1,10.862,9.909,-4.321,-1.377,-1.422,-0.044,0.7253
1786528232.398,13.200,ENGAGED,2/12 fwd-1 CRUISE 3/4s,14,1,10.726,9.775,-4.328,-1.452,-1.460,-0.036,0.7245
1786528232.498,13.300,ENGAGED,2/12 fwd-1 CRUISE 3/4s,14,1,10.577,9.630,-4.335,-1.437,-1.436,-0.025,0.7231
1786528232.598,13.400,ENGAGED,2/12 fwd-1 CRUISE 3/4s,14,1,10.417,9.476,-4.340,-1.452,-1.405,-0.021,0.7206
1786528232.698,13.500,ENGAGED,2/12 fwd-1 CRUISE 3/4s,14,1,10.268,9.333,-4.345,-1.439,-1.431,-0.021,0.7205
1786528232.798,13.601,ENGAGED,2/12 fwd-1 CRUISE 4/4s,14,1,10.096,9.173,-4.350,-1.457,-1.392,-0.020,0.7151
1786528232.898,13.700,ENGAGED,2/12 fwd-1 CRUISE 4/4s,14,1,9.951,9.039,-4.354,-1.507,-1.378,-0.012,0.7073
1786528232.998,13.800,ENGAGED,2/12 fwd-1 CRUISE 4/4s,14,1,9.776,8.882,-4.358,-1.555,-1.358,-0.014,0.7009
1786528233.098,13.900,ENGAGED,2/12 fwd-1 CRUISE 4/4s,14,1,9.607,8.734,-4.363,-1.534,-1.367,-0.030,0.6999
1786528233.198,14.000,ENGAGED,2/12 fwd-1 CRUISE 4/4s,14,1,9.457,8.605,-4.368,-1.507,-1.276,-0.021,0.7037
1786528233.298,14.101,ENGAGED,2/12 fwd-1 PAUSE,14,1,9.261,8.442,-4.371,-1.542,-1.309,-0.010,0.7110
1786528233.398,14.200,ENGAGED,2/12 fwd-1 PAUSE,14,1,9.101,8.309,-4.374,-1.644,-1.365,-0.015,0.7156
1786528233.498,14.300,ENGAGED,2/12 fwd-1 PAUSE,14,1,8.926,8.167,-4.381,-1.417,-1.177,-0.085,0.7222
1786528233.598,14.400,ENGAGED,2/12 fwd-1 PAUSE,14,1,8.767,8.038,-4.393,-1.189,-0.992,-0.075,0.7323
1786528233.698,14.500,ENGAGED,2/12 fwd-1 PAUSE,14,1,8.657,7.948,-4.400,-1.030,-0.826,-0.052,0.7400
1786528233.798,14.600,ENGAGED,2/12 fwd-1 PAUSE,14,1,8.539,7.854,-4.405,-0.890,-0.719,-0.036,0.7441
1786528233.898,14.700,ENGAGED,2/12 fwd-1 PAUSE,14,1,8.429,7.768,-4.409,-0.758,-0.656,-0.030,0.7432
1786528233.998,14.800,ENGAGED,2/12 fwd-1 PAUSE,14,1,8.332,7.694,-4.412,-0.650,-0.528,-0.026,0.7408
1786528234.098,14.900,ENGAGED,2/12 fwd-1 PAUSE,14,1,8.242,7.630,-4.416,-0.548,-0.446,-0.024,0.7409
1786528234.198,15.000,ENGAGED,2/12 fwd-1 PAUSE,14,1,8.150,7.570,-4.421,-0.482,-0.330,-0.026,0.7416
1786528234.298,15.100,ENGAGED,2/12 fwd-1 PAUSE,14,1,8.081,7.526,-4.425,-0.404,-0.278,-0.027,0.7423
1786528234.398,15.200,ENGAGED,2/12 fwd-1 PAUSE,14,1,8.010,7.490,-4.431,-0.382,-0.217,-0.028,0.7436
1786528234.498,15.300,ENGAGED,2/12 fwd-1 PAUSE,14,1,7.948,7.460,-4.437,-0.359,-0.199,-0.032,0.7431
1786528234.598,15.400,ENGAGED,2/12 fwd-1 PAUSE,14,1,7.871,7.431,-4.444,-0.294,-0.127,-0.015,0.7436
1786528234.698,15.500,ENGAGED,2/12 fwd-1 PAUSE,14,1,7.803,7.407,-4.450,-0.292,-0.108,-0.009,0.7419
1786528234.797,15.600,ENGAGED,2/12 fwd-1 PAUSE,14,1,7.738,7.390,-4.454,-0.254,-0.041,0.006,0.7384
1786528234.898,15.700,ENGAGED,2/12 fwd-1 PAUSE,14,1,7.674,7.378,-4.458,-0.241,-0.007,0.007,0.7329
1786528234.998,15.800,ENGAGED,2/12 fwd-1 PAUSE,14,1,7.613,7.368,-4.462,-0.246,-0.007,-0.001,0.7257
1786528235.098,15.900,ENGAGED,2/12 fwd-1 PAUSE,14,1,7.560,7.360,-4.466,-0.275,-0.037,-0.003,0.7179
1786528235.198,16.000,ENGAGED,2/12 fwd-1 PAUSE,14,1,7.504,7.354,-4.470,-0.183,0.036,0.006,0.7107
1786528235.298,16.101,ENGAGED,3/12 fwd+1 CRUISE 0/4s,14,1,7.460,7.351,-4.473,-0.201,0.050,-0.003,0.7067
1786528235.398,16.200,ENGAGED,3/12 fwd+1 CRUISE 0/4s,14,1,7.407,7.347,-4.479,-0.261,-0.033,-0.028,0.7049
1786528235.498,16.300,ENGAGED,3/12 fwd+1 CRUISE 0/4s,14,1,7.366,7.349,-4.491,-0.026,0.150,-0.085,0.7024
1786528235.597,16.400,ENGAGED,3/12 fwd+1 CRUISE 0/4s,14,1,7.357,7.374,-4.503,0.172,0.317,-0.084,0.7032
1786528235.698,16.500,ENGAGED,3/12 fwd+1 CRUISE 0/4s,14,1,7.367,7.415,-4.513,0.390,0.484,-0.039,0.7047
1786528235.799,16.601,ENGAGED,3/12 fwd+1 CRUISE 1/4s,14,1,7.390,7.463,-4.520,0.555,0.590,-0.033,0.7077
1786528235.898,16.700,ENGAGED,3/12 fwd+1 CRUISE 1/4s,14,1,7.430,7.532,-4.527,0.725,0.721,-0.017,0.7118
1786528235.998,16.800,ENGAGED,3/12 fwd+1 CRUISE 1/4s,14,1,7.484,7.605,-4.531,0.807,0.837,-0.003,0.7155
1786528236.098,16.900,ENGAGED,3/12 fwd+1 CRUISE 1/4s,14,1,7.547,7.688,-4.534,0.931,0.936,0.007,0.7167
1786528236.198,17.000,ENGAGED,3/12 fwd+1 CRUISE 1/4s,14,1,7.618,7.777,-4.536,0.995,1.001,0.022,0.7172
1786528236.298,17.100,ENGAGED,3/12 fwd+1 CRUISE 1/4s,14,1,7.700,7.873,-4.537,1.082,1.052,0.034,0.7135
1786528236.398,17.200,ENGAGED,3/12 fwd+1 CRUISE 1/4s,14,1,7.802,7.991,-4.537,1.146,1.085,0.027,0.7099
1786528236.498,17.300,ENGAGED,3/12 fwd+1 CRUISE 1/4s,14,1,7.893,8.098,-4.537,1.194,1.134,0.018,0.7110
1786528236.598,17.400,ENGAGED,3/12 fwd+1 CRUISE 1/4s,14,1,7.981,8.203,-4.538,1.204,1.155,0.005,0.7118
1786528236.698,17.500,ENGAGED,3/12 fwd+1 CRUISE 1/4s,14,1,8.095,8.328,-4.540,1.240,1.154,-0.000,0.7102
1786528236.798,17.601,ENGAGED,3/12 fwd+1 CRUISE 2/4s,14,1,8.190,8.434,-4.541,1.300,1.163,0.023,0.7127
1786528236.898,17.700,ENGAGED,3/12 fwd+1 CRUISE 2/4s,14,1,8.303,8.557,-4.541,1.315,1.185,0.022,0.7095
1786528236.998,17.800,ENGAGED,3/12 fwd+1 CRUISE 2/4s,14,1,8.409,8.677,-4.542,1.272,1.174,-0.001,0.7040
1786528237.098,17.900,ENGAGED,3/12 fwd+1 CRUISE 2/4s,14,1,8.522,8.798,-4.544,1.347,1.170,0.028,0.7063
1786528237.198,18.000,ENGAGED,3/12 fwd+1 CRUISE 2/4s,14,1,8.645,8.921,-4.544,1.367,1.201,0.027,0.7041
1786528237.298,18.100,ENGAGED,3/12 fwd+1 CRUISE 2/4s,14,1,8.764,9.039,-4.544,1.420,1.175,0.037,0.7069
1786528237.398,18.200,ENGAGED,3/12 fwd+1 CRUISE 2/4s,14,1,8.892,9.160,-4.543,1.438,1.188,0.053,0.7122
1786528237.497,18.300,ENGAGED,3/12 fwd+1 CRUISE 2/4s,14,1,9.035,9.298,-4.541,1.498,1.195,0.047,0.7151
1786528237.598,18.400,ENGAGED,3/12 fwd+1 CRUISE 2/4s,14,1,9.170,9.422,-4.540,1.512,1.218,0.042,0.7170
1786528237.698,18.500,ENGAGED,3/12 fwd+1 CRUISE 2/4s,14,1,9.324,9.558,-4.539,1.546,1.223,0.034,0.7232
1786528237.798,18.601,ENGAGED,3/12 fwd+1 CRUISE 3/4s,14,1,9.453,9.674,-4.539,1.536,1.247,0.024,0.7255
1786528237.898,18.700,ENGAGED,3/12 fwd+1 CRUISE 3/4s,14,1,9.602,9.811,-4.539,1.540,1.249,0.007,0.7264
1786528237.998,18.800,ENGAGED,3/12 fwd+1 CRUISE 3/4s,14,1,9.773,9.969,-4.538,1.520,1.260,0.008,0.7277
1786528238.098,18.900,ENGAGED,3/12 fwd+1 CRUISE 3/4s,14,1,9.907,10.092,-4.539,1.538,1.263,0.008,0.7273
1786528238.198,19.000,ENGAGED,3/12 fwd+1 CRUISE 3/4s,14,1,10.073,10.237,-4.538,1.569,1.270,0.014,0.7262
1786528238.298,19.100,ENGAGED,3/12 fwd+1 CRUISE 3/4s,14,1,10.223,10.367,-4.537,1.598,1.260,0.025,0.7263
1786528238.398,19.200,ENGAGED,3/12 fwd+1 CRUISE 3/4s,14,1,10.394,10.510,-4.535,1.602,1.240,0.025,0.7264
1786528238.498,19.300,ENGAGED,3/12 fwd+1 CRUISE 3/4s,14,1,10.562,10.649,-4.532,1.610,1.239,0.035,0.7285
1786528238.598,19.400,ENGAGED,3/12 fwd+1 CRUISE 3/4s,14,1,10.707,10.771,-4.529,1.563,1.272,0.043,0.7289
1786528238.698,19.500,ENGAGED,3/12 fwd+1 CRUISE 3/4s,14,1,10.858,10.896,-4.524,1.573,1.261,0.045,0.7278
1786528238.799,19.601,ENGAGED,3/12 fwd+1 CRUISE 4/4s,14,1,11.046,11.049,-4.517,1.565,1.275,0.031,0.7259
1786528238.898,19.700,ENGAGED,3/12 fwd+1 CRUISE 4/4s,14,1,11.206,11.183,-4.513,1.531,1.278,0.019,0.7221
1786528238.998,19.800,ENGAGED,3/12 fwd+1 CRUISE 4/4s,14,1,11.377,11.325,-4.509,1.547,1.285,0.026,0.7195
1786528239.098,19.900,ENGAGED,3/12 fwd+1 CRUISE 4/4s,14,1,11.539,11.463,-4.504,1.547,1.287,0.026,0.7179
1786528239.198,20.000,ENGAGED,3/12 fwd+1 CRUISE 4/4s,14,1,11.706,11.602,-4.499,1.540,1.299,0.028,0.7196
1786528239.298,20.101,ENGAGED,3/12 fwd+1 PAUSE,14,1,11.855,11.725,-4.493,1.562,1.286,0.028,0.7225
1786528239.398,20.200,ENGAGED,3/12 fwd+1 PAUSE,14,1,12.021,11.865,-4.487,1.600,1.386,-0.010,0.7254
1786528239.498,20.300,ENGAGED,3/12 fwd+1 PAUSE,14,1,12.181,12.003,-4.487,1.427,1.212,-0.039,0.7268
1786528239.598,20.400,ENGAGED,3/12 fwd+1 PAUSE,14,1,12.303,12.107,-4.487,1.198,1.028,-0.017,0.7272
1786528239.697,20.500,ENGAGED,3/12 fwd+1 PAUSE,14,1,12.431,12.216,-4.485,0.983,0.826,-0.011,0.7250
1786528239.798,20.600,ENGAGED,3/12 fwd+1 PAUSE,14,1,12.528,12.301,-4.483,0.812,0.721,-0.017,0.7250
1786528239.898,20.700,ENGAGED,3/12 fwd+1 PAUSE,14,1,12.623,12.385,-4.480,0.698,0.610,0.003,0.7241
1786528239.998,20.800,ENGAGED,3/12 fwd+1 PAUSE,14,1,12.708,12.460,-4.475,0.610,0.509,0.004,0.7243
1786528240.098,20.900,ENGAGED,3/12 fwd+1 PAUSE,14,1,12.788,12.528,-4.471,0.504,0.436,-0.013,0.7239
1786528240.198,21.000,ENGAGED,3/12 fwd+1 PAUSE,14,1,12.858,12.585,-4.467,0.443,0.362,-0.018,0.7209
1786528240.298,21.100,ENGAGED,3/12 fwd+1 PAUSE,14,1,12.922,12.634,-4.464,0.442,0.300,0.002,0.7185
1786528240.398,21.200,ENGAGED,3/12 fwd+1 PAUSE,14,1,12.982,12.678,-4.460,0.356,0.255,-0.009,0.7203
1786528240.498,21.300,ENGAGED,3/12 fwd+1 PAUSE,14,1,13.041,12.718,-4.457,0.349,0.210,-0.003,0.7259
1786528240.598,21.400,ENGAGED,3/12 fwd+1 PAUSE,14,1,13.100,12.759,-4.454,0.307,0.216,-0.019,0.7282
1786528240.698,21.500,ENGAGED,3/12 fwd+1 PAUSE,14,1,13.147,12.794,-4.451,0.277,0.173,-0.021,0.7286
1786528240.798,21.600,ENGAGED,3/12 fwd+1 PAUSE,14,1,13.191,12.827,-4.450,0.227,0.179,-0.021,0.7318
1786528240.898,21.700,ENGAGED,3/12 fwd+1 PAUSE,14,1,13.228,12.858,-4.448,0.251,0.144,-0.025,0.7337
1786528240.998,21.800,ENGAGED,3/12 fwd+1 PAUSE,14,1,13.260,12.888,-4.447,0.198,0.142,-0.027,0.7328
1786528241.098,21.900,ENGAGED,3/12 fwd+1 PAUSE,14,1,13.282,12.912,-4.445,0.149,0.168,-0.016,0.7299
1786528241.198,22.000,ENGAGED,3/12 fwd+1 PAUSE,14,1,13.305,12.940,-4.443,0.113,0.132,-0.016,0.7274
1786528241.298,22.101,ENGAGED,4/12 fwd-1 CRUISE 0/4s,14,1,13.320,12.959,-4.442,0.092,0.116,-0.012,0.7247
1786528241.397,22.200,ENGAGED,4/12 fwd-1 CRUISE 0/4s,14,1,13.335,12.985,-4.441,0.146,0.162,-0.070,0.7217
1786528241.498,22.300,ENGAGED,4/12 fwd-1 CRUISE 0/4s,14,1,13.340,13.007,-4.447,-0.060,-0.019,-0.071,0.7216
1786528241.598,22.400,ENGAGED,4/12 fwd-1 CRUISE 0/4s,14,1,13.316,13.005,-4.450,-0.319,-0.192,-0.034,0.7215
1786528241.698,22.500,ENGAGED,4/12 fwd-1 CRUISE 0/4s,14,1,13.275,12.986,-4.450,-0.505,-0.369,-0.013,0.7220
1786528241.798,22.601,ENGAGED,4/12 fwd-1 CRUISE 1/4s,14,1,13.209,12.951,-4.450,-0.712,-0.523,0.002,0.7250
1786528241.898,22.700,ENGAGED,4/12 fwd-1 CRUISE 1/4s,14,1,13.129,12.904,-4.449,-0.851,-0.678,0.018,0.7263
1786528241.998,22.800,ENGAGED,4/12 fwd-1 CRUISE 1/4s,14,1,13.038,12.845,-4.448,-0.980,-0.752,0.018,0.7281
1786528242.098,22.900,ENGAGED,4/12 fwd-1 CRUISE 1/4s,14,1,12.943,12.781,-4.447,-1.063,-0.855,0.012,0.7298
1786528242.198,23.000,ENGAGED,4/12 fwd-1 CRUISE 1/4s,14,1,12.824,12.696,-4.447,-1.173,-0.960,0.005,0.7327
1786528242.298,23.100,ENGAGED,4/12 fwd-1 CRUISE 1/4s,14,1,12.716,12.617,-4.448,-1.248,-0.989,-0.001,0.7358
1786528242.398,23.200,ENGAGED,4/12 fwd-1 CRUISE 1/4s,14,1,12.595,12.528,-4.449,-1.289,-1.080,0.004,0.7406
1786528242.498,23.300,ENGAGED,4/12 fwd-1 CRUISE 1/4s,14,1,12.471,12.435,-4.451,-1.296,-1.135,0.004,0.7443
1786528242.597,23.400,ENGAGED,4/12 fwd-1 CRUISE 1/4s,14,1,12.334,12.332,-4.451,-1.335,-1.157,0.025,0.7457
1786528242.698,23.500,ENGAGED,4/12 fwd-1 CRUISE 1/4s,14,1,12.192,12.222,-4.450,-1.380,-1.169,0.033,0.7450
1786528242.798,23.601,ENGAGED,4/12 fwd-1 CRUISE 2/4s,14,1,12.053,12.113,-4.449,-1.362,-1.209,0.047,0.7405
1786528242.898,23.700,ENGAGED,4/12 fwd-1 CRUISE 2/4s,14,1,11.910,12.001,-4.446,-1.400,-1.284,0.060,0.7348
1786528242.998,23.800,ENGAGED,4/12 fwd-1 CRUISE 2/4s,14,1,11.762,11.879,-4.444,-1.417,-1.288,0.043,0.7300
1786528243.098,23.900,ENGAGED,4/12 fwd-1 CRUISE 2/4s,14,1,11.610,11.757,-4.443,-1.428,-1.291,0.039,0.7235
1786528243.198,24.000,ENGAGED,4/12 fwd-1 CRUISE 2/4s,14,1,11.458,11.633,-4.442,-1.470,-1.350,0.047,0.7181
1786528243.298,24.100,ENGAGED,4/12 fwd-1 CRUISE 2/4s,14,1,11.312,11.518,-4.440,-1.470,-1.333,0.064,0.7158
1786528243.398,24.200,ENGAGED,4/12 fwd-1 CRUISE 2/4s,14,1,11.156,11.392,-4.436,-1.487,-1.336,0.053,0.7164
1786528243.498,24.300,ENGAGED,4/12 fwd-1 CRUISE 2/4s,14,1,11.002,11.269,-4.433,-1.498,-1.352,0.046,0.7221
1786528243.598,24.400,ENGAGED,4/12 fwd-1 CRUISE 2/4s,14,1,10.841,11.143,-4.430,-1.499,-1.318,0.016,0.7313
1786528243.698,24.500,ENGAGED,4/12 fwd-1 CRUISE 2/4s,14,1,10.705,11.036,-4.430,-1.491,-1.336,-0.008,0.7371
1786528243.798,24.601,ENGAGED,4/12 fwd-1 CRUISE 3/4s,14,1,10.509,10.881,-4.432,-1.495,-1.330,-0.020,0.7388
1786528243.897,24.700,ENGAGED,4/12 fwd-1 CRUISE 3/4s,14,1,10.339,10.746,-4.436,-1.525,-1.364,-0.038,0.7381
1786528243.998,24.800,ENGAGED,4/12 fwd-1 CRUISE 3/4s,14,1,10.172,10.611,-4.440,-1.502,-1.354,-0.025,0.7383
1786528244.098,24.900,ENGAGED,4/12 fwd-1 CRUISE 3/4s,14,1,10.014,10.483,-4.443,-1.501,-1.354,-0.012,0.7373
1786528244.198,25.000,ENGAGED,4/12 fwd-1 CRUISE 3/4s,14,1,9.834,10.331,-4.444,-1.553,-1.415,-0.011,0.7307
1786528244.298,25.100,ENGAGED,4/12 fwd-1 CRUISE 3/4s,14,1,9.653,10.180,-4.446,-1.515,-1.409,-0.003,0.7215
1786528244.398,25.200,ENGAGED,4/12 fwd-1 CRUISE 3/4s,14,1,9.496,10.049,-4.447,-1.535,-1.398,0.008,0.7164
1786528244.498,25.300,ENGAGED,4/12 fwd-1 CRUISE 3/4s,14,1,9.329,9.911,-4.447,-1.520,-1.370,0.031,0.7164
1786528244.598,25.400,ENGAGED,4/12 fwd-1 CRUISE 3/4s,14,1,9.152,9.770,-4.446,-1.548,-1.367,0.016,0.7214
1786528244.698,25.500,ENGAGED,4/12 fwd-1 CRUISE 3/4s,14,1,8.955,9.613,-4.446,-1.541,-1.408,0.008,0.7265
1786528244.798,25.601,ENGAGED,4/12 fwd-1 CRUISE 4/4s,14,1,8.772,9.461,-4.447,-1.555,-1.377,0.010,0.7284
1786528244.898,25.700,ENGAGED,4/12 fwd-1 CRUISE 4/4s,14,1,8.615,9.330,-4.448,-1.536,-1.388,0.015,0.7307
1786528244.998,25.800,ENGAGED,4/12 fwd-1 CRUISE 4/4s,14,1,8.415,9.160,-4.449,-1.539,-1.455,0.004,0.7295
1786528245.098,25.900,ENGAGED,4/12 fwd-1 CRUISE 4/4s,14,1,8.241,9.008,-4.449,-1.515,-1.462,0.003,0.7229
1786528245.198,26.000,ENGAGED,4/12 fwd-1 CRUISE 4/4s,14,1,8.082,8.869,-4.450,-1.470,-1.420,-0.001,0.7152
1786528245.298,26.101,ENGAGED,4/12 fwd-1 PAUSE,14,1,7.909,8.720,-4.451,-1.523,-1.411,-0.003,0.7102
1786528245.398,26.200,ENGAGED,4/12 fwd-1 PAUSE,14,1,7.711,8.556,-4.454,-1.620,-1.473,-0.011,0.7073
1786528245.498,26.300,ENGAGED,4/12 fwd-1 PAUSE,14,1,7.534,8.411,-4.462,-1.395,-1.327,-0.102,0.7046
1786528245.598,26.400,ENGAGED,4/12 fwd-1 PAUSE,14,1,7.397,8.294,-4.471,-1.173,-1.105,-0.065,0.7032
1786528245.698,26.500,ENGAGED,4/12 fwd-1 PAUSE,14,1,7.249,8.170,-4.478,-1.033,-0.975,-0.048,0.7025
1786528245.798,26.600,ENGAGED,4/12 fwd-1 PAUSE,14,1,7.120,8.065,-4.480,-0.886,-0.810,-0.002,0.7006
1786528245.898,26.700,ENGAGED,4/12 fwd-1 PAUSE,14,1,7.006,7.976,-4.481,-0.805,-0.698,-0.004,0.6959
1786528245.998,26.800,ENGAGED,4/12 fwd-1 PAUSE,14,1,6.900,7.893,-4.480,-0.634,-0.538,0.030,0.6911
1786528246.098,26.900,ENGAGED,4/12 fwd-1 PAUSE,14,1,6.819,7.830,-4.480,-0.554,-0.472,0.026,0.6866
1786528246.198,27.000,ENGAGED,4/12 fwd-1 PAUSE,14,1,6.732,7.764,-4.480,-0.446,-0.395,0.033,0.6831
1786528246.298,27.100,ENGAGED,4/12 fwd-1 PAUSE,14,1,6.662,7.711,-4.480,-0.433,-0.354,0.018,0.6818
1786528246.398,27.200,ENGAGED,4/12 fwd-1 PAUSE,14,1,6.596,7.663,-4.480,-0.376,-0.298,0.002,0.6803
1786528246.498,27.300,ENGAGED,4/12 fwd-1 PAUSE,14,1,6.537,7.617,-4.483,-0.311,-0.261,0.012,0.6816
1786528246.598,27.400,ENGAGED,4/12 fwd-1 PAUSE,14,1,6.476,7.570,-4.485,-0.272,-0.219,0.018,0.6849
1786528246.698,27.500,ENGAGED,4/12 fwd-1 PAUSE,14,1,6.432,7.538,-4.487,-0.204,-0.159,0.024,0.6862
1786528246.798,27.600,ENGAGED,4/12 fwd-1 PAUSE,14,1,6.382,7.502,-4.489,-0.182,-0.144,0.022,0.6897
1786528246.898,27.700,ENGAGED,4/12 fwd-1 PAUSE,14,1,6.340,7.468,-4.490,-0.181,-0.172,0.039,0.6942
1786528246.998,27.800,ENGAGED,4/12 fwd-1 PAUSE,14,1,6.297,7.430,-4.490,-0.134,-0.140,0.035,0.7005
1786528247.098,27.900,ENGAGED,4/12 fwd-1 PAUSE,14,1,6.262,7.398,-4.490,-0.105,-0.123,0.048,0.7071
1786528247.198,28.000,ENGAGED,4/12 fwd-1 PAUSE,14,1,6.241,7.372,-4.490,-0.071,-0.138,0.042,0.7134
1786528247.298,28.101,ENGAGED,5/12 fwd+1 CRUISE 0/4s,14,1,6.216,7.341,-4.492,-0.070,-0.104,0.022,0.7222
1786528247.398,28.200,ENGAGED,5/12 fwd+1 CRUISE 0/4s,14,1,6.199,7.317,-4.494,-0.145,-0.164,0.005,0.7263
1786528247.498,28.300,ENGAGED,5/12 fwd+1 CRUISE 0/4s,14,1,6.185,7.294,-4.501,0.015,-0.022,-0.064,0.7258
1786528247.598,28.400,ENGAGED,5/12 fwd+1 CRUISE 0/4s,14,1,6.198,7.295,-4.515,0.258,0.231,-0.066,0.7305
1786528247.698,28.500,ENGAGED,5/12 fwd+1 CRUISE 0/4s,14,1,6.237,7.318,-4.522,0.476,0.407,-0.017,0.7311
1786528247.798,28.601,ENGAGED,5/12 fwd+1 CRUISE 1/4s,14,1,6.291,7.356,-4.526,0.655,0.556,0.006,0.7288
1786528247.898,28.700,ENGAGED,5/12 fwd+1 CRUISE 1/4s,14,1,6.361,7.411,-4.528,0.822,0.706,0.025,0.7269
1786528247.998,28.800,ENGAGED,5/12 fwd+1 CRUISE 1/4s,14,1,6.446,7.479,-4.530,0.875,0.812,0.013,0.7256
1786528248.098,28.900,ENGAGED,5/12 fwd+1 CRUISE 1/4s,14,1,6.543,7.560,-4.532,1.004,0.909,0.032,0.7244
1786528248.198,29.000,ENGAGED,5/12 fwd+1 CRUISE 1/4s,14,1,6.630,7.634,-4.532,1.065,0.983,0.027,0.7232
1786528248.298,29.100,ENGAGED,5/12 fwd+1 CRUISE 1/4s,14,1,6.732,7.720,-4.532,1.127,1.025,0.023,0.7212
1786528248.398,29.200,ENGAGED,5/12 fwd+1 CRUISE 1/4s,14,1,6.849,7.819,-4.530,1.212,1.087,0.021,0.7188
1786528248.498,29.300,ENGAGED,5/12 fwd+1 CRUISE 1/4s,14,1,6.969,7.921,-4.530,1.225,1.138,0.007,0.7174
1786528248.598,29.400,ENGAGED,5/12 fwd+1 CRUISE 1/4s,14,1,7.095,8.028,-4.529,1.327,1.171,0.021,0.7178
1786528248.698,29.500,ENGAGED,5/12 fwd+1 CRUISE 1/4s,14,1,7.224,8.136,-4.529,1.334,1.191,0.014,0.7177
1786528248.799,29.601,ENGAGED,5/12 fwd+1 CRUISE 2/4s,14,1,7.346,8.239,-4.530,1.382,1.218,0.003,0.7165
1786528248.898,29.700,ENGAGED,5/12 fwd+1 CRUISE 2/4s,14,1,7.507,8.371,-4.531,1.385,1.261,-0.003,0.7144
1786528248.998,29.800,ENGAGED,5/12 fwd+1 CRUISE 2/4s,14,1,7.648,8.492,-4.531,1.411,1.244,0.006,0.7134
1786528249.098,29.900,ENGAGED,5/12 fwd+1 CRUISE 2/4s,14,1,7.779,8.601,-4.529,1.424,1.262,0.004,0.7133
1786528249.198,30.000,ENGAGED,5/12 fwd+1 CRUISE 2/4s,14,1,7.914,8.715,-4.527,1.446,1.294,0.012,0.7136
1786528249.298,30.100,ENGAGED,5/12 fwd+1 CRUISE 2/4s,14,1,8.059,8.836,-4.524,1.448,1.265,0.017,0.7125
1786528249.398,30.200,ENGAGED,5/12 fwd+1 CRUISE 2/4s,14,1,8.213,8.965,-4.521,1.467,1.304,0.011,0.7131
1786528249.498,30.300,ENGAGED,5/12 fwd+1 CRUISE 2/4s,14,1,8.363,9.089,-4.519,1.467,1.304,0.004,0.7150
1786528249.598,30.400,ENGAGED,5/12 fwd+1 CRUISE 2/4s,14,1,8.534,9.232,-4.517,1.480,1.322,-0.002,0.7193
1786528249.698,30.500,ENGAGED,5/12 fwd+1 CRUISE 2/4s,14,1,8.677,9.352,-4.515,1.488,1.347,0.009,0.7219
1786528249.798,30.601,ENGAGED,5/12 fwd+1 CRUISE 3/4s,14,1,8.855,9.502,-4.511,1.515,1.365,0.017,0.7215
1786528249.898,30.700,ENGAGED,5/12 fwd+1 CRUISE 3/4s,14,1,9.018,9.641,-4.508,1.546,1.390,0.026,0.7156
1786528249.998,30.800,ENGAGED,5/12 fwd+1 CRUISE 3/4s,14,1,9.183,9.784,-4.505,1.507,1.385,0.004,0.7109
1786528250.098,30.900,ENGAGED,5/12 fwd+1 CRUISE 3/4s,14,1,9.358,9.934,-4.504,1.541,1.367,-0.002,0.7111
1786528250.198,31.000,ENGAGED,5/12 fwd+1 CRUISE 3/4s,14,1,9.520,10.071,-4.503,1.541,1.382,-0.006,0.7143
1786528250.298,31.100,ENGAGED,5/12 fwd+1 CRUISE 3/4s,14,1,9.706,10.226,-4.504,1.576,1.367,-0.014,0.7187
1786528250.398,31.200,ENGAGED,5/12 fwd+1 CRUISE 3/4s,14,1,9.858,10.356,-4.506,1.575,1.387,-0.022,0.7210
1786528250.498,31.300,ENGAGED,5/12 fwd+1 CRUISE 3/4s,14,1,10.029,10.498,-4.508,1.566,1.384,-0.025,0.7226
1786528250.598,31.400,ENGAGED,5/12 fwd+1 CRUISE 3/4s,14,1,10.202,10.644,-4.511,1.597,1.380,-0.009,0.7244
1786528250.698,31.500,ENGAGED,5/12 fwd+1 CRUISE 3/4s,14,1,10.376,10.792,-4.513,1.626,1.433,-0.019,0.7253
1786528250.799,31.601,ENGAGED,5/12 fwd+1 CRUISE 4/4s,14,1,10.552,10.943,-4.516,1.580,1.430,-0.026,0.7250
1786528250.898,31.700,ENGAGED,5/12 fwd+1 CRUISE 4/4s,14,1,10.736,11.104,-4.519,1.632,1.421,-0.023,0.7225
1786528250.998,31.800,ENGAGED,5/12 fwd+1 CRUISE 4/4s,14,1,10.909,11.253,-4.523,1.552,1.399,-0.045,0.7190
1786528251.098,31.900,ENGAGED,5/12 fwd+1 CRUISE 4/4s,14,1,11.084,11.406,-4.527,1.565,1.415,-0.049,0.7194
1786528251.198,32.000,ENGAGED,5/12 fwd+1 CRUISE 4/4s,14,1,11.255,11.557,-4.531,1.577,1.403,-0.034,0.7192
1786528251.298,32.101,ENGAGED,5/12 fwd+1 PAUSE,14,1,11.432,11.711,-4.534,1.597,1.409,-0.046,0.7198
1786528251.398,32.200,ENGAGED,5/12 fwd+1 PAUSE,14,1,11.615,11.869,-4.537,1.701,1.475,-0.071,0.7209
1786528251.498,32.300,ENGAGED,5/12 fwd+1 PAUSE,14,1,11.804,12.036,-4.543,1.470,1.307,-0.067,0.7282
1786528251.598,32.400,ENGAGED,5/12 fwd+1 PAUSE,14,1,11.944,12.160,-4.547,1.296,1.145,-0.045,0.7297
1786528251.698,32.500,ENGAGED,5/12 fwd+1 PAUSE,14,1,12.072,12.277,-4.549,1.090,0.957,-0.027,0.7281
1786528251.798,32.600,ENGAGED,5/12 fwd+1 PAUSE,14,1,12.190,12.386,-4.550,0.928,0.842,-0.030,0.7257
1786528251.898,32.700,ENGAGED,5/12 fwd+1 PAUSE,14,1,12.300,12.484,-4.551,0.820,0.732,-0.022,0.7244
1786528251.998,32.800,ENGAGED,5/12 fwd+1 PAUSE,14,1,12.387,12.563,-4.551,0.685,0.619,-0.019,0.7223
1786528252.098,32.900,ENGAGED,5/12 fwd+1 PAUSE,14,1,12.482,12.649,-4.550,0.632,0.563,-0.018,0.7178
1786528252.198,33.000,ENGAGED,5/12 fwd+1 PAUSE,14,1,12.561,12.717,-4.548,0.585,0.460,0.006,0.7174
1786528252.298,33.100,ENGAGED,5/12 fwd+1 PAUSE,14,1,12.641,12.786,-4.544,0.509,0.382,0.001,0.7213
1786528252.398,33.200,ENGAGED,5/12 fwd+1 PAUSE,14,1,12.693,12.834,-4.542,0.483,0.353,0.007,0.7249
1786528252.498,33.300,ENGAGED,5/12 fwd+1 PAUSE,14,1,12.766,12.904,-4.539,0.428,0.323,-0.008,0.7304
1786528252.598,33.400,ENGAGED,5/12 fwd+1 PAUSE,14,1,12.821,12.957,-4.537,0.339,0.294,-0.013,0.7305
1786528252.698,33.500,ENGAGED,5/12 fwd+1 PAUSE,14,1,12.868,13.009,-4.535,0.306,0.251,-0.003,0.7269
1786528252.798,33.600,ENGAGED,5/12 fwd+1 PAUSE,14,1,12.915,13.060,-4.534,0.301,0.195,-0.008,0.7223
1786528252.898,33.700,ENGAGED,5/12 fwd+1 PAUSE,14,1,12.953,13.101,-4.531,0.228,0.177,-0.005,0.7195
1786528252.998,33.800,ENGAGED,5/12 fwd+1 PAUSE,14,1,12.983,13.136,-4.529,0.202,0.132,-0.009,0.7171
1786528253.098,33.900,ENGAGED,5/12 fwd+1 PAUSE,14,1,13.014,13.172,-4.528,0.236,0.131,-0.015,0.7148
1786528253.198,34.000,ENGAGED,5/12 fwd+1 PAUSE,14,1,13.038,13.201,-4.526,0.236,0.139,0.005,0.7142
1786528253.298,34.101,ENGAGED,6/12 fwd-1 CRUISE 0/4s,14,1,13.063,13.226,-4.524,0.220,0.090,0.014,0.7151
1786528253.398,34.200,ENGAGED,6/12 fwd-1 CRUISE 0/4s,14,1,13.094,13.253,-4.524,0.289,0.159,-0.061,0.7188
1786528253.498,34.300,ENGAGED,6/12 fwd-1 CRUISE 0/4s,14,1,13.114,13.273,-4.529,0.077,-0.014,-0.073,0.7250
1786528253.598,34.400,ENGAGED,6/12 fwd-1 CRUISE 0/4s,14,1,13.112,13.270,-4.534,-0.165,-0.258,-0.021,0.7312
1786528253.697,34.500,ENGAGED,6/12 fwd-1 CRUISE 0/4s,14,1,13.092,13.252,-4.535,-0.328,-0.382,-0.009,0.7317
1786528253.798,34.601,ENGAGED,6/12 fwd-1 CRUISE 1/4s,14,1,13.052,13.212,-4.537,-0.496,-0.536,0.013,0.7312
1786528253.898,34.700,ENGAGED,6/12 fwd-1 CRUISE 1/4s,14,1,13.000,13.157,-4.538,-0.626,-0.716,0.007,0.7314
1786528253.998,34.800,ENGAGED,6/12 fwd-1 CRUISE 1/4s,14,1,12.935,13.091,-4.539,-0.754,-0.810,0.008,0.7300
1786528254.098,34.900,ENGAGED,6/12 fwd-1 CRUISE 1/4s,14,1,12.859,13.016,-4.541,-0.858,-0.869,0.002,0.7294
1786528254.198,35.000,ENGAGED,6/12 fwd-1 CRUISE 1/4s,14,1,12.781,12.941,-4.542,-0.963,-0.963,0.007,0.7303
1786528254.298,35.100,ENGAGED,6/12 fwd-1 CRUISE 1/4s,14,1,12.674,12.843,-4.544,-1.022,-0.988,-0.012,0.7299
1786528254.398,35.200,ENGAGED,6/12 fwd-1 CRUISE 1/4s,14,1,12.575,12.753,-4.547,-1.125,-1.082,-0.009,0.7271
1786528254.498,35.300,ENGAGED,6/12 fwd-1 CRUISE 1/4s,14,1,12.453,12.646,-4.550,-1.198,-1.121,-0.010,0.7258
1786528254.598,35.400,ENGAGED,6/12 fwd-1 CRUISE 1/4s,14,1,12.347,12.556,-4.552,-1.238,-1.126,-0.004,0.7246
1786528254.698,35.500,ENGAGED,6/12 fwd-1 CRUISE 1/4s,14,1,12.227,12.458,-4.554,-1.275,-1.126,-0.001,0.7247
1786528254.798,35.601,ENGAGED,6/12 fwd-1 CRUISE 2/4s,14,1,12.083,12.343,-4.556,-1.319,-1.137,0.005,0.7249
1786528254.898,35.700,ENGAGED,6/12 fwd-1 CRUISE 2/4s,14,1,11.950,12.239,-4.556,-1.340,-1.189,0.006,0.7247
1786528254.998,35.800,ENGAGED,6/12 fwd-1 CRUISE 2/4s,14,1,11.812,12.130,-4.558,-1.312,-1.181,-0.005,0.7236
1786528255.098,35.900,ENGAGED,6/12 fwd-1 CRUISE 2/4s,14,1,11.689,12.038,-4.559,-1.368,-1.157,0.003,0.7224
1786528255.198,36.000,ENGAGED,6/12 fwd-1 CRUISE 2/4s,14,1,11.553,11.937,-4.562,-1.377,-1.181,-0.003,0.7201
1786528255.298,36.100,ENGAGED,6/12 fwd-1 CRUISE 2/4s,14,1,11.395,11.814,-4.565,-1.398,-1.202,-0.007,0.7201
1786528255.398,36.200,ENGAGED,6/12 fwd-1 CRUISE 2/4s,14,1,11.254,11.700,-4.568,-1.368,-1.173,-0.002,0.7177
1786528255.498,36.300,ENGAGED,6/12 fwd-1 CRUISE 2/4s,14,1,11.124,11.594,-4.570,-1.369,-1.216,-0.004,0.7152
1786528255.598,36.400,ENGAGED,6/12 fwd-1 CRUISE 2/4s,14,1,10.966,11.463,-4.571,-1.402,-1.233,-0.005,0.7163
1786528255.698,36.500,ENGAGED,6/12 fwd-1 CRUISE 2/4s,14,1,10.811,11.336,-4.572,-1.460,-1.256,-0.003,0.7182
1786528255.798,36.601,ENGAGED,6/12 fwd-1 CRUISE 3/4s,14,1,10.651,11.203,-4.572,-1.491,-1.246,0.005,0.7201
1786528255.898,36.700,ENGAGED,6/12 fwd-1 CRUISE 3/4s,14,1,10.497,11.070,-4.572,-1.478,-1.295,0.006,0.7207
1786528255.998,36.800,ENGAGED,6/12 fwd-1 CRUISE 3/4s,14,1,10.334,10.929,-4.572,-1.480,-1.316,0.012,0.7217
1786528256.098,36.900,ENGAGED,6/12 fwd-1 CRUISE 3/4s,14,1,10.190,10.803,-4.572,-1.520,-1.308,0.012,0.7240
1786528256.198,37.000,ENGAGED,6/12 fwd-1 CRUISE 3/4s,14,1,10.039,10.671,-4.573,-1.498,-1.307,0.015,0.7254
1786528256.298,37.100,ENGAGED,6/12 fwd-1 CRUISE 3/4s,14,1,9.863,10.518,-4.574,-1.482,-1.286,0.017,0.7239
1786528256.398,37.200,ENGAGED,6/12 fwd-1 CRUISE 3/4s,14,1,9.709,10.388,-4.574,-1.524,-1.321,0.025,0.7235
1786528256.498,37.300,ENGAGED,6/12 fwd-1 CRUISE 3/4s,14,1,9.543,10.248,-4.574,-1.552,-1.335,0.024,0.7242
1786528256.598,37.400,ENGAGED,6/12 fwd-1 CRUISE 3/4s,14,1,9.348,10.088,-4.574,-1.519,-1.336,0.017,0.7233
1786528256.698,37.500,ENGAGED,6/12 fwd-1 CRUISE 3/4s,14,1,9.185,9.953,-4.575,-1.580,-1.376,0.021,0.7232
1786528256.798,37.601,ENGAGED,6/12 fwd-1 CRUISE 4/4s,14,1,8.980,9.785,-4.575,-1.559,-1.348,0.031,0.7236
1786528256.898,37.700,ENGAGED,6/12 fwd-1 CRUISE 4/4s,14,1,8.820,9.652,-4.575,-1.553,-1.351,0.019,0.7260
1786528256.998,37.800,ENGAGED,6/12 fwd-1 CRUISE 4/4s,14,1,8.616,9.480,-4.576,-1.571,-1.322,0.018,0.7285
1786528257.098,37.900,ENGAGED,6/12 fwd-1 CRUISE 4/4s,14,1,8.460,9.347,-4.576,-1.594,-1.352,0.029,0.7271
1786528257.198,38.000,ENGAGED,6/12 fwd-1 CRUISE 4/4s,14,1,8.272,9.184,-4.576,-1.566,-1.371,0.023,0.7265
1786528257.299,38.101,ENGAGED,6/12 fwd-1 PAUSE,14,1,8.101,9.035,-4.575,-1.582,-1.381,0.012,0.7261
1786528257.398,38.200,ENGAGED,6/12 fwd-1 PAUSE,14,1,7.917,8.870,-4.576,-1.648,-1.474,0.012,0.7250
1786528257.498,38.300,ENGAGED,6/12 fwd-1 PAUSE,14,1,7.747,8.718,-4.583,-1.467,-1.324,-0.063,0.7194
1786528257.598,38.400,ENGAGED,6/12 fwd-1 PAUSE,14,1,7.576,8.565,-4.594,-1.257,-1.139,-0.065,0.7155
1786528257.698,38.500,ENGAGED,6/12 fwd-1 PAUSE,14,1,7.432,8.439,-4.601,-1.014,-0.956,-0.015,0.7143
1786528257.798,38.600,ENGAGED,6/12 fwd-1 PAUSE,14,1,7.288,8.315,-4.604,-0.908,-0.813,-0.000,0.7119
1786528257.898,38.700,ENGAGED,6/12 fwd-1 PAUSE,14,1,7.155,8.206,-4.606,-0.834,-0.692,0.006,0.7108
1786528257.998,38.800,ENGAGED,6/12 fwd-1 PAUSE,14,1,7.046,8.117,-4.608,-0.641,-0.540,0.021,0.7108
1786528258.098,38.900,ENGAGED,6/12 fwd-1 PAUSE,14,1,6.942,8.033,-4.611,-0.643,-0.503,0.012,0.7110
1786528258.198,39.000,ENGAGED,6/12 fwd-1 PAUSE,14,1,6.859,7.966,-4.614,-0.488,-0.385,0.030,0.7116
1786528258.298,39.100,ENGAGED,6/12 fwd-1 PAUSE,14,1,6.779,7.902,-4.616,-0.481,-0.371,0.029,0.7106
1786528258.398,39.200,ENGAGED,6/12 fwd-1 PAUSE,14,1,6.701,7.841,-4.619,-0.458,-0.323,0.014,0.7096
1786528258.498,39.300,ENGAGED,6/12 fwd-1 PAUSE,14,1,6.625,7.783,-4.623,-0.433,-0.300,0.029,0.7070
1786528258.597,39.400,ENGAGED,6/12 fwd-1 PAUSE,14,1,6.538,7.716,-4.628,-0.384,-0.257,0.028,0.7031
1786528258.698,39.500,ENGAGED,6/12 fwd-1 PAUSE,14,1,6.451,7.648,-4.634,-0.279,-0.216,0.026,0.6983
1786528258.798,39.600,ENGAGED,6/12 fwd-1 PAUSE,14,1,6.385,7.596,-4.640,-0.290,-0.204,0.011,0.6952
1786528258.898,39.700,ENGAGED,6/12 fwd-1 PAUSE,14,1,6.314,7.538,-4.649,-0.233,-0.152,-0.000,0.6934
1786528258.998,39.800,ENGAGED,6/12 fwd-1 PAUSE,14,1,6.249,7.486,-4.658,-0.223,-0.146,-0.010,0.6922
1786528259.098,39.900,ENGAGED,6/12 fwd-1 PAUSE,14,1,6.199,7.441,-4.665,-0.173,-0.156,0.007,0.6920
1786528259.198,40.000,ENGAGED,6/12 fwd-1 PAUSE,14,1,6.155,7.400,-4.672,-0.107,-0.118,0.005,0.6914
1786528259.298,40.101,ENGAGED,7/12 lat+1 CRUISE 0/4s,14,1,6.122,7.367,-4.679,-0.129,-0.118,0.010,0.6919
1786528259.398,40.200,ENGAGED,7/12 lat+1 CRUISE 0/4s,14,1,6.088,7.325,-4.687,-0.008,-0.173,-0.017,0.6914
1786528259.498,40.300,ENGAGED,7/12 lat+1 CRUISE 0/4s,14,1,6.058,7.294,-4.699,-0.184,0.002,-0.049,0.6950
1786528259.598,40.400,ENGAGED,7/12 lat+1 CRUISE 0/4s,14,1,6.010,7.284,-4.712,-0.363,0.233,-0.039,0.6996
1786528259.698,40.500,ENGAGED,7/12 lat+1 CRUISE 0/4s,14,1,5.949,7.300,-4.721,-0.509,0.423,-0.000,0.7025
1786528259.798,40.601,ENGAGED,7/12 lat+1 CRUISE 1/4s,14,1,5.886,7.332,-4.726,-0.581,0.632,-0.001,0.7074
1786528259.898,40.700,ENGAGED,7/12 lat+1 CRUISE 1/4s,14,1,5.806,7.382,-4.731,-0.763,0.735,-0.002,0.7119
1786528259.998,40.800,ENGAGED,7/12 lat+1 CRUISE 1/4s,14,1,5.716,7.445,-4.734,-0.826,0.885,0.017,0.7170
1786528260.098,40.900,ENGAGED,7/12 lat+1 CRUISE 1/4s,14,1,5.628,7.514,-4.737,-0.938,0.962,0.018,0.7229
1786528260.198,41.000,ENGAGED,7/12 lat+1 CRUISE 1/4s,14,1,5.519,7.611,-4.740,-0.975,1.063,0.019,0.7284
1786528260.298,41.100,ENGAGED,7/12 lat+1 CRUISE 1/4s,14,1,5.431,7.695,-4.743,-1.001,1.166,0.022,0.7318
1786528260.398,41.200,ENGAGED,7/12 lat+1 CRUISE 1/4s,14,1,5.319,7.805,-4.748,-1.117,1.189,0.008,0.7355
1786528260.498,41.300,ENGAGED,7/12 lat+1 CRUISE 1/4s,14,1,5.210,7.919,-4.753,-1.118,1.262,0.017,0.7388
1786528260.598,41.400,ENGAGED,7/12 lat+1 CRUISE 1/4s,14,1,5.102,8.033,-4.759,-1.125,1.291,0.021,0.7402
1786528260.698,41.500,ENGAGED,7/12 lat+1 CRUISE 1/4s,14,1,4.991,8.150,-4.763,-1.176,1.315,0.032,0.7420
1786528260.798,41.601,ENGAGED,7/12 lat+1 CRUISE 2/4s,14,1,4.876,8.275,-4.766,-1.171,1.337,0.038,0.7446
1786528260.898,41.700,ENGAGED,7/12 lat+1 CRUISE 2/4s,14,1,4.751,8.408,-4.768,-1.228,1.392,0.055,0.7487
1786528260.998,41.800,ENGAGED,7/12 lat+1 CRUISE 2/4s,14,1,4.625,8.536,-4.768,-1.252,1.386,0.040,0.7508
1786528261.098,41.900,ENGAGED,7/12 lat+1 CRUISE 2/4s,14,1,4.491,8.671,-4.767,-1.286,1.405,0.054,0.7501
1786528261.198,42.000,ENGAGED,7/12 lat+1 CRUISE 2/4s,14,1,4.349,8.818,-4.766,-1.304,1.398,0.047,0.7503
1786528261.298,42.100,ENGAGED,7/12 lat+1 CRUISE 2/4s,14,1,4.218,8.949,-4.764,-1.332,1.408,0.042,0.7476
1786528261.398,42.200,ENGAGED,7/12 lat+1 CRUISE 2/4s,14,1,4.081,9.087,-4.760,-1.330,1.410,0.052,0.7455
1786528261.498,42.300,ENGAGED,7/12 lat+1 CRUISE 2/4s,14,1,3.950,9.220,-4.756,-1.340,1.453,0.055,0.7432
1786528261.598,42.400,ENGAGED,7/12 lat+1 CRUISE 2/4s,14,1,3.793,9.379,-4.750,-1.344,1.477,0.064,0.7401
1786528261.698,42.500,ENGAGED,7/12 lat+1 CRUISE 2/4s,14,1,3.642,9.528,-4.743,-1.352,1.496,0.077,0.7349
1786528261.798,42.601,ENGAGED,7/12 lat+1 CRUISE 3/4s,14,1,3.495,9.678,-4.735,-1.390,1.498,0.085,0.7312
1786528261.898,42.700,ENGAGED,7/12 lat+1 CRUISE 3/4s,14,1,3.348,9.830,-4.727,-1.325,1.496,0.068,0.7263
1786528261.998,42.800,ENGAGED,7/12 lat+1 CRUISE 3/4s,14,1,3.201,9.987,-4.721,-1.388,1.481,0.059,0.7243
1786528262.098,42.900,ENGAGED,7/12 lat+1 CRUISE 3/4s,14,1,3.059,10.143,-4.714,-1.369,1.514,0.063,0.7245
1786528262.198,43.000,ENGAGED,7/12 lat+1 CRUISE 3/4s,14,1,2.916,10.306,-4.708,-1.380,1.522,0.053,0.7263
1786528262.298,43.100,ENGAGED,7/12 lat+1 CRUISE 3/4s,14,1,2.779,10.465,-4.703,-1.333,1.570,0.051,0.7259
1786528262.398,43.200,ENGAGED,7/12 lat+1 CRUISE 3/4s,14,1,2.627,10.646,-4.697,-1.302,1.550,0.051,0.7231
1786528262.498,43.300,ENGAGED,7/12 lat+1 CRUISE 3/4s,14,1,2.501,10.796,-4.692,-1.349,1.559,0.047,0.7198
1786528262.598,43.400,ENGAGED,7/12 lat+1 CRUISE 3/4s,14,1,2.343,10.986,-4.686,-1.304,1.584,0.042,0.7168
1786528262.698,43.500,ENGAGED,7/12 lat+1 CRUISE 3/4s,14,1,2.212,11.140,-4.682,-1.330,1.576,0.024,0.7148
1786528262.798,43.601,ENGAGED,7/12 lat+1 CRUISE 4/4s,14,1,2.065,11.317,-4.678,-1.302,1.596,0.036,0.7136
1786528262.898,43.700,ENGAGED,7/12 lat+1 CRUISE 4/4s,14,1,1.904,11.506,-4.673,-1.337,1.589,0.016,0.7150
1786528262.998,43.800,ENGAGED,7/12 lat+1 CRUISE 4/4s,14,1,1.738,11.695,-4.667,-1.304,1.622,0.030,0.7171
1786528263.098,43.900,ENGAGED,7/12 lat+1 CRUISE 4/4s,14,1,1.608,11.844,-4.662,-1.322,1.586,0.027,0.7187
1786528263.198,44.000,ENGAGED,7/12 lat+1 CRUISE 4/4s,14,1,1.481,11.993,-4.656,-1.321,1.563,0.044,0.7187
1786528263.298,44.101,ENGAGED,7/12 lat+1 PAUSE,14,1,1.336,12.164,-4.649,-1.300,1.560,0.043,0.7179
1786528263.398,44.200,ENGAGED,7/12 lat+1 PAUSE,14,1,1.202,12.323,-4.643,-1.424,1.623,0.019,0.7221
1786528263.498,44.300,ENGAGED,7/12 lat+1 PAUSE,14,1,1.064,12.485,-4.643,-1.241,1.462,-0.032,0.7226
1786528263.598,44.400,ENGAGED,7/12 lat+1 PAUSE,14,1,0.943,12.624,-4.645,-1.056,1.226,-0.013,0.7223
1786528263.698,44.500,ENGAGED,7/12 lat+1 PAUSE,14,1,0.837,12.744,-4.644,-0.886,1.014,0.023,0.7232
1786528263.798,44.600,ENGAGED,7/12 lat+1 PAUSE,14,1,0.746,12.842,-4.641,-0.798,0.846,0.038,0.7242
1786528263.898,44.700,ENGAGED,7/12 lat+1 PAUSE,14,1,0.652,12.942,-4.636,-0.660,0.724,0.048,0.7227
1786528263.998,44.800,ENGAGED,7/12 lat+1 PAUSE,14,1,0.558,13.037,-4.631,-0.542,0.598,0.046,0.7208
1786528264.098,44.900,ENGAGED,7/12 lat+1 PAUSE,14,1,0.493,13.104,-4.629,-0.472,0.524,0.016,0.7186
1786528264.198,45.000,ENGAGED,7/12 lat+1 PAUSE,14,1,0.421,13.177,-4.627,-0.412,0.423,0.015,0.7172
1786528264.298,45.100,ENGAGED,7/12 lat+1 PAUSE,14,1,0.366,13.232,-4.627,-0.356,0.369,0.013,0.7154
1786528264.398,45.200,ENGAGED,7/12 lat+1 PAUSE,14,1,0.296,13.299,-4.627,-0.337,0.338,-0.000,0.7149
1786528264.498,45.300,ENGAGED,7/12 lat+1 PAUSE,14,1,0.241,13.352,-4.628,-0.256,0.297,-0.001,0.7166
1786528264.598,45.400,ENGAGED,7/12 lat+1 PAUSE,14,1,0.174,13.414,-4.630,-0.253,0.247,-0.004,0.7177
1786528264.698,45.500,ENGAGED,7/12 lat+1 PAUSE,14,1,0.123,13.460,-4.633,-0.239,0.227,-0.004,0.7176
1786528264.798,45.600,ENGAGED,7/12 lat+1 PAUSE,14,1,0.060,13.513,-4.637,-0.214,0.188,-0.015,0.7175
1786528264.898,45.700,ENGAGED,7/12 lat+1 PAUSE,14,1,0.005,13.558,-4.642,-0.151,0.197,-0.004,0.7164
1786528264.998,45.800,ENGAGED,7/12 lat+1 PAUSE,14,1,-0.045,13.602,-4.647,-0.131,0.182,-0.003,0.7158
1786528265.098,45.900,ENGAGED,7/12 lat+1 PAUSE,14,1,-0.089,13.639,-4.652,-0.170,0.172,-0.007,0.7161
1786528265.198,46.000,ENGAGED,7/12 lat+1 PAUSE,14,1,-0.133,13.675,-4.658,-0.114,0.147,-0.005,0.7152
1786528265.298,46.101,ENGAGED,8/12 lat-1 CRUISE 0/4s,14,1,-0.168,13.704,-4.662,-0.098,0.123,-0.003,0.7151
1786528265.398,46.200,ENGAGED,8/12 lat-1 CRUISE 0/4s,14,1,-0.203,13.732,-4.667,-0.192,0.194,-0.034,0.7178
1786528265.498,46.300,ENGAGED,8/12 lat-1 CRUISE 0/4s,14,1,-0.240,13.757,-4.677,-0.064,-0.010,-0.072,0.7187
1786528265.598,46.400,ENGAGED,8/12 lat-1 CRUISE 0/4s,14,1,-0.263,13.760,-4.689,0.208,-0.241,-0.034,0.7212
1786528265.698,46.500,ENGAGED,8/12 lat-1 CRUISE 0/4s,14,1,-0.259,13.736,-4.697,0.334,-0.461,-0.022,0.7243
1786528265.798,46.601,ENGAGED,8/12 lat-1 CRUISE 1/4s,14,1,-0.234,13.690,-4.705,0.526,-0.634,-0.015,0.7256
1786528265.898,46.700,ENGAGED,8/12 lat-1 CRUISE 1/4s,14,1,-0.206,13.645,-4.711,0.618,-0.752,-0.020,0.7258
1786528265.998,46.800,ENGAGED,8/12 lat-1 CRUISE 1/4s,14,1,-0.151,13.563,-4.719,0.736,-0.885,-0.020,0.7251
1786528266.098,46.900,ENGAGED,8/12 lat-1 CRUISE 1/4s,14,1,-0.092,13.479,-4.726,0.883,-1.007,-0.003,0.7247
1786528266.198,47.000,ENGAGED,8/12 lat-1 CRUISE 1/4s,14,1,-0.022,13.387,-4.733,0.967,-1.057,-0.012,0.7239
1786528266.298,47.100,ENGAGED,8/12 lat-1 CRUISE 1/4s,14,1,0.056,13.284,-4.741,0.947,-1.171,-0.023,0.7213
1786528266.398,47.200,ENGAGED,8/12 lat-1 CRUISE 1/4s,14,1,0.135,13.176,-4.748,1.003,-1.246,-0.022,0.7188
1786528266.498,47.300,ENGAGED,8/12 lat-1 CRUISE 1/4s,14,1,0.217,13.064,-4.756,1.084,-1.274,-0.010,0.7181
1786528266.598,47.400,ENGAGED,8/12 lat-1 CRUISE 1/4s,14,1,0.307,12.945,-4.764,1.132,-1.317,-0.012,0.7172
1786528266.698,47.500,ENGAGED,8/12 lat-1 CRUISE 1/4s,14,1,0.403,12.819,-4.772,1.142,-1.346,-0.010,0.7171
1786528266.798,47.601,ENGAGED,8/12 lat-1 CRUISE 2/4s,14,1,0.510,12.686,-4.779,1.159,-1.407,-0.002,0.7160
1786528266.898,47.700,ENGAGED,8/12 lat-1 CRUISE 2/4s,14,1,0.614,12.555,-4.785,1.231,-1.402,-0.010,0.7151
1786528266.998,47.800,ENGAGED,8/12 lat-1 CRUISE 2/4s,14,1,0.722,12.422,-4.791,1.252,-1.440,-0.011,0.7140
1786528267.097,47.900,ENGAGED,8/12 lat-1 CRUISE 2/4s,14,1,0.843,12.272,-4.796,1.310,-1.443,0.001,0.7144
1786528267.198,48.000,ENGAGED,8/12 lat-1 CRUISE 2/4s,14,1,0.958,12.135,-4.800,1.299,-1.493,0.004,0.7128
1786528267.298,48.100,ENGAGED,8/12 lat-1 CRUISE 2/4s,14,1,1.075,11.994,-4.803,1.297,-1.486,0.007,0.7114
1786528267.398,48.200,ENGAGED,8/12 lat-1 CRUISE 2/4s,14,1,1.191,11.852,-4.806,1.289,-1.473,0.010,0.7129
1786528267.498,48.300,ENGAGED,8/12 lat-1 CRUISE 2/4s,14,1,1.308,11.711,-4.809,1.282,-1.526,0.008,0.7148
1786528267.598,48.400,ENGAGED,8/12 lat-1 CRUISE 2/4s,14,1,1.438,11.551,-4.812,1.294,-1.500,0.011,0.7154
1786528267.698,48.500,ENGAGED,8/12 lat-1 CRUISE 2/4s,14,1,1.560,11.401,-4.814,1.331,-1.497,0.018,0.7148
1786528267.798,48.601,ENGAGED,8/12 lat-1 CRUISE 3/4s,14,1,1.692,11.240,-4.816,1.334,-1.522,0.019,0.7135
1786528267.898,48.700,ENGAGED,8/12 lat-1 CRUISE 3/4s,14,1,1.808,11.098,-4.818,1.311,-1.539,0.014,0.7121
1786528267.998,48.800,ENGAGED,8/12 lat-1 CRUISE 3/4s,14,1,1.933,10.939,-4.820,1.304,-1.542,0.017,0.7132
1786528268.098,48.900,ENGAGED,8/12 lat-1 CRUISE 3/4s,14,1,2.076,10.762,-4.822,1.360,-1.523,0.018,0.7144
1786528268.198,49.000,ENGAGED,8/12 lat-1 CRUISE 3/4s,14,1,2.205,10.602,-4.823,1.344,-1.529,0.019,0.7152
1786528268.298,49.100,ENGAGED,8/12 lat-1 CRUISE 3/4s,14,1,2.330,10.441,-4.825,1.347,-1.540,0.012,0.7159
1786528268.398,49.200,ENGAGED,8/12 lat-1 CRUISE 3/4s,14,1,2.461,10.274,-4.827,1.336,-1.555,0.011,0.7169
1786528268.498,49.300,ENGAGED,8/12 lat-1 CRUISE 3/4s,14,1,2.609,10.086,-4.830,1.365,-1.547,0.009,0.7178
1786528268.598,49.400,ENGAGED,8/12 lat-1 CRUISE 3/4s,14,1,2.731,9.934,-4.833,1.324,-1.597,0.001,0.7175
1786528268.698,49.500,ENGAGED,8/12 lat-1 CRUISE 3/4s,14,1,2.886,9.741,-4.838,1.323,-1.591,0.006,0.7196
1786528268.799,49.601,ENGAGED,8/12 lat-1 CRUISE 4/4s,14,1,3.029,9.565,-4.841,1.327,-1.603,0.009,0.7224
1786528268.898,49.700,ENGAGED,8/12 lat-1 CRUISE 4/4s,14,1,3.180,9.377,-4.847,1.364,-1.612,-0.002,0.7255
1786528268.998,49.800,ENGAGED,8/12 lat-1 CRUISE 4/4s,14,1,3.326,9.198,-4.853,1.378,-1.599,-0.004,0.7275
1786528269.098,49.900,ENGAGED,8/12 lat-1 CRUISE 4/4s,14,1,3.477,9.019,-4.860,1.400,-1.590,0.004,0.7291
1786528269.198,50.000,ENGAGED,8/12 lat-1 CRUISE 4/4s,14,1,3.624,8.846,-4.866,1.401,-1.635,0.007,0.7306
1786528269.298,50.101,ENGAGED,8/12 lat-1 PAUSE,14,1,3.782,8.657,-4.873,1.361,-1.622,-0.008,0.7295
1786528269.398,50.200,ENGAGED,8/12 lat-1 PAUSE,14,1,3.932,8.473,-4.879,1.442,-1.683,-0.029,0.7261
1786528269.498,50.300,ENGAGED,8/12 lat-1 PAUSE,14,1,4.067,8.307,-4.888,1.272,-1.493,-0.059,0.7261
1786528269.598,50.400,ENGAGED,8/12 lat-1 PAUSE,14,1,4.189,8.148,-4.898,1.086,-1.269,-0.039,0.7246
1786528269.698,50.500,ENGAGED,8/12 lat-1 PAUSE,14,1,4.285,8.021,-4.905,0.879,-1.146,-0.026,0.7211
1786528269.798,50.600,ENGAGED,8/12 lat-1 PAUSE,14,1,4.396,7.881,-4.911,0.762,-0.950,-0.010,0.7187
1786528269.898,50.700,ENGAGED,8/12 lat-1 PAUSE,14,1,4.497,7.756,-4.916,0.628,-0.796,-0.004,0.7176
1786528269.998,50.800,ENGAGED,8/12 lat-1 PAUSE,14,1,4.584,7.656,-4.921,0.552,-0.680,-0.009,0.7174
1786528270.098,50.900,ENGAGED,8/12 lat-1 PAUSE,14,1,4.669,7.565,-4.926,0.439,-0.561,0.003,0.7173
1786528270.198,51.000,ENGAGED,8/12 lat-1 PAUSE,14,1,4.729,7.497,-4.930,0.433,-0.492,0.001,0.7176
1786528270.298,51.100,ENGAGED,8/12 lat-1 PAUSE,14,1,4.792,7.424,-4.936,0.366,-0.408,-0.001,0.7208
1786528270.398,51.200,ENGAGED,8/12 lat-1 PAUSE,14,1,4.847,7.361,-4.941,0.302,-0.372,-0.009,0.7230
1786528270.498,51.300,ENGAGED,8/12 lat-1 PAUSE,14,1,4.905,7.292,-4.947,0.260,-0.342,-0.010,0.7209
1786528270.598,51.400,ENGAGED,8/12 lat-1 PAUSE,14,1,4.954,7.232,-4.953,0.278,-0.256,-0.005,0.7202
1786528270.698,51.500,ENGAGED,8/12 lat-1 PAUSE,14,1,5.010,7.169,-4.960,0.224,-0.256,-0.001,0.7190
1786528270.798,51.600,ENGAGED,8/12 lat-1 PAUSE,14,1,5.058,7.112,-4.967,0.228,-0.226,-0.007,0.7183
1786528270.898,51.700,ENGAGED,8/12 lat-1 PAUSE,14,1,5.101,7.060,-4.973,0.175,-0.247,-0.005,0.7199
1786528270.998,51.800,ENGAGED,8/12 lat-1 PAUSE,14,1,5.136,7.017,-4.979,0.147,-0.202,-0.007,0.7204
1786528271.098,51.900,ENGAGED,8/12 lat-1 PAUSE,14,1,5.173,6.971,-4.986,0.151,-0.204,-0.009,0.7221
1786528271.198,52.000,ENGAGED,8/12 lat-1 PAUSE,14,1,5.205,6.934,-4.991,0.137,-0.199,0.003,0.7228
1786528271.298,52.101,ENGAGED,9/12 lat+1 CRUISE 0/4s,14,1,5.232,6.901,-4.997,0.100,-0.175,-0.007,0.7231
1786528271.398,52.200,ENGAGED,9/12 lat+1 CRUISE 0/4s,14,1,5.263,6.866,-5.004,0.146,-0.218,-0.050,0.7212
1786528271.498,52.300,ENGAGED,9/12 lat+1 CRUISE 0/4s,14,1,5.286,6.842,-5.017,-0.033,0.026,-0.082,0.7216
1786528271.598,52.400,ENGAGED,9/12 lat+1 CRUISE 0/4s,14,1,5.284,6.847,-5.029,-0.218,0.235,-0.064,0.7194
1786528271.698,52.500,ENGAGED,9/12 lat+1 CRUISE 0/4s,14,1,5.266,6.870,-5.038,-0.437,0.409,-0.037,0.7183
1786528271.798,52.601,ENGAGED,9/12 lat+1 CRUISE 1/4s,14,1,5.235,6.914,-5.044,-0.513,0.589,-0.018,0.7212
1786528271.898,52.700,ENGAGED,9/12 lat+1 CRUISE 1/4s,14,1,5.194,6.965,-5.047,-0.672,0.718,0.004,0.7238
1786528271.998,52.800,ENGAGED,9/12 lat+1 CRUISE 1/4s,14,1,5.132,7.043,-5.050,-0.769,0.865,0.008,0.7247
1786528272.098,52.900,ENGAGED,9/12 lat+1 CRUISE 1/4s,14,1,5.069,7.121,-5.051,-0.860,0.981,0.034,0.7249
1786528272.198,53.000,ENGAGED,9/12 lat+1 CRUISE 1/4s,14,1,4.980,7.228,-5.051,-0.928,1.061,0.044,0.7261
1786528272.298,53.100,ENGAGED,9/12 lat+1 CRUISE 1/4s,14,1,4.893,7.332,-5.052,-1.026,1.126,0.033,0.7263
1786528272.398,53.200,ENGAGED,9/12 lat+1 CRUISE 1/4s,14,1,4.800,7.439,-5.053,-1.095,1.192,0.028,0.7264
1786528272.498,53.300,ENGAGED,9/12 lat+1 CRUISE 1/4s,14,1,4.709,7.543,-5.054,-1.132,1.230,0.021,0.7247
1786528272.598,53.400,ENGAGED,9/12 lat+1 CRUISE 1/4s,14,1,4.607,7.658,-5.056,-1.140,1.268,0.035,0.7248
1786528272.698,53.500,ENGAGED,9/12 lat+1 CRUISE 1/4s,14,1,4.493,7.781,-5.057,-1.196,1.287,0.023,0.7259
1786528272.798,53.601,ENGAGED,9/12 lat+1 CRUISE 2/4s,14,1,4.383,7.897,-5.058,-1.215,1.314,0.024,0.7259
1786528272.898,53.700,ENGAGED,9/12 lat+1 CRUISE 2/4s,14,1,4.247,8.038,-5.058,-1.239,1.333,0.031,0.7253
1786528272.998,53.800,ENGAGED,9/12 lat+1 CRUISE 2/4s,14,1,4.129,8.158,-5.059,-1.246,1.350,0.015,0.7255
1786528273.098,53.900,ENGAGED,9/12 lat+1 CRUISE 2/4s,14,1,4.003,8.284,-5.060,-1.278,1.370,-0.005,0.7249
1786528273.198,54.000,ENGAGED,9/12 lat+1 CRUISE 2/4s,14,1,3.862,8.427,-5.063,-1.289,1.385,-0.036,0.7228
1786528273.298,54.100,ENGAGED,9/12 lat+1 CRUISE 2/4s,14,1,3.752,8.542,-5.066,-1.299,1.389,-0.021,0.7239
1786528273.398,54.200,ENGAGED,9/12 lat+1 CRUISE 2/4s,14,1,3.623,8.674,-5.067,-1.299,1.418,-0.008,0.7249
1786528273.498,54.300,ENGAGED,9/12 lat+1 CRUISE 2/4s,14,1,3.481,8.821,-5.067,-1.260,1.427,0.003,0.7227
1786528273.598,54.400,ENGAGED,9/12 lat+1 CRUISE 2/4s,14,1,3.352,8.967,-5.066,-1.286,1.408,-0.013,0.7229
1786528273.698,54.500,ENGAGED,9/12 lat+1 CRUISE 2/4s,14,1,3.225,9.113,-5.064,-1.258,1.456,-0.005,0.7248
1786528273.799,54.601,ENGAGED,9/12 lat+1 CRUISE 3/4s,14,1,3.095,9.261,-5.061,-1.266,1.451,-0.000,0.7236
1786528273.898,54.700,ENGAGED,9/12 lat+1 CRUISE 3/4s,14,1,2.948,9.427,-5.056,-1.263,1.460,0.022,0.7231
1786528273.998,54.800,ENGAGED,9/12 lat+1 CRUISE 3/4s,14,1,2.821,9.569,-5.053,-1.329,1.468,-0.010,0.7234
1786528274.098,54.900,ENGAGED,9/12 lat+1 CRUISE 3/4s,14,1,2.677,9.726,-5.050,-1.344,1.473,-0.007,0.7252
1786528274.198,55.000,ENGAGED,9/12 lat+1 CRUISE 3/4s,14,1,2.530,9.881,-5.046,-1.343,1.471,0.000,0.7272
1786528274.298,55.100,ENGAGED,9/12 lat+1 CRUISE 3/4s,14,1,2.396,10.021,-5.042,-1.359,1.479,0.005,0.7275
1786528274.398,55.200,ENGAGED,9/12 lat+1 CRUISE 3/4s,14,1,2.230,10.189,-5.035,-1.375,1.474,0.005,0.7279
1786528274.498,55.300,ENGAGED,9/12 lat+1 CRUISE 3/4s,14,1,2.081,10.342,-5.029,-1.425,1.496,0.009,0.7261
1786528274.598,55.400,ENGAGED,9/12 lat+1 CRUISE 3/4s,14,1,1.917,10.506,-5.022,-1.423,1.507,0.016,0.7247
1786528274.698,55.500,ENGAGED,9/12 lat+1 CRUISE 3/4s,14,1,1.757,10.667,-5.013,-1.428,1.495,0.040,0.7271
1786528274.798,55.601,ENGAGED,9/12 lat+1 CRUISE 4/4s,14,1,1.595,10.831,-5.003,-1.439,1.494,0.037,0.7261
1786528274.898,55.700,ENGAGED,9/12 lat+1 CRUISE 4/4s,14,1,1.440,10.993,-4.995,-1.455,1.499,0.031,0.7229
1786528274.998,55.800,ENGAGED,9/12 lat+1 CRUISE 4/4s,14,1,1.268,11.175,-4.985,-1.442,1.549,0.037,0.7236
1786528275.098,55.900,ENGAGED,9/12 lat+1 CRUISE 4/4s,14,1,1.128,11.328,-4.977,-1.424,1.568,0.038,0.7230
1786528275.198,56.000,ENGAGED,9/12 lat+1 CRUISE 4/4s,14,1,0.947,11.527,-4.966,-1.414,1.592,0.016,0.7264
1786528275.298,56.101,ENGAGED,9/12 lat+1 PAUSE,14,1,0.820,11.666,-4.959,-1.435,1.589,0.011,0.7294
1786528275.397,56.200,ENGAGED,9/12 lat+1 PAUSE,14,1,0.644,11.861,-4.950,-1.444,1.671,-0.005,0.7297
1786528275.498,56.300,ENGAGED,9/12 lat+1 PAUSE,14,1,0.506,12.016,-4.947,-1.275,1.549,-0.029,0.7224
1786528275.598,56.400,ENGAGED,9/12 lat+1 PAUSE,14,1,0.353,12.187,-4.943,-1.098,1.277,-0.011,0.7161
1786528275.698,56.500,ENGAGED,9/12 lat+1 PAUSE,14,1,0.244,12.307,-4.937,-0.946,1.121,0.022,0.7151
1786528275.797,56.600,ENGAGED,9/12 lat+1 PAUSE,14,1,0.130,12.429,-4.929,-0.828,0.948,0.039,0.7146
1786528275.898,56.700,ENGAGED,9/12 lat+1 PAUSE,14,1,0.041,12.524,-4.922,-0.680,0.850,0.043,0.7160
1786528275.998,56.800,ENGAGED,9/12 lat+1 PAUSE,14,1,-0.066,12.639,-4.914,-0.568,0.726,0.032,0.7181
1786528276.098,56.900,ENGAGED,9/12 lat+1 PAUSE,14,1,-0.135,12.715,-4.909,-0.535,0.635,-0.005,0.7184
1786528276.198,57.000,ENGAGED,9/12 lat+1 PAUSE,14,1,-0.211,12.802,-4.905,-0.449,0.575,-0.001,0.7187
1786528276.298,57.100,ENGAGED,9/12 lat+1 PAUSE,14,1,-0.268,12.869,-4.903,-0.360,0.491,-0.006,0.7172
1786528276.398,57.200,ENGAGED,9/12 lat+1 PAUSE,14,1,-0.330,12.948,-4.901,-0.304,0.477,-0.011,0.7146
1786528276.497,57.300,ENGAGED,9/12 lat+1 PAUSE,14,1,-0.379,13.009,-4.899,-0.270,0.412,-0.018,0.7149
1786528276.597,57.400,ENGAGED,9/12 lat+1 PAUSE,14,1,-0.434,13.081,-4.900,-0.225,0.429,-0.019,0.7142
1786528276.697,57.500,ENGAGED,9/12 lat+1 PAUSE,14,1,-0.473,13.134,-4.902,-0.261,0.357,-0.027,0.7122
1786528276.797,57.600,ENGAGED,9/12 lat+1 PAUSE,14,1,-0.522,13.200,-4.905,-0.229,0.359,-0.038,0.7125
1786528276.898,57.700,ENGAGED,9/12 lat+1 PAUSE,14,1,-0.566,13.260,-4.908,-0.201,0.357,-0.022,0.7131
1786528276.998,57.800,ENGAGED,9/12 lat+1 PAUSE,14,1,-0.600,13.309,-4.911,-0.226,0.291,-0.020,0.7140
1786528277.097,57.900,ENGAGED,9/12 lat+1 PAUSE,14,1,-0.634,13.361,-4.912,-0.179,0.278,0.006,0.7146
1786528277.197,58.000,ENGAGED,9/12 lat+1 PAUSE,14,1,-0.662,13.398,-4.913,-0.150,0.278,-0.011,0.7149
1786528277.298,58.101,ENGAGED,10/12 lat-1 CRUISE 0/4s,14,1,-0.687,13.436,-4.915,-0.123,0.204,-0.012,0.7149
1786528277.398,58.200,ENGAGED,10/12 lat-1 CRUISE 0/4s,14,1,-0.712,13.473,-4.917,-0.142,0.295,-0.030,0.7183
1786528277.498,58.300,ENGAGED,10/12 lat-1 CRUISE 0/4s,14,1,-0.732,13.502,-4.926,0.003,0.117,-0.095,0.7164
1786528277.598,58.400,ENGAGED,10/12 lat-1 CRUISE 0/4s,14,1,-0.734,13.508,-4.935,0.213,-0.159,-0.043,0.7132
1786528277.698,58.500,ENGAGED,10/12 lat-1 CRUISE 0/4s,14,1,-0.718,13.487,-4.941,0.347,-0.403,-0.033,0.7128
1786528277.798,58.601,ENGAGED,10/12 lat-1 CRUISE 1/4s,14,1,-0.693,13.454,-4.945,0.473,-0.587,-0.010,0.7137
1786528277.898,58.700,ENGAGED,10/12 lat-1 CRUISE 1/4s,14,1,-0.656,13.405,-4.950,0.634,-0.686,-0.009,0.7142
1786528277.998,58.800,ENGAGED,10/12 lat-1 CRUISE 1/4s,14,1,-0.599,13.330,-4.955,0.703,-0.873,0.001,0.7140
1786528278.098,58.900,ENGAGED,10/12 lat-1 CRUISE 1/4s,14,1,-0.543,13.256,-4.957,0.791,-0.963,0.020,0.7151
1786528278.198,59.000,ENGAGED,10/12 lat-1 CRUISE 1/4s,14,1,-0.487,13.182,-4.959,0.884,-1.037,0.047,0.7154
1786528278.298,59.100,ENGAGED,10/12 lat-1 CRUISE 1/4s,14,1,-0.411,13.085,-4.959,0.912,-1.135,0.058,0.7176
1786528278.398,59.200,ENGAGED,10/12 lat-1 CRUISE 1/4s,14,1,-0.328,12.984,-4.958,1.017,-1.152,0.060,0.7180
1786528278.498,59.300,ENGAGED,10/12 lat-1 CRUISE 1/4s,14,1,-0.239,12.877,-4.957,1.038,-1.221,0.055,0.7166
1786528278.598,59.400,ENGAGED,10/12 lat-1 CRUISE 1/4s,14,1,-0.144,12.764,-4.957,1.121,-1.249,0.052,0.7160
1786528278.698,59.500,ENGAGED,10/12 lat-1 CRUISE 1/4s,14,1,-0.058,12.663,-4.958,1.131,-1.296,0.047,0.7167
1786528278.798,59.601,ENGAGED,10/12 lat-1 CRUISE 2/4s,14,1,0.056,12.533,-4.960,1.138,-1.330,0.028,0.7197
1786528278.898,59.700,ENGAGED,10/12 lat-1 CRUISE 2/4s,14,1,0.163,12.410,-4.962,1.188,-1.350,0.020,0.7209
1786528278.998,59.800,ENGAGED,10/12 lat-1 CRUISE 2/4s,14,1,0.280,12.281,-4.965,1.230,-1.342,0.022,0.7205
1786528279.098,59.900,ENGAGED,10/12 lat-1 CRUISE 2/4s,14,1,0.387,12.161,-4.968,1.211,-1.357,0.003,0.7207
1786528279.198,60.000,ENGAGED,10/12 lat-1 CRUISE 2/4s,14,1,0.501,12.034,-4.973,1.180,-1.378,-0.008,0.7168
1786528279.297,60.100,ENGAGED,10/12 lat-1 CRUISE 2/4s,14,1,0.610,11.904,-4.979,1.174,-1.402,-0.014,0.7142
1786528279.398,60.200,ENGAGED,10/12 lat-1 CRUISE 2/4s,14,1,0.720,11.770,-4.985,1.136,-1.429,-0.029,0.7104
1786528279.498,60.300,ENGAGED,10/12 lat-1 CRUISE 2/4s,14,1,0.828,11.629,-4.991,1.139,-1.437,-0.028,0.7111
1786528279.597,60.400,ENGAGED,10/12 lat-1 CRUISE 2/4s,14,1,0.946,11.473,-4.998,1.157,-1.431,-0.019,0.7072
1786528279.698,60.500,ENGAGED,10/12 lat-1 CRUISE 2/4s,14,1,1.061,11.318,-5.002,1.093,-1.473,-0.024,0.7045
1786528279.798,60.601,ENGAGED,10/12 lat-1 CRUISE 3/4s,14,1,1.162,11.178,-5.006,1.083,-1.502,-0.009,0.7057
1786528279.898,60.700,ENGAGED,10/12 lat-1 CRUISE 3/4s,14,1,1.271,11.026,-5.010,1.100,-1.520,-0.006,0.7113
1786528279.998,60.800,ENGAGED,10/12 lat-1 CRUISE 3/4s,14,1,1.385,10.870,-5.014,1.134,-1.541,-0.013,0.7104
1786528280.098,60.900,ENGAGED,10/12 lat-1 CRUISE 3/4s,14,1,1.518,10.688,-5.018,1.111,-1.543,-0.015,0.7066
1786528280.198,61.000,ENGAGED,10/12 lat-1 CRUISE 3/4s,14,1,1.616,10.546,-5.021,1.122,-1.547,-0.005,0.7065
1786528280.298,61.100,ENGAGED,10/12 lat-1 CRUISE 3/4s,14,1,1.727,10.386,-5.023,1.106,-1.559,0.002,0.7093
1786528280.398,61.200,ENGAGED,10/12 lat-1 CRUISE 3/4s,14,1,1.840,10.223,-5.026,1.134,-1.559,-0.005,0.7123
1786528280.498,61.300,ENGAGED,10/12 lat-1 CRUISE 3/4s,14,1,1.963,10.046,-5.029,1.112,-1.557,-0.009,0.7097
1786528280.598,61.400,ENGAGED,10/12 lat-1 CRUISE 3/4s,14,1,2.069,9.896,-5.032,1.133,-1.595,-0.005,0.7084
1786528280.698,61.500,ENGAGED,10/12 lat-1 CRUISE 3/4s,14,1,2.190,9.724,-5.037,1.098,-1.589,-0.012,0.7105
1786528280.798,61.601,ENGAGED,10/12 lat-1 CRUISE 4/4s,14,1,2.315,9.550,-5.042,1.138,-1.590,-0.029,0.7113
1786528280.898,61.700,ENGAGED,10/12 lat-1 CRUISE 4/4s,14,1,2.440,9.378,-5.048,1.141,-1.610,-0.022,0.7100
1786528280.998,61.800,ENGAGED,10/12 lat-1 CRUISE 4/4s,14,1,2.564,9.205,-5.055,1.152,-1.595,-0.022,0.7129
1786528281.098,61.900,ENGAGED,10/12 lat-1 CRUISE 4/4s,14,1,2.700,9.016,-5.062,1.166,-1.638,-0.020,0.7175
1786528281.198,62.000,ENGAGED,10/12 lat-1 CRUISE 4/4s,14,1,2.827,8.844,-5.069,1.197,-1.620,-0.039,0.7176
1786528281.298,62.101,ENGAGED,10/12 lat-1 PAUSE,14,1,2.960,8.672,-5.076,1.253,-1.621,-0.027,0.7186
1786528281.398,62.200,ENGAGED,10/12 lat-1 PAUSE,14,1,3.093,8.500,-5.085,1.321,-1.702,-0.037,0.7174
1786528281.498,62.300,ENGAGED,10/12 lat-1 PAUSE,14,1,3.230,8.329,-5.096,1.164,-1.521,-0.080,0.7198
1786528281.598,62.400,ENGAGED,10/12 lat-1 PAUSE,14,1,3.349,8.176,-5.108,0.990,-1.293,-0.064,0.7219
1786528281.698,62.500,ENGAGED,10/12 lat-1 PAUSE,14,1,3.452,8.045,-5.117,0.849,-1.093,-0.046,0.7226
1786528281.798,62.600,ENGAGED,10/12 lat-1 PAUSE,14,1,3.547,7.927,-5.125,0.739,-0.935,-0.031,0.7248
1786528281.898,62.700,ENGAGED,10/12 lat-1 PAUSE,14,1,3.630,7.815,-5.133,0.635,-0.817,-0.045,0.7244
1786528281.998,62.800,ENGAGED,10/12 lat-1 PAUSE,14,1,3.696,7.725,-5.139,0.550,-0.735,-0.041,0.7249
1786528282.098,62.900,ENGAGED,10/12 lat-1 PAUSE,14,1,3.769,7.623,-5.147,0.477,-0.654,-0.031,0.7252
1786528282.198,63.000,ENGAGED,10/12 lat-1 PAUSE,14,1,3.830,7.532,-5.155,0.435,-0.539,-0.040,0.7268
1786528282.298,63.100,ENGAGED,10/12 lat-1 PAUSE,14,1,3.872,7.467,-5.161,0.330,-0.514,-0.034,0.7259
1786528282.398,63.200,ENGAGED,10/12 lat-1 PAUSE,14,1,3.917,7.395,-5.169,0.331,-0.420,-0.044,0.7256
1786528282.498,63.300,ENGAGED,10/12 lat-1 PAUSE,14,1,3.956,7.323,-5.177,0.249,-0.401,-0.052,0.7252
1786528282.598,63.400,ENGAGED,10/12 lat-1 PAUSE,14,1,3.990,7.257,-5.184,0.225,-0.382,-0.053,0.7234
1786528282.698,63.500,ENGAGED,10/12 lat-1 PAUSE,14,1,4.023,7.192,-5.191,0.239,-0.344,-0.028,0.7223
1786528282.798,63.600,ENGAGED,10/12 lat-1 PAUSE,14,1,4.048,7.139,-5.196,0.188,-0.322,-0.040,0.7229
1786528282.898,63.700,ENGAGED,10/12 lat-1 PAUSE,14,1,4.072,7.083,-5.201,0.150,-0.287,-0.036,0.7236
1786528282.998,63.800,ENGAGED,10/12 lat-1 PAUSE,14,1,4.089,7.037,-5.206,0.153,-0.241,-0.048,0.7229
1786528283.098,63.900,ENGAGED,10/12 lat-1 PAUSE,14,1,4.110,6.983,-5.212,0.132,-0.238,-0.029,0.7217
1786528283.198,64.000,ENGAGED,10/12 lat-1 PAUSE,14,1,4.127,6.937,-5.217,0.101,-0.234,-0.028,0.7231
1786528283.298,64.101,ENGAGED,11/12 lat+1 CRUISE 0/4s,14,1,4.142,6.901,-5.220,0.079,-0.228,-0.017,0.7229
1786528283.398,64.200,ENGAGED,11/12 lat+1 CRUISE 0/4s,14,1,4.153,6.866,-5.223,0.173,-0.262,-0.049,0.7206
1786528283.498,64.300,ENGAGED,11/12 lat+1 CRUISE 0/4s,14,1,4.163,6.833,-5.232,-0.048,-0.045,-0.075,0.7223
1786528283.598,64.400,ENGAGED,11/12 lat+1 CRUISE 0/4s,14,1,4.148,6.825,-5.240,-0.262,0.198,-0.052,0.7233
1786528283.698,64.500,ENGAGED,11/12 lat+1 CRUISE 0/4s,14,1,4.121,6.835,-5.243,-0.449,0.373,-0.005,0.7230
1786528283.798,64.601,ENGAGED,11/12 lat+1 CRUISE 1/4s,14,1,4.078,6.863,-5.244,-0.549,0.566,-0.001,0.7247
1786528283.898,64.700,ENGAGED,11/12 lat+1 CRUISE 1/4s,14,1,4.031,6.903,-5.244,-0.656,0.683,0.004,0.7268
1786528283.998,64.800,ENGAGED,11/12 lat+1 CRUISE 1/4s,14,1,3.956,6.971,-5.243,-0.795,0.815,0.017,0.7282
1786528284.098,64.900,ENGAGED,11/12 lat+1 CRUISE 1/4s,14,1,3.881,7.040,-5.242,-0.863,0.924,0.012,0.7311
1786528284.198,65.000,ENGAGED,11/12 lat+1 CRUISE 1/4s,14,1,3.808,7.110,-5.241,-0.932,0.990,0.033,0.7337
1786528284.298,65.100,ENGAGED,11/12 lat+1 CRUISE 1/4s,14,1,3.710,7.199,-5.239,-1.058,1.061,0.031,0.7355
1786528284.398,65.200,ENGAGED,11/12 lat+1 CRUISE 1/4s,14,1,3.615,7.282,-5.237,-1.065,1.112,0.040,0.7363
1786528284.498,65.300,ENGAGED,11/12 lat+1 CRUISE 1/4s,14,1,3.512,7.377,-5.234,-1.079,1.163,0.055,0.7357
1786528284.598,65.400,ENGAGED,11/12 lat+1 CRUISE 1/4s,14,1,3.397,7.481,-5.231,-1.138,1.232,0.048,0.7337
1786528284.698,65.500,ENGAGED,11/12 lat+1 CRUISE 1/4s,14,1,3.284,7.589,-5.227,-1.209,1.274,0.047,0.7323
1786528284.798,65.601,ENGAGED,11/12 lat+1 CRUISE 2/4s,14,1,3.169,7.703,-5.224,-1.199,1.292,0.051,0.7315
1786528284.898,65.700,ENGAGED,11/12 lat+1 CRUISE 2/4s,14,1,3.043,7.828,-5.222,-1.216,1.360,0.035,0.7312
1786528284.998,65.800,ENGAGED,11/12 lat+1 CRUISE 2/4s,14,1,2.913,7.956,-5.221,-1.265,1.363,0.024,0.7311
1786528285.098,65.900,ENGAGED,11/12 lat+1 CRUISE 2/4s,14,1,2.789,8.083,-5.222,-1.234,1.426,0.016,0.7335
1786528285.198,66.000,ENGAGED,11/12 lat+1 CRUISE 2/4s,14,1,2.661,8.213,-5.221,-1.310,1.410,0.024,0.7364
1786528285.298,66.100,ENGAGED,11/12 lat+1 CRUISE 2/4s,14,1,2.532,8.340,-5.219,-1.324,1.426,0.022,0.7406
1786528285.398,66.200,ENGAGED,11/12 lat+1 CRUISE 2/4s,14,1,2.402,8.469,-5.216,-1.327,1.426,0.022,0.7438
1786528285.498,66.300,ENGAGED,11/12 lat+1 CRUISE 2/4s,14,1,2.268,8.601,-5.213,-1.337,1.423,0.012,0.7439
1786528285.598,66.400,ENGAGED,11/12 lat+1 CRUISE 2/4s,14,1,2.123,8.745,-5.210,-1.366,1.417,0.005,0.7395
1786528285.698,66.500,ENGAGED,11/12 lat+1 CRUISE 2/4s,14,1,2.002,8.866,-5.207,-1.363,1.456,0.010,0.7367
1786528285.798,66.601,ENGAGED,11/12 lat+1 CRUISE 3/4s,14,1,1.858,9.010,-5.202,-1.350,1.439,0.021,0.7335
1786528285.898,66.700,ENGAGED,11/12 lat+1 CRUISE 3/4s,14,1,1.720,9.154,-5.196,-1.298,1.466,0.036,0.7325
1786528285.998,66.800,ENGAGED,11/12 lat+1 CRUISE 3/4s,14,1,1.588,9.289,-5.189,-1.310,1.456,0.033,0.7338
1786528286.098,66.900,ENGAGED,11/12 lat+1 CRUISE 3/4s,14,1,1.437,9.443,-5.180,-1.313,1.455,0.043,0.7328
1786528286.198,67.000,ENGAGED,11/12 lat+1 CRUISE 3/4s,14,1,1.312,9.571,-5.172,-1.348,1.428,0.040,0.7315
1786528286.298,67.100,ENGAGED,11/12 lat+1 CRUISE 3/4s,14,1,1.176,9.711,-5.163,-1.323,1.432,0.050,0.7309
1786528286.398,67.200,ENGAGED,11/12 lat+1 CRUISE 3/4s,14,1,1.016,9.874,-5.153,-1.320,1.444,0.037,0.7288
1786528286.498,67.300,ENGAGED,11/12 lat+1 CRUISE 3/4s,14,1,0.875,10.018,-5.144,-1.367,1.425,0.052,0.7264
1786528286.598,67.400,ENGAGED,11/12 lat+1 CRUISE 3/4s,14,1,0.728,10.172,-5.134,-1.356,1.459,0.065,0.7238
1786528286.698,67.500,ENGAGED,11/12 lat+1 CRUISE 3/4s,14,1,0.590,10.315,-5.124,-1.344,1.456,0.050,0.7227
1786528286.798,67.601,ENGAGED,11/12 lat+1 CRUISE 4/4s,14,1,0.430,10.479,-5.113,-1.348,1.438,0.043,0.7225
1786528286.898,67.700,ENGAGED,11/12 lat+1 CRUISE 4/4s,14,1,0.272,10.640,-5.103,-1.325,1.450,0.022,0.7204
1786528286.998,67.800,ENGAGED,11/12 lat+1 CRUISE 4/4s,14,1,0.129,10.789,-5.096,-1.328,1.453,0.021,0.7197
1786528287.098,67.900,ENGAGED,11/12 lat+1 CRUISE 4/4s,14,1,-0.031,10.954,-5.088,-1.318,1.471,0.018,0.7228
1786528287.198,68.000,ENGAGED,11/12 lat+1 CRUISE 4/4s,14,1,-0.195,11.121,-5.079,-1.365,1.479,0.036,0.7231
1786528287.298,68.101,ENGAGED,11/12 lat+1 PAUSE,14,1,-0.357,11.293,-5.069,-1.365,1.464,0.041,0.7225
1786528287.398,68.200,ENGAGED,11/12 lat+1 PAUSE,14,1,-0.498,11.444,-5.060,-1.394,1.569,0.037,0.7241
1786528287.498,68.300,ENGAGED,11/12 lat+1 PAUSE,14,1,-0.658,11.618,-5.054,-1.232,1.356,-0.008,0.7205
1786528287.598,68.400,ENGAGED,11/12 lat+1 PAUSE,14,1,-0.769,11.740,-5.050,-1.056,1.149,0.019,0.7190
1786528287.698,68.500,ENGAGED,11/12 lat+1 PAUSE,14,1,-0.877,11.858,-5.043,-0.887,0.989,0.031,0.7214
1786528287.798,68.600,ENGAGED,11/12 lat+1 PAUSE,14,1,-0.976,11.964,-5.035,-0.709,0.843,0.030,0.7176
1786528287.898,68.700,ENGAGED,11/12 lat+1 PAUSE,14,1,-1.066,12.063,-5.027,-0.616,0.682,0.027,0.7156
1786528287.998,68.800,ENGAGED,11/12 lat+1 PAUSE,14,1,-1.142,12.146,-5.021,-0.513,0.568,0.026,0.7178
1786528288.098,68.900,ENGAGED,11/12 lat+1 PAUSE,14,1,-1.214,12.229,-5.014,-0.410,0.501,0.036,0.7215
1786528288.198,69.000,ENGAGED,11/12 lat+1 PAUSE,14,1,-1.275,12.303,-5.008,-0.339,0.418,0.033,0.7208
1786528288.297,69.100,ENGAGED,11/12 lat+1 PAUSE,14,1,-1.319,12.358,-5.003,-0.316,0.395,0.019,0.7205
1786528288.398,69.200,ENGAGED,11/12 lat+1 PAUSE,14,1,-1.375,12.434,-4.996,-0.238,0.337,0.027,0.7204
1786528288.497,69.300,ENGAGED,11/12 lat+1 PAUSE,14,1,-1.424,12.501,-4.992,-0.220,0.310,0.015,0.7203
1786528288.597,69.400,ENGAGED,11/12 lat+1 PAUSE,14,1,-1.465,12.561,-4.989,-0.180,0.238,0.016,0.7206
1786528288.698,69.500,ENGAGED,11/12 lat+1 PAUSE,14,1,-1.496,12.608,-4.986,-0.121,0.226,0.009,0.7204
1786528288.797,69.600,ENGAGED,11/12 lat+1 PAUSE,14,1,-1.527,12.659,-4.983,-0.087,0.222,0.024,0.7225
1786528288.898,69.700,ENGAGED,11/12 lat+1 PAUSE,14,1,-1.555,12.703,-4.980,-0.111,0.210,0.024,0.7228
1786528288.997,69.800,ENGAGED,11/12 lat+1 PAUSE,14,1,-1.584,12.749,-4.977,-0.108,0.163,0.033,0.7203
1786528289.097,69.900,ENGAGED,11/12 lat+1 PAUSE,14,1,-1.610,12.792,-4.975,-0.057,0.182,0.031,0.7167
1786528289.197,70.000,ENGAGED,11/12 lat+1 PAUSE,14,1,-1.631,12.828,-4.973,-0.051,0.161,0.028,0.7138
1786528289.298,70.101,ENGAGED,12/12 lat-1 CRUISE 0/4s,14,1,-1.651,12.864,-4.971,-0.079,0.106,0.014,0.7133
1786528289.398,70.200,ENGAGED,12/12 lat-1 CRUISE 0/4s,14,1,-1.671,12.897,-4.972,-0.086,0.161,-0.027,0.7148
1786528289.498,70.300,ENGAGED,12/12 lat-1 CRUISE 0/4s,14,1,-1.683,12.920,-4.978,0.045,-0.035,-0.075,0.7117
1786528289.598,70.400,ENGAGED,12/12 lat-1 CRUISE 0/4s,14,1,-1.673,12.916,-4.987,0.236,-0.295,-0.056,0.7117
1786528289.698,70.500,ENGAGED,12/12 lat-1 CRUISE 0/4s,14,1,-1.650,12.892,-4.992,0.430,-0.461,-0.021,0.7114
1786528289.798,70.601,ENGAGED,12/12 lat-1 CRUISE 1/4s,14,1,-1.613,12.850,-4.996,0.545,-0.643,-0.004,0.7110
1786528289.898,70.700,ENGAGED,12/12 lat-1 CRUISE 1/4s,14,1,-1.564,12.797,-4.998,0.692,-0.792,0.008,0.7097
1786528289.998,70.800,ENGAGED,12/12 lat-1 CRUISE 1/4s,14,1,-1.499,12.725,-4.999,0.781,-0.898,0.005,0.7108
1786528290.098,70.900,ENGAGED,12/12 lat-1 CRUISE 1/4s,14,1,-1.428,12.650,-5.001,0.863,-0.995,0.006,0.7113
1786528290.198,71.000,ENGAGED,12/12 lat-1 CRUISE 1/4s,14,1,-1.347,12.563,-5.003,0.961,-1.060,0.011,0.7124
1786528290.298,71.100,ENGAGED,12/12 lat-1 CRUISE 1/4s,14,1,-1.270,12.478,-5.006,0.999,-1.115,0.002,0.7131
1786528290.398,71.200,ENGAGED,12/12 lat-1 CRUISE 1/4s,14,1,-1.184,12.385,-5.009,1.026,-1.167,0.011,0.7125
1786528290.498,71.300,ENGAGED,12/12 lat-1 CRUISE 1/4s,14,1,-1.089,12.282,-5.012,1.090,-1.234,0.014,0.7110
1786528290.598,71.400,ENGAGED,12/12 lat-1 CRUISE 1/4s,14,1,-0.996,12.179,-5.016,1.088,-1.260,0.006,0.7097
1786528290.698,71.500,ENGAGED,12/12 lat-1 CRUISE 1/4s,14,1,-0.903,12.077,-5.021,1.139,-1.283,-0.004,0.7074
1786528290.798,71.601,ENGAGED,12/12 lat-1 CRUISE 2/4s,14,1,-0.787,11.951,-5.027,1.138,-1.316,-0.013,0.7039
1786528290.898,71.700,ENGAGED,12/12 lat-1 CRUISE 2/4s,14,1,-0.682,11.834,-5.033,1.158,-1.343,-0.010,0.7055
1786528290.998,71.800,ENGAGED,12/12 lat-1 CRUISE 2/4s,14,1,-0.586,11.728,-5.039,1.209,-1.318,-0.010,0.7068
1786528291.098,71.900,ENGAGED,12/12 lat-1 CRUISE 2/4s,14,1,-0.464,11.590,-5.046,1.210,-1.350,-0.006,0.7091
1786528291.198,72.000,ENGAGED,12/12 lat-1 CRUISE 2/4s,14,1,-0.363,11.475,-5.051,1.211,-1.332,-0.005,0.7117
1786528291.298,72.100,ENGAGED,12/12 lat-1 CRUISE 2/4s,14,1,-0.233,11.330,-5.056,1.202,-1.376,0.002,0.7132
1786528291.398,72.200,ENGAGED,12/12 lat-1 CRUISE 2/4s,14,1,-0.115,11.201,-5.059,1.254,-1.327,0.004,0.7180
1786528291.498,72.300,ENGAGED,12/12 lat-1 CRUISE 2/4s,14,1,-0.005,11.081,-5.062,1.272,-1.328,0.016,0.7196
1786528291.598,72.400,ENGAGED,12/12 lat-1 CRUISE 2/4s,14,1,0.121,10.939,-5.063,1.226,-1.388,0.005,0.7155
1786528291.698,72.500,ENGAGED,12/12 lat-1 CRUISE 2/4s,14,1,0.244,10.798,-5.064,1.240,-1.390,0.016,0.7131
1786528291.798,72.601,ENGAGED,12/12 lat-1 CRUISE 3/4s,14,1,0.369,10.650,-5.065,1.215,-1.430,0.016,0.7132
1786528291.898,72.700,ENGAGED,12/12 lat-1 CRUISE 3/4s,14,1,0.496,10.497,-5.065,1.204,-1.421,0.018,0.7138
1786528291.998,72.800,ENGAGED,12/12 lat-1 CRUISE 3/4s,14,1,0.605,10.364,-5.066,1.202,-1.409,0.010,0.7133
1786528292.098,72.900,ENGAGED,12/12 lat-1 CRUISE 3/4s,14,1,0.734,10.201,-5.066,1.190,-1.457,0.020,0.7121
1786528292.198,73.000,ENGAGED,12/12 lat-1 CRUISE 3/4s,14,1,0.840,10.067,-5.064,1.172,-1.425,0.017,0.7137
1786528292.298,73.100,ENGAGED,12/12 lat-1 CRUISE 3/4s,14,1,0.966,9.904,-5.062,1.214,-1.413,0.028,0.7172
1786528292.398,73.200,ENGAGED,12/12 lat-1 CRUISE 3/4s,14,1,1.077,9.756,-5.061,1.201,-1.463,0.017,0.7178
1786528292.497,73.300,ENGAGED,12/12 lat-1 CRUISE 3/4s,14,1,1.180,9.619,-5.060,1.248,-1.440,0.024,0.7191
1786528292.598,73.400,ENGAGED,12/12 lat-1 CRUISE 3/4s,14,1,1.312,9.442,-5.060,1.238,-1.451,0.008,0.7199
1786528292.698,73.500,ENGAGED,12/12 lat-1 CRUISE 3/4s,14,1,1.430,9.284,-5.062,1.233,-1.492,0.001,0.7206
1786528292.798,73.601,ENGAGED,12/12 lat-1 CRUISE 4/4s,14,1,1.550,9.122,-5.065,1.214,-1.502,-0.007,0.7201
1786528292.898,73.700,ENGAGED,12/12 lat-1 CRUISE 4/4s,14,1,1.658,8.978,-5.068,1.234,-1.523,0.001,0.7196
1786528292.998,73.800,ENGAGED,12/12 lat-1 CRUISE 4/4s,14,1,1.790,8.799,-5.072,1.252,-1.490,-0.008,0.7204
1786528293.098,73.900,ENGAGED,12/12 lat-1 CRUISE 4/4s,14,1,1.911,8.638,-5.077,1.244,-1.507,-0.001,0.7197
1786528293.198,74.000,ENGAGED,12/12 lat-1 CRUISE 4/4s,14,1,2.039,8.471,-5.084,1.217,-1.503,-0.033,0.7180
1786528293.298,74.101,ENGAGED,12/12 lat-1 PAUSE,14,1,2.173,8.301,-5.093,1.249,-1.513,-0.030,0.7176
1786528293.398,74.200,ENGAGED,12/12 lat-1 PAUSE,14,1,2.286,8.160,-5.102,1.368,-1.581,-0.035,0.7166
1786528293.498,74.300,ENGAGED,12/12 lat-1 PAUSE,14,1,2.412,8.006,-5.114,1.183,-1.405,-0.071,0.7186
1786528293.598,74.400,ENGAGED,12/12 lat-1 PAUSE,14,1,2.526,7.861,-5.128,1.034,-1.145,-0.051,0.7206
1786528293.698,74.500,ENGAGED,12/12 lat-1 PAUSE,14,1,2.614,7.747,-5.137,0.852,-1.010,-0.036,0.7213
1786528293.798,74.600,ENGAGED,12/12 lat-1 PAUSE,14,1,2.685,7.652,-5.144,0.743,-0.868,-0.029,0.7215
1786528293.898,74.700,ENGAGED,12/12 lat-1 PAUSE,14,1,2.753,7.559,-5.150,0.613,-0.716,-0.004,0.7223
1786528293.998,74.800,ENGAGED,12/12 lat-1 PAUSE,14,1,2.822,7.459,-5.156,0.508,-0.598,-0.002,0.7214
1786528294.098,74.900,ENGAGED,12/12 lat-1 PAUSE,14,1,2.869,7.389,-5.161,0.479,-0.501,-0.013,0.7221
1786528294.198,75.000,ENGAGED,12/12 lat-1 PAUSE,14,1,2.912,7.319,-5.168,0.357,-0.465,-0.022,0.7238
1786528294.298,75.100,ENGAGED,12/12 lat-1 PAUSE,14,1,2.952,7.249,-5.175,0.316,-0.389,-0.017,0.7230
1786528294.398,75.200,ENGAGED,12/12 lat-1 PAUSE,14,1,2.981,7.199,-5.180,0.256,-0.346,-0.014,0.7213
1786528294.498,75.300,ENGAGED,12/12 lat-1 PAUSE,14,1,3.008,7.150,-5.186,0.255,-0.269,0.004,0.7220
1786528294.598,75.400,ENGAGED,12/12 lat-1 PAUSE,14,1,3.032,7.103,-5.192,0.222,-0.249,0.003,0.7223
1786528294.698,75.500,ENGAGED,12/12 lat-1 PAUSE,14,1,3.053,7.062,-5.196,0.207,-0.191,0.000,0.7225
1786528294.798,75.600,ENGAGED,12/12 lat-1 PAUSE,14,1,3.072,7.025,-5.201,0.170,-0.178,0.002,0.7219
1786528294.898,75.700,ENGAGED,12/12 lat-1 PAUSE,14,1,3.085,6.990,-5.205,0.157,-0.161,0.014,0.7218
1786528294.998,75.800,ENGAGED,12/12 lat-1 PAUSE,14,1,3.097,6.954,-5.208,0.098,-0.172,0.009,0.7220
1786528295.098,75.900,ENGAGED,12/12 lat-1 PAUSE,14,1,3.107,6.920,-5.210,0.141,-0.149,0.019,0.7244
1786528295.198,76.000,ENGAGED,12/12 lat-1 PAUSE,14,1,3.114,6.896,-5.210,0.108,-0.109,0.028,0.7256
1786528295.299,76.101,DONE,DONE_HOLD,14,1,3.121,6.868,-5.210,0.100,-0.108,0.030,0.7257
1786528295.397,76.200,DONE,DONE_HOLD,14,1,3.124,6.846,-5.206,0.002,-0.085,0.163,0.7247
1786528295.497,76.300,DONE,DONE_HOLD,14,1,3.121,6.825,-5.173,0.100,-0.060,0.540,0.7252
1786528295.597,76.400,DONE,DONE_HOLD,14,1,3.145,6.803,-5.099,0.398,-0.101,0.824,0.7266
1786528295.697,76.500,DONE,DONE_HOLD,14,1,3.194,6.778,-5.011,0.627,-0.139,0.916,0.7245
1786528295.797,76.600,DONE,DONE_HOLD,14,1,3.255,6.752,-4.928,0.834,-0.194,0.907,0.7222
1786528295.897,76.700,DONE,DONE_HOLD,14,1,3.334,6.724,-4.843,0.993,-0.211,0.849,0.7215
1786528295.997,76.800,DONE,DONE_HOLD,14,1,3.437,6.697,-4.760,1.194,-0.209,0.793,0.7180
1786528296.098,76.900,DONE,DONE_HOLD,14,1,3.557,6.668,-4.682,1.323,-0.229,0.704,0.7153
1786528296.198,77.000,DONE,DONE_HOLD,14,1,3.679,6.642,-4.617,1.380,-0.263,0.619,0.7140
1786528296.297,77.100,DONE,DONE_HOLD,14,1,3.808,6.616,-4.560,1.500,-0.246,0.549,0.7156
1786528296.397,77.200,DONE,DONE_HOLD,14,1,3.932,6.592,-4.515,1.534,-0.279,0.478,0.7172
1786528296.497,77.300,DONE,DONE_HOLD,14,1,4.076,6.563,-4.470,1.597,-0.268,0.411,0.7179
1786528296.597,77.400,DONE,DONE_HOLD,14,1,4.232,6.522,-4.426,1.697,-0.283,0.350,0.7201
1786528296.697,77.500,DONE,DONE_HOLD,14,1,4.354,6.487,-4.398,1.712,-0.275,0.287,0.7177
1786528296.797,77.600,DONE,DONE_HOLD,14,1,4.503,6.450,-4.371,1.743,-0.292,0.228,0.7164
1786528296.897,77.700,DONE,DONE_HOLD,14,1,4.656,6.414,-4.350,1.726,-0.289,0.188,0.7182
1786528296.997,77.800,DONE,DONE_HOLD,14,1,4.808,6.384,-4.334,1.740,-0.298,0.152,0.7172
1786528297.097,77.900,DONE,DONE_HOLD,14,1,4.966,6.356,-4.322,1.784,-0.264,0.123,0.7162
1786528297.197,78.000,DONE,DONE_HOLD,14,1,5.130,6.332,-4.314,1.777,-0.263,0.100,0.7183
1786528297.297,78.100,WAIT,DONE_HOLD,2,1,5.278,6.313,-4.309,1.755,-0.247,0.091,0.7197
1786528297.397,78.200,WAIT,DONE_HOLD,2,1,5.456,6.294,-4.306,1.729,-0.211,0.045,0.7230
1786528297.497,78.300,WAIT,DONE_HOLD,2,1,5.620,6.281,-4.311,1.660,-0.202,-0.043,0.7209
1786528297.597,78.400,WAIT,DONE_HOLD,2,1,5.768,6.271,-4.319,1.605,-0.170,-0.052,0.7185
1786528297.697,78.500,WAIT,DONE_HOLD,2,1,5.948,6.260,-4.328,1.403,-0.132,0.011,0.7203
1786528297.797,78.600,WAIT,DONE_HOLD,2,1,6.084,6.254,-4.329,1.181,-0.096,0.038,0.7246
1786528297.897,78.700,WAIT,DONE_HOLD,2,1,6.196,6.255,-4.328,0.819,-0.038,0.058,0.7247
1786528297.997,78.800,WAIT,DONE_HOLD,2,1,6.277,6.261,-4.323,0.503,-0.014,0.083,0.7193
1786528298.097,78.900,WAIT,DONE_HOLD,2,1,6.335,6.268,-4.317,0.252,-0.000,0.089,0.7146
1786528298.197,79.000,WAIT,DONE_HOLD,2,1,6.378,6.277,-4.311,0.120,0.029,0.091,0.7124
1786528298.297,79.100,WAIT,DONE_HOLD,2,1,6.404,6.284,-4.306,0.036,0.025,0.087,0.7162
1786528298.397,79.200,WAIT,DONE_HOLD,2,1,6.432,6.294,-4.299,0.030,0.036,0.058,0.7232
1786528298.497,79.300,WAIT,DONE_HOLD,2,1,6.464,6.299,-4.296,0.190,0.026,0.049,0.7264
1786528298.597,79.400,WAIT,DONE_HOLD,2,1,6.506,6.301,-4.292,0.182,-0.000,0.048,0.7256
1786528298.697,79.500,WAIT,DONE_HOLD,2,1,6.547,6.302,-4.288,0.253,0.032,0.057,0.7249
1786528298.797,79.600,WAIT,DONE_HOLD,2,1,6.593,6.303,-4.284,0.263,0.022,0.058,0.7225
1786528298.897,79.700,WAIT,DONE_HOLD,2,1,6.645,6.302,-4.279,0.280,0.018,0.063,0.7238
1786528298.997,79.800,WAIT,DONE_HOLD,2,1,6.695,6.301,-4.274,0.301,-0.008,0.076,0.7250
1786528299.097,79.900,WAIT,DONE_HOLD,2,1,6.742,6.301,-4.268,0.249,-0.010,0.074,0.7208
1786528299.197,80.000,WAIT,DONE_HOLD,2,1,6.784,6.302,-4.263,0.216,0.001,0.057,0.7160
1786528299.297,80.100,WAIT,DONE_HOLD,2,1,6.818,6.303,-4.258,0.181,-0.014,0.061,0.7157
1786528299.397,80.200,WAIT,DONE_HOLD,2,1,6.849,6.305,-4.252,0.100,0.013,0.069,0.7166
1786528299.497,80.300,WAIT,DONE_HOLD,2,1,6.878,6.307,-4.247,0.120,-0.004,0.071,0.7186
1786528299.597,80.400,WAIT,DONE_HOLD,2,1,6.903,6.309,-4.242,0.024,-0.040,0.070,0.7170
1786528299.697,80.500,WAIT,DONE_HOLD,2,1,6.919,6.311,-4.237,-0.014,0.008,0.069,0.7165
1786528299.797,80.600,WAIT,DONE_HOLD,2,1,6.933,6.314,-4.232,-0.024,-0.000,0.068,0.7174
1786528299.897,80.700,WAIT,DONE_HOLD,2,1,6.946,6.317,-4.228,-0.031,0.008,0.072,0.7203
1786528299.997,80.800,WAIT,DONE_HOLD,2,1,6.951,6.318,-4.223,-0.087,-0.037,0.077,0.7234
1786528300.097,80.900,WAIT,DONE_HOLD,2,1,6.953,6.319,-4.217,-0.130,-0.010,0.082,0.7250
1786528300.197,81.000,WAIT,DONE_HOLD,2,1,6.950,6.322,-4.211,-0.181,-0.026,0.074,0.7244
1786528300.297,81.100,WAIT,DONE_HOLD,2,1,6.941,6.323,-4.207,-0.220,-0.025,0.041,0.7238
1786528300.397,81.200,WAIT,DONE_HOLD,2,1,6.927,6.320,-4.208,-0.230,-0.040,-0.023,0.7237
1786528300.497,81.300,WAIT,DONE_HOLD,2,1,6.911,6.317,-4.213,-0.206,0.004,-0.028,0.7234
1786528300.597,81.400,WAIT,DONE_HOLD,2,1,6.894,6.317,-4.216,-0.250,-0.014,-0.006,0.7244
1786528300.697,81.500,WAIT,DONE_HOLD,2,1,6.874,6.316,-4.218,-0.206,-0.003,0.008,0.7209
1786528300.797,81.600,WAIT,DONE_HOLD,2,1,6.863,6.319,-4.220,-0.143,0.061,-0.007,0.7161
1786528300.897,81.700,WAIT,DONE_HOLD,2,1,6.853,6.329,-4.224,-0.156,0.184,-0.027,0.7155
1786528300.997,81.800,WAIT,DONE_HOLD,2,1,6.843,6.358,-4.227,-0.178,0.397,-0.025,0.7199
1786528301.097,81.900,WAIT,DONE_HOLD,2,1,6.824,6.405,-4.230,-0.364,0.595,-0.000,0.7279
1786528301.197,82.000,WAIT,DONE_HOLD,2,1,6.796,6.455,-4.229,-0.515,0.714,0.018,0.7275
1786528301.297,82.100,WAIT,DONE_HOLD,2,1,6.742,6.540,-4.227,-0.635,0.845,0.041,0.7251
1786528301.397,82.200,WAIT,DONE_HOLD,2,1,6.691,6.620,-4.224,-0.633,0.886,0.042,0.7240
1786528301.497,82.300,WAIT,DONE_HOLD,2,1,6.636,6.701,-4.221,-0.637,0.865,0.034,0.7222
1786528301.597,82.400,WAIT,DONE_HOLD,2,1,6.575,6.781,-4.220,-0.575,0.805,0.032,0.7190
1786528301.697,82.500,WAIT,DONE_HOLD,2,1,6.521,6.849,-4.221,-0.473,0.683,-0.009,0.7169
1786528301.797,82.600,WAIT,DONE_HOLD,2,1,6.480,6.900,-4.224,-0.331,0.476,-0.006,0.7150
1786528301.897,82.700,WAIT,DONE_HOLD,2,1,6.451,6.929,-4.225,-0.142,0.313,0.029,0.7129
1786528301.997,82.800,WAIT,DONE_HOLD,2,1,6.435,6.948,-4.223,-0.013,0.144,0.052,0.7116
1786528302.097,82.900,WAIT,DONE_HOLD,2,1,6.429,6.956,-4.221,0.045,0.017,0.059,0.7092
1786528302.197,83.000,WAIT,DONE_HOLD,2,1,6.431,6.958,-4.220,0.055,-0.020,0.033,0.7061
1786528302.297,83.100,WAIT,DONE_HOLD,2,1,6.434,6.961,-4.219,0.074,0.034,0.034,0.7048
1786528302.397,83.200,WAIT,DONE_HOLD,2,1,6.433,6.968,-4.219,-0.004,0.101,0.014,0.7056
1786528302.497,83.300,WAIT,DONE_HOLD,2,1,6.421,6.987,-4.220,-0.152,0.256,-0.019,0.7075
1786528302.597,83.400,WAIT,DONE_HOLD,2,1,6.397,7.022,-4.224,-0.370,0.470,-0.025,0.7115
1786528302.697,83.500,WAIT,DONE_HOLD,2,1,6.357,7.074,-4.226,-0.542,0.696,-0.007,0.7129
1786528302.797,83.600,WAIT,DONE_HOLD,2,1,6.293,7.155,-4.227,-0.741,0.863,0.018,0.7148
1786528302.897,83.700,WAIT,DONE_HOLD,2,1,6.224,7.242,-4.227,-0.770,0.968,0.025,0.7194
1786528302.997,83.800,WAIT,DONE_HOLD,2,1,6.159,7.320,-4.228,-0.802,1.022,0.019,0.7234
1786528303.097,83.900,WAIT,DONE_HOLD,2,1,6.071,7.429,-4.229,-0.804,1.015,0.014,0.7257
1786528303.197,84.000,WAIT,DONE_HOLD,2,1,5.985,7.531,-4.233,-0.800,0.929,-0.015,0.7247
1786528303.297,84.100,WAIT,DONE_HOLD,2,1,5.919,7.611,-4.238,-0.662,0.818,-0.019,0.7227
1786528303.397,84.200,WAIT,DONE_HOLD,2,1,5.868,7.676,-4.245,-0.523,0.621,-0.040,0.7196
1786528303.497,84.300,WAIT,DONE_HOLD,2,1,5.833,7.719,-4.249,-0.282,0.392,0.003,0.7163
1786528303.597,84.400,WAIT,DONE_HOLD,2,1,5.815,7.743,-4.251,-0.129,0.154,0.034,0.7143
1786528303.697,84.500,WAIT,DONE_HOLD,2,1,5.812,7.752,-4.249,0.024,0.042,0.059,0.7118
1786528303.797,84.600,WAIT,DONE_HOLD,2,1,5.814,7.754,-4.246,0.112,-0.052,0.060,0.7102
1786528303.897,84.700,WAIT,DONE_HOLD,2,1,5.822,7.754,-4.242,0.146,-0.043,0.056,0.7112
1786528303.997,84.800,WAIT,DONE_HOLD,2,1,5.829,7.756,-4.238,0.043,-0.007,0.046,0.7151
1786528304.097,84.900,WAIT,DONE_HOLD,2,1,5.828,7.767,-4.235,-0.002,0.033,0.039,0.7169
1786528304.197,85.000,WAIT,DONE_HOLD,2,1,5.828,7.781,-4.233,-0.042,0.026,0.036,0.7184
1786528304.297,85.100,WAIT,DONE_HOLD,2,1,5.827,7.794,-4.231,-0.014,0.055,0.048,0.7203
1786528304.397,85.200,WAIT,DONE_HOLD,2,1,5.827,7.811,-4.228,-0.039,0.071,0.043,0.7220
1786528304.497,85.300,WAIT,DONE_HOLD,2,1,5.825,7.828,-4.225,0.007,0.073,0.056,0.7208
1786528304.597,85.400,WAIT,DONE_HOLD,2,1,5.824,7.843,-4.223,0.002,0.056,0.042,0.7199
1786528304.697,85.500,WAIT,DONE_HOLD,2,1,5.824,7.857,-4.222,0.037,0.061,0.032,0.7173
1786528304.797,85.600,WAIT,DONE_HOLD,2,1,5.824,7.872,-4.221,0.028,0.039,0.042,0.7185
1786528304.897,85.700,WAIT,DONE_HOLD,2,1,5.826,7.884,-4.220,0.020,0.037,0.042,0.7198
1786528304.997,85.800,WAIT,DONE_HOLD,2,1,5.827,7.893,-4.219,-0.003,0.004,0.038,0.7209
1786528305.097,85.900,WAIT,DONE_HOLD,2,1,5.831,7.905,-4.217,0.044,0.066,0.045,0.7252
1786528305.197,86.000,WAIT,DONE_HOLD,2,1,5.834,7.913,-4.216,0.015,0.018,0.040,0.7294
1786528305.297,86.100,WAIT,DONE_HOLD,2,1,5.837,7.920,-4.215,0.003,0.005,0.033,0.7342
1786528305.397,86.200,WAIT,DONE_HOLD,2,1,5.845,7.926,-4.213,0.058,-0.004,0.049,0.7382
1786528305.497,86.300,WAIT,DONE_HOLD,2,1,5.851,7.929,-4.211,0.053,-0.009,0.035,0.7362
1786528305.597,86.400,WAIT,DONE_HOLD,2,1,5.860,7.934,-4.210,0.053,0.016,0.026,0.7302
1786528305.697,86.500,WAIT,DONE_HOLD,2,1,5.867,7.939,-4.210,0.038,-0.006,0.015,0.7256
1786528305.797,86.600,WAIT,DONE_HOLD,2,1,5.878,7.943,-4.212,0.030,-0.009,0.006,0.7217
1786528305.897,86.700,WAIT,DONE_HOLD,2,1,5.891,7.946,-4.216,0.031,-0.018,-0.006,0.7195
1786528305.997,86.800,WAIT,DONE_HOLD,2,1,5.899,7.946,-4.222,0.008,-0.032,-0.028,0.7196
1786528306.097,86.900,WAIT,DONE_HOLD,2,1,5.906,7.944,-4.227,0.037,-0.034,-0.025,0.7215
1786528306.197,87.000,WAIT,DONE_HOLD,2,1,5.913,7.940,-4.235,0.002,-0.068,-0.027,0.7243
1786528306.297,87.100,WAIT,DONE_HOLD,2,1,5.918,7.935,-4.240,-0.016,-0.062,-0.011,0.7259
1786528306.397,87.200,WAIT,DONE_HOLD,2,1,5.917,7.930,-4.243,-0.045,-0.059,-0.003,0.7254
1786528306.497,87.300,WAIT,DONE_HOLD,2,1,5.914,7.923,-4.247,-0.053,-0.077,0.003,0.7243
1786528306.597,87.400,WAIT,DONE_HOLD,2,1,5.915,7.914,-4.250,-0.027,-0.050,0.005,0.7233
1786528306.697,87.500,WAIT,DONE_HOLD,2,1,5.917,7.905,-4.253,-0.018,-0.061,0.015,0.7226
1786528306.797,87.600,WAIT,DONE_HOLD,2,1,5.917,7.896,-4.256,-0.069,-0.073,0.001,0.7224
1786528306.897,87.700,WAIT,DONE_HOLD,2,1,5.920,7.886,-4.259,-0.055,-0.091,0.011,0.7221
1786528306.997,87.800,WAIT,DONE_HOLD,2,1,5.922,7.878,-4.262,-0.064,-0.086,-0.001,0.7221
1786528307.097,87.900,WAIT,DONE_HOLD,2,1,5.925,7.868,-4.264,-0.067,-0.083,0.030,0.7233
1786528307.197,88.000,WAIT,DONE_HOLD,2,1,5.929,7.858,-4.265,-0.069,-0.056,0.030,0.7245
1786528307.297,88.100,WAIT,DONE_HOLD,2,1,5.929,7.849,-4.266,-0.081,-0.063,0.021,0.7246
1786528307.397,88.200,WAIT,DONE_HOLD,2,1,5.929,7.840,-4.269,-0.055,-0.049,0.013,0.7237
1786528307.497,88.300,WAIT,DONE_HOLD,2,1,5.931,7.830,-4.274,-0.089,-0.037,0.017,0.7279
1786528307.597,88.400,WAIT,DONE_HOLD,2,1,5.931,7.823,-4.275,-0.056,-0.034,0.049,0.7332
1786528307.697,88.500,WAIT,DONE_HOLD,2,1,5.927,7.818,-4.270,-0.008,-0.001,0.072,0.7369
1786528307.797,88.600,WAIT,DONE_HOLD,2,1,5.925,7.817,-4.268,0.001,0.014,0.086,0.7366
1786528307.897,88.700,WAIT,DONE_HOLD,2,1,5.926,7.821,-4.267,-0.068,0.019,0.088,0.7339
1786528307.997,88.800,WAIT,DONE_HOLD,2,1,5.924,7.823,-4.260,-0.050,0.022,0.099,0.7311
1786528308.097,88.900,WAIT,DONE_HOLD,2,1,5.923,7.828,-4.251,-0.006,0.025,0.104,0.7301
1786528308.197,89.000,WAIT,DONE_HOLD,2,1,5.927,7.830,-4.250,-0.004,0.039,0.090,0.7288
1786528308.297,89.100,WAIT,DONE_HOLD,2,1,5.929,7.832,-4.249,-0.006,0.039,0.077,0.7283
1786528308.397,89.200,WAIT,DONE_HOLD,2,1,5.928,7.834,-4.244,-0.041,0.005,0.078,0.7261
1786528308.497,89.300,WAIT,DONE_HOLD,2,1,5.928,7.836,-4.238,-0.039,0.006,0.070,0.7234
1786528308.597,89.400,WAIT,DONE_HOLD,2,1,5.929,7.838,-4.235,-0.044,-0.002,0.080,0.7220
1786528308.697,89.500,WAIT,DONE_HOLD,2,1,5.928,7.838,-4.234,-0.014,0.029,0.061,0.7205
1786528308.797,89.600,WAIT,DONE_HOLD,2,1,5.928,7.837,-4.237,0.006,0.006,0.048,0.7193
1786528308.897,89.700,WAIT,DONE_HOLD,2,1,5.926,7.835,-4.236,0.007,0.032,0.055,0.7175
1786528308.997,89.800,WAIT,DONE_HOLD,2,1,5.924,7.834,-4.233,-0.014,0.016,0.051,0.7164
1786528309.097,89.900,WAIT,DONE_HOLD,2,1,5.924,7.829,-4.233,-0.002,0.016,0.045,0.7150
1786528309.197,90.000,WAIT,DONE_HOLD,2,1,5.924,7.825,-4.235,-0.035,0.003,0.031,0.7143
1786528309.297,90.100,WAIT,DONE_HOLD,2,1,5.922,7.820,-4.237,-0.041,0.009,0.027,0.7135
1786528309.397,90.200,WAIT,DONE_HOLD,2,1,5.917,7.814,-4.240,-0.072,-0.028,0.034,0.7127
1786528309.497,90.300,WAIT,DONE_HOLD,2,1,5.914,7.809,-4.243,-0.075,-0.027,0.027,0.7127
1786528309.597,90.400,WAIT,DONE_HOLD,2,1,5.913,7.803,-4.245,-0.016,-0.011,0.025,0.7127
1786528309.697,90.500,WAIT,DONE_HOLD,2,1,5.912,7.795,-4.248,-0.012,-0.003,0.031,0.7127
1786528309.797,90.600,WAIT,DONE_HOLD,2,1,5.912,7.787,-4.250,-0.088,-0.055,0.025,0.7135
1786528309.897,90.700,WAIT,DONE_HOLD,2,1,5.915,7.778,-4.253,-0.047,-0.052,0.029,0.7135
1786528309.997,90.800,WAIT,DONE_HOLD,2,1,5.920,7.771,-4.255,-0.045,-0.036,0.041,0.7142
1786528310.097,90.900,WAIT,DONE_HOLD,2,1,5.928,7.761,-4.258,-0.045,-0.058,0.026,0.7133
1786528310.197,91.000,WAIT,DONE_HOLD,2,1,5.938,7.751,-4.262,-0.008,-0.044,0.023,0.7147
1786528310.297,91.100,WAIT,DONE_HOLD,2,1,5.946,7.741,-4.265,-0.026,-0.045,0.031,0.7178
1786528310.397,91.200,WAIT,DONE_HOLD,2,1,5.953,7.734,-4.267,-0.023,-0.044,0.035,0.7192
1786528310.497,91.300,WAIT,DONE_HOLD,2,1,5.963,7.728,-4.270,0.004,-0.030,0.047,0.7217
1786528310.597,91.400,WAIT,DONE_HOLD,2,1,5.969,7.723,-4.271,-0.010,0.001,0.044,0.7221
1786528310.697,91.500,WAIT,DONE_HOLD,2,1,5.979,7.716,-4.274,-0.002,-0.010,0.046,0.7209
1786528310.797,91.600,WAIT,DONE_HOLD,2,1,5.988,7.710,-4.277,-0.012,0.022,0.034,0.7159
1786528310.897,91.700,WAIT,DONE_HOLD,2,1,5.994,7.707,-4.280,-0.015,-0.005,0.029,0.7117
1786528310.997,91.800,WAIT,DONE_HOLD,2,1,6.002,7.705,-4.284,-0.028,-0.015,0.021,0.7047
1786528311.097,91.900,WAIT,DONE_HOLD,2,1,6.010,7.702,-4.286,-0.046,-0.003,0.102,0.7016
1786528311.197,92.000,WAIT,DONE_HOLD,2,1,6.014,7.700,-4.279,-0.066,-0.039,0.164,0.7013
1786528311.297,92.100,WAIT,DONE_HOLD,2,1,6.017,7.700,-4.264,-0.098,-0.046,0.267,0.7033
1786528311.397,92.200,WAIT,DONE_HOLD,2,1,6.021,7.700,-4.231,-0.034,-0.003,0.437,0.7079
1786528311.497,92.300,WAIT,DONE_HOLD,2,1,6.024,7.700,-4.194,-0.077,-0.019,0.542,0.7116
1786528311.597,92.400,WAIT,DONE_HOLD,2,1,6.026,7.700,-4.140,-0.070,0.000,0.618,0.7134
1786528311.697,92.500,WAIT,DONE_HOLD,2,1,6.031,7.699,-4.087,-0.073,-0.010,0.599,0.7175
1786528311.797,92.600,WAIT,DONE_HOLD,2,1,6.031,7.700,-4.032,-0.116,0.008,0.574,0.7229
1786528311.897,92.700,WAIT,DONE_HOLD,2,1,6.030,7.701,-3.984,-0.133,0.052,0.602,0.7246
1786528311.997,92.800,WAIT,DONE_HOLD,2,1,6.034,7.704,-3.926,-0.091,0.000,0.728,0.7238
1786528312.097,92.900,WAIT,DONE_HOLD,2,1,6.035,7.704,-3.848,-0.113,0.042,0.827,0.7237
1786528312.197,93.000,WAIT,DONE_HOLD,2,1,6.033,7.706,-3.780,-0.115,0.018,0.824,0.7245
1786528312.297,93.100,WAIT,DONE_HOLD,2,1,6.029,7.708,-3.696,-0.163,0.003,0.789,0.7250
1786528312.397,93.200,WAIT,DONE_HOLD,2,1,6.023,7.709,-3.628,-0.133,0.030,0.775,0.7254
1786528312.497,93.300,WAIT,DONE_HOLD,2,1,6.011,7.711,-3.555,-0.115,0.052,0.778,0.7274
1786528312.597,93.400,WAIT,DONE_HOLD,2,1,6.002,7.711,-3.480,-0.150,-0.006,0.784,0.7297
1786528312.697,93.500,WAIT,DONE_HOLD,2,1,5.995,7.710,-3.409,-0.135,0.032,0.788,0.7305
1786528312.797,93.600,WAIT,DONE_HOLD,2,1,5.984,7.708,-3.333,-0.129,0.035,0.799,0.7312
1786528312.897,93.700,WAIT,DONE_HOLD,2,1,5.973,7.709,-3.256,-0.137,0.018,0.796,0.7325
1786528312.997,93.800,WAIT,DONE_HOLD,2,1,5.966,7.709,-3.186,-0.152,0.031,0.809,0.7333
1786528313.097,93.900,WAIT,DONE_HOLD,2,1,5.955,7.706,-3.108,-0.096,0.040,0.812,0.7345
1786528313.197,94.000,WAIT,DONE_HOLD,2,1,5.948,7.702,-3.034,-0.116,-0.007,0.820,0.7347
1786528313.297,94.100,WAIT,DONE_HOLD,2,1,5.939,7.702,-2.952,-0.101,0.024,0.822,0.7337
1786528313.397,94.200,WAIT,DONE_HOLD,2,1,5.928,7.704,-2.876,-0.134,0.058,0.821,0.7322
1786528313.497,94.300,WAIT,DONE_HOLD,2,1,5.914,7.702,-2.804,-0.105,0.051,0.815,0.7314
1786528313.597,94.400,WAIT,DONE_HOLD,2,1,5.904,7.707,-2.725,-0.105,0.041,0.827,0.7301
1786528313.697,94.500,WAIT,DONE_HOLD,2,1,5.895,7.716,-2.644,-0.102,0.054,0.837,0.7275
1786528313.798,94.600,WAIT,DONE_HOLD,2,1,5.887,7.731,-2.557,-0.063,0.085,0.835,0.7247
1786528313.897,94.700,WAIT,DONE_HOLD,2,1,5.884,7.748,-2.484,-0.063,0.107,0.832,0.7225
1786528313.997,94.800,WAIT,DONE_HOLD,2,1,5.880,7.765,-2.407,-0.085,0.060,0.819,0.7212
1786528314.097,94.900,WAIT,DONE_HOLD,2,1,5.875,7.781,-2.329,-0.083,0.091,0.828,0.7205
1786528314.197,95.000,WAIT,DONE_HOLD,2,1,5.870,7.800,-2.244,-0.072,0.092,0.827,0.7218
1786528314.297,95.100,WAIT,DONE_HOLD,2,1,5.867,7.814,-2.173,-0.093,0.081,0.840,0.7241
1786528314.397,95.200,WAIT,DONE_HOLD,2,1,5.862,7.827,-2.093,-0.070,0.065,0.833,0.7244
1786528314.497,95.300,WAIT,DONE_HOLD,2,1,5.857,7.842,-2.011,-0.109,0.044,0.841,0.7248
1786528314.597,95.400,WAIT,DONE_HOLD,2,1,5.853,7.857,-1.927,-0.093,0.051,0.838,0.7290
1786528314.697,95.500,WAIT,DONE_HOLD,2,1,5.853,7.875,-1.848,-0.058,0.090,0.849,0.7360
1786528314.797,95.600,WAIT,DONE_HOLD,2,1,5.855,7.895,-1.770,-0.059,0.053,0.842,0.7406
1786528314.897,95.700,WAIT,DONE_HOLD,2,1,5.859,7.916,-1.693,0.001,0.089,0.841,0.7391
1786528314.997,95.800,WAIT,DONE_HOLD,2,1,5.854,7.939,-1.616,-0.042,0.090,0.781,0.7360
1786528315.097,95.900,WAIT,DONE_HOLD,2,1,5.850,7.955,-1.549,-0.054,0.049,0.615,0.7306
1786528315.197,96.000,WAIT,DONE_HOLD,2,1,5.853,7.966,-1.506,-0.053,0.028,0.346,0.7263
1786528315.297,96.100,WAIT,DONE_HOLD,2,1,5.857,7.972,-1.489,-0.043,-0.010,0.100,0.7226
1786528315.397,96.200,WAIT,DONE_HOLD,2,1,5.858,7.976,-1.490,-0.056,-0.046,0.004,0.7201
1786528315.497,96.300,WAIT,DONE_HOLD,2,1,5.854,7.969,-1.494,-0.060,-0.076,0.005,0.7183
1786528315.597,96.400,WAIT,DONE_HOLD,2,1,5.854,7.952,-1.494,-0.050,-0.101,0.056,0.7165
1786528315.697,96.500,WAIT,DONE_HOLD,2,1,5.858,7.932,-1.489,-0.041,-0.143,0.094,0.7139
1786528315.797,96.600,WAIT,DONE_HOLD,2,1,5.862,7.909,-1.480,-0.018,-0.124,0.136,0.7135
1786528315.897,96.700,WAIT,DONE_HOLD,2,1,5.862,7.889,-1.464,-0.054,-0.131,0.241,0.7152
1786528315.997,96.800,WAIT,DONE_HOLD,2,1,5.863,7.871,-1.434,-0.022,-0.142,0.356,0.7147
1786528316.097,96.900,WAIT,DONE_HOLD,2,1,5.870,7.854,-1.399,0.029,-0.088,0.367,0.7145
1786528316.197,97.000,WAIT,DONE_HOLD,2,1,5.878,7.838,-1.366,-0.061,-0.144,0.353,0.7144
1786528316.297,97.100,WAIT,DONE_HOLD,2,1,5.884,7.822,-1.331,0.007,-0.079,0.324,0.7139
1786528316.397,97.200,WAIT,DONE_HOLD,2,1,5.890,7.813,-1.303,-0.007,-0.078,0.297,0.7135
1786528316.497,97.300,WAIT,DONE_HOLD,2,1,5.894,7.805,-1.275,0.020,-0.026,0.302,0.7137
1786528316.597,97.400,WAIT,DONE_HOLD,2,1,5.898,7.796,-1.245,-0.038,-0.061,0.304,0.7141
1786528316.697,97.500,WAIT,DONE_HOLD,2,1,5.900,7.785,-1.218,-0.053,-0.078,0.297,0.7140
1786528316.797,97.600,WAIT,DONE_HOLD,2,1,5.905,7.773,-1.187,-0.044,-0.066,0.306,0.7137
1786528316.897,97.700,WAIT,DONE_HOLD,2,1,5.914,7.765,-1.158,0.014,-0.023,0.316,0.7127
1786528316.997,97.800,WAIT,DONE_HOLD,2,1,5.921,7.757,-1.132,-0.028,-0.017,0.312,0.7102
1786528317.097,97.900,WAIT,DONE_HOLD,2,1,5.928,7.751,-1.099,-0.007,0.014,0.310,0.7078
1786528317.197,98.000,WAIT,DONE_HOLD,2,1,5.933,7.747,-1.075,-0.035,0.013,0.318,0.7086
1786528317.297,98.100,WAIT,DONE_HOLD,2,1,5.938,7.743,-1.041,-0.081,-0.003,0.333,0.7115
1786528317.397,98.200,WAIT,DONE_HOLD,2,1,5.943,7.737,-1.011,-0.096,0.002,0.310,0.7123
1786528317.497,98.300,WAIT,DONE_HOLD,2,1,5.948,7.730,-0.984,-0.043,0.030,0.307,0.7136
1786528317.597,98.400,WAIT,DONE_HOLD,2,1,5.954,7.725,-0.959,-0.048,0.037,0.314,0.7181
1786528317.697,98.500,WAIT,DONE_HOLD,2,1,5.958,7.719,-0.932,-0.074,-0.000,0.318,0.7194
1786528317.797,98.600,WAIT,DONE_HOLD,2,1,5.963,7.709,-0.902,-0.078,-0.015,0.335,0.7236
1786528317.897,98.700,WAIT,DONE_HOLD,2,1,5.965,7.699,-0.875,-0.076,0.028,0.332,0.7238
1786528317.997,98.800,WAIT,DONE_HOLD,2,1,5.967,7.692,-0.846,-0.054,0.010,0.349,0.7231
1786528318.097,98.900,WAIT,DONE_HOLD,2,1,5.971,7.684,-0.817,-0.094,0.036,0.345,0.7215
1786528318.197,99.000,WAIT,DONE_HOLD,2,1,5.970,7.679,-0.786,-0.132,-0.019,0.343,0.7214
1786528318.297,99.100,WAIT,DONE_HOLD,2,1,5.967,7.678,-0.759,-0.133,0.029,0.349,0.7193
1786528318.397,99.200,WAIT,DONE_HOLD,2,1,5.965,7.682,-0.729,-0.070,0.096,0.350,0.7161
1786528318.497,99.300,WAIT,DONE_HOLD,2,1,5.963,7.687,-0.701,-0.053,0.079,0.349,0.7166
1786528318.597,99.400,WAIT,DONE_HOLD,2,1,5.960,7.692,-0.673,-0.100,0.043,0.338,0.7178
1786528318.697,99.500,WAIT,DONE_HOLD,2,1,5.958,7.694,-0.650,-0.120,0.019,0.334,0.7188
1786528318.797,99.600,WAIT,DONE_HOLD,2,1,5.954,7.696,-0.623,-0.070,0.042,0.320,0.7211
1786528318.897,99.700,WAIT,DONE_HOLD,2,1,5.949,7.698,-0.601,-0.099,0.007,0.294,0.7219
1786528318.997,99.800,WAIT,DONE_HOLD,2,1,5.941,7.700,-0.582,-0.088,0.050,0.289,0.7210
1786528319.097,99.900,WAIT,DONE_HOLD,2,1,5.933,7.702,-0.565,-0.120,0.010,0.267,0.7217
1786528319.197,100.000,WAIT,DONE_HOLD,2,1,5.921,7.704,-0.548,-0.147,-0.005,0.266,0.7321
1786528319.297,100.100,WAIT,DONE_HOLD,2,1,5.912,7.706,-0.533,-0.104,0.019,0.260,0.7401
1786528319.397,100.200,WAIT,DONE_HOLD,2,1,5.903,7.709,-0.519,-0.084,-0.002,0.237,0.7453
1786528319.497,100.300,WAIT,DONE_HOLD,2,1,5.895,7.709,-0.513,-0.040,-0.019,0.080,0.7519
1786528319.597,100.400,WAIT,DONE_HOLD,2,1,5.893,7.711,-0.525,0.039,0.020,-0.083,0.7650
1786528319.697,100.500,WAIT,DONE_HOLD,2,1,5.898,7.716,-0.531,0.051,0.036,-0.003,0.7641
1786528319.797,100.600,WAIT,DONE_HOLD,2,1,5.903,7.720,-0.533,0.064,0.027,-0.028,0.7644
1786528319.897,100.700,WAIT,DONE_HOLD,2,1,5.906,7.726,-0.534,0.035,0.042,-0.019,0.7625
1786528319.997,100.800,WAIT,DONE_HOLD,2,1,5.908,7.732,-0.535,0.055,0.050,-0.016,0.7618
1786528320.097,100.900,WAIT,DONE_HOLD,2,1,5.910,7.740,-0.534,0.048,0.073,-0.004,0.7627
1786528320.197,101.000,WAIT,DONE_HOLD,2,1,5.912,7.749,-0.532,0.037,0.088,-0.006,0.7634
1786528320.297,101.100,WAIT,DONE_HOLD,2,1,5.913,7.759,-0.532,0.049,0.104,-0.009,0.7645
1786528320.397,101.200,WAIT,DONE_HOLD,2,1,5.914,7.771,-0.532,0.037,0.126,-0.020,0.7645
1786528320.497,101.300,WAIT,DONE_HOLD,2,1,5.914,7.784,-0.532,0.035,0.137,-0.024,0.7646
1786528320.597,101.400,WAIT,DONE_HOLD,2,1,5.915,7.800,-0.533,0.035,0.152,-0.025,0.7647
1786528320.697,101.500,WAIT,DONE_HOLD,2,1,5.916,7.813,-0.534,0.032,0.168,-0.025,0.7648
1786528320.797,101.600,WAIT,DONE_HOLD,2,1,5.916,7.828,-0.535,0.031,0.178,-0.028,0.7649
1786528320.897,101.700,WAIT,DONE_HOLD,2,1,5.916,7.844,-0.536,0.022,0.189,-0.027,0.7648
1786528320.997,101.800,WAIT,DONE_HOLD,2,1,5.917,7.860,-0.538,0.022,0.202,-0.030,0.7648
1786528321.097,101.900,WAIT,DONE_HOLD,2,1,5.917,7.877,-0.539,0.024,0.214,-0.031,0.7648
1786528321.197,102.000,WAIT,DONE_HOLD,2,1,5.917,7.894,-0.541,0.014,0.220,-0.032,0.7649
1786528321.297,102.100,WAIT,DONE_HOLD,2,1,5.917,7.913,-0.543,0.015,0.230,-0.033,0.7647
1786528321.397,102.200,WAIT,DONE_HOLD,2,1,5.917,7.929,-0.544,0.017,0.244,-0.034,0.7648
1786528321.497,102.300,WAIT,DONE_HOLD,2,1,5.918,7.946,-0.547,0.014,0.248,-0.036,0.7648
1786528321.597,102.400,WAIT,DONE_HOLD,2,1,5.918,7.961,-0.549,0.013,0.252,-0.037,0.7647
1786528321.697,102.500,WAIT,DONE_HOLD,2,1,5.915,7.969,-0.552,0.007,0.251,-0.040,0.7647
1786528321.797,102.600,WAIT,DONE_HOLD,2,1,5.903,7.936,-0.558,-0.003,0.205,-0.045,0.7640
1786528321.897,102.700,WAIT,DONE_HOLD,2,1,5.897,7.895,-0.564,-0.013,0.146,-0.043,0.7628
1786528321.997,102.800,WAIT,DONE_HOLD,2,1,5.893,7.855,-0.112,-0.014,0.104,-0.048,0.7612
1786528322.097,102.900,WAIT,DONE_HOLD,2,1,5.890,7.819,-0.110,-0.015,0.066,-0.052,0.7600
1786528322.197,103.000,WAIT,DONE_HOLD,2,1,5.888,7.781,-0.109,-0.018,0.033,-0.055,0.7591
1786528322.297,103.100,WAIT,DONE_HOLD,2,1,5.886,7.752,-0.108,-0.021,0.009,-0.057,0.7586
1786528322.397,103.200,WAIT,DONE_HOLD,2,1,5.883,7.728,-0.107,-0.023,-0.009,-0.059,0.7583
1786528322.497,103.300,WAIT,DONE_HOLD,2,1,5.882,7.711,-0.105,-0.027,-0.017,-0.061,0.7582
1786528322.597,103.400,WAIT,DONE_HOLD,2,1,5.880,7.698,-0.104,-0.028,-0.024,-0.062,0.7582
1786528322.697,103.500,WAIT,DONE_HOLD,2,1,5.878,7.688,-0.103,-0.029,-0.029,-0.061,0.7583
1786528322.797,103.600,WAIT,DONE_HOLD,2,1,5.876,7.680,-0.102,-0.032,-0.032,-0.060,0.7584
1786528322.897,103.700,WAIT,DONE_HOLD,2,1,5.875,7.675,-0.101,-0.035,-0.033,-0.058,0.7584
1786528322.997,103.800,WAIT,DONE_HOLD,2,1,5.873,7.670,-0.099,-0.035,-0.034,-0.055,0.7585
1786528323.097,103.900,WAIT,DONE_HOLD,2,1,5.872,7.668,-0.097,-0.037,-0.036,-0.051,0.7585
1786528323.197,104.000,WAIT,DONE_HOLD,2,1,5.870,7.666,-0.094,-0.038,-0.035,-0.047,0.7585
1786528323.297,104.100,WAIT,DONE_HOLD,2,1,5.869,7.665,-0.090,-0.039,-0.034,-0.043,0.7585
1786528323.397,104.200,WAIT,DONE_HOLD,2,1,5.867,7.664,-0.085,-0.040,-0.034,-0.039,0.7583
1786528323.497,104.300,WAIT,DONE_HOLD,2,1,5.866,7.663,-0.081,-0.040,-0.036,-0.035,0.7584
1786528323.597,104.400,WAIT,DONE_HOLD,2,1,5.865,7.663,-0.078,-0.038,-0.035,-0.033,0.7585
1786528323.697,104.500,WAIT,DONE_HOLD,2,1,5.865,7.662,-0.073,-0.040,-0.036,-0.028,0.7585
1786528323.797,104.600,WAIT,DONE_HOLD,2,0,5.865,7.662,-0.070,-0.037,-0.036,-0.023,0.7585
1786528323.897,104.700,WAIT,DONE_HOLD,2,0,5.866,7.661,-0.066,-0.037,-0.034,-0.022,0.7586
1786528323.997,104.800,WAIT,DONE_HOLD,2,0,5.868,7.662,-0.063,-0.040,-0.028,-0.019,0.7586
1786528324.097,104.900,WAIT,DONE_HOLD,2,0,5.879,7.662,-0.059,-0.023,-0.028,-0.016,0.7587
1786528324.197,105.000,WAIT,DONE_HOLD,2,0,5.888,7.661,-0.056,-0.012,-0.027,-0.013,0.7588
1786528324.297,105.100,WAIT,DONE_HOLD,2,0,5.897,7.661,-0.053,-0.004,-0.027,-0.010,0.7588
1786528324.397,105.200,WAIT,DONE_HOLD,2,0,5.905,7.661,-0.049,0.000,-0.024,-0.005,0.7590
1786528324.497,105.300,WAIT,DONE_HOLD,2,0,5.912,7.661,-0.044,0.003,-0.023,0.003,0.7590
1786528324.597,105.400,WAIT,DONE_HOLD,2,0,5.918,7.661,-0.040,0.004,-0.021,0.009,0.7591
1786528324.697,105.500,WAIT,DONE_HOLD,2,0,5.923,7.661,-0.035,0.005,-0.019,0.015,0.7591
1786528324.797,105.600,WAIT,DONE_HOLD,2,0,5.927,7.662,-0.031,0.005,-0.019,0.020,0.7591
1786528324.897,105.700,WAIT,DONE_HOLD,2,0,5.931,7.662,-0.027,0.005,-0.018,0.024,0.7591
1786528324.997,105.800,WAIT,DONE_HOLD,2,0,5.934,7.662,-0.024,0.005,-0.017,0.026,0.7590
1786528325.097,105.900,WAIT,DONE_HOLD,2,0,5.936,7.663,-0.021,0.006,-0.016,0.026,0.7590
1786528325.197,106.000,WAIT,DONE_HOLD,2,0,5.938,7.663,-0.020,0.007,-0.015,0.025,0.7590
1786528325.297,106.100,WAIT,DONE_HOLD,2,0,5.941,7.664,-0.019,0.007,-0.014,0.024,0.7590
1786528325.397,106.200,WAIT,DONE_HOLD,2,0,5.942,7.664,-0.018,0.007,-0.012,0.023,0.7591
1786528325.497,106.300,WAIT,DONE_HOLD,2,0,5.944,7.665,-0.018,0.008,-0.012,0.022,0.7591
1786528325.597,106.400,WAIT,DONE_HOLD,2,0,5.946,7.665,-0.018,0.008,-0.012,0.022,0.7590
1786528325.697,106.500,WAIT,DONE_HOLD,2,0,5.947,7.666,-0.018,0.008,-0.011,0.021,0.7590
1786528325.797,106.600,WAIT,DONE_HOLD,2,0,5.949,7.666,-0.019,0.007,-0.010,0.018,0.7590
1786528325.897,106.700,WAIT,DONE_HOLD,2,0,5.951,7.667,-0.021,0.007,-0.010,0.016,0.7589
1786528325.997,106.800,WAIT,DONE_HOLD,2,0,5.952,7.667,-0.022,0.006,-0.009,0.014,0.7590
1786528326.097,106.900,WAIT,DONE_HOLD,2,0,5.954,7.667,-0.024,0.006,-0.009,0.012,0.7590
1786528326.197,107.000,WAIT,DONE_HOLD,2,0,5.955,7.668,-0.026,0.005,-0.009,0.010,0.7590
1786528326.297,107.100,WAIT,DONE_HOLD,2,0,5.956,7.668,-0.028,0.007,-0.010,0.008,0.7589
1786528326.397,107.200,WAIT,DONE_HOLD,2,0,5.957,7.668,-0.029,0.006,-0.010,0.006,0.7590
1786528326.497,107.300,WAIT,DONE_HOLD,2,0,5.958,7.668,-0.031,0.006,-0.011,0.004,0.7589
1786528326.597,107.400,WAIT,DONE_HOLD,2,0,5.959,7.668,-0.033,0.007,-0.011,0.003,0.7589
1786528326.697,107.500,WAIT,DONE_HOLD,2,0,5.961,7.668,-0.034,0.007,-0.012,0.001,0.7589
1786528326.797,107.600,WAIT,DONE_HOLD,2,0,5.962,7.668,-0.036,0.006,-0.011,-0.001,0.7588
1786528326.897,107.700,WAIT,DONE_HOLD,2,0,5.964,7.668,-0.038,0.006,-0.012,-0.002,0.7588
1786528326.997,107.800,WAIT,DONE_HOLD,2,0,5.965,7.668,-0.040,0.006,-0.012,-0.003,0.7588
1786528327.097,107.900,WAIT,DONE_HOLD,2,0,5.966,7.668,-0.042,0.006,-0.012,-0.003,0.7588
1786528327.197,108.000,WAIT,DONE_HOLD,2,0,5.968,7.668,-0.043,0.005,-0.012,-0.004,0.7588
1786528327.297,108.100,WAIT,DONE_HOLD,2,0,5.969,7.668,-0.044,0.004,-0.011,-0.004,0.7587
1786528327.397,108.200,WAIT,DONE_HOLD,2,0,5.969,7.668,-0.045,0.003,-0.011,-0.004,0.7587
1786528327.497,108.300,WAIT,DONE_HOLD,2,0,5.970,7.668,-0.045,0.003,-0.011,-0.004,0.7586
1786528327.597,108.400,WAIT,DONE_HOLD,2,0,5.971,7.668,-0.046,0.004,-0.011,-0.004,0.7586
1786528327.697,108.500,WAIT,DONE_HOLD,2,0,5.973,7.668,-0.047,0.004,-0.010,-0.003,0.7585
1786528327.797,108.600,WAIT,DONE_HOLD,2,0,5.974,7.668,-0.047,0.005,-0.010,-0.003,0.7586
1786528327.897,108.700,WAIT,DONE_HOLD,2,0,5.976,7.668,-0.048,0.005,-0.009,-0.003,0.7585
1786528327.997,108.800,WAIT,DONE_HOLD,2,0,5.977,7.668,-0.048,0.006,-0.010,-0.003,0.7585
1786528328.097,108.900,WAIT,DONE_HOLD,2,0,5.979,7.668,-0.049,0.007,-0.010,-0.002,0.7585
1786528328.197,109.000,WAIT,DONE_HOLD,2,0,5.980,7.668,-0.049,0.007,-0.010,-0.001,0.7586
1786528328.297,109.100,WAIT,DONE_HOLD,2,0,5.982,7.668,-0.049,0.008,-0.009,-0.001,0.7586
1786528328.397,109.200,WAIT,DONE_HOLD,2,0,5.983,7.668,-0.049,0.007,-0.009,0.000,0.7585
1786528328.497,109.300,WAIT,DONE_HOLD,2,0,5.984,7.668,-0.049,0.006,-0.008,0.001,0.7586
1786528328.597,109.400,WAIT,DONE_HOLD,2,0,5.985,7.668,-0.048,0.005,-0.007,0.003,0.7585
1786528328.697,109.500,WAIT,DONE_HOLD,2,0,5.986,7.669,-0.048,0.005,-0.008,0.004,0.7584
1786528328.797,109.600,WAIT,DONE_HOLD,2,0,5.987,7.669,-0.048,0.006,-0.008,0.004,0.7584
1786528328.897,109.700,WAIT,DONE_HOLD,2,0,5.989,7.669,-0.048,0.006,-0.007,0.004,0.7584
1786528328.997,109.800,WAIT,DONE_HOLD,2,0,5.990,7.668,-0.048,0.006,-0.008,0.005,0.7585
1786528329.097,109.900,WAIT,DONE_HOLD,2,0,5.992,7.668,-0.048,0.006,-0.008,0.004,0.7585
1786528329.197,110.000,WAIT,DONE_HOLD,2,0,5.993,7.668,-0.048,0.006,-0.008,0.004,0.7585
1786528329.298,110.100,WAIT,DONE_HOLD,2,0,5.994,7.668,-0.049,0.007,-0.008,0.003,0.7585
1786528329.397,110.200,WAIT,DONE_HOLD,2,0,5.995,7.668,-0.049,0.006,-0.009,0.003,0.7585
1786528329.497,110.300,WAIT,DONE_HOLD,2,0,5.996,7.668,-0.049,0.006,-0.009,0.003,0.7585
1786528329.597,110.400,WAIT,DONE_HOLD,2,0,5.997,7.668,-0.049,0.006,-0.009,0.004,0.7585
1786528329.697,110.500,WAIT,DONE_HOLD,2,0,5.999,7.668,-0.049,0.006,-0.008,0.004,0.7585
1786528329.797,110.600,WAIT,DONE_HOLD,2,0,6.000,7.668,-0.049,0.006,-0.008,0.003,0.7585
1786528329.897,110.700,WAIT,DONE_HOLD,2,0,6.001,7.668,-0.049,0.007,-0.008,0.004,0.7585
1786528329.997,110.800,WAIT,DONE_HOLD,2,0,6.003,7.668,-0.049,0.007,-0.008,0.003,0.7585
1786528330.097,110.900,WAIT,DONE_HOLD,2,0,6.004,7.668,-0.049,0.007,-0.008,0.003,0.7586
1786528330.197,111.000,WAIT,DONE_HOLD,2,0,6.005,7.668,-0.050,0.008,-0.008,0.003,0.7585
1786528330.297,111.100,WAIT,DONE_HOLD,2,0,6.006,7.668,-0.050,0.007,-0.007,0.002,0.7585
1786528330.397,111.200,WAIT,DONE_HOLD,2,0,6.007,7.668,-0.050,0.007,-0.006,0.002,0.7585
1786528330.497,111.300,WAIT,DONE_HOLD,2,0,6.008,7.668,-0.050,0.006,-0.006,0.001,0.7584
1786528330.597,111.400,WAIT,DONE_HOLD,2,0,6.009,7.668,-0.050,0.006,-0.006,0.001,0.7584
1786528330.697,111.500,WAIT,DONE_HOLD,2,0,6.010,7.668,-0.051,0.005,-0.006,0.001,0.7585
1786528330.797,111.600,WAIT,DONE_HOLD,2,0,6.011,7.668,-0.051,0.005,-0.006,0.002,0.7585
1786528330.897,111.700,WAIT,DONE_HOLD,2,0,6.012,7.668,-0.051,0.005,-0.006,0.000,0.7584
1786528330.997,111.800,WAIT,DONE_HOLD,2,0,6.013,7.668,-0.051,0.006,-0.006,0.001,0.7584
1786528331.097,111.900,WAIT,DONE_HOLD,2,0,6.014,7.668,-0.052,0.006,-0.006,-0.000,0.7584
1786528331.197,112.000,WAIT,DONE_HOLD,2,0,6.015,7.668,-0.052,0.006,-0.007,0.000,0.7584
1786528331.297,112.100,WAIT,DONE_HOLD,2,0,6.016,7.667,-0.052,0.006,-0.007,0.001,0.7585
1786528331.397,112.200,WAIT,DONE_HOLD,2,0,6.017,7.667,-0.052,0.007,-0.006,0.001,0.7585
1786528331.497,112.300,WAIT,DONE_HOLD,2,0,6.017,7.667,-0.052,0.006,-0.006,-0.000,0.7585
1786528331.597,112.400,WAIT,DONE_HOLD,2,0,6.018,7.667,-0.052,0.005,-0.006,-0.001,0.7584
1786528331.697,112.500,WAIT,DONE_HOLD,2,0,6.019,7.667,-0.052,0.004,-0.005,-0.000,0.7584
1786528331.797,112.600,WAIT,DONE_HOLD,2,0,6.020,7.667,-0.052,0.004,-0.005,-0.000,0.7583
1786528331.897,112.700,WAIT,DONE_HOLD,2,0,6.021,7.667,-0.051,0.005,-0.004,-0.000,0.7583
1786528331.997,112.800,WAIT,DONE_HOLD,2,0,6.022,7.667,-0.051,0.004,-0.003,-0.000,0.7583
1786528332.097,112.900,WAIT,DONE_HOLD,2,0,6.023,7.667,-0.051,0.004,-0.003,-0.001,0.7584
1786528332.197,113.000,WAIT,DONE_HOLD,2,0,6.023,7.667,-0.051,0.005,-0.003,-0.000,0.7584
1786528332.297,113.100,WAIT,DONE_HOLD,2,0,6.024,7.667,-0.051,0.006,-0.003,0.001,0.7583
