t_wall,t_seq,state,stage,nav_state,armed,x,y,z,vx,vy,vz,heading
1786526917.068,0.000,WAIT,idle,-1,0,-1.471,22.794,-1.236,-0.036,-0.086,-0.703,0.7656
1786526917.167,0.000,WAIT,idle,2,1,-1.478,22.787,-1.296,-0.057,-0.055,-0.518,0.7843
1786526917.267,0.000,WAIT,idle,2,1,-1.484,22.781,-1.330,-0.047,-0.021,-0.311,0.8093
1786526917.367,0.000,WAIT,idle,2,1,-1.491,22.776,-1.356,-0.028,-0.026,-0.262,0.8391
1786526917.467,0.000,WAIT,idle,2,1,-1.498,22.768,-1.376,0.011,0.014,-0.233,0.8727
1786526917.567,0.000,WAIT,idle,2,1,-1.504,22.760,-1.394,-0.025,-0.031,-0.157,0.9191
1786526917.667,0.000,WAIT,idle,2,1,-1.512,22.749,-1.404,0.008,-0.007,-0.012,0.9685
1786526917.767,0.000,WAIT,idle,2,1,-1.516,22.739,-1.404,0.008,-0.021,0.019,1.0264
1786526917.867,0.000,WAIT,idle,2,1,-1.519,22.729,-1.409,-0.008,-0.035,-0.065,1.0880
1786526917.967,0.000,WAIT,idle,2,1,-1.523,22.721,-1.421,-0.004,0.009,-0.097,1.1508
1786526918.067,0.000,WAIT,idle,2,1,-1.528,22.716,-1.435,0.052,0.018,-0.102,1.2016
1786526918.167,0.000,WAIT,idle,2,1,-1.532,22.714,-1.452,0.021,0.019,-0.120,1.2441
1786526918.267,0.000,WAIT,idle,2,1,-1.537,22.715,-1.470,0.074,0.032,-0.114,1.2776
1786526918.367,0.000,WAIT,idle,2,1,-1.544,22.717,-1.486,0.057,0.029,-0.102,0.6115
1786526918.467,0.000,WAIT,idle,2,1,-1.549,22.722,-1.500,0.106,0.035,-0.083,0.6175
1786526918.567,0.000,WAIT,idle,2,1,-1.553,22.734,-1.515,0.075,0.070,-0.097,0.6288
1786526918.667,0.000,WAIT,idle,2,1,-1.559,22.748,-1.529,0.078,0.067,-0.099,0.6314
1786526918.767,0.000,WAIT,idle,2,1,-1.565,22.763,-1.544,0.101,0.061,-0.093,0.6318
1786526918.867,0.000,WAIT,idle,2,1,-1.574,22.777,-1.558,0.071,0.062,-0.096,0.6285
1786526918.967,0.000,WAIT,idle,2,1,-1.581,22.793,-1.572,0.098,0.062,-0.077,0.6239
1786526919.067,0.000,WAIT,idle,2,1,-1.586,22.808,-1.585,0.081,0.047,-0.081,0.6219
1786526919.167,0.000,WAIT,idle,2,1,-1.591,22.824,-1.597,0.116,0.056,-0.061,0.6241
1786526919.267,0.000,WAIT,idle,2,1,-1.590,22.840,-1.610,0.052,0.032,-0.071,0.6271
1786526919.367,0.000,WAIT,idle,2,1,-1.591,22.853,-1.621,0.102,0.033,-0.060,0.6300
1786526919.467,0.000,WAIT,idle,2,1,-1.588,22.869,-1.634,0.087,-0.002,-0.068,0.6339
1786526919.567,0.000,WAIT,idle,2,1,-1.589,22.886,-1.646,0.114,0.006,-0.056,0.6384
1786526919.667,0.000,WAIT,idle,2,1,-1.588,22.903,-1.656,0.129,-0.003,-0.065,0.6462
1786526919.767,0.000,WAIT,idle,2,1,-1.588,22.922,-1.668,0.108,0.008,-0.061,0.6561
1786526919.867,0.000,WAIT,idle,2,1,-1.590,22.937,-1.677,0.138,0.034,-0.059,0.6643
1786526919.967,0.000,WAIT,idle,2,1,-1.591,22.959,-1.689,0.148,-0.007,-0.070,0.6750
1786526920.067,0.000,WAIT,idle,2,1,-1.592,22.977,-1.700,0.128,0.010,-0.070,0.6835
1786526920.167,0.000,WAIT,idle,2,1,-1.592,22.995,-1.711,0.145,-0.019,-0.086,0.6899
1786526920.267,0.000,WAIT,idle,2,1,-1.587,23.010,-1.724,0.129,-0.038,-0.088,0.6951
1786526920.367,0.000,WAIT,idle,2,1,-1.579,23.023,-1.735,0.157,-0.052,-0.084,0.6975
1786526920.467,0.000,WAIT,idle,2,1,-1.571,23.032,-1.745,0.179,-0.042,-0.053,0.6997
1786526920.567,0.000,WAIT,idle,2,1,-1.565,23.041,-1.753,0.130,-0.068,-0.056,0.7037
1786526920.667,0.000,WAIT,idle,2,1,-1.557,23.052,-1.763,0.126,-0.107,-0.043,0.7097
1786526920.767,0.000,WAIT,idle,2,1,-1.551,23.057,-1.769,0.180,-0.141,-0.040,0.7183
1786526920.867,0.000,WAIT,idle,2,1,-1.537,23.058,-1.777,0.218,-0.112,-0.042,0.7328
1786526920.967,0.000,WAIT,idle,2,1,-1.524,23.058,-1.785,0.191,-0.146,-0.036,0.7446
1786526921.067,0.000,WAIT,idle,2,1,-1.515,23.055,-1.792,0.159,-0.180,-0.045,0.7532
1786526921.167,0.000,WAIT,idle,2,1,-1.505,23.049,-1.798,0.207,-0.180,-0.031,0.7612
1786526921.267,0.000,WAIT,idle,2,1,-1.494,23.038,-1.805,0.176,-0.205,-0.046,0.7696
1786526921.367,0.000,WAIT,idle,2,1,-1.482,23.031,-1.812,0.189,-0.180,-0.044,0.7774
1786526921.467,0.000,WAIT,idle,2,1,-1.468,23.023,-1.819,0.187,-0.166,-0.052,0.7844
1786526921.567,0.000,WAIT,idle,2,1,-1.455,23.018,-1.827,0.153,-0.181,-0.057,0.7914
1786526921.667,0.000,WAIT,idle,2,1,-1.445,23.013,-1.834,0.212,-0.166,-0.054,0.7989
1786526921.767,0.000,WAIT,idle,2,1,-1.435,23.010,-1.844,0.178,-0.132,-0.070,0.8084
1786526921.867,0.000,WAIT,idle,2,1,-1.428,23.006,-1.853,0.160,-0.152,-0.060,0.8167
1786526921.967,0.000,WAIT,idle,2,1,-1.420,23.002,-1.862,0.102,-0.171,-0.061,0.8253
1786526922.067,0.000,WAIT,idle,2,1,-1.414,22.997,-1.870,0.124,-0.158,-0.067,0.8345
1786526922.167,0.000,WAIT,idle,2,1,-1.406,22.994,-1.880,0.117,-0.162,-0.061,0.8410
1786526922.267,0.000,WAIT,idle,2,1,-1.395,22.985,-1.890,0.126,-0.186,-0.048,0.8478
1786526922.367,0.000,WAIT,idle,2,1,-1.384,22.973,-1.899,0.127,-0.163,-0.043,0.8565
1786526922.467,0.000,WAIT,idle,2,1,-1.371,22.964,-1.907,0.081,-0.174,-0.043,0.8638
1786526922.567,0.000,WAIT,idle,2,1,-1.360,22.954,-1.916,0.086,-0.173,-0.048,0.8715
1786526922.667,0.000,WAIT,idle,2,1,-1.345,22.941,-1.925,0.134,-0.173,-0.052,0.8807
1786526922.767,0.000,WAIT,idle,2,1,-1.333,22.927,-1.935,0.042,-0.203,-0.057,0.8929
1786526922.867,0.000,WAIT,idle,2,1,-1.321,22.915,-1.945,0.046,-0.156,-0.058,0.9053
1786526922.967,0.000,WAIT,idle,2,1,-1.307,22.905,-1.953,0.092,-0.143,-0.057,0.9164
1786526923.067,0.000,WAIT,idle,2,1,-1.291,22.896,-1.963,0.067,-0.123,-0.049,0.9254
1786526923.167,0.000,WAIT,idle,2,1,-1.276,22.888,-1.971,0.048,-0.139,-0.057,0.9290
1786526923.267,0.000,WAIT,idle,2,1,-1.262,22.879,-1.980,0.008,-0.132,-0.068,0.9310
1786526923.367,0.000,WAIT,idle,2,1,-1.251,22.872,-1.988,0.026,-0.103,-0.060,0.9317
1786526923.467,0.000,WAIT,idle,2,1,-1.237,22.866,-1.998,0.030,-0.112,-0.064,0.9349
1786526923.567,0.000,WAIT,idle,2,1,-1.224,22.859,-2.006,0.038,-0.078,-0.044,0.9368
1786526923.667,0.000,WAIT,idle,2,1,-1.212,22.851,-2.012,-0.023,-0.078,-0.034,0.9387
1786526923.767,0.000,WAIT,idle,2,1,-1.204,22.846,-2.019,-0.033,-0.068,-0.046,0.9414
1786526923.867,0.000,WAIT,idle,2,1,-1.199,22.842,-2.025,-0.045,-0.065,-0.039,0.9448
1786526923.967,0.000,WAIT,idle,2,1,-1.195,22.837,-2.032,-0.053,-0.070,-0.026,0.9479
1786526924.067,0.000,WAIT,idle,2,1,-1.192,22.834,-2.038,-0.055,-0.050,-0.032,0.9522
1786526924.167,0.000,WAIT,idle,2,1,-1.190,22.830,-2.045,-0.062,-0.101,-0.035,0.9578
1786526924.267,0.000,WAIT,idle,2,1,-1.192,22.825,-2.051,-0.071,-0.078,-0.038,0.9636
1786526924.367,0.000,WAIT,idle,2,1,-1.195,22.824,-2.058,-0.077,-0.010,-0.031,0.9685
1786526924.467,0.000,WAIT,idle,2,1,-1.198,22.822,-2.066,-0.073,-0.040,-0.037,0.9712
1786526924.567,0.000,WAIT,idle,2,1,-1.202,22.821,-2.074,-0.093,-0.020,-0.046,0.9737
1786526924.667,0.000,WAIT,idle,2,1,-1.208,22.820,-2.081,-0.126,-0.041,-0.050,0.9756
1786526924.767,0.000,WAIT,idle,2,1,-1.214,22.815,-2.090,-0.093,-0.037,-0.045,0.9755
1786526924.867,0.000,WAIT,idle,2,1,-1.219,22.813,-2.098,-0.118,-0.059,-0.041,0.9749
1786526924.967,0.000,WAIT,idle,2,1,-1.225,22.810,-2.106,-0.103,-0.063,-0.053,0.9741
1786526925.067,0.000,WAIT,idle,2,1,-1.230,22.809,-2.113,-0.139,-0.076,-0.070,0.9739
1786526925.167,0.000,WAIT,idle,2,1,-1.234,22.808,-2.123,-0.063,-0.050,-0.058,0.9741
1786526925.267,0.000,WAIT,idle,2,1,-1.239,22.805,-2.131,-0.132,-0.049,-0.065,0.9756
1786526925.367,0.000,WAIT,idle,2,1,-1.246,22.806,-2.140,-0.116,-0.069,-0.069,0.9775
1786526925.467,0.000,WAIT,idle,2,1,-1.252,22.806,-2.148,-0.108,-0.088,-0.062,0.9797
1786526925.567,0.000,WAIT,idle,2,1,-1.255,22.805,-2.156,-0.112,-0.051,-0.066,0.9801
1786526925.667,0.000,WAIT,idle,2,1,-1.259,22.804,-2.162,-0.067,-0.041,-0.061,0.9765
1786526925.767,0.000,WAIT,idle,2,1,-1.264,22.803,-2.169,-0.099,-0.040,-0.057,0.9744
1786526925.867,0.000,WAIT,idle,2,1,-1.269,22.806,-2.177,-0.051,-0.009,-0.057,0.9703
1786526925.967,0.000,WAIT,idle,2,1,-1.274,22.810,-2.185,-0.051,0.013,-0.073,0.9690
1786526926.067,0.000,WAIT,idle,2,1,-1.281,22.810,-2.192,-0.088,0.001,-0.074,0.9689
1786526926.167,0.000,WAIT,idle,2,1,-1.287,22.811,-2.199,-0.014,0.015,-0.053,0.9708
1786526926.267,0.000,WAIT,idle,2,1,-1.295,22.813,-2.206,-0.050,-0.016,-0.056,0.9748
1786526926.367,0.000,WAIT,idle,2,1,-1.299,22.817,-2.213,-0.022,0.015,-0.044,0.9764
1786526926.467,0.000,WAIT,idle,2,1,-1.301,22.819,-2.218,-0.030,-0.020,-0.050,0.9739
1786526926.567,0.000,WAIT,idle,2,1,-1.301,22.822,-2.224,0.012,-0.014,-0.030,0.9719
1786526926.667,0.000,WAIT,idle,2,1,-1.299,22.825,-2.230,0.003,-0.016,-0.043,0.9717
1786526926.767,0.000,WAIT,idle,2,1,-1.299,22.827,-2.236,-0.001,-0.023,-0.045,0.9745
1786526926.867,0.000,WAIT,idle,2,1,-1.298,22.827,-2.243,0.007,-0.067,-0.052,0.9776
1786526926.967,0.000,WAIT,idle,2,1,-1.297,22.826,-2.251,0.024,-0.057,-0.050,0.9809
1786526927.067,0.000,WAIT,idle,2,1,-1.299,22.826,-2.259,0.004,-0.071,-0.064,0.9833
1786526927.167,0.000,WAIT,idle,2,1,-1.301,22.823,-2.268,-0.022,-0.055,-0.069,0.9859
1786526927.267,0.000,WAIT,idle,2,1,-1.304,22.821,-2.278,-0.001,-0.070,-0.064,0.9859
1786526927.367,0.000,WAIT,idle,2,1,-1.306,22.819,-2.286,-0.025,-0.062,-0.052,0.9835
1786526927.468,0.001,ENGAGED,idle,14,1,-1.307,22.819,-2.294,-0.027,-0.041,-0.053,0.9831
1786526927.568,0.101,ENGAGED,SETTLE 0/4s,14,1,-1.308,22.819,-2.301,0.024,-0.030,-0.022,0.9837
1786526927.667,0.200,ENGAGED,SETTLE 0/4s,14,1,-1.305,22.817,-2.306,0.021,-0.058,-0.005,0.9854
1786526927.767,0.300,ENGAGED,SETTLE 0/4s,14,1,-1.302,22.813,-2.309,0.027,-0.075,0.015,0.9864
1786526927.867,0.400,ENGAGED,SETTLE 0/4s,14,1,-1.300,22.809,-2.310,0.020,-0.077,0.025,0.9865
1786526927.967,0.500,ENGAGED,SETTLE 0/4s,14,1,-1.302,22.805,-2.312,0.001,-0.075,0.026,0.9871
1786526928.068,0.601,ENGAGED,SETTLE 1/4s,14,1,-1.305,22.800,-2.314,0.039,-0.098,0.035,0.9874
1786526928.167,0.700,ENGAGED,SETTLE 1/4s,14,1,-1.307,22.795,-2.316,0.005,-0.122,0.022,0.9875
1786526928.267,0.800,ENGAGED,SETTLE 1/4s,14,1,-1.308,22.791,-2.318,-0.001,-0.084,0.025,0.9870
1786526928.367,0.900,ENGAGED,SETTLE 1/4s,14,1,-1.313,22.787,-2.321,0.023,-0.080,0.018,0.9869
1786526928.467,1.000,ENGAGED,SETTLE 1/4s,14,1,-1.317,22.784,-2.323,-0.022,-0.092,0.015,0.9898
1786526928.567,1.100,ENGAGED,SETTLE 1/4s,14,1,-1.320,22.782,-2.324,0.004,-0.052,0.017,0.9916
1786526928.667,1.200,ENGAGED,SETTLE 1/4s,14,1,-1.325,22.781,-2.325,0.003,-0.057,0.032,0.9920
1786526928.767,1.300,ENGAGED,SETTLE 1/4s,14,1,-1.332,22.781,-2.325,-0.013,-0.031,0.037,0.9900
1786526928.867,1.400,ENGAGED,SETTLE 1/4s,14,1,-1.338,22.783,-2.325,-0.012,-0.021,0.026,0.9889
1786526928.967,1.500,ENGAGED,SETTLE 1/4s,14,1,-1.347,22.789,-2.326,0.017,0.003,0.036,0.9874
1786526929.068,1.601,ENGAGED,SETTLE 2/4s,14,1,-1.354,22.794,-2.326,-0.008,-0.008,0.025,0.9857
1786526929.167,1.700,ENGAGED,SETTLE 2/4s,14,1,-1.361,22.800,-2.326,0.006,0.000,0.032,0.9842
1786526929.267,1.800,ENGAGED,SETTLE 2/4s,14,1,-1.365,22.805,-2.326,0.026,-0.015,0.031,0.9829
1786526929.367,1.900,ENGAGED,SETTLE 2/4s,14,1,-1.367,22.810,-2.326,0.021,-0.009,0.023,0.9829
1786526929.467,2.000,ENGAGED,SETTLE 2/4s,14,1,-1.362,22.815,-2.326,0.029,0.017,0.033,0.9839
1786526929.567,2.100,ENGAGED,SETTLE 2/4s,14,1,-1.361,22.819,-2.327,-0.004,-0.030,0.028,0.9842
1786526929.667,2.200,ENGAGED,SETTLE 2/4s,14,1,-1.358,22.825,-2.326,0.027,-0.030,0.024,0.9856
1786526929.767,2.300,ENGAGED,SETTLE 2/4s,14,1,-1.355,22.828,-2.326,0.031,-0.027,0.031,0.9853
1786526929.867,2.400,ENGAGED,SETTLE 2/4s,14,1,-1.353,22.833,-2.325,0.042,-0.025,0.040,0.9862
1786526929.967,2.500,ENGAGED,SETTLE 2/4s,14,1,-1.352,22.835,-2.324,0.064,-0.004,0.044,0.9860
1786526930.068,2.601,ENGAGED,SETTLE 3/4s,14,1,-1.351,22.835,-2.322,0.002,-0.031,0.035,0.9847
1786526930.167,2.700,ENGAGED,SETTLE 3/4s,14,1,-1.350,22.837,-2.321,0.034,-0.004,0.031,0.9826
1786526930.267,2.800,ENGAGED,SETTLE 3/4s,14,1,-1.350,22.835,-2.320,0.024,-0.032,0.031,0.9798
1786526930.367,2.900,ENGAGED,SETTLE 3/4s,14,1,-1.348,22.834,-2.319,0.013,-0.025,0.027,0.9800
1786526930.467,3.000,ENGAGED,SETTLE 3/4s,14,1,-1.344,22.833,-2.318,0.054,-0.061,0.032,0.9826
1786526930.567,3.100,ENGAGED,SETTLE 3/4s,14,1,-1.338,22.830,-2.317,0.009,-0.058,0.028,0.9862
1786526930.667,3.200,ENGAGED,SETTLE 3/4s,14,1,-1.334,22.830,-2.317,0.044,-0.028,0.027,0.9879
1786526930.767,3.300,ENGAGED,SETTLE 3/4s,14,1,-1.331,22.830,-2.316,0.050,-0.023,0.020,0.9880
1786526930.867,3.400,ENGAGED,SETTLE 3/4s,14,1,-1.326,22.828,-2.316,0.070,-0.042,0.027,0.9855
1786526930.967,3.500,ENGAGED,SETTLE 3/4s,14,1,-1.319,22.826,-2.317,0.058,-0.029,0.019,0.9849
1786526931.068,3.601,ENGAGED,SETTLE 4/4s,14,1,-1.310,22.823,-2.318,0.047,-0.075,0.015,0.9864
1786526931.167,3.700,ENGAGED,SETTLE 4/4s,14,1,-1.301,22.819,-2.319,0.063,-0.043,0.018,0.9884
1786526931.267,3.800,ENGAGED,SETTLE 4/4s,14,1,-1.297,22.815,-2.320,0.017,-0.060,0.023,0.9890
1786526931.367,3.900,ENGAGED,SETTLE 4/4s,14,1,-1.294,22.810,-2.321,0.018,-0.072,0.027,0.9891
1786526931.467,4.000,ENGAGED,SETTLE 4/4s,14,1,-1.294,22.806,-2.321,-0.020,-0.051,0.029,0.9897
1786526931.568,4.101,ENGAGED,CIRCLE 0/25s (0%),14,1,-1.296,22.802,-2.322,-0.030,-0.040,0.025,0.9883
1786526931.668,4.201,ENGAGED,CIRCLE 0/25s (1%),14,1,-1.297,22.796,-2.323,0.037,-0.115,0.000,1.0181
1786526931.767,4.300,ENGAGED,CIRCLE 0/25s (1%),14,1,-1.302,22.795,-2.336,-0.169,0.104,-0.171,1.3050
1786526931.868,4.401,ENGAGED,CIRCLE 0/25s (2%),14,1,-1.339,22.817,-2.354,-0.471,0.235,-0.072,1.6919
1786526931.967,4.500,ENGAGED,CIRCLE 0/25s (2%),14,1,-1.389,22.841,-2.359,-0.660,0.333,0.011,1.9677
1786526932.068,4.601,ENGAGED,CIRCLE 1/25s (2%),14,1,-1.457,22.864,-2.359,-0.841,0.405,0.058,2.1887
1786526932.168,4.701,ENGAGED,CIRCLE 1/25s (3%),14,1,-1.540,22.893,-2.354,-0.995,0.482,0.084,2.3479
1786526932.267,4.800,ENGAGED,CIRCLE 1/25s (3%),14,1,-1.671,22.943,-2.344,-1.133,0.518,0.092,2.5148
1786526932.368,4.901,ENGAGED,CIRCLE 1/25s (4%),14,1,-1.774,22.985,-2.336,-1.310,0.566,0.099,2.6142
1786526932.467,5.000,ENGAGED,CIRCLE 1/25s (4%),14,1,-1.896,23.038,-2.329,-1.374,0.574,0.087,2.7080
1786526932.567,5.100,ENGAGED,CIRCLE 1/25s (4%),14,1,-2.033,23.096,-2.323,-1.462,0.584,0.070,2.7946
1786526932.668,5.201,ENGAGED,CIRCLE 1/25s (5%),14,1,-2.148,23.142,-2.321,-1.555,0.583,0.064,2.8587
1786526932.767,5.300,ENGAGED,CIRCLE 1/25s (5%),14,1,-2.260,23.188,-2.320,-1.577,0.553,0.051,2.9156
1786526932.868,5.401,ENGAGED,CIRCLE 1/25s (6%),14,1,-2.380,23.238,-2.321,-1.629,0.559,0.055,2.9733
1786526932.967,5.500,ENGAGED,CIRCLE 1/25s (6%),14,1,-2.516,23.285,-2.321,-1.640,0.472,0.035,3.0340
1786526933.068,5.601,ENGAGED,CIRCLE 2/25s (6%),14,1,-2.650,23.323,-2.321,-1.682,0.410,0.039,3.0922
1786526933.168,5.701,ENGAGED,CIRCLE 2/25s (7%),14,1,-2.772,23.350,-2.322,-1.722,0.360,0.033,-3.1384
1786526933.267,5.800,ENGAGED,CIRCLE 2/25s (7%),14,1,-2.928,23.375,-2.324,-1.708,0.264,0.033,-3.0750
1786526933.368,5.901,ENGAGED,CIRCLE 2/25s (8%),14,1,-3.037,23.383,-2.325,-1.776,0.181,0.039,-3.0302
1786526933.467,6.000,ENGAGED,CIRCLE 2/25s (8%),14,1,-3.176,23.385,-2.326,-1.806,0.092,0.035,-2.9749
1786526933.567,6.100,ENGAGED,CIRCLE 2/25s (8%),14,1,-3.322,23.381,-2.327,-1.797,0.028,0.037,-2.9172
1786526933.668,6.201,ENGAGED,CIRCLE 2/25s (9%),14,1,-3.456,23.371,-2.326,-1.814,-0.055,0.043,-2.8642
1786526933.767,6.300,ENGAGED,CIRCLE 2/25s (9%),14,1,-3.590,23.355,-2.324,-1.826,-0.122,0.036,-2.8166
1786526933.868,6.401,ENGAGED,CIRCLE 2/25s (10%),14,1,-3.748,23.330,-2.320,-1.794,-0.217,0.040,-2.7597
1786526933.967,6.500,ENGAGED,CIRCLE 2/25s (10%),14,1,-3.886,23.306,-2.317,-1.847,-0.287,0.045,-2.7139
1786526934.068,6.601,ENGAGED,CIRCLE 3/25s (10%),14,1,-4.035,23.277,-2.313,-1.761,-0.361,0.029,-2.6635
1786526934.168,6.701,ENGAGED,CIRCLE 3/25s (11%),14,1,-4.207,23.244,-2.308,-1.834,-0.426,0.018,-2.6112
1786526934.267,6.800,ENGAGED,CIRCLE 3/25s (11%),14,1,-4.387,23.202,-2.305,-1.764,-0.493,0.005,-2.5599
1786526934.368,6.901,ENGAGED,CIRCLE 3/25s (12%),14,1,-4.550,23.158,-2.304,-1.758,-0.609,0.010,-2.5134
1786526934.467,7.000,ENGAGED,CIRCLE 3/25s (12%),14,1,-4.714,23.110,-2.304,-1.740,-0.653,-0.004,-2.4677
1786526934.567,7.100,ENGAGED,CIRCLE 3/25s (12%),14,1,-4.894,23.056,-2.305,-1.722,-0.742,-0.001,-2.4203
1786526934.668,7.201,ENGAGED,CIRCLE 3/25s (13%),14,1,-5.074,22.996,-2.305,-1.660,-0.812,-0.000,-2.3714
1786526934.767,7.300,ENGAGED,CIRCLE 3/25s (13%),14,1,-5.277,22.918,-2.305,-1.641,-0.890,0.005,-2.3186
1786526934.868,7.401,ENGAGED,CIRCLE 3/25s (14%),14,1,-5.469,22.838,-2.304,-1.570,-0.996,0.006,-2.2699
1786526934.967,7.500,ENGAGED,CIRCLE 3/25s (14%),14,1,-5.670,22.743,-2.303,-1.566,-1.096,0.015,-2.2219
1786526935.068,7.601,ENGAGED,CIRCLE 4/25s (14%),14,1,-5.870,22.635,-2.302,-1.445,-1.176,0.006,-2.1737
1786526935.168,7.701,ENGAGED,CIRCLE 4/25s (15%),14,1,-6.049,22.526,-2.301,-1.419,-1.259,-0.001,-2.1285
1786526935.267,7.800,ENGAGED,CIRCLE 4/25s (15%),14,1,-6.249,22.385,-2.301,-1.295,-1.374,-0.006,-2.0684
1786526935.368,7.901,ENGAGED,CIRCLE 4/25s (16%),14,1,-6.406,22.253,-2.302,-1.171,-1.478,-0.010,-2.0157
1786526935.467,8.000,ENGAGED,CIRCLE 4/25s (16%),14,1,-6.554,22.119,-2.304,-1.109,-1.544,-0.007,-1.9675
1786526935.567,8.100,ENGAGED,CIRCLE 4/25s (16%),14,1,-6.699,21.970,-2.306,-0.963,-1.560,-0.007,-1.9168
1786526935.668,8.201,ENGAGED,CIRCLE 4/25s (17%),14,1,-6.840,21.807,-2.306,-0.897,-1.667,0.006,-1.8629
1786526935.767,8.300,ENGAGED,CIRCLE 4/25s (17%),14,1,-6.969,21.646,-2.305,-0.743,-1.704,-0.003,-1.8125
1786526935.868,8.401,ENGAGED,CIRCLE 4/25s (18%),14,1,-7.079,21.473,-2.304,-0.622,-1.695,0.003,-1.7589
1786526935.967,8.500,ENGAGED,CIRCLE 4/25s (18%),14,1,-7.171,21.307,-2.303,-0.490,-1.744,0.019,-1.7080
1786526936.068,8.601,ENGAGED,CIRCLE 5/25s (18%),14,1,-7.266,21.126,-2.302,-0.427,-1.785,0.010,-1.6520
1786526936.168,8.701,ENGAGED,CIRCLE 5/25s (19%),14,1,-7.355,20.946,-2.301,-0.294,-1.802,0.013,-1.6008
1786526936.267,8.800,ENGAGED,CIRCLE 5/25s (19%),14,1,-7.421,20.762,-2.300,-0.166,-1.782,0.021,-1.5468
1786526936.367,8.900,ENGAGED,CIRCLE 5/25s (19%),14,1,-7.488,20.584,-2.299,-0.060,-1.808,0.020,-1.4951
1786526936.468,9.001,ENGAGED,CIRCLE 5/25s (20%),14,1,-7.544,20.414,-2.298,0.026,-1.792,0.020,-1.4486
1786526936.567,9.100,ENGAGED,CIRCLE 5/25s (20%),14,1,-7.593,20.225,-2.295,0.131,-1.773,0.018,-1.4006
1786526936.668,9.201,ENGAGED,CIRCLE 5/25s (21%),14,1,-7.646,20.010,-2.292,0.243,-1.790,0.022,-1.3468
1786526936.767,9.300,ENGAGED,CIRCLE 5/25s (21%),14,1,-7.690,19.813,-2.290,0.345,-1.768,0.030,-1.2982
1786526936.867,9.400,ENGAGED,CIRCLE 5/25s (21%),14,1,-7.707,19.641,-2.287,0.446,-1.720,0.030,-1.2524
1786526936.967,9.501,ENGAGED,CIRCLE 5/25s (22%),14,1,-7.714,19.470,-2.284,0.537,-1.661,0.031,-1.2034
1786526937.068,9.601,ENGAGED,CIRCLE 6/25s (22%),14,1,-7.713,19.277,-2.280,0.640,-1.642,0.039,-1.1517
1786526937.168,9.701,ENGAGED,CIRCLE 6/25s (23%),14,1,-7.691,19.095,-2.274,0.733,-1.571,0.029,-1.0975
1786526937.267,9.800,ENGAGED,CIRCLE 6/25s (23%),14,1,-7.672,18.938,-2.272,0.794,-1.507,0.016,-1.0559
1786526937.367,9.900,ENGAGED,CIRCLE 6/25s (23%),14,1,-7.622,18.765,-2.269,0.911,-1.459,0.013,-1.0012
1786526937.468,10.001,ENGAGED,CIRCLE 6/25s (24%),14,1,-7.573,18.590,-2.268,0.996,-1.408,0.000,-0.9444
1786526937.567,10.100,ENGAGED,CIRCLE 6/25s (24%),14,1,-7.530,18.431,-2.269,1.059,-1.357,-0.012,-0.8955
1786526937.668,10.201,ENGAGED,CIRCLE 6/25s (25%),14,1,-7.474,18.289,-2.270,1.125,-1.363,-0.005,-0.8488
1786526937.767,10.300,ENGAGED,CIRCLE 6/25s (25%),14,1,-7.410,18.123,-2.272,1.160,-1.291,-0.015,-0.7970
1786526937.867,10.400,ENGAGED,CIRCLE 6/25s (25%),14,1,-7.342,17.991,-2.276,1.195,-1.225,-0.028,-0.7511
1786526937.968,10.501,ENGAGED,CIRCLE 6/25s (26%),14,1,-7.272,17.805,-2.281,1.264,-1.250,-0.015,-0.6985
1786526938.068,10.601,ENGAGED,CIRCLE 7/25s (26%),14,1,-7.193,17.646,-2.285,1.315,-1.149,-0.020,-0.6501
1786526938.168,10.701,ENGAGED,CIRCLE 7/25s (27%),14,1,-7.109,17.492,-2.289,1.346,-1.154,-0.010,-0.6067
1786526938.267,10.800,ENGAGED,CIRCLE 7/25s (27%),14,1,-6.994,17.330,-2.292,1.391,-1.100,-0.014,-0.5510
1786526938.367,10.900,ENGAGED,CIRCLE 7/25s (27%),14,1,-6.887,17.199,-2.293,1.461,-1.070,0.011,-0.4999
1786526938.468,11.001,ENGAGED,CIRCLE 7/25s (28%),14,1,-6.782,17.053,-2.294,1.481,-0.976,0.012,-0.4446
1786526938.567,11.100,ENGAGED,CIRCLE 7/25s (28%),14,1,-6.684,16.919,-2.294,1.517,-0.916,0.026,-0.3994
1786526938.668,11.201,ENGAGED,CIRCLE 7/25s (29%),14,1,-6.569,16.762,-2.293,1.566,-0.877,0.031,-0.3518
1786526938.767,11.300,ENGAGED,CIRCLE 7/25s (29%),14,1,-6.435,16.618,-2.290,1.600,-0.835,0.033,-0.3023
1786526938.867,11.400,ENGAGED,CIRCLE 7/25s (29%),14,1,-6.301,16.465,-2.286,1.660,-0.831,0.040,-0.2532
1786526938.968,11.501,ENGAGED,CIRCLE 7/25s (30%),14,1,-6.168,16.338,-2.282,1.680,-0.723,0.023,-0.2066
1786526939.068,11.601,ENGAGED,CIRCLE 8/25s (30%),14,1,-6.000,16.177,-2.278,1.734,-0.689,0.013,-0.1505
1786526939.168,11.701,ENGAGED,CIRCLE 8/25s (31%),14,1,-5.836,16.034,-2.275,1.757,-0.603,0.013,-0.1006
1786526939.267,11.800,ENGAGED,CIRCLE 8/25s (31%),14,1,-5.671,15.913,-2.271,1.757,-0.506,0.008,-0.0525
1786526939.367,11.900,ENGAGED,CIRCLE 8/25s (31%),14,1,-5.510,15.809,-2.267,1.765,-0.403,-0.003,-0.0084
1786526939.468,12.001,ENGAGED,CIRCLE 8/25s (32%),14,1,-5.348,15.711,-2.264,1.775,-0.300,-0.015,0.0386
1786526939.567,12.100,ENGAGED,CIRCLE 8/25s (32%),14,1,-5.156,15.617,-2.260,1.816,-0.194,-0.006,0.0972
1786526939.668,12.201,ENGAGED,CIRCLE 8/25s (33%),14,1,-5.000,15.554,-2.257,1.847,-0.115,-0.018,0.1352
1786526939.767,12.300,ENGAGED,CIRCLE 8/25s (33%),14,1,-4.776,15.471,-2.254,1.841,0.018,-0.030,0.1906
1786526939.867,12.400,ENGAGED,CIRCLE 8/25s (33%),14,1,-4.586,15.419,-2.250,1.900,0.067,-0.031,0.2370
1786526939.968,12.501,ENGAGED,CIRCLE 8/25s (34%),14,1,-4.351,15.354,-2.248,1.927,0.169,-0.048,0.2888
1786526940.068,12.601,ENGAGED,CIRCLE 9/25s (34%),14,1,-4.131,15.305,-2.247,1.926,0.267,-0.058,0.3338
1786526940.168,12.701,ENGAGED,CIRCLE 9/25s (35%),14,1,-3.863,15.257,-2.247,1.940,0.358,-0.061,0.3894
1786526940.267,12.800,ENGAGED,CIRCLE 9/25s (35%),14,1,-3.659,15.241,-2.247,1.880,0.440,-0.067,0.4372
1786526940.367,12.900,ENGAGED,CIRCLE 9/25s (35%),14,1,-3.434,15.222,-2.247,1.854,0.532,-0.055,0.4899
1786526940.468,13.001,ENGAGED,CIRCLE 9/25s (36%),14,1,-3.200,15.215,-2.245,1.856,0.626,-0.049,0.5371
1786526940.567,13.100,ENGAGED,CIRCLE 9/25s (36%),14,1,-2.953,15.221,-2.244,1.847,0.689,-0.038,0.5837
1786526940.668,13.201,ENGAGED,CIRCLE 9/25s (37%),14,1,-2.717,15.234,-2.242,1.760,0.801,-0.040,0.6295
1786526940.767,13.300,ENGAGED,CIRCLE 9/25s (37%),14,1,-2.474,15.261,-2.239,1.745,0.879,-0.028,0.6775
1786526940.867,13.400,ENGAGED,CIRCLE 9/25s (37%),14,1,-2.238,15.299,-2.235,1.685,0.955,-0.028,0.7250
1786526940.968,13.501,ENGAGED,CIRCLE 9/25s (38%),14,1,-2.006,15.347,-2.232,1.643,1.020,-0.043,0.7738
1786526941.068,13.601,ENGAGED,CIRCLE 10/25s (38%),14,1,-1.769,15.409,-2.229,1.603,1.111,-0.048,0.8210
1786526941.168,13.701,ENGAGED,CIRCLE 10/25s (39%),14,1,-1.537,15.490,-2.226,1.515,1.187,-0.035,0.8686
1786526941.267,13.800,ENGAGED,CIRCLE 10/25s (39%),14,1,-1.351,15.578,-2.220,1.461,1.277,-0.022,0.9152
1786526941.367,13.900,ENGAGED,CIRCLE 10/25s (39%),14,1,-1.132,15.688,-2.214,1.378,1.352,-0.035,0.9745
1786526941.468,14.001,ENGAGED,CIRCLE 10/25s (40%),14,1,-0.931,15.809,-2.212,1.294,1.418,-0.053,1.0301
1786526941.567,14.100,ENGAGED,CIRCLE 10/25s (40%),14,1,-0.749,15.931,-2.211,1.226,1.480,-0.061,1.0788
1786526941.668,14.201,ENGAGED,CIRCLE 10/25s (41%),14,1,-0.563,16.058,-2.210,1.182,1.536,-0.067,1.1277
1786526941.767,14.300,ENGAGED,CIRCLE 10/25s (41%),14,1,-0.377,16.199,-2.209,1.072,1.575,-0.068,1.1796
1786526941.867,14.400,ENGAGED,CIRCLE 10/25s (41%),14,1,-0.206,16.344,-2.209,1.027,1.628,-0.065,1.2288
1786526941.968,14.501,ENGAGED,CIRCLE 10/25s (42%),14,1,-0.035,16.506,-2.210,0.941,1.687,-0.063,1.2795
1786526942.068,14.601,ENGAGED,CIRCLE 11/25s (42%),14,1,0.124,16.671,-2.209,0.844,1.737,-0.056,1.3289
1786526942.168,14.701,ENGAGED,CIRCLE 11/25s (43%),14,1,0.264,16.835,-2.208,0.750,1.740,-0.050,1.3778
1786526942.267,14.800,ENGAGED,CIRCLE 11/25s (43%),14,1,0.398,17.027,-2.206,0.645,1.769,-0.055,1.4318
1786526942.367,14.900,ENGAGED,CIRCLE 11/25s (43%),14,1,0.515,17.205,-2.205,0.564,1.795,-0.067,1.4824
1786526942.468,15.001,ENGAGED,CIRCLE 11/25s (44%),14,1,0.611,17.372,-2.207,0.484,1.819,-0.065,1.5288
1786526942.567,15.100,ENGAGED,CIRCLE 11/25s (44%),14,1,0.710,17.555,-2.210,0.406,1.813,-0.059,1.5764
1786526942.668,15.201,ENGAGED,CIRCLE 11/25s (45%),14,1,0.806,17.739,-2.211,0.315,1.835,-0.047,1.6274
1786526942.767,15.300,ENGAGED,CIRCLE 11/25s (45%),14,1,0.901,17.950,-2.211,0.208,1.816,-0.058,1.6872
1786526942.867,15.400,ENGAGED,CIRCLE 11/25s (45%),14,1,0.975,18.147,-2.213,0.131,1.864,-0.065,1.7376
1786526942.968,15.501,ENGAGED,CIRCLE 11/25s (46%),14,1,1.026,18.325,-2.216,0.020,1.855,-0.078,1.7803
1786526943.068,15.601,ENGAGED,CIRCLE 12/25s (46%),14,1,1.082,18.561,-2.222,-0.068,1.844,-0.081,1.8369
1786526943.168,15.701,ENGAGED,CIRCLE 12/25s (47%),14,1,1.120,18.763,-2.228,-0.142,1.867,-0.083,1.8850
1786526943.267,15.800,ENGAGED,CIRCLE 12/25s (47%),14,1,1.146,18.961,-2.235,-0.239,1.851,-0.080,1.9340
1786526943.367,15.900,ENGAGED,CIRCLE 12/25s (47%),14,1,1.163,19.147,-2.241,-0.277,1.830,-0.073,1.9816
1786526943.468,16.001,ENGAGED,CIRCLE 12/25s (48%),14,1,1.166,19.374,-2.248,-0.376,1.838,-0.067,2.0395
1786526943.567,16.100,ENGAGED,CIRCLE 12/25s (48%),14,1,1.165,19.602,-2.256,-0.456,1.811,-0.056,2.0937
1786526943.668,16.201,ENGAGED,CIRCLE 12/25s (49%),14,1,1.155,19.799,-2.261,-0.550,1.809,-0.056,2.1393
1786526943.767,16.300,ENGAGED,CIRCLE 12/25s (49%),14,1,1.127,20.006,-2.266,-0.601,1.742,-0.044,2.1898
1786526943.867,16.400,ENGAGED,CIRCLE 12/25s (49%),14,1,1.094,20.204,-2.270,-0.686,1.695,-0.038,2.2403
1786526943.968,16.501,ENGAGED,CIRCLE 12/25s (50%),14,1,1.047,20.403,-2.273,-0.756,1.664,-0.026,2.2915
1786526944.068,16.601,ENGAGED,CIRCLE 13/25s (50%),14,1,0.996,20.571,-2.277,-0.827,1.633,-0.026,2.3352
1786526944.168,16.701,ENGAGED,CIRCLE 13/25s (51%),14,1,0.930,20.747,-2.281,-0.885,1.557,-0.032,2.3840
1786526944.267,16.800,ENGAGED,CIRCLE 13/25s (51%),14,1,0.854,20.942,-2.286,-0.961,1.539,-0.019,2.4396
1786526944.367,16.900,ENGAGED,CIRCLE 13/25s (51%),14,1,0.772,21.102,-2.289,-1.072,1.504,-0.010,2.4916
1786526944.468,17.001,ENGAGED,CIRCLE 13/25s (52%),14,1,0.679,21.281,-2.291,-1.082,1.465,-0.011,2.5481
1786526944.567,17.100,ENGAGED,CIRCLE 13/25s (52%),14,1,0.588,21.448,-2.292,-1.147,1.421,-0.016,2.5990
1786526944.668,17.201,ENGAGED,CIRCLE 13/25s (53%),14,1,0.496,21.615,-2.293,-1.214,1.433,-0.005,2.6497
1786526944.767,17.300,ENGAGED,CIRCLE 13/25s (53%),14,1,0.385,21.793,-2.294,-1.280,1.388,-0.001,2.7012
1786526944.867,17.400,ENGAGED,CIRCLE 13/25s (53%),14,1,0.264,21.964,-2.294,-1.345,1.346,0.007,2.7536
1786526944.968,17.501,ENGAGED,CIRCLE 13/25s (54%),14,1,0.143,22.137,-2.293,-1.388,1.290,0.012,2.8034
1786526945.068,17.601,ENGAGED,CIRCLE 14/25s (54%),14,1,0.012,22.311,-2.291,-1.457,1.256,0.011,2.8540
1786526945.168,17.701,ENGAGED,CIRCLE 14/25s (55%),14,1,-0.141,22.500,-2.289,-1.511,1.179,-0.000,2.9081
1786526945.267,17.800,ENGAGED,CIRCLE 14/25s (55%),14,1,-0.296,22.666,-2.287,-1.566,1.139,0.002,2.9599
1786526945.367,17.900,ENGAGED,CIRCLE 14/25s (55%),14,1,-0.446,22.816,-2.288,-1.633,1.095,-0.012,3.0072
1786526945.468,18.001,ENGAGED,CIRCLE 14/25s (56%),14,1,-0.620,22.979,-2.290,-1.650,1.012,-0.019,3.0582
1786526945.567,18.100,ENGAGED,CIRCLE 14/25s (56%),14,1,-0.799,23.137,-2.292,-1.737,0.921,-0.014,3.1087
1786526945.667,18.200,ENGAGED,CIRCLE 14/25s (56%),14,1,-0.987,23.288,-2.295,-1.783,0.847,-0.014,-3.1263
1786526945.768,18.301,ENGAGED,CIRCLE 14/25s (57%),14,1,-1.193,23.437,-2.299,-1.790,0.765,-0.021,-3.0760
1786526945.867,18.400,ENGAGED,CIRCLE 14/25s (57%),14,1,-1.397,23.571,-2.302,-1.831,0.643,-0.004,-3.0238
1786526945.968,18.501,ENGAGED,CIRCLE 14/25s (58%),14,1,-1.609,23.698,-2.304,-1.916,0.557,0.002,-2.9746
1786526946.068,18.601,ENGAGED,CIRCLE 15/25s (58%),14,1,-1.856,23.824,-2.306,-1.893,0.448,-0.003,-2.9176
1786526946.167,18.700,ENGAGED,CIRCLE 15/25s (58%),14,1,-2.055,23.911,-2.308,-1.938,0.338,-0.008,-2.8725
1786526946.268,18.801,ENGAGED,CIRCLE 15/25s (59%),14,1,-2.275,23.986,-2.310,-1.937,0.225,-0.007,-2.8223
1786526946.367,18.900,ENGAGED,CIRCLE 15/25s (59%),14,1,-2.484,24.048,-2.311,-1.951,0.123,-0.004,-2.7747
1786526946.468,19.001,ENGAGED,CIRCLE 15/25s (60%),14,1,-2.701,24.103,-2.312,-1.939,-0.005,0.017,-2.7260
1786526946.567,19.100,ENGAGED,CIRCLE 15/25s (60%),14,1,-2.905,24.140,-2.312,-1.897,-0.110,0.014,-2.6797
1786526946.667,19.200,ENGAGED,CIRCLE 15/25s (60%),14,1,-3.145,24.173,-2.312,-1.925,-0.242,0.034,-2.6269
1786526946.768,19.301,ENGAGED,CIRCLE 15/25s (61%),14,1,-3.389,24.195,-2.312,-1.912,-0.370,0.033,-2.5735
1786526946.867,19.400,ENGAGED,CIRCLE 15/25s (61%),14,1,-3.606,24.197,-2.312,-1.854,-0.438,0.036,-2.5244
1786526946.968,19.501,ENGAGED,CIRCLE 15/25s (62%),14,1,-3.807,24.193,-2.312,-1.819,-0.558,0.039,-2.4804
1786526947.068,19.601,ENGAGED,CIRCLE 16/25s (62%),14,1,-4.045,24.179,-2.313,-1.778,-0.655,0.032,-2.4259
1786526947.167,19.700,ENGAGED,CIRCLE 16/25s (62%),14,1,-4.258,24.143,-2.313,-1.737,-0.770,0.044,-2.3760
1786526947.268,19.801,ENGAGED,CIRCLE 16/25s (63%),14,1,-4.457,24.095,-2.313,-1.700,-0.856,0.033,-2.3260
1786526947.367,19.900,ENGAGED,CIRCLE 16/25s (63%),14,1,-4.661,24.036,-2.314,-1.604,-0.967,0.033,-2.2735
1786526947.468,20.001,ENGAGED,CIRCLE 16/25s (64%),14,1,-4.845,23.972,-2.315,-1.557,-1.031,0.026,-2.2282
1786526947.567,20.100,ENGAGED,CIRCLE 16/25s (64%),14,1,-5.042,23.893,-2.315,-1.504,-1.108,0.033,-2.1800
1786526947.667,20.200,ENGAGED,CIRCLE 16/25s (64%),14,1,-5.224,23.805,-2.314,-1.451,-1.204,0.016,-2.1339
1786526947.768,20.301,ENGAGED,CIRCLE 16/25s (65%),14,1,-5.420,23.694,-2.315,-1.338,-1.242,0.005,-2.0841
1786526947.867,20.400,ENGAGED,CIRCLE 16/25s (65%),14,1,-5.616,23.574,-2.316,-1.276,-1.363,0.012,-2.0333
1786526947.968,20.501,ENGAGED,CIRCLE 16/25s (66%),14,1,-5.797,23.455,-2.317,-1.219,-1.434,0.018,-1.9849
1786526948.068,20.601,ENGAGED,CIRCLE 17/25s (66%),14,1,-5.964,23.324,-2.318,-1.143,-1.482,0.015,-1.9359
1786526948.167,20.700,ENGAGED,CIRCLE 17/25s (66%),14,1,-6.108,23.190,-2.318,-1.050,-1.560,0.020,-1.8880
1786526948.268,20.801,ENGAGED,CIRCLE 17/25s (67%),14,1,-6.245,23.039,-2.318,-0.989,-1.621,0.007,-1.8368
1786526948.367,20.900,ENGAGED,CIRCLE 17/25s (67%),14,1,-6.374,22.890,-2.319,-0.898,-1.691,0.000,-1.7882
1786526948.468,21.001,ENGAGED,CIRCLE 17/25s (68%),14,1,-6.490,22.746,-2.321,-0.825,-1.690,-0.002,-1.7445
1786526948.567,21.100,ENGAGED,CIRCLE 17/25s (68%),14,1,-6.626,22.566,-2.324,-0.738,-1.741,0.011,-1.6927
1786526948.667,21.200,ENGAGED,CIRCLE 17/25s (68%),14,1,-6.746,22.392,-2.326,-0.663,-1.787,0.005,-1.6458
1786526948.768,21.301,ENGAGED,CIRCLE 17/25s (69%),14,1,-6.853,22.223,-2.328,-0.573,-1.822,0.013,-1.5987
1786526948.867,21.400,ENGAGED,CIRCLE 17/25s (69%),14,1,-6.966,22.020,-2.329,-0.501,-1.885,0.022,-1.5448
1786526948.968,21.501,ENGAGED,CIRCLE 17/25s (70%),14,1,-7.082,21.808,-2.331,-0.432,-1.911,0.027,-1.4876
1786526949.068,21.601,ENGAGED,CIRCLE 18/25s (70%),14,1,-7.176,21.606,-2.331,-0.346,-1.926,0.028,-1.4346
1786526949.167,21.700,ENGAGED,CIRCLE 18/25s (70%),14,1,-7.252,21.422,-2.332,-0.265,-1.967,0.037,-1.3870
1786526949.268,21.801,ENGAGED,CIRCLE 18/25s (71%),14,1,-7.323,21.216,-2.331,-0.180,-1.932,0.030,-1.3322
1786526949.367,21.900,ENGAGED,CIRCLE 18/25s (71%),14,1,-7.379,21.019,-2.331,-0.067,-1.948,0.037,-1.2809
1786526949.468,22.001,ENGAGED,CIRCLE 18/25s (72%),14,1,-7.427,20.816,-2.330,0.015,-1.952,0.040,-1.2280
1786526949.567,22.100,ENGAGED,CIRCLE 18/25s (72%),14,1,-7.457,20.610,-2.329,0.100,-1.942,0.030,-1.1739
1786526949.667,22.200,ENGAGED,CIRCLE 18/25s (72%),14,1,-7.475,20.405,-2.329,0.202,-1.915,0.031,-1.1210
1786526949.768,22.301,ENGAGED,CIRCLE 18/25s (73%),14,1,-7.482,20.211,-2.328,0.294,-1.900,0.029,-1.0718
1786526949.867,22.400,ENGAGED,CIRCLE 18/25s (73%),14,1,-7.478,19.997,-2.327,0.389,-1.830,0.023,-1.0170
1786526949.967,22.501,ENGAGED,CIRCLE 18/25s (74%),14,1,-7.463,19.827,-2.326,0.493,-1.839,0.023,-0.9721
1786526950.068,22.601,ENGAGED,CIRCLE 19/25s (74%),14,1,-7.433,19.626,-2.324,0.593,-1.812,0.032,-0.9166
1786526950.167,22.700,ENGAGED,CIRCLE 19/25s (74%),14,1,-7.401,19.443,-2.323,0.657,-1.767,0.023,-0.8676
1786526950.268,22.801,ENGAGED,CIRCLE 19/25s (75%),14,1,-7.362,19.266,-2.323,0.727,-1.756,0.006,-0.8212
1786526950.367,22.900,ENGAGED,CIRCLE 19/25s (75%),14,1,-7.298,19.075,-2.324,0.827,-1.712,0.012,-0.7666
1786526950.468,23.001,ENGAGED,CIRCLE 19/25s (76%),14,1,-7.245,18.890,-2.325,0.902,-1.641,0.012,-0.7195
1786526950.567,23.100,ENGAGED,CIRCLE 19/25s (76%),14,1,-7.186,18.708,-2.327,0.984,-1.604,0.009,-0.6737
1786526950.667,23.200,ENGAGED,CIRCLE 19/25s (76%),14,1,-7.124,18.545,-2.329,1.039,-1.531,-0.001,-0.6293
1786526950.768,23.301,ENGAGED,CIRCLE 19/25s (77%),14,1,-7.040,18.367,-2.333,1.096,-1.500,-0.003,-0.5803
1786526950.867,23.400,ENGAGED,CIRCLE 19/25s (77%),14,1,-6.953,18.187,-2.336,1.159,-1.500,0.017,-0.5328
1786526950.968,23.501,ENGAGED,CIRCLE 19/25s (78%),14,1,-6.872,18.038,-2.337,1.219,-1.442,0.035,-0.4874
1786526951.068,23.601,ENGAGED,CIRCLE 20/25s (78%),14,1,-6.761,17.842,-2.336,1.269,-1.412,0.046,-0.4320
1786526951.167,23.700,ENGAGED,CIRCLE 20/25s (78%),14,1,-6.654,17.662,-2.333,1.338,-1.361,0.053,-0.3824
1786526951.268,23.801,ENGAGED,CIRCLE 20/25s (79%),14,1,-6.549,17.510,-2.329,1.393,-1.346,0.044,-0.3360
1786526951.367,23.900,ENGAGED,CIRCLE 20/25s (79%),14,1,-6.408,17.315,-2.325,1.454,-1.239,0.044,-0.2767
1786526951.468,24.001,ENGAGED,CIRCLE 20/25s (80%),14,1,-6.285,17.162,-2.321,1.521,-1.191,0.042,-0.2248
1786526951.567,24.100,ENGAGED,CIRCLE 20/25s (80%),14,1,-6.164,17.021,-2.318,1.564,-1.102,0.042,-0.1787
1786526951.667,24.200,ENGAGED,CIRCLE 20/25s (80%),14,1,-6.012,16.868,-2.313,1.615,-1.019,0.033,-0.1268
1786526951.768,24.301,ENGAGED,CIRCLE 20/25s (81%),14,1,-5.868,16.742,-2.308,1.631,-0.944,0.029,-0.0805
1786526951.867,24.400,ENGAGED,CIRCLE 20/25s (81%),14,1,-5.699,16.600,-2.304,1.696,-0.875,0.023,-0.0315
1786526951.968,24.501,ENGAGED,CIRCLE 20/25s (82%),14,1,-5.558,16.501,-2.300,1.743,-0.778,0.028,0.0115
1786526952.068,24.601,ENGAGED,CIRCLE 21/25s (82%),14,1,-5.377,16.369,-2.295,1.765,-0.687,0.018,0.0650
1786526952.167,24.700,ENGAGED,CIRCLE 21/25s (82%),14,1,-5.195,16.264,-2.290,1.815,-0.595,0.012,0.1167
1786526952.268,24.801,ENGAGED,CIRCLE 21/25s (83%),14,1,-5.022,16.175,-2.285,1.840,-0.463,0.010,0.1630
1786526952.367,24.900,ENGAGED,CIRCLE 21/25s (83%),14,1,-4.847,16.099,-2.278,1.827,-0.381,0.003,0.2095
1786526952.468,25.001,ENGAGED,CIRCLE 21/25s (84%),14,1,-4.653,16.029,-2.271,1.859,-0.291,-0.009,0.2587
1786526952.567,25.100,ENGAGED,CIRCLE 21/25s (84%),14,1,-4.461,15.965,-2.264,1.885,-0.184,-0.016,0.3038
1786526952.667,25.200,ENGAGED,CIRCLE 21/25s (84%),14,1,-4.252,15.895,-2.255,1.930,-0.118,-0.014,0.3496
1786526952.768,25.301,ENGAGED,CIRCLE 21/25s (85%),14,1,-4.016,15.831,-2.247,1.946,-0.012,-0.018,0.3999
1786526952.867,25.400,ENGAGED,CIRCLE 21/25s (85%),14,1,-3.803,15.788,-2.242,1.924,0.085,-0.035,0.4440
1786526952.968,25.501,ENGAGED,CIRCLE 21/25s (86%),14,1,-3.563,15.752,-2.238,1.932,0.188,-0.041,0.4965
1786526953.068,25.601,ENGAGED,CIRCLE 22/25s (86%),14,1,-3.399,15.735,-2.235,1.932,0.289,-0.048,0.5333
1786526953.167,25.700,ENGAGED,CIRCLE 22/25s (86%),14,1,-3.107,15.716,-2.230,1.901,0.415,-0.049,0.5982
1786526953.268,25.801,ENGAGED,CIRCLE 22/25s (87%),14,1,-2.914,15.722,-2.228,1.893,0.506,-0.044,0.6461
1786526953.367,25.900,ENGAGED,CIRCLE 22/25s (87%),14,1,-2.690,15.742,-2.225,1.830,0.627,-0.050,0.7030
1786526953.468,26.001,ENGAGED,CIRCLE 22/25s (88%),14,1,-2.477,15.771,-2.224,1.813,0.722,-0.048,0.7525
1786526953.567,26.100,ENGAGED,CIRCLE 22/25s (88%),14,1,-2.273,15.810,-2.224,1.753,0.822,-0.054,0.8001
1786526953.667,26.200,ENGAGED,CIRCLE 22/25s (88%),14,1,-2.047,15.867,-2.224,1.746,0.906,-0.055,0.8525
1786526953.768,26.301,ENGAGED,CIRCLE 22/25s (89%),14,1,-1.820,15.928,-2.223,1.680,0.991,-0.054,0.9003
1786526953.867,26.400,ENGAGED,CIRCLE 22/25s (89%),14,1,-1.594,16.001,-2.222,1.643,1.074,-0.049,0.9485
1786526953.968,26.501,ENGAGED,CIRCLE 22/25s (90%),14,1,-1.372,16.087,-2.222,1.578,1.168,-0.052,1.0003
1786526954.068,26.601,ENGAGED,CIRCLE 23/25s (90%),14,1,-1.190,16.169,-2.222,1.531,1.226,-0.043,1.0450
1786526954.167,26.700,ENGAGED,CIRCLE 23/25s (90%),14,1,-0.965,16.278,-2.220,1.455,1.335,-0.027,1.1016
1786526954.268,26.801,ENGAGED,CIRCLE 23/25s (91%),14,1,-0.793,16.376,-2.218,1.377,1.355,-0.029,1.1448
1786526954.367,26.900,ENGAGED,CIRCLE 23/25s (91%),14,1,-0.596,16.514,-2.216,1.264,1.434,-0.032,1.2014
1786526954.468,27.001,ENGAGED,CIRCLE 23/25s (92%),14,1,-0.439,16.643,-2.215,1.231,1.506,-0.020,1.2508
1786526954.567,27.100,ENGAGED,CIRCLE 23/25s (92%),14,1,-0.272,16.788,-2.214,1.134,1.555,-0.030,1.3014
1786526954.667,27.200,ENGAGED,CIRCLE 23/25s (92%),14,1,-0.108,16.937,-2.213,1.070,1.656,-0.030,1.3530
1786526954.768,27.301,ENGAGED,CIRCLE 23/25s (93%),14,1,0.051,17.098,-2.214,0.980,1.701,-0.038,1.4037
1786526954.867,27.400,ENGAGED,CIRCLE 23/25s (93%),14,1,0.187,17.255,-2.214,0.898,1.744,-0.045,1.4520
1786526954.968,27.501,ENGAGED,CIRCLE 23/25s (94%),14,1,0.312,17.418,-2.215,0.793,1.765,-0.054,1.4989
1786526955.068,27.601,ENGAGED,CIRCLE 24/25s (94%),14,1,0.446,17.597,-2.215,0.706,1.805,-0.051,1.5494
1786526955.167,27.700,ENGAGED,CIRCLE 24/25s (94%),14,1,0.581,17.806,-2.216,0.604,1.843,-0.063,1.6045
1786526955.268,27.801,ENGAGED,CIRCLE 24/25s (95%),14,1,0.674,17.979,-2.218,0.501,1.847,-0.059,1.6511
1786526955.367,27.900,ENGAGED,CIRCLE 24/25s (95%),14,1,0.760,18.165,-2.218,0.402,1.852,-0.064,1.7037
1786526955.467,28.000,ENGAGED,CIRCLE 24/25s (95%),14,1,0.836,18.361,-2.220,0.319,1.898,-0.071,1.7568
1786526955.568,28.101,ENGAGED,CIRCLE 24/25s (96%),14,1,0.897,18.553,-2.224,0.197,1.896,-0.085,1.8075
1786526955.667,28.200,ENGAGED,CIRCLE 24/25s (96%),14,1,0.956,18.759,-2.229,0.123,1.907,-0.080,1.8580
1786526955.768,28.301,ENGAGED,CIRCLE 24/25s (97%),14,1,1.007,18.966,-2.234,0.019,1.925,-0.078,1.9078
1786526955.867,28.400,ENGAGED,CIRCLE 24/25s (97%),14,1,1.047,19.188,-2.237,-0.088,1.876,-0.073,1.9597
1786526955.967,28.500,ENGAGED,CIRCLE 24/25s (97%),14,1,1.078,19.404,-2.240,-0.160,1.883,-0.072,2.0079
1786526956.068,28.601,ENGAGED,CIRCLE 25/25s (98%),14,1,1.095,19.600,-2.245,-0.276,1.888,-0.081,2.0514
1786526956.167,28.700,ENGAGED,CIRCLE 25/25s (98%),14,1,1.101,19.837,-2.253,-0.389,1.856,-0.081,2.1047
1786526956.268,28.801,ENGAGED,CIRCLE 25/25s (99%),14,1,1.087,20.044,-2.260,-0.489,1.770,-0.070,2.1564
1786526956.367,28.900,ENGAGED,CIRCLE 25/25s (99%),14,1,1.068,20.235,-2.265,-0.595,1.741,-0.050,2.2043
1786526956.467,29.000,ENGAGED,CIRCLE 25/25s (99%),14,1,1.041,20.420,-2.269,-0.652,1.680,-0.042,2.2528
1786526956.568,29.101,ENGAGED,CIRCLE 25/25s (100%),14,1,1.000,20.602,-2.272,-0.765,1.655,-0.029,2.3026
1786526956.668,29.201,DONE,DONE_HOLD,14,1,0.948,20.777,-2.275,-0.837,1.604,-0.023,2.3524
1786526956.767,29.300,DONE,DONE_HOLD,14,1,0.886,20.949,-2.277,-0.891,1.563,-0.011,2.3621
1786526956.867,29.400,DONE,DONE_HOLD,14,1,0.813,21.122,-2.286,-0.974,1.537,-0.140,2.0548
1786526956.967,29.500,DONE,DONE_HOLD,14,1,0.727,21.295,-2.296,-1.064,1.456,-0.059,1.7378
1786526957.067,29.600,DONE,DONE_HOLD,14,1,0.647,21.444,-2.298,-1.124,1.432,-0.005,1.5494
1786526957.167,29.700,DONE,DONE_HOLD,14,1,0.548,21.611,-2.294,-1.170,1.420,0.016,1.3934
1786526957.267,29.800,DONE,DONE_HOLD,14,1,0.441,21.775,-2.290,-1.231,1.362,0.032,1.2872
1786526957.367,29.900,DONE,DONE_HOLD,14,1,0.305,21.940,-2.283,-1.317,1.324,0.031,1.2014
1786526957.467,30.000,DONE,DONE_HOLD,14,1,0.174,22.108,-2.277,-1.346,1.217,0.024,1.1447
1786526957.567,30.100,DONE,DONE_HOLD,14,1,0.067,22.271,-2.274,-1.362,1.165,0.024,1.1102
1786526957.667,30.200,DONE,DONE_HOLD,14,1,-0.068,22.451,-2.270,-1.351,1.070,0.011,1.0792
1786526957.767,30.300,DONE,DONE_HOLD,14,1,-0.188,22.598,-2.268,-1.313,0.974,0.001,1.0610
1786526957.867,30.400,DONE,DONE_HOLD,14,1,-0.295,22.723,-2.268,-1.272,0.853,-0.007,1.0479
1786526957.967,30.500,DONE,DONE_HOLD,14,1,-0.425,22.862,-2.269,-1.223,0.736,-0.026,1.0362
1786526958.067,30.600,DONE,DONE_HOLD,14,1,-0.550,22.999,-2.270,-1.188,0.590,-0.024,1.0292
1786526958.167,30.700,DONE,DONE_HOLD,14,1,-0.655,23.109,-2.270,-1.097,0.515,-0.014,1.0256
1786526958.267,30.800,DONE,DONE_HOLD,14,1,-0.759,23.204,-2.271,-1.032,0.389,-0.014,1.0189
1786526958.367,30.900,DONE,DONE_HOLD,14,1,-0.871,23.311,-2.271,-0.915,0.239,-0.014,1.0112
1786526958.467,31.000,DONE,DONE_HOLD,14,1,-0.959,23.400,-2.271,-0.879,0.169,-0.008,1.0062
1786526958.567,31.100,DONE,DONE_HOLD,14,1,-1.059,23.494,-2.272,-0.777,0.085,0.003,1.0016
1786526958.667,31.200,DONE,DONE_HOLD,14,1,-1.154,23.590,-2.272,-0.710,-0.004,0.001,0.9985
1786526958.767,31.300,DONE,DONE_HOLD,14,1,-1.259,23.684,-2.274,-0.648,-0.082,-0.016,0.9972
1786526958.867,31.400,DONE,DONE_HOLD,14,1,-1.343,23.755,-2.276,-0.581,-0.160,-0.025,0.9968
1786526958.967,31.500,DONE,DONE_HOLD,14,1,-1.432,23.823,-2.279,-0.505,-0.242,-0.023,0.9954
1786526959.067,31.600,DONE,DONE_HOLD,14,1,-1.523,23.888,-2.282,-0.400,-0.309,-0.005,0.9934
1786526959.167,31.700,DONE,DONE_HOLD,14,1,-1.590,23.926,-2.284,-0.361,-0.377,-0.018,0.9924
1786526959.267,31.800,DONE,DONE_HOLD,14,1,-1.669,23.960,-2.287,-0.223,-0.484,-0.006,0.9940
1786526959.367,31.900,DONE,DONE_HOLD,14,1,-1.724,23.979,-2.289,-0.155,-0.577,-0.015,0.9984
1786526959.467,32.000,DONE,DONE_HOLD,14,1,-1.765,23.991,-2.291,-0.067,-0.608,-0.002,1.0011
1786526959.567,32.100,DONE,DONE_HOLD,14,1,-1.818,24.003,-2.296,-0.029,-0.672,-0.024,1.0043
1786526959.667,32.200,DONE,DONE_HOLD,14,1,-1.862,24.009,-2.301,0.059,-0.758,-0.022,1.0050
1786526959.767,32.300,DONE,DONE_HOLD,14,1,-1.900,24.006,-2.307,0.169,-0.737,-0.012,1.0059
1786526959.867,32.400,DONE,DONE_HOLD,14,1,-1.927,23.986,-2.313,0.162,-0.839,-0.020,1.0044
1786526959.967,32.500,DONE,DONE_HOLD,14,1,-1.951,23.968,-2.320,0.250,-0.827,-0.018,1.0024
1786526960.067,32.600,DONE,DONE_HOLD,14,1,-1.973,23.947,-2.327,0.264,-0.862,-0.017,1.0011
1786526960.167,32.700,DONE,DONE_HOLD,14,1,-1.992,23.924,-2.333,0.303,-0.876,-0.004,0.9973
1786526960.267,32.800,DONE,DONE_HOLD,14,1,-1.999,23.879,-2.340,0.367,-0.898,0.013,0.9913
1786526960.367,32.900,DONE,DONE_HOLD,14,1,-1.997,23.830,-2.345,0.414,-0.908,0.017,0.9877
1786526960.467,33.000,DONE,DONE_HOLD,14,1,-1.993,23.782,-2.350,0.497,-0.921,0.020,0.9856
1786526960.567,33.100,WAIT,DONE_HOLD,2,1,-1.986,23.727,-2.355,0.479,-0.947,0.014,0.9845
1786526960.667,33.200,WAIT,DONE_HOLD,2,1,-1.977,23.674,-2.363,0.504,-0.930,-0.050,0.9828
1786526960.767,33.300,WAIT,DONE_HOLD,2,1,-1.972,23.619,-2.379,0.451,-0.883,-0.110,0.9795
1786526960.867,33.400,WAIT,DONE_HOLD,2,1,-1.966,23.568,-2.396,0.410,-0.724,-0.101,0.9756
1786526960.967,33.500,WAIT,DONE_HOLD,2,1,-1.971,23.538,-2.413,0.267,-0.576,-0.099,0.9760
1786526961.067,33.600,WAIT,DONE_HOLD,2,1,-1.988,23.523,-2.431,0.171,-0.279,-0.053,0.9828
1786526961.167,33.700,WAIT,DONE_HOLD,2,1,-2.013,23.520,-2.442,0.058,-0.160,-0.030,0.9890
1786526961.267,33.800,WAIT,DONE_HOLD,2,1,-2.033,23.517,-2.449,0.015,-0.093,-0.034,0.9910
1786526961.367,33.900,WAIT,DONE_HOLD,2,1,-2.047,23.516,-2.455,-0.023,-0.060,-0.043,0.9917
1786526961.467,34.000,WAIT,DONE_HOLD,2,1,-2.064,23.515,-2.463,0.011,-0.061,-0.043,0.9930
1786526961.566,34.100,WAIT,DONE_HOLD,2,1,-2.080,23.510,-2.471,0.022,-0.095,-0.044,0.9909
1786526961.667,34.200,WAIT,DONE_HOLD,2,1,-2.092,23.501,-2.481,0.004,-0.104,-0.060,0.9874
1786526961.767,34.300,WAIT,DONE_HOLD,2,1,-2.098,23.485,-2.489,0.066,-0.116,-0.039,0.9871
1786526961.867,34.400,WAIT,DONE_HOLD,2,1,-2.102,23.464,-2.499,0.102,-0.126,-0.041,0.9892
1786526961.967,34.500,WAIT,DONE_HOLD,2,1,-2.103,23.442,-2.507,0.113,-0.124,-0.033,0.9916
1786526962.067,34.600,WAIT,DONE_HOLD,2,1,-2.100,23.414,-2.516,0.099,-0.166,-0.048,0.9904
1786526962.167,34.700,WAIT,DONE_HOLD,2,1,-2.097,23.384,-2.525,0.124,-0.169,-0.048,0.9878
1786526962.267,34.800,WAIT,DONE_HOLD,2,1,-2.092,23.356,-2.532,0.134,-0.136,-0.035,0.9873
1786526962.367,34.900,WAIT,DONE_HOLD,2,1,-2.084,23.325,-2.541,0.126,-0.126,-0.043,0.9884
1786526962.467,35.000,WAIT,DONE_HOLD,2,1,-2.075,23.295,-2.551,0.140,-0.089,-0.041,0.9920
1786526962.567,35.100,WAIT,DONE_HOLD,2,1,-2.069,23.270,-2.560,0.138,-0.098,-0.054,0.9958
1786526962.667,35.200,WAIT,DONE_HOLD,2,1,-2.061,23.248,-2.569,0.114,-0.083,-0.059,0.9982
1786526962.767,35.300,WAIT,DONE_HOLD,2,1,-2.047,23.225,-2.579,0.119,-0.084,-0.064,0.9981
1786526962.867,35.400,WAIT,DONE_HOLD,2,1,-2.029,23.205,-2.589,0.107,-0.053,-0.070,0.9920
1786526962.967,35.500,WAIT,DONE_HOLD,2,1,-2.011,23.188,-2.598,0.159,-0.001,-0.060,0.9867
1786526963.067,35.600,WAIT,DONE_HOLD,2,1,-1.995,23.175,-2.606,0.192,0.038,-0.043,0.9838
1786526963.167,35.700,WAIT,DONE_HOLD,2,1,-1.973,23.159,-2.614,0.180,0.042,-0.036,0.9832
1786526963.267,35.800,WAIT,DONE_HOLD,2,1,-1.953,23.151,-2.622,0.122,0.068,-0.037,0.9823
1786526963.367,35.900,WAIT,DONE_HOLD,2,1,-1.935,23.147,-2.628,0.164,0.115,-0.033,0.9802
1786526963.467,36.000,WAIT,DONE_HOLD,2,1,-1.918,23.144,-2.635,0.141,0.114,-0.037,0.9787
1786526963.567,36.100,WAIT,DONE_HOLD,2,1,-1.903,23.144,-2.641,0.106,0.157,-0.028,0.9782
1786526963.667,36.200,WAIT,DONE_HOLD,2,1,-1.887,23.145,-2.646,0.109,0.148,-0.040,0.9782
1786526963.767,36.300,WAIT,DONE_HOLD,2,1,-1.868,23.147,-2.653,0.079,0.162,-0.048,0.9774
1786526963.867,36.400,WAIT,DONE_HOLD,2,1,-1.847,23.151,-2.660,0.088,0.171,-0.042,0.9789
1786526963.967,36.500,WAIT,DONE_HOLD,2,1,-1.829,23.155,-2.665,0.076,0.166,-0.044,0.9816
1786526964.067,36.600,WAIT,DONE_HOLD,2,1,-1.810,23.159,-2.671,0.051,0.185,-0.044,0.9815
1786526964.167,36.700,WAIT,DONE_HOLD,2,1,-1.794,23.162,-2.676,0.010,0.179,-0.033,0.9798
1786526964.267,36.800,WAIT,DONE_HOLD,2,1,-1.780,23.169,-2.681,0.011,0.206,-0.036,0.9799
1786526964.367,36.900,WAIT,DONE_HOLD,2,1,-1.771,23.178,-2.687,-0.029,0.223,-0.034,0.9819
1786526964.467,37.000,WAIT,DONE_HOLD,2,1,-1.767,23.191,-2.691,-0.091,0.245,-0.038,0.9848
1786526964.567,37.100,WAIT,DONE_HOLD,2,1,-1.767,23.205,-2.696,-0.067,0.230,-0.036,0.9843
1786526964.667,37.200,WAIT,DONE_HOLD,2,1,-1.768,23.218,-2.701,-0.118,0.253,-0.055,0.9833
1786526964.767,37.300,WAIT,DONE_HOLD,2,1,-1.775,23.235,-2.708,-0.177,0.234,-0.053,0.9806
1786526964.867,37.400,WAIT,DONE_HOLD,2,1,-1.784,23.251,-2.714,-0.142,0.261,-0.056,0.9797
1786526964.967,37.500,WAIT,DONE_HOLD,2,1,-1.792,23.266,-2.720,-0.176,0.238,-0.059,0.9815
1786526965.067,37.600,WAIT,DONE_HOLD,2,1,-1.801,23.284,-2.727,-0.186,0.230,-0.063,0.9849
1786526965.167,37.700,WAIT,DONE_HOLD,2,1,-1.810,23.303,-2.735,-0.156,0.240,-0.059,0.9879
1786526965.267,37.800,WAIT,DONE_HOLD,2,1,-1.816,23.318,-2.740,-0.175,0.243,-0.054,0.9893
1786526965.367,37.900,WAIT,DONE_HOLD,2,1,-1.824,23.334,-2.746,-0.167,0.218,-0.049,0.9900
1786526965.467,38.000,WAIT,DONE_HOLD,2,1,-1.831,23.349,-2.752,-0.181,0.214,-0.049,0.9902
1786526965.567,38.100,WAIT,DONE_HOLD,2,1,-1.836,23.363,-2.757,-0.156,0.216,-0.054,0.9889
1786526965.667,38.200,WAIT,DONE_HOLD,2,1,-1.842,23.381,-2.763,-0.200,0.201,-0.056,0.9872
1786526965.767,38.300,WAIT,DONE_HOLD,2,1,-1.849,23.395,-2.768,-0.163,0.200,-0.049,0.9844
1786526965.867,38.400,WAIT,DONE_HOLD,2,1,-1.858,23.407,-2.773,-0.155,0.192,-0.058,0.9812
1786526965.967,38.500,WAIT,DONE_HOLD,2,1,-1.866,23.419,-2.778,-0.172,0.162,-0.046,0.9789
1786526966.067,38.600,WAIT,DONE_HOLD,2,1,-1.872,23.429,-2.783,-0.183,0.135,-0.049,0.9770
1786526966.167,38.700,WAIT,DONE_HOLD,2,1,-1.880,23.438,-2.787,-0.172,0.114,-0.038,0.9764
1786526966.267,38.800,WAIT,DONE_HOLD,2,1,-1.887,23.446,-2.791,-0.124,0.131,-0.042,0.9770
1786526966.367,38.900,WAIT,DONE_HOLD,2,1,-1.894,23.453,-2.796,-0.123,0.123,-0.043,0.9770
1786526966.467,39.000,WAIT,DONE_HOLD,2,1,-1.903,23.460,-2.801,-0.124,0.115,-0.043,0.9774
1786526966.567,39.100,WAIT,DONE_HOLD,2,1,-1.911,23.463,-2.806,-0.121,0.073,-0.047,0.9779
1786526966.667,39.200,WAIT,DONE_HOLD,2,1,-1.918,23.466,-2.811,-0.120,0.081,-0.044,0.9773
1786526966.767,39.300,WAIT,DONE_HOLD,2,1,-1.927,23.471,-2.818,-0.111,0.102,-0.050,0.9785
1786526966.867,39.400,WAIT,DONE_HOLD,2,1,-1.937,23.476,-2.825,-0.115,0.068,-0.053,0.9801
1786526966.967,39.500,WAIT,DONE_HOLD,2,1,-1.948,23.481,-2.833,-0.111,0.066,-0.059,0.9857
1786526967.067,39.600,WAIT,DONE_HOLD,2,1,-1.957,23.480,-2.840,-0.103,0.042,-0.069,0.9900
1786526967.167,39.700,WAIT,DONE_HOLD,2,1,-1.971,23.481,-2.850,-0.094,0.034,-0.069,0.9931
1786526967.267,39.800,WAIT,DONE_HOLD,2,1,-1.981,23.482,-2.858,-0.070,0.070,-0.052,0.9943
1786526967.367,39.900,WAIT,DONE_HOLD,2,1,-1.992,23.480,-2.866,-0.054,0.051,-0.051,0.9945
1786526967.467,40.000,WAIT,DONE_HOLD,2,1,-2.004,23.479,-2.875,-0.079,0.028,-0.051,0.9941
1786526967.567,40.100,WAIT,DONE_HOLD,2,1,-2.015,23.478,-2.882,-0.082,0.004,-0.065,0.9937
1786526967.667,40.200,WAIT,DONE_HOLD,2,1,-2.026,23.478,-2.892,-0.087,0.045,-0.063,0.9926
1786526967.767,40.300,WAIT,DONE_HOLD,2,1,-2.035,23.479,-2.900,-0.061,0.018,-0.064,0.9922
1786526967.867,40.400,WAIT,DONE_HOLD,2,1,-2.046,23.478,-2.909,-0.017,0.048,-0.061,0.9892
1786526967.967,40.500,WAIT,DONE_HOLD,2,1,-2.055,23.479,-2.917,-0.016,0.055,-0.044,0.9860
1786526968.067,40.600,WAIT,DONE_HOLD,2,1,-2.065,23.479,-2.926,-0.039,0.071,-0.051,0.9847
1786526968.167,40.700,WAIT,DONE_HOLD,2,1,-2.077,23.482,-2.935,-0.077,0.033,-0.064,0.9823
1786526968.267,40.800,WAIT,DONE_HOLD,2,1,-2.088,23.484,-2.943,-0.047,0.027,-0.065,0.9792
1786526968.367,40.900,WAIT,DONE_HOLD,2,1,-2.095,23.485,-2.951,-0.023,0.031,-0.051,0.9767
1786526968.467,41.000,WAIT,DONE_HOLD,2,1,-2.102,23.487,-2.962,-0.026,0.034,-0.055,0.9754
1786526968.567,41.100,WAIT,DONE_HOLD,2,1,-2.105,23.488,-2.970,0.029,0.057,-0.052,0.9755
1786526968.667,41.200,WAIT,DONE_HOLD,2,1,-2.108,23.484,-2.979,0.005,0.003,-0.063,0.9762
1786526968.767,41.300,WAIT,DONE_HOLD,2,1,-2.109,23.481,-2.989,0.033,-0.001,-0.059,0.9764
1786526968.867,41.400,WAIT,DONE_HOLD,2,1,-2.108,23.476,-2.997,0.022,0.008,-0.057,0.9751
1786526968.967,41.500,WAIT,DONE_HOLD,2,1,-2.103,23.471,-3.005,0.097,0.013,-0.047,0.9750
1786526969.067,41.600,WAIT,DONE_HOLD,2,1,-2.095,23.462,-3.014,0.129,0.029,-0.048,0.9758
1786526969.167,41.700,WAIT,DONE_HOLD,2,1,-2.091,23.456,-3.022,0.080,-0.024,-0.057,0.9782
1786526969.267,41.800,WAIT,DONE_HOLD,2,1,-2.082,23.448,-3.031,0.130,-0.023,-0.059,0.9835
1786526969.367,41.900,WAIT,DONE_HOLD,2,1,-2.071,23.443,-3.039,0.148,0.015,-0.052,0.9872
1786526969.467,42.000,WAIT,DONE_HOLD,2,1,-2.062,23.436,-3.048,0.133,-0.013,-0.052,0.9896
1786526969.567,42.100,WAIT,DONE_HOLD,2,1,-2.056,23.430,-3.056,0.135,0.041,-0.039,0.9902
1786526969.667,42.200,WAIT,DONE_HOLD,2,1,-2.051,23.424,-3.064,0.125,0.034,-0.048,0.9896
1786526969.767,42.300,WAIT,DONE_HOLD,2,1,-2.047,23.421,-3.070,0.100,0.052,-0.048,0.9889
1786526969.867,42.400,WAIT,DONE_HOLD,2,1,-2.045,23.418,-3.079,0.100,0.042,-0.034,0.9885
1786526969.967,42.500,WAIT,DONE_HOLD,2,1,-2.046,23.416,-3.086,0.099,0.080,-0.032,0.9869
1786526970.067,42.600,WAIT,DONE_HOLD,2,1,-2.050,23.413,-3.092,0.083,0.059,-0.021,0.9839
1786526970.167,42.700,WAIT,DONE_HOLD,2,1,-2.057,23.412,-3.098,0.045,0.040,-0.024,0.9821
1786526970.267,42.800,WAIT,DONE_HOLD,2,1,-2.063,23.414,-3.103,0.031,0.055,-0.026,0.9837
1786526970.367,42.900,WAIT,DONE_HOLD,2,1,-2.069,23.414,-3.109,0.063,0.075,-0.037,0.9850
1786526970.467,43.000,WAIT,DONE_HOLD,2,1,-2.076,23.416,-3.115,0.005,0.090,-0.039,0.9843
1786526970.567,43.100,WAIT,DONE_HOLD,2,1,-2.090,23.419,-3.123,-0.011,0.103,-0.041,0.9831
1786526970.667,43.200,WAIT,DONE_HOLD,2,1,-2.104,23.423,-3.131,-0.043,0.097,-0.050,0.9828
1786526970.767,43.300,WAIT,DONE_HOLD,2,1,-2.120,23.429,-3.138,-0.036,0.098,-0.047,0.9823
1786526970.867,43.400,WAIT,DONE_HOLD,2,1,-2.135,23.434,-3.141,-0.047,0.085,0.017,0.9809
1786526970.967,43.500,WAIT,DONE_HOLD,2,1,-2.149,23.437,-3.141,-0.011,0.076,0.019,0.9778
1786526971.067,43.600,WAIT,DONE_HOLD,2,1,-2.159,23.437,-3.140,-0.002,0.068,0.015,0.9760
1786526971.167,43.700,WAIT,DONE_HOLD,2,1,-2.170,23.438,-3.140,0.001,0.076,0.016,0.9765
1786526971.267,43.800,WAIT,DONE_HOLD,2,1,-2.177,23.440,-3.140,0.002,0.077,0.010,0.9773
1786526971.367,43.900,WAIT,DONE_HOLD,2,1,-2.179,23.443,-3.140,0.053,0.086,0.022,0.9792
1786526971.467,44.000,WAIT,DONE_HOLD,2,1,-2.179,23.442,-3.140,0.027,0.033,0.006,0.9807
1786526971.567,44.100,WAIT,DONE_HOLD,2,1,-2.178,23.441,-3.140,0.086,0.047,0.016,0.9817
1786526971.667,44.200,WAIT,DONE_HOLD,2,1,-2.172,23.439,-3.141,0.060,0.052,0.003,0.9834
1786526971.767,44.300,WAIT,DONE_HOLD,2,1,-2.166,23.436,-3.141,0.061,0.040,0.020,0.9841
1786526971.867,44.400,WAIT,DONE_HOLD,2,1,-2.160,23.429,-3.142,0.064,0.054,0.009,0.9824
1786526971.967,44.500,WAIT,DONE_HOLD,2,1,-2.157,23.423,-3.143,0.078,0.039,0.010,0.9832
1786526972.067,44.600,WAIT,DONE_HOLD,2,1,-2.153,23.417,-3.144,0.059,0.027,0.008,0.9890
1786526972.167,44.700,WAIT,DONE_HOLD,2,1,-2.153,23.411,-3.145,0.042,0.029,0.011,0.9937
1786526972.267,44.800,WAIT,DONE_HOLD,2,1,-2.155,23.407,-3.147,0.020,0.016,-0.006,0.9961
1786526972.367,44.900,WAIT,DONE_HOLD,2,1,-2.158,23.400,-3.152,0.037,0.028,-0.027,0.9953
1786526972.467,45.000,WAIT,DONE_HOLD,2,1,-2.158,23.394,-3.158,0.035,0.033,-0.044,0.9924
1786526972.567,45.100,WAIT,DONE_HOLD,2,1,-2.161,23.388,-3.168,0.005,0.033,-0.049,0.9875
1786526972.667,45.200,WAIT,DONE_HOLD,2,1,-2.163,23.383,-3.175,0.030,0.038,-0.041,0.9843
1786526972.767,45.300,WAIT,DONE_HOLD,2,1,-2.163,23.378,-3.181,0.076,0.052,-0.014,0.9834
1786526972.867,45.400,WAIT,DONE_HOLD,2,1,-2.163,23.374,-3.187,0.034,0.041,-0.006,0.9830
1786526972.967,45.500,WAIT,DONE_HOLD,2,1,-2.162,23.368,-3.189,0.064,0.036,0.033,0.9812
1786526973.067,45.600,WAIT,DONE_HOLD,2,1,-2.158,23.362,-3.188,0.057,0.048,0.065,0.9795
1786526973.167,45.700,WAIT,DONE_HOLD,2,1,-2.154,23.358,-3.186,0.122,0.076,0.079,0.9795
1786526973.267,45.800,WAIT,DONE_HOLD,2,1,-2.145,23.352,-3.182,0.103,0.022,0.077,0.9807
1786526973.367,45.900,WAIT,DONE_HOLD,2,1,-2.134,23.347,-3.177,0.102,0.019,0.069,0.9814
1786526973.467,46.000,WAIT,DONE_HOLD,2,1,-2.125,23.344,-3.173,0.115,0.072,0.057,0.9842
1786526973.567,46.100,WAIT,DONE_HOLD,2,1,-2.116,23.343,-3.170,0.125,0.045,0.049,0.9851
1786526973.667,46.200,WAIT,DONE_HOLD,2,1,-2.103,23.340,-3.166,0.152,0.091,0.074,0.9866
1786526973.767,46.300,WAIT,DONE_HOLD,2,1,-2.094,23.340,-3.161,0.119,0.049,0.078,0.9878
1786526973.867,46.400,WAIT,DONE_HOLD,2,1,-2.083,23.342,-3.154,0.120,0.093,0.087,0.9909
1786526973.967,46.500,WAIT,DONE_HOLD,2,1,-2.072,23.346,-3.147,0.091,0.106,0.076,0.9915
1786526974.067,46.600,WAIT,DONE_HOLD,2,1,-2.061,23.354,-3.141,0.118,0.156,0.094,0.9904
1786526974.167,46.700,WAIT,DONE_HOLD,2,1,-2.049,23.364,-3.132,0.097,0.114,0.093,0.9890
1786526974.267,46.800,WAIT,DONE_HOLD,2,1,-2.039,23.373,-3.124,0.114,0.152,0.102,0.9876
1786526974.367,46.900,WAIT,DONE_HOLD,2,1,-2.027,23.382,-3.115,0.104,0.127,0.105,0.9873
1786526974.467,47.000,WAIT,DONE_HOLD,2,1,-2.018,23.394,-3.106,0.061,0.140,0.091,0.9872
1786526974.567,47.100,WAIT,DONE_HOLD,2,1,-2.015,23.405,-3.100,0.109,0.184,0.095,0.9871
1786526974.667,47.200,WAIT,DONE_HOLD,2,1,-2.006,23.421,-3.092,0.071,0.128,0.090,0.9868
1786526974.767,47.300,WAIT,DONE_HOLD,2,1,-2.001,23.435,-3.084,0.008,0.157,0.087,0.9864
1786526974.867,47.400,WAIT,DONE_HOLD,2,1,-1.998,23.450,-3.076,0.037,0.147,0.089,0.9863
1786526974.967,47.500,WAIT,DONE_HOLD,2,1,-1.995,23.464,-3.070,0.052,0.144,0.081,0.9865
1786526975.067,47.600,WAIT,DONE_HOLD,2,1,-1.994,23.478,-3.062,0.047,0.100,0.081,0.9877
1786526975.167,47.700,WAIT,DONE_HOLD,2,1,-1.996,23.489,-3.055,0.064,0.118,0.085,0.9883
1786526975.267,47.800,WAIT,DONE_HOLD,2,1,-1.991,23.499,-3.048,0.011,0.064,0.080,0.9879
1786526975.367,47.900,WAIT,DONE_HOLD,2,1,-1.988,23.509,-3.040,0.037,0.079,0.098,0.9886
1786526975.467,48.000,WAIT,DONE_HOLD,2,1,-1.987,23.517,-3.032,0.024,0.063,0.089,0.9909
1786526975.567,48.100,WAIT,DONE_HOLD,2,1,-1.985,23.527,-3.021,-0.001,0.069,0.107,0.9924
1786526975.667,48.200,WAIT,DONE_HOLD,2,1,-1.984,23.535,-3.012,0.018,0.062,0.114,0.9923
1786526975.767,48.300,WAIT,DONE_HOLD,2,1,-1.981,23.540,-3.002,0.047,0.043,0.127,0.9908
1786526975.867,48.400,WAIT,DONE_HOLD,2,1,-1.975,23.547,-2.991,0.018,0.039,0.127,0.9879
1786526975.967,48.500,WAIT,DONE_HOLD,2,1,-1.970,23.555,-2.978,0.018,0.018,0.132,0.9856
1786526976.067,48.600,WAIT,DONE_HOLD,2,1,-1.962,23.561,-2.967,0.044,0.053,0.153,0.9871
1786526976.167,48.700,WAIT,DONE_HOLD,2,1,-1.955,23.569,-2.952,-0.007,0.025,0.140,0.9896
1786526976.267,48.800,WAIT,DONE_HOLD,2,1,-1.951,23.576,-2.941,-0.016,0.044,0.146,0.9900
1786526976.367,48.900,WAIT,DONE_HOLD,2,1,-1.949,23.584,-2.929,-0.020,0.059,0.156,0.9880
1786526976.467,49.000,WAIT,DONE_HOLD,2,1,-1.947,23.590,-2.916,-0.032,0.043,0.150,0.9821
1786526976.567,49.100,WAIT,DONE_HOLD,2,1,-1.946,23.594,-2.904,-0.029,0.057,0.134,0.9747
1786526976.667,49.200,WAIT,DONE_HOLD,2,1,-1.945,23.598,-2.895,-0.012,0.093,0.139,0.9708
1786526976.767,49.300,WAIT,DONE_HOLD,2,1,-1.942,23.604,-2.881,-0.000,0.115,0.146,0.9702
1786526976.867,49.400,WAIT,DONE_HOLD,2,1,-1.941,23.611,-2.869,-0.038,0.068,0.141,0.9734
1786526976.967,49.500,WAIT,DONE_HOLD,2,1,-1.942,23.615,-2.858,-0.054,0.070,0.149,0.9818
1786526977.067,49.600,WAIT,DONE_HOLD,2,1,-1.942,23.618,-2.846,-0.059,0.035,0.143,0.9894
1786526977.167,49.700,WAIT,DONE_HOLD,2,1,-1.943,23.617,-2.835,-0.058,0.049,0.144,0.9927
1786526977.266,49.800,WAIT,DONE_HOLD,2,1,-1.944,23.612,-2.826,-0.102,-0.006,0.133,0.9910
1786526977.367,49.900,WAIT,DONE_HOLD,2,1,-1.947,23.608,-2.816,-0.086,0.024,0.128,0.9873
1786526977.467,50.000,WAIT,DONE_HOLD,2,1,-1.949,23.605,-2.808,-0.098,-0.017,0.121,0.9839
1786526977.567,50.100,WAIT,DONE_HOLD,2,1,-1.953,23.600,-2.799,-0.128,-0.006,0.121,0.9814
1786526977.667,50.200,WAIT,DONE_HOLD,2,1,-1.956,23.595,-2.790,-0.130,-0.032,0.130,0.9802
1786526977.767,50.300,WAIT,DONE_HOLD,2,1,-1.957,23.590,-2.782,-0.083,-0.029,0.120,0.9787
1786526977.867,50.400,WAIT,DONE_HOLD,2,1,-1.959,23.582,-2.773,-0.081,0.011,0.115,0.9788
1786526977.967,50.500,WAIT,DONE_HOLD,2,1,-1.962,23.574,-2.764,-0.094,-0.020,0.111,0.9814
1786526978.067,50.600,WAIT,DONE_HOLD,2,1,-1.965,23.565,-2.756,-0.099,-0.027,0.111,0.9857
1786526978.167,50.700,WAIT,DONE_HOLD,2,1,-1.966,23.557,-2.749,-0.104,-0.013,0.113,0.9882
1786526978.267,50.800,WAIT,DONE_HOLD,2,1,-1.968,23.552,-2.741,-0.074,0.015,0.120,0.9886
1786526978.367,50.900,WAIT,DONE_HOLD,2,1,-1.969,23.549,-2.734,-0.108,0.015,0.122,0.9901
1786526978.467,51.000,WAIT,DONE_HOLD,2,1,-1.971,23.545,-2.725,-0.074,0.013,0.108,0.9908
1786526978.567,51.100,WAIT,DONE_HOLD,2,1,-1.973,23.539,-2.718,-0.073,0.016,0.107,0.9913
1786526978.667,51.200,WAIT,DONE_HOLD,2,1,-1.974,23.536,-2.710,-0.102,0.010,0.117,0.9915
1786526978.767,51.300,WAIT,DONE_HOLD,2,1,-1.974,23.533,-2.704,-0.081,0.015,0.094,0.9916
1786526978.867,51.400,WAIT,DONE_HOLD,2,1,-1.974,23.529,-2.697,-0.090,0.038,0.092,0.9906
1786526978.967,51.500,WAIT,DONE_HOLD,2,1,-1.973,23.528,-2.692,-0.088,0.017,0.090,0.9892
1786526979.067,51.600,WAIT,DONE_HOLD,2,1,-1.973,23.528,-2.687,-0.094,0.040,0.097,0.9865
1786526979.167,51.700,WAIT,DONE_HOLD,2,1,-1.973,23.529,-2.681,-0.090,0.013,0.084,0.9834
1786526979.267,51.800,WAIT,DONE_HOLD,2,1,-1.974,23.531,-2.675,-0.114,0.000,0.095,0.9820
1786526979.367,51.900,WAIT,DONE_HOLD,2,1,-1.975,23.535,-2.669,-0.050,0.047,0.114,0.9812
1786526979.467,52.000,WAIT,DONE_HOLD,2,1,-1.975,23.541,-2.661,-0.026,0.079,0.108,0.9808
1786526979.567,52.100,WAIT,DONE_HOLD,2,1,-1.974,23.548,-2.654,-0.058,0.073,0.101,0.9805
1786526979.667,52.200,WAIT,DONE_HOLD,2,1,-1.976,23.555,-2.646,-0.080,0.068,0.107,0.9809
1786526979.767,52.300,WAIT,DONE_HOLD,2,1,-1.976,23.564,-2.640,-0.074,0.044,0.101,0.9810
1786526979.867,52.400,WAIT,DONE_HOLD,2,1,-1.975,23.573,-2.632,-0.111,0.022,0.099,0.9809
1786526979.967,52.500,WAIT,DONE_HOLD,2,1,-1.972,23.581,-2.626,-0.036,0.083,0.110,0.9810
1786526980.067,52.600,WAIT,DONE_HOLD,2,1,-1.969,23.589,-2.619,-0.075,0.061,0.110,0.9809
1786526980.167,52.700,WAIT,DONE_HOLD,2,1,-1.967,23.593,-2.613,-0.091,0.017,0.096,0.9804
1786526980.267,52.800,WAIT,DONE_HOLD,2,1,-1.968,23.598,-2.606,-0.063,0.027,0.098,0.9818
1786526980.367,52.900,WAIT,DONE_HOLD,2,1,-1.969,23.603,-2.601,-0.059,0.042,0.109,0.9835
1786526980.467,53.000,WAIT,DONE_HOLD,2,1,-1.969,23.608,-2.596,-0.061,0.039,0.093,0.9850
1786526980.567,53.100,WAIT,DONE_HOLD,2,1,-1.966,23.613,-2.590,-0.068,0.041,0.087,0.9850
1786526980.667,53.200,WAIT,DONE_HOLD,2,1,-1.965,23.616,-2.586,-0.076,0.035,0.097,0.9815
1786526980.767,53.300,WAIT,DONE_HOLD,2,1,-1.964,23.623,-2.581,-0.056,0.029,0.092,0.9780
1786526980.867,53.400,WAIT,DONE_HOLD,2,1,-1.964,23.628,-2.576,-0.080,0.018,0.086,0.9753
1786526980.967,53.500,WAIT,DONE_HOLD,2,1,-1.963,23.629,-2.572,-0.074,-0.008,0.090,0.9739
1786526981.067,53.600,WAIT,DONE_HOLD,2,1,-1.963,23.629,-2.565,-0.113,-0.036,0.098,0.9734
1786526981.167,53.700,WAIT,DONE_HOLD,2,1,-1.963,23.629,-2.560,-0.094,-0.047,0.100,0.9731
1786526981.267,53.800,WAIT,DONE_HOLD,2,1,-1.964,23.628,-2.554,-0.092,0.003,0.087,0.9721
1786526981.367,53.900,WAIT,DONE_HOLD,2,1,-1.964,23.627,-2.549,-0.120,-0.052,0.093,0.9704
1786526981.467,54.000,WAIT,DONE_HOLD,2,1,-1.967,23.624,-2.544,-0.090,-0.040,0.093,0.9723
1786526981.567,54.100,WAIT,DONE_HOLD,2,1,-1.969,23.622,-2.538,-0.108,-0.016,0.091,0.9757
1786526981.667,54.200,WAIT,DONE_HOLD,2,1,-1.972,23.620,-2.532,-0.111,-0.057,0.098,0.9788
1786526981.767,54.300,WAIT,DONE_HOLD,2,1,-1.972,23.617,-2.526,-0.100,-0.025,0.106,0.9826
1786526981.867,54.400,WAIT,DONE_HOLD,2,1,-1.969,23.612,-2.518,-0.056,0.001,0.117,0.9871
1786526981.967,54.500,WAIT,DONE_HOLD,2,1,-1.965,23.608,-2.510,-0.067,0.003,0.112,0.9902
1786526982.067,54.600,WAIT,DONE_HOLD,2,1,-1.960,23.604,-2.503,-0.026,0.017,0.114,0.9916
1786526982.167,54.700,WAIT,DONE_HOLD,2,1,-1.953,23.599,-2.494,-0.051,-0.044,0.111,0.9908
1786526982.267,54.800,WAIT,DONE_HOLD,2,1,-1.948,23.594,-2.487,-0.067,-0.055,0.108,0.9898
1786526982.367,54.900,WAIT,DONE_HOLD,2,1,-1.945,23.589,-2.479,-0.044,-0.053,0.107,0.9892
1786526982.467,55.000,WAIT,DONE_HOLD,2,1,-1.938,23.584,-2.471,-0.057,-0.042,0.113,0.9887
1786526982.567,55.100,WAIT,DONE_HOLD,2,1,-1.931,23.579,-2.463,-0.034,-0.056,0.110,0.9870
1786526982.667,55.200,WAIT,DONE_HOLD,2,1,-1.922,23.576,-2.454,-0.020,-0.030,0.126,0.9848
1786526982.767,55.300,WAIT,DONE_HOLD,2,1,-1.913,23.573,-2.446,0.013,-0.006,0.115,0.9854
1786526982.867,55.400,WAIT,DONE_HOLD,2,1,-1.905,23.573,-2.439,-0.034,-0.003,0.112,0.9872
1786526982.967,55.500,WAIT,DONE_HOLD,2,1,-1.899,23.572,-2.431,-0.021,-0.048,0.114,0.9886
1786526983.067,55.600,WAIT,DONE_HOLD,2,1,-1.896,23.570,-2.423,-0.052,-0.056,0.113,0.9926
1786526983.167,55.700,WAIT,DONE_HOLD,2,1,-1.894,23.569,-2.417,-0.043,-0.034,0.120,0.9957
1786526983.267,55.800,WAIT,DONE_HOLD,2,1,-1.894,23.566,-2.409,-0.048,-0.029,0.102,0.9962
1786526983.367,55.900,WAIT,DONE_HOLD,2,1,-1.894,23.565,-2.403,-0.065,-0.001,0.103,0.9960
1786526983.467,56.000,WAIT,DONE_HOLD,2,1,-1.897,23.563,-2.397,-0.076,-0.034,0.092,0.9970
1786526983.567,56.100,WAIT,DONE_HOLD,2,1,-1.902,23.561,-2.392,-0.126,-0.045,0.091,0.9985
1786526983.667,56.200,WAIT,DONE_HOLD,2,1,-1.908,23.561,-2.386,-0.113,0.002,0.096,0.9991
1786526983.767,56.300,WAIT,DONE_HOLD,2,1,-1.913,23.561,-2.381,-0.077,-0.001,0.102,0.9989
1786526983.867,56.400,WAIT,DONE_HOLD,2,1,-1.920,23.561,-2.375,-0.090,-0.028,0.096,0.9974
1786526983.967,56.500,WAIT,DONE_HOLD,2,1,-1.925,23.564,-2.370,-0.105,-0.027,0.094,0.9967
1786526984.067,56.600,WAIT,DONE_HOLD,2,1,-1.932,23.568,-2.365,-0.092,0.011,0.103,0.9955
1786526984.166,56.700,WAIT,DONE_HOLD,2,1,-1.942,23.573,-2.357,-0.091,-0.032,0.102,0.9942
1786526984.267,56.800,WAIT,DONE_HOLD,2,1,-1.950,23.576,-2.351,-0.054,-0.014,0.109,0.9931
1786526984.367,56.900,WAIT,DONE_HOLD,2,1,-1.957,23.580,-2.345,-0.057,-0.065,0.101,0.9925
1786526984.467,57.000,WAIT,DONE_HOLD,2,1,-1.965,23.581,-2.339,-0.060,-0.062,0.099,0.9912
1786526984.567,57.100,WAIT,DONE_HOLD,2,1,-1.974,23.581,-2.332,-0.046,-0.087,0.093,0.9894
1786526984.667,57.200,WAIT,DONE_HOLD,2,1,-1.981,23.581,-2.328,-0.084,-0.061,0.079,0.9876
1786526984.767,57.300,WAIT,DONE_HOLD,2,1,-1.990,23.581,-2.325,-0.048,-0.055,0.064,0.9851
1786526984.867,57.400,WAIT,DONE_HOLD,2,1,-1.999,23.575,-2.321,-0.093,-0.095,0.081,0.9821
1786526984.967,57.500,WAIT,DONE_HOLD,2,1,-2.009,23.573,-2.316,-0.043,-0.048,0.098,0.9775
1786526985.067,57.600,WAIT,DONE_HOLD,2,1,-2.019,23.568,-2.309,-0.081,-0.089,0.091,0.9749
1786526985.167,57.700,WAIT,DONE_HOLD,2,1,-2.028,23.563,-2.304,-0.089,-0.089,0.104,0.9726
1786526985.267,57.800,WAIT,DONE_HOLD,2,1,-2.041,23.557,-2.297,-0.095,-0.111,0.082,0.9716
1786526985.367,57.900,WAIT,DONE_HOLD,2,1,-2.050,23.549,-2.293,-0.083,-0.094,0.084,0.9727
1786526985.467,58.000,WAIT,DONE_HOLD,2,1,-2.058,23.542,-2.288,-0.062,-0.116,0.075,0.9735
1786526985.567,58.100,WAIT,DONE_HOLD,2,1,-2.065,23.535,-2.284,-0.067,-0.120,0.075,0.9730
1786526985.667,58.200,WAIT,DONE_HOLD,2,1,-2.069,23.529,-2.279,-0.039,-0.078,0.094,0.9719
1786526985.767,58.300,WAIT,DONE_HOLD,2,1,-2.072,23.519,-2.273,-0.039,-0.094,0.097,0.9678
1786526985.867,58.400,WAIT,DONE_HOLD,2,1,-2.076,23.515,-2.269,-0.039,-0.104,0.099,0.9645
1786526985.967,58.500,WAIT,DONE_HOLD,2,1,-2.078,23.506,-2.262,-0.009,-0.054,0.106,0.9579
1786526986.067,58.600,WAIT,DONE_HOLD,2,1,-2.079,23.500,-2.256,0.010,-0.054,0.114,0.9550
1786526986.167,58.700,WAIT,DONE_HOLD,2,1,-2.079,23.494,-2.250,-0.004,-0.102,0.113,0.9535
1786526986.267,58.800,WAIT,DONE_HOLD,2,1,-2.075,23.488,-2.241,0.028,-0.042,0.112,0.9499
1786526986.367,58.900,WAIT,DONE_HOLD,2,1,-2.072,23.483,-2.234,0.018,-0.067,0.107,0.9495
1786526986.467,59.000,WAIT,DONE_HOLD,2,1,-2.066,23.478,-2.227,0.056,-0.033,0.109,0.9511
1786526986.567,59.100,WAIT,DONE_HOLD,2,1,-2.059,23.475,-2.221,0.022,-0.055,0.104,0.9537
1786526986.667,59.200,WAIT,DONE_HOLD,2,1,-2.051,23.471,-2.215,0.042,-0.028,0.100,0.9582
1786526986.767,59.300,WAIT,DONE_HOLD,2,1,-2.040,23.466,-2.209,0.071,-0.018,0.093,0.9637
1786526986.867,59.400,WAIT,DONE_HOLD,2,1,-2.028,23.459,-2.204,0.096,-0.003,0.098,0.9692
1786526986.967,59.500,WAIT,DONE_HOLD,2,1,-2.013,23.453,-2.198,0.053,-0.027,0.087,0.9754
1786526987.067,59.600,WAIT,DONE_HOLD,2,1,-1.999,23.447,-2.195,0.111,0.009,0.089,0.9801
1786526987.167,59.700,WAIT,DONE_HOLD,2,1,-1.981,23.440,-2.192,0.117,-0.013,0.078,0.9844
1786526987.267,59.800,WAIT,DONE_HOLD,2,1,-1.962,23.431,-2.189,0.085,-0.041,0.071,0.9895
1786526987.367,59.900,WAIT,DONE_HOLD,2,1,-1.949,23.421,-2.186,0.051,-0.040,0.085,0.9933
1786526987.467,60.000,WAIT,DONE_HOLD,2,1,-1.934,23.412,-2.182,0.067,-0.029,0.090,0.9960
1786526987.567,60.100,WAIT,DONE_HOLD,2,1,-1.919,23.405,-2.176,0.046,-0.031,0.095,0.9988
1786526987.667,60.200,WAIT,DONE_HOLD,2,1,-1.911,23.401,-2.171,0.054,0.013,0.089,1.0013
1786526987.767,60.300,WAIT,DONE_HOLD,2,1,-1.902,23.398,-2.165,-0.001,-0.021,0.086,1.0035
1786526987.867,60.400,WAIT,DONE_HOLD,2,1,-1.894,23.396,-2.159,-0.021,-0.003,0.087,1.0036
1786526987.967,60.500,WAIT,DONE_HOLD,2,1,-1.890,23.394,-2.153,-0.014,0.012,0.083,1.0044
1786526988.067,60.600,WAIT,DONE_HOLD,2,1,-1.888,23.395,-2.147,-0.039,0.029,0.077,1.0064
1786526988.167,60.700,WAIT,DONE_HOLD,2,1,-1.885,23.396,-2.141,-0.041,0.054,0.083,1.0078
1786526988.267,60.800,WAIT,DONE_HOLD,2,1,-1.884,23.396,-2.136,-0.032,0.047,0.085,1.0063
1786526988.367,60.900,WAIT,DONE_HOLD,2,1,-1.884,23.398,-2.130,-0.059,0.041,0.079,1.0035
1786526988.467,61.000,WAIT,DONE_HOLD,2,1,-1.889,23.402,-2.124,-0.080,0.055,0.090,1.0014
1786526988.567,61.100,WAIT,DONE_HOLD,2,1,-1.895,23.408,-2.117,-0.104,0.026,0.083,0.9998
1786526988.667,61.200,WAIT,DONE_HOLD,2,1,-1.908,23.416,-2.110,-0.128,0.084,0.092,0.9985
1786526988.767,61.300,WAIT,DONE_HOLD,2,1,-1.922,23.424,-2.103,-0.153,0.097,0.095,0.9957
1786526988.867,61.400,WAIT,DONE_HOLD,2,1,-1.937,23.434,-2.095,-0.154,0.080,0.090,0.9913
1786526988.967,61.500,WAIT,DONE_HOLD,2,1,-1.956,23.449,-2.086,-0.167,0.071,0.096,0.9880
1786526989.067,61.600,WAIT,DONE_HOLD,2,1,-1.974,23.460,-2.079,-0.172,0.109,0.090,0.9857
1786526989.167,61.700,WAIT,DONE_HOLD,2,1,-1.994,23.474,-2.070,-0.172,0.061,0.091,0.9841
1786526989.267,61.800,WAIT,DONE_HOLD,2,1,-2.012,23.486,-2.062,-0.157,0.100,0.098,0.9825
1786526989.367,61.900,WAIT,DONE_HOLD,2,1,-2.030,23.498,-2.054,-0.136,0.094,0.103,0.9824
1786526989.467,62.000,WAIT,DONE_HOLD,2,1,-2.046,23.509,-2.045,-0.092,0.119,0.106,0.9828
1786526989.567,62.100,WAIT,DONE_HOLD,2,1,-2.059,23.520,-2.036,-0.115,0.105,0.102,0.9816
1786526989.667,62.200,WAIT,DONE_HOLD,2,1,-2.074,23.528,-2.028,-0.140,0.052,0.101,0.9776
1786526989.767,62.300,WAIT,DONE_HOLD,2,1,-2.088,23.534,-2.019,-0.110,0.085,0.102,0.9726
1786526989.867,62.400,WAIT,DONE_HOLD,2,1,-2.100,23.543,-2.010,-0.102,0.089,0.086,0.9700
1786526989.967,62.500,WAIT,DONE_HOLD,2,1,-2.110,23.551,-2.002,-0.111,0.023,0.094,0.9709
1786526990.067,62.600,WAIT,DONE_HOLD,2,1,-2.119,23.561,-1.993,-0.064,0.053,0.098,0.9742
1786526990.167,62.700,WAIT,DONE_HOLD,2,1,-2.121,23.565,-1.986,-0.053,0.059,0.091,0.9763
1786526990.267,62.800,WAIT,DONE_HOLD,2,1,-2.121,23.572,-1.979,-0.060,0.022,0.087,0.9784
1786526990.367,62.900,WAIT,DONE_HOLD,2,1,-2.123,23.577,-1.971,-0.006,0.044,0.098,0.9821
1786526990.467,63.000,WAIT,DONE_HOLD,2,1,-2.123,23.580,-1.964,0.002,-0.005,0.097,0.9838
1786526990.567,63.100,WAIT,DONE_HOLD,2,1,-2.123,23.583,-1.955,0.000,-0.028,0.102,0.9866
1786526990.667,63.200,WAIT,DONE_HOLD,2,1,-2.122,23.583,-1.947,0.021,0.009,0.113,0.9883
1786526990.767,63.300,WAIT,DONE_HOLD,2,1,-2.118,23.583,-1.939,0.004,-0.041,0.108,0.9896
1786526990.867,63.400,WAIT,DONE_HOLD,2,1,-2.117,23.583,-1.929,-0.011,-0.046,0.114,0.9897
1786526990.967,63.500,WAIT,DONE_HOLD,2,1,-2.116,23.585,-1.920,0.036,0.000,0.113,0.9888
1786526991.067,63.600,WAIT,DONE_HOLD,2,1,-2.112,23.586,-1.912,0.061,-0.022,0.110,0.9872
1786526991.167,63.700,WAIT,DONE_HOLD,2,1,-2.111,23.586,-1.905,0.023,-0.017,0.105,0.9846
1786526991.267,63.800,WAIT,DONE_HOLD,2,1,-2.110,23.584,-1.897,0.047,-0.045,0.112,0.9827
1786526991.367,63.900,WAIT,DONE_HOLD,2,1,-2.110,23.579,-1.890,0.000,-0.087,0.113,0.9829
1786526991.467,64.000,WAIT,DONE_HOLD,2,1,-2.111,23.575,-1.882,0.061,-0.035,0.121,0.9835
1786526991.567,64.100,WAIT,DONE_HOLD,2,1,-2.117,23.567,-1.875,0.020,-0.043,0.107,0.9854
1786526991.667,64.200,WAIT,DONE_HOLD,2,1,-2.122,23.562,-1.868,0.046,-0.064,0.112,0.9858
1786526991.767,64.300,WAIT,DONE_HOLD,2,1,-2.126,23.553,-1.860,0.001,-0.090,0.111,0.9858
1786526991.867,64.400,WAIT,DONE_HOLD,2,1,-2.132,23.545,-1.851,0.033,-0.051,0.119,0.9846
1786526991.967,64.500,WAIT,DONE_HOLD,2,1,-2.138,23.536,-1.843,0.038,-0.076,0.110,0.9833
1786526992.067,64.600,WAIT,DONE_HOLD,2,1,-2.143,23.528,-1.836,0.019,-0.068,0.112,0.9834
1786526992.167,64.700,WAIT,DONE_HOLD,2,1,-2.148,23.523,-1.830,0.014,-0.096,0.105,0.9834
1786526992.267,64.800,WAIT,DONE_HOLD,2,1,-2.153,23.517,-1.822,0.017,-0.077,0.103,0.9821
1786526992.367,64.900,WAIT,DONE_HOLD,2,1,-2.159,23.512,-1.812,0.025,-0.064,0.112,0.9844
1786526992.467,65.000,WAIT,DONE_HOLD,2,1,-2.164,23.508,-1.803,0.057,-0.062,0.122,0.9861
1786526992.567,65.100,WAIT,DONE_HOLD,2,1,-2.168,23.505,-1.794,0.029,-0.051,0.126,0.9864
1786526992.667,65.200,WAIT,DONE_HOLD,2,1,-2.175,23.507,-1.785,0.046,-0.029,0.132,0.9867
1786526992.767,65.300,WAIT,DONE_HOLD,2,1,-2.181,23.508,-1.775,0.024,-0.064,0.124,0.9860
1786526992.867,65.400,WAIT,DONE_HOLD,2,1,-2.189,23.509,-1.764,0.064,-0.019,0.129,0.9852
1786526992.967,65.500,WAIT,DONE_HOLD,2,1,-2.196,23.510,-1.755,0.057,-0.025,0.123,0.9852
1786526993.067,65.600,WAIT,DONE_HOLD,2,1,-2.204,23.511,-1.744,0.077,-0.000,0.129,0.9850
1786526993.167,65.700,WAIT,DONE_HOLD,2,1,-2.211,23.511,-1.734,0.075,-0.051,0.127,0.9849
1786526993.267,65.800,WAIT,DONE_HOLD,2,1,-2.215,23.510,-1.724,0.099,0.000,0.123,0.9848
1786526993.367,65.900,WAIT,DONE_HOLD,2,1,-2.221,23.508,-1.713,0.067,-0.032,0.117,0.9836
1786526993.467,66.000,WAIT,DONE_HOLD,2,1,-2.226,23.510,-1.703,0.093,-0.009,0.120,0.9832
1786526993.567,66.100,WAIT,DONE_HOLD,2,1,-2.228,23.510,-1.694,0.101,-0.006,0.109,0.9831
1786526993.667,66.200,WAIT,DONE_HOLD,2,1,-2.227,23.508,-1.685,0.086,-0.012,0.103,0.9821
1786526993.767,66.300,WAIT,DONE_HOLD,2,1,-2.224,23.507,-1.675,0.091,-0.023,0.108,0.9827
1786526993.867,66.400,WAIT,DONE_HOLD,2,1,-2.216,23.504,-1.666,0.165,0.000,0.105,0.9828
1786526993.967,66.500,WAIT,DONE_HOLD,2,1,-2.208,23.501,-1.658,0.171,0.025,0.107,0.9817
1786526994.067,66.600,WAIT,DONE_HOLD,2,1,-2.202,23.499,-1.652,0.093,-0.021,0.063,0.9818
1786526994.167,66.700,WAIT,DONE_HOLD,2,1,-2.195,23.496,-1.650,0.129,0.007,0.031,0.9828
1786526994.267,66.800,WAIT,DONE_HOLD,2,1,-2.192,23.494,-1.650,0.151,0.034,0.023,0.9835
1786526994.367,66.900,WAIT,DONE_HOLD,2,1,-2.187,23.493,-1.650,0.095,0.007,0.018,0.9850
1786526994.467,67.000,WAIT,DONE_HOLD,2,1,-2.184,23.495,-1.650,0.137,-0.001,0.022,0.9854
1786526994.567,67.100,WAIT,DONE_HOLD,2,1,-2.180,23.497,-1.649,0.135,0.008,0.031,0.9831
1786526994.667,67.200,WAIT,DONE_HOLD,2,1,-2.176,23.499,-1.647,0.100,0.014,0.035,0.9833
1786526994.767,67.300,WAIT,DONE_HOLD,2,1,-2.174,23.501,-1.645,0.141,0.043,0.030,0.9849
1786526994.867,67.400,WAIT,DONE_HOLD,2,1,-2.171,23.505,-1.642,0.145,0.084,0.048,0.9846
1786526994.967,67.500,WAIT,DONE_HOLD,2,1,-2.169,23.510,-1.640,0.089,0.060,0.034,0.9851
1786526995.067,67.600,WAIT,DONE_HOLD,2,1,-2.169,23.515,-1.638,0.136,0.122,0.035,0.9855
1786526995.167,67.700,WAIT,DONE_HOLD,2,1,-2.170,23.521,-1.636,0.104,0.082,0.041,0.9851
1786526995.267,67.800,WAIT,DONE_HOLD,2,1,-2.171,23.528,-1.633,0.098,0.095,0.049,0.9859
1786526995.367,67.900,WAIT,DONE_HOLD,2,1,-2.171,23.535,-1.630,0.081,0.077,0.057,0.9865
1786526995.467,68.000,WAIT,DONE_HOLD,2,1,-2.171,23.543,-1.626,0.136,0.114,0.055,0.9835
1786526995.567,68.100,WAIT,DONE_HOLD,2,1,-2.173,23.552,-1.623,0.119,0.094,0.058,0.9823
1786526995.667,68.200,WAIT,DONE_HOLD,2,1,-2.173,23.557,-1.619,0.123,0.078,0.065,0.9828
1786526995.767,68.300,WAIT,DONE_HOLD,2,1,-2.167,23.565,-1.615,0.164,0.106,0.064,0.9826
1786526995.867,68.400,WAIT,DONE_HOLD,2,1,-2.163,23.573,-1.613,0.180,0.091,0.064,0.9831
1786526995.967,68.500,WAIT,DONE_HOLD,2,1,-2.159,23.580,-1.611,0.162,0.077,0.051,0.9835
1786526996.066,68.600,WAIT,DONE_HOLD,2,1,-2.156,23.586,-1.610,0.144,0.010,0.038,0.9852
1786526996.167,68.700,WAIT,DONE_HOLD,2,1,-2.148,23.586,-1.610,0.166,0.029,0.037,0.9868
1786526996.267,68.800,WAIT,DONE_HOLD,2,1,-2.139,23.584,-1.610,0.126,0.000,0.031,0.9882
1786526996.367,68.900,WAIT,DONE_HOLD,2,1,-2.126,23.582,-1.610,0.161,0.015,0.027,0.9910
1786526996.467,69.000,WAIT,DONE_HOLD,2,1,-2.119,23.580,-1.610,0.175,0.063,0.035,0.9918
1786526996.567,69.100,WAIT,DONE_HOLD,2,1,-2.111,23.581,-1.611,0.154,0.032,0.013,0.9911
1786526996.667,69.200,WAIT,DONE_HOLD,2,1,-2.107,23.582,-1.613,0.142,0.032,0.010,0.9903
1786526996.767,69.300,WAIT,DONE_HOLD,2,1,-2.102,23.582,-1.616,0.135,0.039,0.012,0.9890
1786526996.867,69.400,WAIT,DONE_HOLD,2,1,-2.100,23.579,-1.619,0.111,-0.015,0.016,0.9886
1786526996.967,69.500,WAIT,DONE_HOLD,2,1,-2.097,23.572,-1.621,0.123,0.011,0.013,0.9890
1786526997.067,69.600,WAIT,DONE_HOLD,2,1,-2.091,23.565,-1.624,0.120,-0.010,0.013,0.9871
1786526997.167,69.700,WAIT,DONE_HOLD,2,1,-2.085,23.558,-1.627,0.123,-0.010,0.018,0.9867
1786526997.267,69.800,WAIT,DONE_HOLD,2,1,-2.077,23.550,-1.630,0.101,-0.021,0.026,0.9866
1786526997.367,69.900,WAIT,DONE_HOLD,2,1,-2.068,23.541,-1.631,0.135,-0.036,0.027,0.9866
1786526997.467,70.000,WAIT,DONE_HOLD,2,1,-2.061,23.533,-1.633,0.109,-0.039,0.023,0.9870
1786526997.567,70.100,WAIT,DONE_HOLD,2,1,-2.052,23.526,-1.635,0.157,-0.023,0.019,0.9874
1786526997.667,70.200,WAIT,DONE_HOLD,2,1,-2.041,23.518,-1.638,0.098,-0.029,0.009,0.9874
1786526997.767,70.300,WAIT,DONE_HOLD,2,1,-2.032,23.511,-1.641,0.084,-0.034,0.014,0.9866
1786526997.867,70.400,WAIT,DONE_HOLD,2,1,-2.027,23.506,-1.644,0.112,-0.003,0.010,0.9838
1786526997.967,70.500,WAIT,DONE_HOLD,2,1,-2.022,23.500,-1.649,0.082,0.000,0.010,0.9768
1786526998.067,70.600,WAIT,DONE_HOLD,2,1,-2.019,23.495,-1.652,0.071,-0.033,0.009,0.9720
1786526998.167,70.700,WAIT,DONE_HOLD,2,1,-2.017,23.487,-1.655,0.063,-0.033,0.019,0.9679
1786526998.267,70.800,WAIT,DONE_HOLD,2,1,-2.014,23.478,-1.658,0.035,-0.031,0.019,0.9674
1786526998.367,70.900,WAIT,DONE_HOLD,2,1,-2.015,23.472,-1.661,0.045,-0.036,0.014,0.9682
1786526998.467,71.000,WAIT,DONE_HOLD,2,1,-2.019,23.467,-1.663,0.026,-0.009,0.013,0.9697
1786526998.567,71.100,WAIT,DONE_HOLD,2,1,-2.027,23.461,-1.666,-0.033,-0.017,0.018,0.9715
1786526998.667,71.200,WAIT,DONE_HOLD,2,1,-2.036,23.457,-1.667,-0.070,-0.034,0.023,0.9719
1786526998.767,71.300,WAIT,DONE_HOLD,2,1,-2.043,23.455,-1.667,-0.064,-0.019,0.038,0.9732
1786526998.867,71.400,WAIT,DONE_HOLD,2,1,-2.053,23.452,-1.667,-0.056,-0.014,0.035,0.9733
1786526998.967,71.500,WAIT,DONE_HOLD,2,1,-2.058,23.453,-1.666,-0.033,0.048,0.041,0.9719
1786526999.067,71.600,WAIT,DONE_HOLD,2,1,-2.062,23.456,-1.666,-0.001,0.055,0.031,0.9714
1786526999.167,71.700,WAIT,DONE_HOLD,2,1,-2.062,23.459,-1.665,0.002,0.052,0.029,0.9722
1786526999.267,71.800,WAIT,DONE_HOLD,2,1,-2.062,23.461,-1.666,-0.002,0.043,0.013,0.9743
1786526999.367,71.900,WAIT,DONE_HOLD,2,1,-2.057,23.461,-1.666,0.011,0.018,0.016,0.9781
1786526999.467,72.000,WAIT,DONE_HOLD,2,1,-2.052,23.460,-1.666,-0.006,-0.033,0.015,0.9804
1786526999.567,72.100,WAIT,DONE_HOLD,2,1,-2.046,23.460,-1.663,0.013,-0.003,0.090,0.9840
1786526999.667,72.200,WAIT,DONE_HOLD,2,1,-2.040,23.462,-1.649,0.048,0.005,0.248,0.9849
1786526999.767,72.300,WAIT,DONE_HOLD,2,1,-2.030,23.464,-1.619,0.051,0.019,0.469,0.9860
1786526999.867,72.400,WAIT,DONE_HOLD,2,1,-2.021,23.466,-1.565,0.076,0.010,0.654,0.9886
1786526999.967,72.500,WAIT,DONE_HOLD,2,1,-2.008,23.468,-1.488,0.021,0.015,0.709,0.9904
1786527000.067,72.600,WAIT,DONE_HOLD,2,1,-2.000,23.473,-1.421,0.070,0.020,0.647,0.9901
1786527000.167,72.700,WAIT,DONE_HOLD,2,1,-1.994,23.474,-1.367,0.014,-0.017,0.482,0.9889
1786527000.267,72.800,WAIT,DONE_HOLD,2,1,-1.989,23.473,-1.334,0.009,0.018,0.258,0.9883
1786527000.367,72.900,WAIT,DONE_HOLD,2,1,-1.981,23.468,-1.322,0.023,-0.005,0.045,0.9890
1786527000.467,73.000,WAIT,DONE_HOLD,2,1,-1.975,23.463,-1.325,0.023,-0.009,-0.048,0.9944
1786527000.567,73.100,WAIT,DONE_HOLD,2,1,-1.970,23.460,-1.330,0.029,-0.018,-0.007,1.0000
1786527000.667,73.200,WAIT,DONE_HOLD,2,1,-1.963,23.459,-1.326,0.025,0.003,0.090,1.0060
1786527000.767,73.300,WAIT,DONE_HOLD,2,1,-1.963,23.466,-1.317,-0.010,-0.005,0.114,1.0081
1786527000.867,73.400,WAIT,DONE_HOLD,2,1,-1.967,23.470,-1.305,-0.002,0.051,0.132,1.0039
1786527000.967,73.500,WAIT,DONE_HOLD,2,1,-1.973,23.477,-1.292,-0.027,0.020,0.128,1.0000
1786527001.067,73.600,WAIT,DONE_HOLD,2,1,-1.985,23.481,-1.279,-0.002,0.057,0.122,0.9969
1786527001.167,73.700,WAIT,DONE_HOLD,2,1,-1.994,23.480,-1.268,-0.023,-0.049,0.117,0.9940
1786527001.267,73.800,WAIT,DONE_HOLD,2,1,-2.002,23.475,-1.256,-0.016,-0.111,0.132,0.9930
1786527001.367,73.900,WAIT,DONE_HOLD,2,1,-2.017,23.461,-1.244,-0.094,-0.222,0.114,0.9932
1786527001.467,74.000,WAIT,DONE_HOLD,2,1,-2.036,23.440,-1.234,-0.167,-0.339,0.117,0.9925
1786527001.567,74.100,WAIT,DONE_HOLD,2,1,-2.069,23.393,-1.221,-0.364,-0.587,0.127,0.9896
1786527001.667,74.200,WAIT,DONE_HOLD,2,1,-2.113,23.331,-1.210,-0.451,-0.741,0.134,0.9883
1786527001.767,74.300,WAIT,DONE_HOLD,2,1,-2.164,23.259,-1.199,-0.548,-0.875,0.128,0.9900
1786527001.867,74.400,WAIT,DONE_HOLD,2,1,-2.222,23.178,-1.191,-0.614,-0.961,0.112,0.9918
1786527001.967,74.500,WAIT,DONE_HOLD,2,1,-2.278,23.101,-1.184,-0.615,-0.967,0.117,0.9937
1786527002.067,74.600,WAIT,DONE_HOLD,2,1,-2.339,23.021,-1.178,-0.662,-1.049,0.119,0.9928
1786527002.167,74.700,WAIT,DONE_HOLD,2,1,-2.407,22.930,-1.169,-0.688,-1.037,0.123,0.9944
1786527002.267,74.800,WAIT,DONE_HOLD,2,1,-2.471,22.845,-1.160,-0.693,-1.079,0.136,0.9967
1786527002.367,74.900,WAIT,DONE_HOLD,2,1,-2.533,22.763,-1.150,-0.737,-1.097,0.135,1.0003
1786527002.467,75.000,WAIT,DONE_HOLD,2,1,-2.599,22.677,-1.139,-0.748,-1.153,0.134,1.0035
1786527002.567,75.100,WAIT,DONE_HOLD,2,1,-2.686,22.563,-1.126,-0.765,-1.214,0.117,1.0029
1786527002.667,75.200,WAIT,DONE_HOLD,2,1,-2.755,22.471,-1.116,-0.774,-1.218,0.120,1.0005
1786527002.767,75.300,WAIT,DONE_HOLD,2,1,-2.838,22.359,-1.104,-0.789,-1.221,0.117,0.9992
1786527002.867,75.400,WAIT,DONE_HOLD,2,1,-2.921,22.246,-1.094,-0.754,-1.193,0.117,0.9984
1786527002.967,75.500,WAIT,DONE_HOLD,2,1,-3.001,22.138,-1.085,-0.798,-1.267,0.120,0.9942
1786527003.067,75.600,WAIT,DONE_HOLD,2,1,-3.091,22.012,-1.074,-0.810,-1.266,0.115,0.9885
1786527003.167,75.700,WAIT,DONE_HOLD,2,1,-3.172,21.899,-1.064,-0.808,-1.282,0.113,0.9834
1786527003.267,75.800,WAIT,DONE_HOLD,2,1,-3.259,21.779,-1.053,-0.859,-1.325,0.108,0.9818
1786527003.367,75.900,WAIT,DONE_HOLD,2,1,-3.345,21.666,-1.043,-0.865,-1.337,0.118,0.9786
1786527003.467,76.000,WAIT,DONE_HOLD,2,1,-3.439,21.544,-1.031,-0.917,-1.369,0.136,0.9768
1786527003.567,76.100,WAIT,DONE_HOLD,2,1,-3.548,21.405,-1.018,-0.849,-1.288,0.144,0.9760
1786527003.667,76.200,WAIT,DONE_HOLD,2,1,-3.646,21.280,-1.006,-0.892,-1.295,0.114,0.9775
1786527003.767,76.300,WAIT,DONE_HOLD,2,1,-3.744,21.158,-0.996,-0.780,-1.126,0.092,0.9773
1786527003.867,76.400,WAIT,DONE_HOLD,2,1,-3.842,21.038,-0.986,-0.642,-0.876,0.057,0.9809
1786527003.967,76.500,WAIT,DONE_HOLD,2,1,-3.908,20.961,-0.979,-0.477,-0.648,0.025,0.9874
1786527004.067,76.600,WAIT,DONE_HOLD,2,1,-3.964,20.901,-0.967,-0.274,-0.341,0.081,0.9932
1786527004.167,76.700,WAIT,DONE_HOLD,2,1,-4.007,20.856,-0.950,-0.141,-0.119,0.120,0.9978
1786527004.267,76.800,WAIT,DONE_HOLD,2,1,-4.043,20.815,-0.927,-0.014,0.023,0.141,1.0030
1786527004.367,76.900,WAIT,DONE_HOLD,2,1,-4.069,20.785,-0.907,0.044,0.068,0.158,1.0078
1786527004.467,77.000,WAIT,DONE_HOLD,2,1,-4.103,20.739,-0.885,0.043,0.065,0.153,1.0122
1786527004.567,77.100,WAIT,DONE_HOLD,2,1,-4.146,20.682,-0.867,-0.017,0.014,0.137,1.0156
1786527004.667,77.200,WAIT,DONE_HOLD,2,1,-4.198,20.618,-0.855,-0.111,-0.152,0.111,1.0166
1786527004.767,77.300,WAIT,DONE_HOLD,2,1,-4.278,20.517,-0.842,-0.232,-0.326,0.102,1.0176
1786527004.867,77.400,WAIT,DONE_HOLD,2,1,-4.356,20.415,-0.832,-0.371,-0.575,0.100,1.0177
1786527004.967,77.500,WAIT,DONE_HOLD,2,1,-4.467,20.266,-0.818,-0.555,-0.874,0.143,1.0147
1786527005.067,77.600,WAIT,DONE_HOLD,2,1,-4.584,20.112,-0.806,-0.718,-1.159,0.163,1.0112
1786527005.167,77.700,WAIT,DONE_HOLD,2,1,-4.695,19.960,-0.797,-0.801,-1.270,0.139,1.0094
1786527005.267,77.800,WAIT,DONE_HOLD,2,1,-4.820,19.790,-0.793,-0.813,-1.302,0.121,1.0071
1786527005.367,77.900,WAIT,DONE_HOLD,2,1,-4.923,19.647,-0.795,-0.761,-1.259,0.092,1.0033
1786527005.467,78.000,WAIT,DONE_HOLD,2,1,-5.019,19.511,-0.800,-0.701,-1.194,0.062,0.9970
1786527005.567,78.100,WAIT,DONE_HOLD,2,1,-5.095,19.402,-0.806,-0.559,-1.005,0.073,0.9906
1786527005.667,78.200,WAIT,DONE_HOLD,2,1,-5.173,19.291,-0.814,-0.367,-0.731,0.072,0.9854
1786527005.767,78.300,WAIT,DONE_HOLD,2,1,-5.224,19.222,-0.819,-0.233,-0.470,0.075,0.9822
1786527005.867,78.400,WAIT,DONE_HOLD,2,1,-5.267,19.170,-0.818,-0.081,-0.215,0.093,0.9761
1786527005.967,78.500,WAIT,DONE_HOLD,2,1,-5.300,19.136,-0.814,0.041,-0.048,0.109,0.9689
1786527006.067,78.600,WAIT,DONE_HOLD,2,1,-5.328,19.111,-0.805,0.084,0.072,0.121,0.9633
1786527006.167,78.700,WAIT,DONE_HOLD,2,1,-5.359,19.083,-0.797,0.083,0.066,0.117,0.9628
1786527006.267,78.800,WAIT,DONE_HOLD,2,1,-5.403,19.040,-0.787,0.022,-0.001,0.114,0.9655
1786527006.367,78.900,WAIT,DONE_HOLD,2,1,-5.441,18.996,-0.775,0.000,-0.122,0.154,0.9698
1786527006.467,79.000,WAIT,DONE_HOLD,2,1,-5.493,18.927,-0.760,-0.054,-0.163,0.137,0.9775
1786527006.567,79.100,WAIT,DONE_HOLD,2,1,-5.539,18.865,-0.745,-0.026,-0.178,0.147,0.9841
1786527006.667,79.200,WAIT,DONE_HOLD,2,1,-5.582,18.805,-0.731,-0.054,-0.135,0.151,0.9911
1786527006.767,79.300,WAIT,DONE_HOLD,2,1,-5.636,18.730,-0.711,-0.047,-0.171,0.152,0.9972
1786527006.867,79.400,WAIT,DONE_HOLD,2,1,-5.675,18.673,-0.696,-0.043,-0.086,0.146,1.0003
1786527006.967,79.500,WAIT,DONE_HOLD,2,1,-5.715,18.614,-0.681,0.004,-0.154,0.130,1.0011
1786527007.067,79.600,WAIT,DONE_HOLD,2,1,-5.762,18.548,-0.668,-0.109,-0.235,0.129,1.0003
1786527007.167,79.700,WAIT,DONE_HOLD,2,1,-5.815,18.474,-0.655,-0.200,-0.397,0.139,0.9986
1786527007.267,79.800,WAIT,DONE_HOLD,2,1,-5.867,18.400,-0.644,-0.213,-0.422,0.136,0.9982
1786527007.367,79.900,WAIT,DONE_HOLD,2,1,-5.911,18.333,-0.636,-0.254,-0.491,0.116,1.0006
1786527007.467,80.000,WAIT,DONE_HOLD,2,1,-5.958,18.267,-0.630,-0.230,-0.422,0.089,1.0028
1786527007.567,80.100,WAIT,DONE_HOLD,2,1,-5.995,18.214,-0.627,-0.121,-0.270,0.077,1.0066
1786527007.667,80.200,WAIT,DONE_HOLD,2,1,-6.019,18.180,-0.625,-0.012,-0.072,0.104,1.0095
1786527007.767,80.300,WAIT,DONE_HOLD,2,1,-6.035,18.157,-0.621,0.038,-0.054,0.100,1.0113
1786527007.867,80.400,WAIT,DONE_HOLD,2,1,-6.051,18.136,-0.616,-0.001,-0.007,0.129,1.0117
1786527007.967,80.500,WAIT,DONE_HOLD,2,1,-6.079,18.103,-0.609,-0.014,-0.024,0.148,1.0107
1786527008.067,80.600,WAIT,DONE_HOLD,2,1,-6.100,18.078,-0.602,-0.038,-0.023,0.144,1.0109
1786527008.167,80.700,WAIT,DONE_HOLD,2,1,-6.125,18.052,-0.593,-0.053,-0.036,0.146,1.0114
1786527008.267,80.800,WAIT,DONE_HOLD,2,1,-6.145,18.033,-0.583,-0.056,0.040,0.159,1.0056
1786527008.367,80.900,WAIT,DONE_HOLD,2,1,-6.168,18.012,-0.570,-0.032,0.043,0.158,0.9983
1786527008.467,81.000,WAIT,DONE_HOLD,2,1,-6.190,17.990,-0.558,-0.066,0.013,0.143,0.9909
1786527008.567,81.100,WAIT,DONE_HOLD,2,1,-6.217,17.966,-0.546,-0.004,0.063,0.137,0.9816
1786527008.667,81.200,WAIT,DONE_HOLD,2,1,-6.237,17.947,-0.536,-0.036,0.065,0.130,0.9761
1786527008.767,81.300,WAIT,DONE_HOLD,2,1,-6.260,17.928,-0.524,-0.021,0.095,0.123,0.9713
1786527008.867,81.400,WAIT,DONE_HOLD,2,1,-6.283,17.913,-0.512,-0.011,0.114,0.127,0.9656
1786527008.967,81.500,WAIT,DONE_HOLD,2,1,-6.303,17.902,-0.501,-0.010,0.146,0.126,0.9621
1786527009.067,81.600,WAIT,DONE_HOLD,2,1,-6.319,17.892,-0.491,-0.031,0.137,0.114,0.9584
1786527009.167,81.700,WAIT,DONE_HOLD,2,1,-6.335,17.886,-0.480,0.037,0.164,0.121,0.9540
1786527009.267,81.800,WAIT,DONE_HOLD,2,1,-6.344,17.885,-0.466,0.030,0.149,0.133,0.9474
1786527009.367,81.900,WAIT,DONE_HOLD,2,1,-6.346,17.884,-0.457,0.090,0.189,0.136,0.9386
1786527009.467,82.000,WAIT,DONE_HOLD,2,1,-6.346,17.884,-0.444,0.110,0.165,0.144,0.9252
1786527009.567,82.100,WAIT,DONE_HOLD,2,1,-6.343,17.880,-0.432,0.148,0.147,0.140,0.9193
1786527009.667,82.200,WAIT,DONE_HOLD,2,1,-6.336,17.874,-0.421,0.178,0.123,0.099,0.9197
1786527009.767,82.300,WAIT,DONE_HOLD,2,1,-6.327,17.866,-0.419,0.190,0.112,-0.010,0.9239
1786527009.867,82.400,WAIT,DONE_HOLD,2,1,-6.315,17.859,-0.423,0.223,0.120,-0.019,0.9323
1786527009.967,82.500,WAIT,DONE_HOLD,2,1,-6.307,17.855,-0.426,0.171,0.087,0.014,0.9418
1786527010.067,82.600,WAIT,DONE_HOLD,2,1,-6.296,17.854,-0.426,0.230,0.098,0.014,0.9522
1786527010.167,82.700,WAIT,DONE_HOLD,2,1,-6.286,17.855,-0.427,0.212,0.105,-0.007,0.9636
1786527010.267,82.800,WAIT,DONE_HOLD,2,1,-6.271,17.861,-0.431,0.199,0.101,-0.030,0.9734
1786527010.367,82.900,WAIT,DONE_HOLD,2,1,-6.258,17.867,-0.435,0.201,0.114,-0.033,0.9792
1786527010.467,83.000,WAIT,DONE_HOLD,2,1,-6.247,17.876,-0.438,0.190,0.153,-0.034,0.9830
1786527010.567,83.100,WAIT,DONE_HOLD,2,1,-6.235,17.886,-0.442,0.181,0.137,-0.037,0.9871
1786527010.667,83.200,WAIT,DONE_HOLD,2,1,-6.225,17.897,-0.444,0.163,0.179,-0.030,0.9924
1786527010.767,83.300,WAIT,DONE_HOLD,2,1,-6.215,17.911,-0.445,0.145,0.176,-0.033,0.9965
1786527010.867,83.400,WAIT,DONE_HOLD,2,1,-6.206,17.927,-0.446,0.135,0.209,-0.018,0.9953
1786527010.967,83.500,WAIT,DONE_HOLD,2,1,-6.196,17.944,-0.446,0.112,0.215,-0.015,0.9938
1786527011.067,83.600,WAIT,DONE_HOLD,2,1,-6.189,17.958,-0.447,0.117,0.185,-0.021,0.9950
1786527011.167,83.700,WAIT,DONE_HOLD,2,1,-6.184,17.973,-0.448,0.095,0.207,-0.029,0.9933
1786527011.267,83.800,WAIT,DONE_HOLD,2,1,-6.177,17.988,-0.452,0.052,0.186,-0.043,0.9830
1786527011.367,83.900,WAIT,DONE_HOLD,2,1,-6.171,18.007,-0.456,0.050,0.194,-0.048,0.9695
1786527011.467,84.000,WAIT,DONE_HOLD,2,1,-6.167,18.023,-0.460,0.068,0.209,-0.047,0.9607
1786527011.567,84.100,WAIT,DONE_HOLD,2,1,-6.164,18.039,-0.464,0.020,0.173,-0.049,0.9571
1786527011.667,84.200,WAIT,DONE_HOLD,2,1,-6.158,18.052,-0.467,0.030,0.135,-0.029,0.9613
1786527011.767,84.300,WAIT,DONE_HOLD,2,1,-6.150,18.067,-0.470,0.062,0.156,-0.011,0.9661
1786527011.867,84.400,WAIT,DONE_HOLD,2,1,-6.139,18.079,-0.470,0.059,0.099,0.012,0.9710
1786527011.967,84.500,WAIT,DONE_HOLD,2,1,-6.130,18.087,-0.469,0.040,0.094,0.018,0.9745
1786527012.067,84.600,WAIT,DONE_HOLD,2,1,-6.121,18.092,-0.467,0.035,0.042,0.012,0.9778
1786527012.167,84.700,WAIT,DONE_HOLD,2,1,-6.114,18.096,-0.467,0.063,0.052,0.013,0.9807
1786527012.267,84.800,WAIT,DONE_HOLD,2,1,-6.105,18.102,-0.467,-0.010,0.024,0.016,0.9806
1786527012.367,84.900,WAIT,DONE_HOLD,2,1,-6.095,18.109,-0.468,0.011,0.032,0.023,0.9809
1786527012.467,85.000,WAIT,DONE_HOLD,2,1,-6.083,18.118,-0.468,0.006,0.030,0.035,0.9830
1786527012.567,85.100,WAIT,DONE_HOLD,2,1,-6.073,18.128,-0.468,-0.014,0.040,0.010,0.9829
1786527012.667,85.200,WAIT,DONE_HOLD,2,1,-6.068,18.135,-0.467,-0.036,0.047,0.014,0.9814
1786527012.767,85.300,WAIT,DONE_HOLD,2,1,-6.063,18.142,-0.467,-0.012,0.030,0.013,0.9846
1786527012.867,85.400,WAIT,DONE_HOLD,2,1,-6.061,18.149,-0.467,-0.041,0.040,0.008,0.9856
1786527012.967,85.500,WAIT,DONE_HOLD,2,1,-6.061,18.156,-0.467,-0.050,0.010,0.010,0.9846
1786527013.067,85.600,WAIT,DONE_HOLD,2,1,-6.060,18.161,-0.466,-0.058,0.012,0.014,0.9829
1786527013.167,85.700,WAIT,DONE_HOLD,2,1,-6.060,18.165,-0.466,-0.076,0.002,0.011,0.9820
1786527013.267,85.800,WAIT,DONE_HOLD,2,1,-6.062,18.169,-0.467,-0.060,-0.006,0.015,0.9838
1786527013.367,85.900,WAIT,DONE_HOLD,2,1,-6.065,18.171,-0.467,-0.108,-0.031,0.002,0.9836
1786527013.467,86.000,WAIT,DONE_HOLD,2,1,-6.070,18.172,-0.468,-0.118,-0.029,-0.006,0.9845
1786527013.567,86.100,WAIT,DONE_HOLD,2,1,-6.076,18.173,-0.470,-0.109,-0.016,0.007,0.9862
1786527013.667,86.200,WAIT,DONE_HOLD,2,1,-6.085,18.172,-0.470,-0.105,-0.035,0.016,0.9871
1786527013.767,86.300,WAIT,DONE_HOLD,2,1,-6.096,18.172,-0.469,-0.108,-0.009,0.021,0.9874
1786527013.867,86.400,WAIT,DONE_HOLD,2,1,-6.107,18.170,-0.467,-0.093,-0.025,0.033,0.9886
1786527013.967,86.500,WAIT,DONE_HOLD,2,1,-6.117,18.168,-0.465,-0.068,-0.028,0.026,0.9893
1786527014.067,86.600,WAIT,DONE_HOLD,2,1,-6.125,18.163,-0.465,-0.098,-0.015,0.024,0.9879
1786527014.167,86.700,WAIT,DONE_HOLD,2,1,-6.137,18.158,-0.466,-0.079,-0.034,0.026,0.9873
1786527014.267,86.800,WAIT,DONE_HOLD,2,1,-6.145,18.154,-0.468,-0.073,-0.031,0.026,0.9900
1786527014.367,86.900,WAIT,DONE_HOLD,2,1,-6.153,18.149,-0.469,-0.035,-0.013,0.028,0.9912
1786527014.467,87.000,WAIT,DONE_HOLD,2,1,-6.160,18.143,-0.469,-0.021,-0.037,0.026,0.9910
1786527014.567,87.100,WAIT,DONE_HOLD,2,1,-6.167,18.134,-0.469,-0.029,-0.031,0.033,0.9894
1786527014.667,87.200,WAIT,DONE_HOLD,2,1,-6.174,18.125,-0.468,-0.035,-0.038,0.035,0.9899
1786527014.767,87.300,WAIT,DONE_HOLD,2,1,-6.180,18.117,-0.467,-0.018,-0.017,0.035,0.9917
1786527014.867,87.400,WAIT,DONE_HOLD,2,1,-6.187,18.107,-0.465,-0.053,-0.041,0.018,0.9922
1786527014.967,87.500,WAIT,DONE_HOLD,2,1,-6.195,18.097,-0.464,-0.043,-0.043,0.012,0.9923
1786527015.067,87.600,WAIT,DONE_HOLD,2,1,-6.200,18.089,-0.462,0.003,-0.017,0.014,0.9873
1786527015.167,87.700,WAIT,DONE_HOLD,2,1,-6.205,18.080,-0.461,0.010,-0.020,0.020,0.9816
1786527015.267,87.800,WAIT,DONE_HOLD,2,1,-6.208,18.073,-0.459,-0.009,-0.020,0.012,0.9806
1786527015.367,87.900,WAIT,DONE_HOLD,2,1,-6.211,18.067,-0.459,0.026,-0.018,0.018,0.9794
1786527015.467,88.000,WAIT,DONE_HOLD,2,1,-6.214,18.059,-0.459,0.014,-0.040,-0.004,0.9804
1786527015.567,88.100,WAIT,DONE_HOLD,2,1,-6.217,18.050,-0.460,-0.007,-0.036,-0.009,0.9815
1786527015.667,88.200,WAIT,DONE_HOLD,2,1,-6.223,18.043,-0.461,0.024,0.003,-0.011,0.9822
1786527015.767,88.300,WAIT,DONE_HOLD,2,1,-6.228,18.037,-0.461,0.004,0.008,-0.010,0.9831
1786527015.867,88.400,WAIT,DONE_HOLD,2,1,-6.233,18.031,-0.462,-0.007,-0.020,-0.012,0.9820
1786527015.967,88.500,WAIT,DONE_HOLD,2,1,-6.238,18.028,-0.461,0.032,0.004,0.003,0.9820
1786527016.067,88.600,WAIT,DONE_HOLD,2,1,-6.242,18.026,-0.461,0.011,0.025,-0.007,0.9815
1786527016.167,88.700,WAIT,DONE_HOLD,2,1,-6.244,18.023,-0.461,0.021,0.024,-0.006,0.9805
1786527016.267,88.800,WAIT,DONE_HOLD,2,1,-6.244,18.021,-0.461,0.072,0.066,-0.003,0.9809
1786527016.367,88.900,WAIT,DONE_HOLD,2,1,-6.242,18.020,-0.462,0.026,0.051,-0.012,0.9821
1786527016.467,89.000,WAIT,DONE_HOLD,2,1,-6.240,18.021,-0.463,0.056,0.074,-0.006,0.9818
1786527016.567,89.100,WAIT,DONE_HOLD,2,1,-6.237,18.022,-0.464,0.035,0.066,-0.018,0.9813
1786527016.667,89.200,WAIT,DONE_HOLD,2,1,-6.232,18.025,-0.466,0.063,0.063,-0.018,0.9797
1786527016.767,89.300,WAIT,DONE_HOLD,2,1,-6.227,18.029,-0.469,0.094,0.084,-0.015,0.9792
1786527016.867,89.400,WAIT,DONE_HOLD,2,1,-6.220,18.032,-0.471,0.103,0.082,0.000,0.9801
1786527016.967,89.500,WAIT,DONE_HOLD,2,1,-6.212,18.034,-0.472,0.098,0.093,0.002,0.9827
1786527017.067,89.600,WAIT,DONE_HOLD,2,1,-6.203,18.036,-0.474,0.053,0.041,-0.002,0.9834
1786527017.167,89.700,WAIT,DONE_HOLD,2,1,-6.196,18.035,-0.475,0.078,0.079,0.011,0.9838
1786527017.267,89.800,WAIT,DONE_HOLD,2,1,-6.188,18.034,-0.476,0.072,0.043,0.018,0.9864
1786527017.367,89.900,WAIT,DONE_HOLD,2,1,-6.183,18.034,-0.476,0.054,0.048,0.025,0.9890
1786527017.467,90.000,WAIT,DONE_HOLD,2,1,-6.180,18.035,-0.476,0.057,0.087,0.022,0.9909
1786527017.567,90.100,WAIT,DONE_HOLD,2,1,-6.174,18.037,-0.474,0.060,0.059,0.022,0.9905
1786527017.667,90.200,WAIT,DONE_HOLD,2,1,-6.170,18.037,-0.473,0.077,0.078,0.030,0.9879
1786527017.767,90.300,WAIT,DONE_HOLD,2,1,-6.165,18.038,-0.471,0.046,0.033,0.032,0.9859
1786527017.867,90.400,WAIT,DONE_HOLD,2,1,-6.163,18.039,-0.468,0.039,0.068,0.022,0.9853
1786527017.967,90.500,WAIT,DONE_HOLD,2,1,-6.162,18.040,-0.466,0.061,0.058,0.029,0.9859
1786527018.067,90.600,WAIT,DONE_HOLD,2,1,-6.164,18.042,-0.465,0.016,0.061,0.019,0.9858
1786527018.167,90.700,WAIT,DONE_HOLD,2,1,-6.168,18.044,-0.464,0.028,0.062,0.026,0.9866
1786527018.267,90.800,WAIT,DONE_HOLD,2,1,-6.170,18.047,-0.463,0.001,0.069,0.010,0.9867
1786527018.367,90.900,WAIT,DONE_HOLD,2,1,-6.169,18.050,-0.463,0.044,0.066,0.012,0.9874
1786527018.467,91.000,WAIT,DONE_HOLD,2,1,-6.167,18.052,-0.463,0.083,0.062,0.014,0.9881
1786527018.567,91.100,WAIT,DONE_HOLD,2,1,-6.164,18.054,-0.464,0.058,0.024,0.007,0.9901
1786527018.667,91.200,WAIT,DONE_HOLD,2,1,-6.160,18.054,-0.464,0.089,0.048,0.020,0.9926
1786527018.767,91.300,WAIT,DONE_HOLD,2,1,-6.155,18.055,-0.465,0.100,0.035,0.006,0.9943
1786527018.867,91.400,WAIT,DONE_HOLD,2,1,-6.152,18.054,-0.466,0.049,0.047,0.004,0.9927
1786527018.967,91.500,WAIT,DONE_HOLD,2,1,-6.150,18.056,-0.468,0.052,0.043,0.004,0.9891
1786527019.067,91.600,WAIT,DONE_HOLD,2,1,-6.148,18.058,-0.470,0.030,0.037,-0.017,0.9888
1786527019.167,91.700,WAIT,DONE_HOLD,2,1,-6.146,18.058,-0.472,0.040,0.025,-0.006,0.9872
1786527019.267,91.800,WAIT,DONE_HOLD,2,1,-6.143,18.060,-0.473,0.050,0.018,0.004,0.9863
1786527019.367,91.900,WAIT,DONE_HOLD,2,1,-6.141,18.062,-0.474,0.038,0.044,0.005,0.9858
1786527019.467,92.000,WAIT,DONE_HOLD,2,1,-6.139,18.063,-0.473,0.049,0.021,0.023,0.9851
1786527019.567,92.100,WAIT,DONE_HOLD,2,1,-6.139,18.064,-0.473,0.037,0.036,0.011,0.9878
1786527019.667,92.200,WAIT,DONE_HOLD,2,1,-6.138,18.065,-0.473,0.026,0.002,0.003,0.9916
1786527019.767,92.300,WAIT,DONE_HOLD,2,1,-6.138,18.063,-0.473,0.060,0.029,0.008,0.9909
1786527019.867,92.400,WAIT,DONE_HOLD,2,1,-6.142,18.063,-0.475,-0.001,0.050,-0.003,0.9915
1786527019.967,92.500,WAIT,DONE_HOLD,2,1,-6.146,18.065,-0.475,0.009,0.043,-0.004,0.9890
1786527020.067,92.600,WAIT,DONE_HOLD,2,1,-6.149,18.067,-0.474,0.051,0.044,0.020,0.9879
1786527020.167,92.700,WAIT,DONE_HOLD,2,1,-6.152,18.068,-0.473,0.010,0.031,0.012,0.9879
1786527020.267,92.800,WAIT,DONE_HOLD,2,1,-6.157,18.070,-0.472,0.009,0.062,0.013,0.9876
1786527020.367,92.900,WAIT,DONE_HOLD,2,1,-6.160,18.072,-0.470,0.040,0.041,0.016,0.9858
1786527020.467,93.000,WAIT,DONE_HOLD,2,1,-6.160,18.071,-0.468,0.044,-0.006,0.018,0.9857
1786527020.567,93.100,WAIT,DONE_HOLD,2,1,-6.158,18.068,-0.467,0.011,0.001,0.000,0.9839
1786527020.667,93.200,WAIT,DONE_HOLD,2,1,-6.158,18.066,-0.466,0.041,0.013,0.011,0.9799
1786527020.767,93.300,WAIT,DONE_HOLD,2,1,-6.155,18.063,-0.466,0.071,0.030,0.008,0.9800
1786527020.867,93.400,WAIT,DONE_HOLD,2,1,-6.152,18.060,-0.467,0.054,0.021,-0.005,0.9778
1786527020.967,93.500,WAIT,DONE_HOLD,2,1,-6.148,18.059,-0.468,0.048,0.038,-0.006,0.9805
1786527021.067,93.600,WAIT,DONE_HOLD,2,1,-6.145,18.059,-0.470,0.045,0.039,0.001,0.9797
1786527021.167,93.700,WAIT,DONE_HOLD,2,1,-6.143,18.059,-0.470,0.030,0.010,0.018,0.9789
1786527021.267,93.800,WAIT,DONE_HOLD,2,1,-6.143,18.058,-0.468,0.026,0.040,0.037,0.9788
1786527021.367,93.900,WAIT,DONE_HOLD,2,1,-6.143,18.057,-0.465,0.040,0.013,0.049,0.9788
1786527021.467,94.000,WAIT,DONE_HOLD,2,1,-6.145,18.056,-0.462,0.007,-0.003,0.036,0.9792
1786527021.567,94.100,WAIT,DONE_HOLD,2,1,-6.148,18.056,-0.460,0.017,0.015,0.025,0.9791
1786527021.667,94.200,WAIT,DONE_HOLD,2,1,-6.151,18.055,-0.458,0.001,0.027,0.028,0.9784
1786527021.767,94.300,WAIT,DONE_HOLD,2,1,-6.155,18.054,-0.456,0.010,0.028,0.032,0.9767
1786527021.867,94.400,WAIT,DONE_HOLD,2,1,-6.158,18.052,-0.454,-0.014,0.020,0.022,0.9742
1786527021.967,94.500,WAIT,DONE_HOLD,2,1,-6.160,18.050,-0.452,0.031,0.050,0.033,0.9716
1786527022.067,94.600,WAIT,DONE_HOLD,2,1,-6.159,18.047,-0.450,0.025,0.013,0.026,0.9721
1786527022.167,94.700,WAIT,DONE_HOLD,2,1,-6.156,18.044,-0.449,0.063,-0.006,0.030,0.9743
1786527022.267,94.800,WAIT,DONE_HOLD,2,1,-6.150,18.041,-0.447,0.078,0.013,0.021,0.9755
1786527022.367,94.900,WAIT,DONE_HOLD,2,1,-6.140,18.036,-0.447,0.069,0.013,0.011,0.9779
1786527022.467,95.000,WAIT,DONE_HOLD,2,1,-6.129,18.031,-0.446,0.094,-0.004,0.013,0.9811
1786527022.567,95.100,WAIT,DONE_HOLD,2,1,-6.119,18.024,-0.447,0.086,-0.003,-0.004,0.9826
1786527022.667,95.200,WAIT,DONE_HOLD,2,1,-6.108,18.017,-0.448,0.123,0.024,0.005,0.9849
1786527022.767,95.300,WAIT,DONE_HOLD,2,1,-6.098,18.010,-0.448,0.071,-0.019,0.003,0.9855
1786527022.867,95.400,WAIT,DONE_HOLD,2,1,-6.091,18.005,-0.448,0.089,0.027,0.007,0.9889
1786527022.967,95.500,WAIT,DONE_HOLD,2,1,-6.085,18.003,-0.448,0.083,0.052,0.003,0.9938
1786527023.067,95.600,WAIT,DONE_HOLD,2,1,-6.082,18.001,-0.448,0.030,0.060,-0.005,0.9982
1786527023.167,95.700,WAIT,DONE_HOLD,2,1,-6.079,18.000,-0.449,0.066,0.074,0.002,0.9978
1786527023.267,95.800,WAIT,DONE_HOLD,2,1,-6.075,18.000,-0.450,0.078,0.086,0.000,0.9971
1786527023.367,95.900,WAIT,DONE_HOLD,2,1,-6.070,18.002,-0.452,0.059,0.098,-0.005,0.9980
1786527023.467,96.000,WAIT,DONE_HOLD,2,1,-6.067,18.004,-0.454,0.023,0.082,-0.002,0.9977
1786527023.567,96.100,WAIT,DONE_HOLD,2,1,-6.062,18.004,-0.457,0.053,0.100,-0.005,0.9946
1786527023.667,96.200,WAIT,DONE_HOLD,2,1,-6.059,18.005,-0.460,0.036,0.094,-0.003,0.9882
1786527023.767,96.300,WAIT,DONE_HOLD,2,1,-6.054,18.007,-0.463,0.070,0.105,-0.005,0.9826
1786527023.867,96.400,WAIT,DONE_HOLD,2,1,-6.049,18.008,-0.464,0.038,0.086,0.008,0.9827
1786527023.967,96.500,WAIT,DONE_HOLD,2,1,-6.045,18.008,-0.466,0.032,0.071,-0.012,0.9826
1786527024.067,96.600,WAIT,DONE_HOLD,2,1,-6.042,18.008,-0.468,0.031,0.076,-0.005,0.9815
1786527024.167,96.700,WAIT,DONE_HOLD,2,1,-6.039,18.008,-0.469,-0.001,0.082,-0.010,0.9816
1786527024.267,96.800,WAIT,DONE_HOLD,2,1,-6.034,18.009,-0.469,0.036,0.095,-0.007,0.9788
1786527024.367,96.900,WAIT,DONE_HOLD,2,1,-6.031,18.009,-0.469,0.038,0.093,0.007,0.9767
1786527024.467,97.000,WAIT,DONE_HOLD,2,1,-6.026,18.008,-0.468,0.008,0.067,0.002,0.9771
1786527024.567,97.100,WAIT,DONE_HOLD,2,1,-6.021,18.005,-0.468,0.016,0.045,-0.008,0.9763
1786527024.667,97.200,WAIT,DONE_HOLD,2,1,-6.015,18.001,-0.470,0.031,0.036,-0.015,0.9790
1786527024.767,97.300,WAIT,DONE_HOLD,2,1,-6.011,17.997,-0.473,0.015,0.050,-0.032,0.9795
1786527024.867,97.400,WAIT,DONE_HOLD,2,1,-6.009,17.996,-0.478,0.018,0.068,-0.030,0.9862
1786527024.967,97.500,WAIT,DONE_HOLD,2,1,-6.007,17.997,-0.480,0.006,0.058,-0.013,0.9870
1786527025.067,97.600,WAIT,DONE_HOLD,2,1,-6.005,17.998,-0.482,-0.017,0.081,-0.020,0.9893
1786527025.167,97.700,WAIT,DONE_HOLD,2,1,-6.003,18.000,-0.484,0.023,0.090,-0.016,1.0015
1786527025.267,97.800,WAIT,DONE_HOLD,2,1,-6.000,18.002,-0.485,0.016,0.058,-0.008,1.0083
1786527025.367,97.900,WAIT,DONE_HOLD,2,1,-5.995,18.004,-0.486,0.044,0.089,0.013,1.0054
1786527025.467,98.000,WAIT,DONE_HOLD,2,1,-5.992,18.006,-0.485,0.063,0.082,0.013,1.0011
1786527025.567,98.100,WAIT,DONE_HOLD,2,1,-5.988,18.010,-0.485,0.012,0.073,0.005,0.9964
1786527025.667,98.200,WAIT,DONE_HOLD,2,1,-5.982,18.016,-0.485,0.011,0.132,0.028,0.9909
1786527025.767,98.300,WAIT,DONE_HOLD,2,1,-5.978,18.024,-0.484,0.026,0.111,0.019,0.9871
1786527025.867,98.400,WAIT,DONE_HOLD,2,1,-5.972,18.032,-0.484,0.021,0.142,0.036,0.9835
1786527025.967,98.500,WAIT,DONE_HOLD,2,1,-5.966,18.043,-0.482,0.055,0.173,0.040,0.9820
1786527026.067,98.600,WAIT,DONE_HOLD,2,1,-5.961,18.051,-0.480,0.077,0.180,0.041,0.9824
1786527026.167,98.700,WAIT,DONE_HOLD,2,1,-5.955,18.060,-0.479,0.028,0.146,0.035,0.9825
1786527026.267,98.800,WAIT,DONE_HOLD,2,1,-5.950,18.066,-0.477,0.041,0.154,0.036,0.9829
1786527026.367,98.900,WAIT,DONE_HOLD,2,1,-5.946,18.073,-0.475,0.041,0.162,0.030,0.9846
1786527026.467,99.000,WAIT,DONE_HOLD,2,1,-5.941,18.079,-0.474,0.051,0.159,0.025,0.9851
1786527026.567,99.100,WAIT,DONE_HOLD,2,1,-5.937,18.083,-0.472,0.014,0.107,0.010,0.9819
1786527026.667,99.200,WAIT,DONE_HOLD,2,1,-5.932,18.088,-0.471,0.016,0.134,-0.011,0.9784
1786527026.767,99.300,WAIT,DONE_HOLD,2,1,-5.929,18.092,-0.472,-0.005,0.103,-0.012,0.9781
1786527026.867,99.400,WAIT,DONE_HOLD,2,1,-5.928,18.097,-0.472,-0.045,0.078,0.002,0.9766
1786527026.967,99.500,WAIT,DONE_HOLD,2,1,-5.928,18.104,-0.472,-0.014,0.144,0.001,0.9739
1786527027.067,99.600,WAIT,DONE_HOLD,2,1,-5.926,18.111,-0.474,-0.051,0.092,-0.015,0.9743
1786527027.167,99.700,WAIT,DONE_HOLD,2,1,-5.922,18.114,-0.476,-0.023,0.087,-0.011,0.9774
1786527027.267,99.800,WAIT,DONE_HOLD,2,1,-5.921,18.119,-0.479,-0.054,0.094,-0.022,0.9804
1786527027.367,99.900,WAIT,DONE_HOLD,2,1,-5.919,18.123,-0.482,-0.030,0.082,-0.030,0.9780
1786527027.467,100.000,WAIT,DONE_HOLD,2,1,-5.918,18.125,-0.485,-0.040,0.080,-0.020,0.9770
1786527027.567,100.100,WAIT,DONE_HOLD,2,1,-5.921,18.128,-0.487,-0.042,0.066,-0.010,0.9785
1786527027.667,100.200,WAIT,DONE_HOLD,2,1,-5.924,18.132,-0.488,-0.087,0.051,-0.004,0.9803
1786527027.767,100.300,WAIT,DONE_HOLD,2,1,-5.926,18.136,-0.489,-0.077,0.033,0.001,0.9805
1786527027.867,100.400,WAIT,DONE_HOLD,2,1,-5.930,18.138,-0.489,-0.086,0.024,0.002,0.9803
1786527027.967,100.500,WAIT,DONE_HOLD,2,1,-5.934,18.141,-0.489,-0.068,0.024,0.001,0.9802
1786527028.067,100.600,WAIT,DONE_HOLD,2,1,-5.939,18.146,-0.488,-0.098,0.037,0.025,0.9830
1786527028.167,100.700,WAIT,DONE_HOLD,2,1,-5.942,18.153,-0.487,-0.078,0.061,0.011,0.9908
1786527028.267,100.800,WAIT,DONE_HOLD,2,1,-5.944,18.162,-0.486,-0.089,0.030,-0.004,0.9959
1786527028.367,100.900,WAIT,DONE_HOLD,2,1,-5.948,18.172,-0.485,-0.096,0.039,0.001,1.0001
1786527028.467,101.000,WAIT,DONE_HOLD,2,1,-5.950,18.181,-0.484,-0.074,0.057,0.018,0.9948
1786527028.567,101.100,WAIT,DONE_HOLD,2,1,-5.954,18.187,-0.483,-0.100,0.052,0.012,0.9900
1786527028.667,101.200,WAIT,DONE_HOLD,2,1,-5.960,18.193,-0.484,-0.125,0.030,0.013,0.9870
1786527028.767,101.300,WAIT,DONE_HOLD,2,1,-5.966,18.199,-0.485,-0.141,0.029,0.018,0.9806
1786527028.867,101.400,WAIT,DONE_HOLD,2,1,-5.971,18.203,-0.486,-0.086,0.097,0.017,0.9738
1786527028.967,101.500,WAIT,DONE_HOLD,2,1,-5.980,18.206,-0.488,-0.128,0.025,0.011,0.9729
1786527029.067,101.600,WAIT,DONE_HOLD,2,1,-5.988,18.208,-0.492,-0.135,0.028,0.003,0.9772
1786527029.167,101.700,WAIT,DONE_HOLD,2,1,-5.995,18.207,-0.495,-0.142,-0.018,-0.039,0.9758
1786527029.267,101.800,WAIT,DONE_HOLD,2,1,-6.002,18.204,-0.508,-0.118,-0.032,-0.148,0.9657
1786527029.367,101.900,WAIT,DONE_HOLD,2,1,-6.009,18.199,-0.538,-0.100,-0.036,-0.336,0.9611
1786527029.467,102.000,WAIT,DONE_HOLD,2,1,-6.012,18.193,-0.579,-0.111,-0.069,-0.416,0.9615
1786527029.567,102.100,WAIT,DONE_HOLD,2,1,-6.015,18.188,-0.616,-0.121,-0.054,-0.407,0.9610
1786527029.667,102.200,WAIT,DONE_HOLD,2,1,-6.021,18.180,-0.664,-0.115,-0.055,-0.361,0.9600
1786527029.767,102.300,WAIT,DONE_HOLD,2,1,-6.026,18.170,-0.702,-0.106,-0.085,-0.354,0.9628
1786527029.867,102.400,WAIT,DONE_HOLD,2,1,-6.032,18.158,-0.739,-0.110,-0.118,-0.343,0.9694
1786527029.967,102.500,WAIT,DONE_HOLD,2,1,-6.038,18.148,-0.774,-0.058,-0.084,-0.324,0.9771
1786527030.067,102.600,WAIT,DONE_HOLD,2,1,-6.042,18.139,-0.809,-0.069,-0.084,-0.325,0.9815
1786527030.167,102.700,WAIT,DONE_HOLD,2,1,-6.047,18.131,-0.848,-0.069,-0.053,-0.331,0.9817
1786527030.267,102.800,WAIT,DONE_HOLD,2,1,-6.051,18.125,-0.879,-0.080,-0.076,-0.347,0.9839
1786527030.367,102.900,WAIT,DONE_HOLD,2,1,-6.055,18.117,-0.918,-0.070,-0.069,-0.368,0.9886
1786527030.467,103.000,WAIT,DONE_HOLD,2,1,-6.059,18.108,-0.957,-0.085,-0.083,-0.437,0.9879
1786527030.567,103.100,WAIT,DONE_HOLD,2,1,-6.065,18.098,-1.010,-0.089,-0.071,-0.552,0.9873
1786527030.667,103.200,WAIT,DONE_HOLD,2,1,-6.073,18.091,-1.073,-0.088,-0.062,-0.620,0.9864
1786527030.767,103.300,WAIT,DONE_HOLD,2,1,-6.080,18.084,-1.136,-0.107,-0.071,-0.614,0.9837
1786527030.867,103.400,WAIT,DONE_HOLD,2,1,-6.087,18.077,-1.196,-0.097,-0.042,-0.584,0.9815
1786527030.967,103.500,WAIT,DONE_HOLD,2,1,-6.095,18.072,-1.256,-0.073,-0.011,-0.567,0.9833
1786527031.067,103.600,WAIT,DONE_HOLD,2,1,-6.103,18.066,-1.317,-0.085,-0.024,-0.571,0.9856
1786527031.167,103.700,WAIT,DONE_HOLD,2,1,-6.112,18.060,-1.376,-0.056,0.001,-0.562,0.9878
1786527031.267,103.800,WAIT,DONE_HOLD,2,1,-6.119,18.057,-1.435,-0.012,-0.001,-0.558,0.9925
1786527031.367,103.900,WAIT,DONE_HOLD,2,1,-6.123,18.055,-1.499,-0.031,0.007,-0.573,0.9934
1786527031.467,104.000,WAIT,DONE_HOLD,2,1,-6.123,18.056,-1.555,0.002,0.023,-0.572,0.9922
1786527031.567,104.100,WAIT,DONE_HOLD,2,1,-6.124,18.057,-1.617,0.058,0.081,-0.571,0.9896
1786527031.667,104.200,WAIT,DONE_HOLD,2,1,-6.123,18.056,-1.678,0.041,0.045,-0.572,0.9877
1786527031.767,104.300,WAIT,DONE_HOLD,2,1,-6.120,18.054,-1.736,0.033,0.046,-0.581,0.9866
1786527031.867,104.400,WAIT,DONE_HOLD,2,1,-6.117,18.049,-1.796,-0.004,0.047,-0.579,0.9897
1786527031.967,104.500,WAIT,DONE_HOLD,2,1,-6.114,18.049,-1.857,0.064,0.080,-0.571,0.9943
1786527032.067,104.600,WAIT,DONE_HOLD,2,1,-6.109,18.050,-1.912,0.026,0.039,-0.582,0.9984
1786527032.167,104.700,WAIT,DONE_HOLD,2,1,-6.099,18.050,-1.970,0.057,0.077,-0.581,1.0009
1786527032.267,104.800,WAIT,DONE_HOLD,2,1,-6.085,18.053,-2.028,0.106,0.105,-0.571,1.0039
1786527032.367,104.900,WAIT,DONE_HOLD,2,1,-6.072,18.060,-2.086,0.065,0.088,-0.588,1.0051
1786527032.467,105.000,WAIT,DONE_HOLD,2,1,-6.056,18.067,-2.151,0.090,0.126,-0.599,0.9977
1786527032.567,105.100,WAIT,DONE_HOLD,2,1,-6.041,18.072,-2.207,0.063,0.125,-0.602,0.9870
1786527032.667,105.200,WAIT,DONE_HOLD,2,1,-6.023,18.077,-2.272,0.038,0.095,-0.614,0.9772
1786527032.767,105.300,WAIT,DONE_HOLD,2,1,-6.006,18.085,-2.336,0.034,0.093,-0.607,0.9704
1786527032.867,105.400,WAIT,DONE_HOLD,2,1,-5.990,18.091,-2.396,0.070,0.100,-0.606,0.9652
1786527032.967,105.500,WAIT,DONE_HOLD,2,1,-5.978,18.097,-2.454,0.008,0.075,-0.625,0.9648
1786527033.067,105.600,WAIT,DONE_HOLD,2,1,-5.961,18.100,-2.517,0.041,0.074,-0.613,0.9660
1786527033.167,105.700,WAIT,DONE_HOLD,2,1,-5.946,18.100,-2.581,0.024,0.030,-0.600,0.9674
1786527033.267,105.800,WAIT,DONE_HOLD,2,1,-5.936,18.100,-2.643,0.015,0.009,-0.593,0.9715
1786527033.367,105.900,WAIT,DONE_HOLD,2,1,-5.930,18.098,-2.702,-0.018,0.027,-0.599,0.9748
1786527033.467,106.000,WAIT,DONE_HOLD,2,1,-5.924,18.096,-2.764,-0.020,0.006,-0.596,0.9778
1786527033.567,106.100,WAIT,DONE_HOLD,2,1,-5.922,18.093,-2.821,-0.003,0.047,-0.593,0.9804
1786527033.667,106.200,WAIT,DONE_HOLD,2,1,-5.918,18.087,-2.886,-0.044,-0.012,-0.602,0.9817
1786527033.767,106.300,WAIT,DONE_HOLD,2,1,-5.916,18.083,-2.950,-0.082,-0.033,-0.601,0.9828
1786527033.867,106.400,WAIT,DONE_HOLD,2,1,-5.917,18.074,-3.013,-0.033,0.033,-0.593,0.9835
1786527033.966,106.500,WAIT,DONE_HOLD,2,1,-5.918,18.068,-3.068,-0.084,-0.004,-0.601,0.9825
1786527034.067,106.600,WAIT,DONE_HOLD,2,1,-5.919,18.058,-3.136,-0.070,-0.005,-0.597,0.9806
1786527034.167,106.700,WAIT,DONE_HOLD,2,1,-5.921,18.051,-3.200,-0.050,0.009,-0.605,0.9811
1786527034.267,106.800,WAIT,DONE_HOLD,2,1,-5.924,18.044,-3.255,-0.087,-0.018,-0.609,0.9831
1786527034.367,106.900,WAIT,DONE_HOLD,2,1,-5.925,18.035,-3.324,-0.064,0.003,-0.619,0.9875
1786527034.467,107.000,WAIT,DONE_HOLD,2,1,-5.924,18.027,-3.385,-0.040,-0.004,-0.575,0.9916
1786527034.567,107.100,WAIT,DONE_HOLD,2,1,-5.922,18.020,-3.443,-0.048,0.001,-0.443,0.9934
1786527034.667,107.200,WAIT,DONE_HOLD,2,1,-5.922,18.016,-3.477,-0.062,0.012,-0.213,0.9938
1786527034.767,107.300,WAIT,DONE_HOLD,2,1,-5.924,18.011,-3.489,-0.055,0.024,-0.014,0.9942
1786527034.867,107.400,WAIT,DONE_HOLD,2,1,-5.926,18.009,-3.488,-0.040,0.034,0.069,0.9913
1786527034.967,107.500,WAIT,DONE_HOLD,2,1,-5.929,18.011,-3.484,-0.078,0.032,0.045,0.9870
1786527035.067,107.600,WAIT,DONE_HOLD,2,1,-5.932,18.013,-3.484,-0.047,0.059,0.015,0.9843
1786527035.167,107.700,WAIT,DONE_HOLD,2,1,-5.937,18.018,-3.486,-0.109,0.009,-0.009,0.9826
1786527035.267,107.800,WAIT,DONE_HOLD,2,1,-5.939,18.023,-3.488,-0.069,0.020,-0.009,0.9832
1786527035.367,107.900,WAIT,DONE_HOLD,2,1,-5.943,18.029,-3.490,-0.074,0.039,-0.011,0.9846
1786527035.467,108.000,WAIT,DONE_HOLD,2,1,-5.946,18.039,-3.492,-0.040,0.037,0.004,0.9861
1786527035.567,108.100,WAIT,DONE_HOLD,2,1,-5.946,18.047,-3.493,-0.062,0.031,0.013,0.9877
1786527035.667,108.200,WAIT,DONE_HOLD,2,1,-5.951,18.054,-3.493,-0.075,0.036,-0.002,0.9918
1786527035.767,108.300,WAIT,DONE_HOLD,2,1,-5.954,18.062,-3.493,-0.078,0.043,-0.006,0.9966
1786527035.867,108.400,WAIT,DONE_HOLD,2,1,-5.957,18.069,-3.495,-0.052,0.012,-0.016,0.9975
1786527035.967,108.500,WAIT,DONE_HOLD,2,1,-5.961,18.076,-3.496,-0.087,0.025,-0.028,0.9968
1786527036.067,108.600,WAIT,DONE_HOLD,2,1,-5.966,18.088,-3.500,-0.088,-0.006,-0.040,0.9957
1786527036.167,108.700,WAIT,DONE_HOLD,2,1,-5.972,18.096,-3.504,-0.090,0.028,-0.030,0.9914
1786527036.267,108.800,WAIT,DONE_HOLD,2,1,-5.978,18.103,-3.506,-0.114,-0.004,-0.029,0.9848
1786527036.367,108.900,WAIT,DONE_HOLD,2,1,-5.985,18.109,-3.507,-0.126,-0.033,-0.003,0.9810
1786527036.467,109.000,WAIT,DONE_HOLD,2,1,-5.992,18.115,-3.506,-0.096,0.001,0.024,0.9793
1786527036.567,109.100,WAIT,DONE_HOLD,2,1,-5.999,18.122,-3.503,-0.067,0.012,0.026,0.9787
1786527036.667,109.200,WAIT,DONE_HOLD,2,1,-6.005,18.129,-3.499,-0.077,-0.019,0.048,0.9812
1786527036.767,109.300,WAIT,DONE_HOLD,2,1,-6.012,18.135,-3.495,-0.050,-0.037,0.046,0.9849
1786527036.867,109.400,WAIT,DONE_HOLD,2,1,-6.019,18.140,-3.490,-0.046,-0.004,0.046,0.9845
1786527036.967,109.500,WAIT,DONE_HOLD,2,1,-6.028,18.145,-3.486,-0.091,-0.018,0.035,0.9833
1786527037.067,109.600,WAIT,DONE_HOLD,2,1,-6.034,18.148,-3.483,-0.093,-0.048,0.028,0.9836
1786527037.167,109.700,WAIT,DONE_HOLD,2,1,-6.043,18.150,-3.479,-0.091,-0.028,0.031,0.9830
1786527037.267,109.800,WAIT,DONE_HOLD,2,1,-6.053,18.155,-3.477,-0.080,-0.007,0.021,0.9832
1786527037.367,109.900,WAIT,DONE_HOLD,2,1,-6.063,18.158,-3.476,-0.077,-0.024,0.009,0.9830
1786527037.467,110.000,WAIT,DONE_HOLD,2,1,-6.074,18.159,-3.475,-0.050,-0.031,0.010,0.9820
1786527037.567,110.100,WAIT,DONE_HOLD,2,1,-6.083,18.159,-3.475,-0.058,-0.030,0.014,0.9796
1786527037.667,110.200,WAIT,DONE_HOLD,2,1,-6.090,18.160,-3.475,-0.080,-0.088,0.003,0.9768
1786527037.767,110.300,WAIT,DONE_HOLD,2,1,-6.095,18.161,-3.474,-0.060,-0.049,0.018,0.9731
1786527037.867,110.400,WAIT,DONE_HOLD,2,1,-6.102,18.160,-3.473,-0.041,-0.067,0.016,0.9683
1786527037.967,110.500,WAIT,DONE_HOLD,2,1,-6.106,18.161,-3.472,-0.050,-0.083,0.014,0.9657
1786527038.067,110.600,WAIT,DONE_HOLD,2,1,-6.110,18.163,-3.472,-0.013,-0.041,0.004,0.9655
1786527038.167,110.700,WAIT,DONE_HOLD,2,1,-6.113,18.163,-3.472,-0.012,-0.074,0.002,0.9695
1786527038.267,110.800,WAIT,DONE_HOLD,2,1,-6.115,18.163,-3.473,0.004,-0.059,-0.006,0.9734
1786527038.367,110.900,WAIT,DONE_HOLD,2,1,-6.115,18.160,-3.474,-0.021,-0.095,-0.000,0.9781
1786527038.467,111.000,WAIT,DONE_HOLD,2,1,-6.113,18.157,-3.474,0.024,-0.028,0.001,0.9828
1786527038.567,111.100,WAIT,DONE_HOLD,2,1,-6.107,18.152,-3.474,0.025,-0.071,0.007,0.9877
1786527038.667,111.200,WAIT,DONE_HOLD,2,1,-6.095,18.147,-3.475,0.052,-0.056,0.011,0.9924
1786527038.767,111.300,WAIT,DONE_HOLD,2,1,-6.083,18.141,-3.476,0.062,-0.055,-0.004,0.9948
1786527038.867,111.400,WAIT,DONE_HOLD,2,1,-6.068,18.134,-3.477,0.080,-0.037,0.008,0.9956
1786527038.967,111.500,WAIT,DONE_HOLD,2,1,-6.054,18.126,-3.477,0.048,-0.069,0.015,0.9952
1786527039.067,111.600,WAIT,DONE_HOLD,2,1,-6.039,18.118,-3.477,0.029,-0.106,0.015,0.9936
1786527039.167,111.700,WAIT,DONE_HOLD,2,1,-6.027,18.112,-3.477,-0.007,-0.075,0.011,0.9915
1786527039.267,111.800,WAIT,DONE_HOLD,2,1,-6.020,18.108,-3.476,0.042,-0.029,0.018,0.9902
1786527039.367,111.900,WAIT,DONE_HOLD,2,1,-6.012,18.103,-3.476,0.048,-0.021,0.022,0.9891
1786527039.467,112.000,WAIT,DONE_HOLD,2,1,-6.002,18.097,-3.476,0.002,-0.036,0.007,0.9879
1786527039.567,112.100,WAIT,DONE_HOLD,2,1,-5.993,18.094,-3.476,0.027,-0.029,0.011,0.9861
1786527039.667,112.200,WAIT,DONE_HOLD,2,1,-5.985,18.090,-3.476,-0.020,-0.038,0.019,0.9848
1786527039.767,112.300,WAIT,DONE_HOLD,2,1,-5.977,18.089,-3.476,-0.012,-0.036,0.002,0.9829
1786527039.867,112.400,WAIT,DONE_HOLD,2,1,-5.965,18.086,-3.477,0.033,-0.072,0.003,0.9833
1786527039.967,112.500,WAIT,DONE_HOLD,2,1,-5.956,18.083,-3.477,0.023,-0.027,0.017,0.9860
1786527040.067,112.600,WAIT,DONE_HOLD,2,1,-5.949,18.080,-3.477,0.023,-0.060,0.020,0.9905
1786527040.167,112.700,WAIT,DONE_HOLD,2,1,-5.941,18.080,-3.476,0.011,-0.053,0.018,0.9951
1786527040.267,112.800,WAIT,DONE_HOLD,2,1,-5.934,18.079,-3.476,0.001,-0.042,0.013,0.9990
1786527040.367,112.900,WAIT,DONE_HOLD,2,1,-5.928,18.079,-3.476,0.019,-0.072,0.008,1.0029
1786527040.467,113.000,WAIT,DONE_HOLD,2,1,-5.925,18.078,-3.476,-0.018,-0.012,0.009,1.0044
1786527040.567,113.100,WAIT,DONE_HOLD,2,1,-5.922,18.079,-3.477,-0.002,-0.003,0.008,1.0052
1786527040.667,113.200,WAIT,DONE_HOLD,2,1,-5.922,18.081,-3.478,-0.054,-0.023,-0.003,1.0049
1786527040.767,113.300,WAIT,DONE_HOLD,2,1,-5.925,18.086,-3.479,-0.031,0.000,0.007,1.0018
1786527040.867,113.400,WAIT,DONE_HOLD,2,1,-5.929,18.090,-3.479,-0.081,-0.037,-0.005,0.9986
1786527040.967,113.500,WAIT,DONE_HOLD,2,1,-5.935,18.094,-3.480,-0.047,0.039,0.008,0.9954
1786527041.067,113.600,WAIT,DONE_HOLD,2,1,-5.939,18.100,-3.480,-0.081,-0.014,0.021,0.9930
1786527041.167,113.700,WAIT,DONE_HOLD,2,1,-5.949,18.109,-3.478,-0.093,0.013,0.040,0.9936
1786527041.266,113.800,WAIT,DONE_HOLD,2,1,-5.956,18.116,-3.476,-0.077,-0.014,0.022,0.9956
1786527041.367,113.900,WAIT,DONE_HOLD,2,1,-5.964,18.121,-3.475,-0.062,0.005,0.019,0.9977
1786527041.467,114.000,WAIT,DONE_HOLD,2,1,-5.971,18.126,-3.475,-0.073,-0.017,0.012,0.9982
1786527041.567,114.100,WAIT,DONE_HOLD,2,1,-5.981,18.130,-3.474,-0.058,0.027,0.027,0.9992
1786527041.667,114.200,WAIT,DONE_HOLD,2,1,-5.989,18.135,-3.474,-0.015,0.024,0.026,1.0003
1786527041.767,114.300,WAIT,DONE_HOLD,2,1,-5.995,18.142,-3.473,-0.025,-0.016,0.025,1.0032
1786527041.867,114.400,WAIT,DONE_HOLD,2,1,-6.003,18.149,-3.472,-0.083,-0.029,0.023,1.0048
1786527041.967,114.500,WAIT,DONE_HOLD,2,1,-6.009,18.155,-3.471,-0.045,-0.002,0.020,1.0040
1786527042.067,114.600,WAIT,DONE_HOLD,2,1,-6.019,18.163,-3.470,-0.081,-0.003,0.021,1.0016
1786527042.167,114.700,WAIT,DONE_HOLD,2,1,-6.026,18.168,-3.470,-0.091,-0.032,0.019,1.0004
1786527042.267,114.800,WAIT,DONE_HOLD,2,1,-6.034,18.172,-3.468,-0.031,-0.038,0.027,0.9997
1786527042.367,114.900,WAIT,DONE_HOLD,2,1,-6.038,18.178,-3.466,-0.024,-0.049,0.039,0.9997
1786527042.467,115.000,WAIT,DONE_HOLD,2,1,-6.041,18.184,-3.463,-0.030,-0.010,0.041,1.0014
1786527042.567,115.100,WAIT,DONE_HOLD,2,1,-6.040,18.190,-3.461,-0.004,-0.024,0.032,1.0029
1786527042.667,115.200,WAIT,DONE_HOLD,2,1,-6.042,18.196,-3.460,-0.037,-0.038,0.018,1.0036
1786527042.766,115.300,WAIT,DONE_HOLD,2,1,-6.044,18.201,-3.460,-0.009,-0.057,0.007,1.0033
1786527042.867,115.400,WAIT,DONE_HOLD,2,1,-6.047,18.205,-3.461,-0.038,-0.074,0.002,1.0032
1786527042.967,115.500,WAIT,DONE_HOLD,2,1,-6.052,18.208,-3.461,-0.011,-0.084,0.001,1.0015
1786527043.066,115.600,WAIT,DONE_HOLD,2,1,-6.058,18.210,-3.462,-0.015,-0.068,0.001,0.9980
1786527043.167,115.700,WAIT,DONE_HOLD,2,1,-6.065,18.211,-3.463,-0.025,-0.066,0.011,0.9927
1786527043.267,115.800,WAIT,DONE_HOLD,2,1,-6.068,18.211,-3.463,-0.007,-0.067,0.003,0.9886
1786527043.367,115.900,WAIT,DONE_HOLD,2,1,-6.073,18.210,-3.463,-0.004,-0.057,0.021,0.9835
1786527043.467,116.000,WAIT,DONE_HOLD,2,1,-6.077,18.209,-3.463,-0.016,-0.058,0.014,0.9795
1786527043.567,116.100,WAIT,DONE_HOLD,2,1,-6.081,18.207,-3.463,0.012,-0.082,0.009,0.9756
1786527043.667,116.200,WAIT,DONE_HOLD,2,1,-6.085,18.205,-3.463,0.001,-0.069,0.006,0.9738
1786527043.767,116.300,WAIT,DONE_HOLD,2,1,-6.087,18.204,-3.463,0.021,-0.071,0.013,0.9723
1786527043.867,116.400,WAIT,DONE_HOLD,2,1,-6.087,18.202,-3.463,0.023,-0.061,0.014,0.9711
1786527043.967,116.500,WAIT,DONE_HOLD,2,1,-6.087,18.200,-3.463,-0.010,-0.083,0.010,0.9704
1786527044.067,116.600,WAIT,DONE_HOLD,2,1,-6.089,18.198,-3.462,-0.008,-0.072,0.021,0.9688
1786527044.167,116.700,WAIT,DONE_HOLD,2,1,-6.089,18.196,-3.460,-0.028,-0.079,0.021,0.9682
1786527044.267,116.800,WAIT,DONE_HOLD,2,1,-6.088,18.195,-3.458,0.019,-0.067,0.049,0.9683
1786527044.367,116.900,WAIT,DONE_HOLD,2,1,-6.086,18.196,-3.452,0.013,-0.067,0.107,0.9689
1786527044.467,117.000,WAIT,DONE_HOLD,2,1,-6.083,18.196,-3.434,-0.013,-0.055,0.250,0.9694
1786527044.567,117.100,WAIT,DONE_HOLD,2,1,-6.077,18.195,-3.410,0.004,-0.072,0.314,0.9693
1786527044.667,117.200,WAIT,DONE_HOLD,2,1,-6.071,18.193,-3.379,0.030,-0.052,0.345,0.9697
1786527044.767,117.300,WAIT,DONE_HOLD,2,1,-6.064,18.190,-3.345,-0.029,-0.102,0.303,0.9699
1786527044.867,117.400,WAIT,DONE_HOLD,2,1,-6.058,18.187,-3.316,-0.014,-0.075,0.305,0.9724
1786527044.967,117.500,WAIT,DONE_HOLD,2,1,-6.054,18.185,-3.289,-0.030,-0.105,0.290,0.9747
1786527045.067,117.600,WAIT,DONE_HOLD,2,1,-6.051,18.183,-3.261,-0.061,-0.054,0.311,0.9788
1786527045.167,117.700,WAIT,DONE_HOLD,2,1,-6.048,18.180,-3.228,-0.028,-0.046,0.347,0.9821
1786527045.267,117.800,WAIT,DONE_HOLD,2,1,-6.047,18.176,-3.198,-0.030,-0.068,0.335,0.9843
1786527045.367,117.900,WAIT,DONE_HOLD,2,1,-6.045,18.174,-3.167,-0.028,-0.047,0.329,0.9871
1786527045.467,118.000,WAIT,DONE_HOLD,2,1,-6.041,18.172,-3.137,-0.046,-0.048,0.340,0.9873
1786527045.567,118.100,WAIT,DONE_HOLD,2,1,-6.038,18.172,-3.105,-0.054,-0.036,0.345,0.9841
1786527045.667,118.200,WAIT,DONE_HOLD,2,1,-6.034,18.172,-3.067,-0.074,-0.052,0.342,0.9822
1786527045.767,118.300,WAIT,DONE_HOLD,2,1,-6.032,18.175,-3.038,-0.058,0.005,0.350,0.9839
1786527045.867,118.400,WAIT,DONE_HOLD,2,1,-6.029,18.180,-3.000,-0.040,-0.006,0.370,0.9859
1786527045.967,118.500,WAIT,DONE_HOLD,2,1,-6.029,18.184,-2.964,-0.046,0.015,0.407,0.9856
1786527046.067,118.600,WAIT,DONE_HOLD,2,1,-6.025,18.188,-2.920,-0.059,-0.019,0.434,0.9797
1786527046.167,118.700,WAIT,DONE_HOLD,2,1,-6.021,18.192,-2.880,-0.064,-0.012,0.445,0.9733
1786527046.267,118.800,WAIT,DONE_HOLD,2,1,-6.018,18.193,-2.840,-0.042,-0.022,0.438,0.9695
1786527046.367,118.900,WAIT,DONE_HOLD,2,1,-6.016,18.195,-2.798,-0.053,-0.049,0.431,0.9719
1786527046.467,119.000,WAIT,DONE_HOLD,2,1,-6.016,18.196,-2.757,-0.053,-0.044,0.451,0.9759
1786527046.567,119.100,WAIT,DONE_HOLD,2,1,-6.016,18.195,-2.712,-0.028,-0.078,0.464,0.9781
1786527046.667,119.200,WAIT,DONE_HOLD,2,1,-6.017,18.193,-2.670,-0.043,-0.078,0.474,0.9802
1786527046.767,119.300,WAIT,DONE_HOLD,2,1,-6.018,18.191,-2.624,-0.069,-0.070,0.499,0.9830
1786527046.867,119.400,WAIT,DONE_HOLD,2,1,-6.016,18.188,-2.576,-0.055,-0.120,0.535,0.9846
1786527046.967,119.500,WAIT,DONE_HOLD,2,1,-6.021,18.186,-2.519,-0.044,-0.080,0.571,0.9852
1786527047.067,119.600,WAIT,DONE_HOLD,2,1,-6.027,18.182,-2.468,-0.045,-0.105,0.586,0.9867
1786527047.167,119.700,WAIT,DONE_HOLD,2,1,-6.034,18.176,-2.415,-0.058,-0.113,0.586,0.9872
1786527047.267,119.800,WAIT,DONE_HOLD,2,1,-6.045,18.166,-2.351,-0.114,-0.148,0.582,0.9871
1786527047.367,119.900,WAIT,DONE_HOLD,2,1,-6.060,18.159,-2.294,-0.105,-0.133,0.576,0.9884
1786527047.467,120.000,WAIT,DONE_HOLD,2,1,-6.075,18.154,-2.238,-0.061,-0.102,0.585,0.9918
1786527047.567,120.100,WAIT,DONE_HOLD,2,1,-6.092,18.147,-2.184,-0.084,-0.150,0.583,0.9948
1786527047.667,120.200,WAIT,DONE_HOLD,2,1,-6.109,18.139,-2.132,-0.117,-0.138,0.577,0.9943
1786527047.767,120.300,WAIT,DONE_HOLD,2,1,-6.126,18.128,-2.070,-0.105,-0.130,0.564,0.9903
1786527047.867,120.400,WAIT,DONE_HOLD,2,1,-6.140,18.119,-2.020,-0.113,-0.144,0.559,0.9841
1786527047.967,120.500,WAIT,DONE_HOLD,2,1,-6.153,18.110,-1.967,-0.079,-0.130,0.557,0.9786
1786527048.067,120.600,WAIT,DONE_HOLD,2,1,-6.166,18.098,-1.909,-0.063,-0.127,0.559,0.9747
1786527048.167,120.700,WAIT,DONE_HOLD,2,1,-6.178,18.091,-1.855,-0.071,-0.109,0.559,0.9724
1786527048.267,120.800,WAIT,DONE_HOLD,2,1,-6.186,18.086,-1.800,-0.001,-0.067,0.571,0.9707
1786527048.367,120.900,WAIT,DONE_HOLD,2,1,-6.192,18.079,-1.743,-0.042,-0.082,0.565,0.9714
1786527048.467,121.000,WAIT,DONE_HOLD,2,1,-6.195,18.077,-1.696,0.022,-0.074,0.582,0.9718
1786527048.567,121.100,WAIT,DONE_HOLD,2,1,-6.198,18.080,-1.628,0.043,-0.046,0.585,0.9671
1786527048.667,121.200,WAIT,DONE_HOLD,2,1,-6.194,18.081,-1.579,0.031,-0.080,0.573,0.9652
1786527048.767,121.300,WAIT,DONE_HOLD,2,1,-6.190,18.081,-1.519,0.030,-0.058,0.565,0.9646
1786527048.867,121.400,WAIT,DONE_HOLD,2,1,-6.189,18.077,-1.469,0.090,-0.031,0.581,0.9656
1786527048.967,121.500,WAIT,DONE_HOLD,2,1,-6.181,18.070,-1.409,0.146,-0.031,0.587,0.9688
1786527049.067,121.600,WAIT,DONE_HOLD,2,1,-6.171,18.064,-1.360,0.086,-0.067,0.586,0.9722
1786527049.167,121.700,WAIT,DONE_HOLD,2,1,-6.150,18.057,-1.293,0.129,-0.042,0.587,0.9758
1786527049.267,121.800,WAIT,DONE_HOLD,2,1,-6.133,18.050,-1.237,0.101,-0.037,0.589,0.9780
1786527049.367,121.900,WAIT,DONE_HOLD,2,1,-6.116,18.044,-1.181,0.095,-0.039,0.585,0.9798
1786527049.467,122.000,WAIT,DONE_HOLD,2,1,-6.098,18.042,-1.123,0.132,-0.042,0.582,0.9830
1786527049.567,122.100,WAIT,DONE_HOLD,2,1,-6.080,18.038,-1.068,0.137,-0.048,0.585,0.9866
1786527049.667,122.200,WAIT,DONE_HOLD,2,1,-6.068,18.032,-1.014,0.139,-0.040,0.579,0.9913
1786527049.767,122.300,WAIT,DONE_HOLD,2,1,-6.059,18.025,-0.956,0.082,-0.046,0.577,0.9956
1786527049.867,122.400,WAIT,DONE_HOLD,2,1,-6.049,18.019,-0.899,0.122,-0.028,0.590,1.0003
1786527049.967,122.500,WAIT,DONE_HOLD,2,1,-6.039,18.015,-0.837,0.060,-0.016,0.602,1.0046
1786527050.067,122.600,WAIT,DONE_HOLD,2,1,-6.030,18.012,-0.778,0.083,-0.016,0.603,1.0080
1786527050.167,122.700,WAIT,DONE_HOLD,2,1,-6.018,18.016,-0.719,0.072,-0.007,0.602,1.0112
1786527050.267,122.800,WAIT,DONE_HOLD,2,1,-6.008,18.021,-0.665,0.059,0.020,0.611,1.0136
1786527050.367,122.900,WAIT,DONE_HOLD,2,1,-5.995,18.030,-0.595,0.046,0.024,0.612,1.0132
1786527050.467,123.000,WAIT,DONE_HOLD,2,1,-5.989,18.038,-0.537,0.006,0.038,0.573,1.0087
1786527050.567,123.100,WAIT,DONE_HOLD,2,1,-5.984,18.049,-0.486,0.036,0.073,0.438,1.0041
1786527050.667,123.200,WAIT,DONE_HOLD,2,1,-5.984,18.063,-0.451,-0.027,0.078,0.248,1.0038
1786527050.767,123.300,WAIT,DONE_HOLD,2,1,-5.995,18.075,-0.432,-0.077,0.071,0.154,1.0020
1786527050.867,123.400,WAIT,DONE_HOLD,2,1,-6.010,18.085,-0.417,-0.095,0.075,0.177,0.9981
1786527050.967,123.500,WAIT,DONE_HOLD,2,1,-6.025,18.093,-0.397,-0.078,0.051,0.207,0.9913
1786527051.067,123.600,WAIT,DONE_HOLD,2,1,-6.041,18.100,-0.373,-0.079,0.038,0.218,0.9890
1786527051.167,123.700,WAIT,DONE_HOLD,2,1,-6.053,18.104,-0.352,-0.075,0.038,0.241,0.9911
1786527051.267,123.800,WAIT,DONE_HOLD,2,1,-6.063,18.108,-0.323,-0.046,0.008,0.246,0.9970
1786527051.366,123.900,WAIT,DONE_HOLD,2,1,-6.071,18.109,-0.300,-0.062,0.015,0.235,1.0035
1786527051.467,124.000,WAIT,DONE_HOLD,2,1,-6.079,18.110,-0.273,-0.043,0.042,0.234,1.0089
1786527051.567,124.100,WAIT,DONE_HOLD,2,1,-6.086,18.114,-0.249,0.004,0.002,0.239,1.0064
1786527051.667,124.200,WAIT,DONE_HOLD,2,1,-6.090,18.117,-0.228,-0.018,0.023,0.244,1.0005
1786527051.767,124.300,WAIT,DONE_HOLD,2,1,-6.096,18.121,-0.200,-0.002,0.033,0.240,0.9968
1786527051.867,124.400,WAIT,DONE_HOLD,2,1,-6.103,18.122,-0.181,-0.004,0.025,0.175,0.9936
1786527051.967,124.500,WAIT,DONE_HOLD,2,1,-6.109,18.125,-0.169,0.020,0.012,0.074,0.9887
1786527052.067,124.600,WAIT,DONE_HOLD,2,1,-6.115,18.130,-0.171,-0.001,0.013,0.012,0.9854
1786527052.167,124.700,WAIT,DONE_HOLD,2,1,-6.115,18.131,-0.172,0.003,-0.010,0.020,0.9818
1786527052.267,124.800,WAIT,DONE_HOLD,2,1,-6.113,18.131,-0.172,0.069,0.010,0.020,0.9784
1786527052.367,124.900,WAIT,DONE_HOLD,2,1,-6.114,18.130,-0.174,0.055,-0.013,0.009,0.9769
1786527052.467,125.000,WAIT,DONE_HOLD,2,1,-6.112,18.129,-0.176,0.053,0.008,0.024,0.9729
1786527052.567,125.100,WAIT,DONE_HOLD,2,1,-6.109,18.130,-0.175,0.047,0.023,0.042,0.9672
1786527052.667,125.200,WAIT,DONE_HOLD,2,1,-6.105,18.131,-0.174,0.080,0.042,0.048,0.9624
1786527052.767,125.300,WAIT,DONE_HOLD,2,1,-6.102,18.132,-0.172,0.075,0.013,0.055,0.9629
1786527052.867,125.400,WAIT,DONE_HOLD,2,1,-6.095,18.132,-0.170,0.033,-0.024,0.057,0.9693
1786527052.967,125.500,WAIT,DONE_HOLD,2,1,-6.089,18.132,-0.168,0.085,0.013,0.055,0.9741
1786527053.067,125.600,WAIT,DONE_HOLD,2,1,-6.080,18.131,-0.166,0.074,-0.022,0.051,0.9748
1786527053.167,125.700,WAIT,DONE_HOLD,2,1,-6.071,18.130,-0.164,0.100,0.015,0.034,0.9736
1786527053.267,125.800,WAIT,DONE_HOLD,2,1,-6.060,18.130,-0.161,0.091,-0.012,0.013,0.9759
1786527053.367,125.900,WAIT,DONE_HOLD,2,1,-6.051,18.130,-0.159,0.096,0.007,0.005,0.9797
1786527053.467,126.000,WAIT,DONE_HOLD,2,1,-6.043,18.130,-0.157,0.031,-0.016,-0.003,0.9833
1786527053.567,126.100,WAIT,DONE_HOLD,2,1,-6.033,18.131,-0.155,0.043,-0.013,-0.011,0.9852
1786527053.667,126.200,WAIT,DONE_HOLD,2,1,-6.023,18.132,-0.156,0.072,0.002,-0.003,0.9854
1786527053.767,126.300,WAIT,DONE_HOLD,2,1,-6.014,18.132,-0.157,0.071,0.021,-0.007,0.9869
1786527053.867,126.400,WAIT,DONE_HOLD,2,1,-6.007,18.131,-0.159,0.059,0.005,-0.031,0.9858
1786527053.967,126.500,WAIT,DONE_HOLD,2,1,-6.000,18.131,-0.163,0.026,-0.020,-0.052,0.9842
1786527054.067,126.600,WAIT,DONE_HOLD,2,1,-5.994,18.131,-0.172,0.015,0.019,-0.098,0.9826
1786527054.167,126.700,WAIT,DONE_HOLD,2,1,-5.992,18.133,-0.186,0.022,0.030,-0.143,0.9787
1786527054.267,126.800,WAIT,DONE_HOLD,2,1,-5.989,18.134,-0.203,0.005,0.005,-0.159,0.9728
1786527054.367,126.900,WAIT,DONE_HOLD,2,1,-5.987,18.135,-0.218,-0.009,0.008,-0.176,0.9710
1786527054.467,127.000,WAIT,DONE_HOLD,2,1,-5.985,18.135,-0.239,0.019,0.004,-0.179,0.9700
1786527054.567,127.100,WAIT,DONE_HOLD,2,1,-5.981,18.135,-0.257,0.000,-0.003,-0.169,0.9707
1786527054.667,127.200,WAIT,DONE_HOLD,2,1,-5.978,18.135,-0.270,0.004,0.017,-0.132,0.9712
1786527054.767,127.300,WAIT,DONE_HOLD,2,1,-5.972,18.132,-0.287,0.044,0.041,-0.114,0.9709
1786527054.867,127.400,WAIT,DONE_HOLD,2,1,-5.969,18.131,-0.297,0.020,0.034,-0.097,0.9716
1786527054.967,127.500,WAIT,DONE_HOLD,2,1,-5.968,18.128,-0.309,-0.038,-0.030,-0.113,0.9734
1786527055.067,127.600,WAIT,DONE_HOLD,2,1,-5.970,18.126,-0.318,-0.036,-0.023,-0.096,0.9746
1786527055.167,127.700,WAIT,DONE_HOLD,2,1,-5.975,18.123,-0.328,-0.063,-0.004,-0.101,0.9756
1786527055.267,127.800,WAIT,DONE_HOLD,2,1,-5.983,18.121,-0.339,-0.085,-0.032,-0.115,0.9753
1786527055.367,127.900,WAIT,DONE_HOLD,2,1,-5.992,18.121,-0.349,-0.111,-0.014,-0.117,0.9738
1786527055.467,128.000,WAIT,DONE_HOLD,2,1,-6.003,18.124,-0.358,-0.105,0.018,-0.044,0.9735
1786527055.567,128.100,WAIT,DONE_HOLD,2,1,-6.013,18.126,-0.360,-0.082,0.034,0.026,0.9746
1786527055.667,128.200,WAIT,DONE_HOLD,2,1,-6.021,18.130,-0.356,-0.089,0.053,0.063,0.9742
1786527055.767,128.300,WAIT,DONE_HOLD,2,1,-6.028,18.135,-0.353,-0.101,0.011,0.044,0.9723
1786527055.867,128.400,WAIT,DONE_HOLD,2,1,-6.038,18.139,-0.351,-0.099,0.016,0.034,0.9686
1786527055.967,128.500,WAIT,DONE_HOLD,2,1,-6.045,18.141,-0.350,-0.068,0.029,0.028,0.9655
1786527056.067,128.600,WAIT,DONE_HOLD,2,1,-6.054,18.141,-0.351,-0.061,0.018,0.020,0.9659
1786527056.167,128.700,WAIT,DONE_HOLD,2,1,-6.062,18.142,-0.354,-0.086,-0.029,0.006,0.9664
1786527056.267,128.800,WAIT,DONE_HOLD,2,1,-6.071,18.141,-0.357,-0.088,-0.012,-0.006,0.9692
1786527056.367,128.900,WAIT,DONE_HOLD,2,1,-6.079,18.141,-0.359,-0.044,0.006,0.014,0.9718
1786527056.467,129.000,WAIT,DONE_HOLD,2,1,-6.087,18.141,-0.362,-0.079,-0.023,0.010,0.9734
1786527056.567,129.100,WAIT,DONE_HOLD,2,1,-6.097,18.140,-0.365,-0.071,0.016,0.004,0.9764
1786527056.667,129.200,WAIT,DONE_HOLD,2,1,-6.108,18.141,-0.368,-0.068,-0.008,-0.003,0.9797
1786527056.767,129.300,WAIT,DONE_HOLD,2,1,-6.115,18.140,-0.371,-0.066,-0.029,0.002,0.9835
1786527056.867,129.400,WAIT,DONE_HOLD,2,1,-6.122,18.140,-0.374,-0.057,-0.029,0.002,0.9869
1786527056.967,129.500,WAIT,DONE_HOLD,2,1,-6.130,18.139,-0.376,-0.030,0.024,0.015,0.9902
1786527057.067,129.600,WAIT,DONE_HOLD,2,1,-6.137,18.139,-0.377,-0.080,-0.006,0.011,0.9945
1786527057.167,129.700,WAIT,DONE_HOLD,2,1,-6.143,18.138,-0.379,-0.045,-0.012,0.004,0.9973
1786527057.267,129.800,WAIT,DONE_HOLD,2,1,-6.148,18.140,-0.380,-0.005,0.048,0.016,0.9970
1786527057.367,129.900,WAIT,DONE_HOLD,2,1,-6.152,18.141,-0.381,0.005,0.023,0.021,0.9945
1786527057.467,130.000,WAIT,DONE_HOLD,2,1,-6.155,18.144,-0.382,0.015,0.033,0.013,0.9922
1786527057.567,130.100,WAIT,DONE_HOLD,2,1,-6.157,18.147,-0.383,0.023,0.010,0.016,0.9892
1786527057.667,130.200,WAIT,DONE_HOLD,2,1,-6.162,18.150,-0.384,0.005,0.036,0.034,0.9843
1786527057.767,130.300,WAIT,DONE_HOLD,2,1,-6.167,18.154,-0.385,0.004,0.030,0.032,0.9789
1786527057.867,130.400,WAIT,DONE_HOLD,2,1,-6.171,18.158,-0.385,0.011,0.043,0.028,0.9730
1786527057.967,130.500,WAIT,DONE_HOLD,2,1,-6.175,18.162,-0.385,0.027,0.021,0.033,0.9694
1786527058.067,130.600,WAIT,DONE_HOLD,2,1,-6.178,18.165,-0.385,0.000,-0.010,0.029,0.9657
1786527058.167,130.700,WAIT,DONE_HOLD,2,1,-6.181,18.168,-0.386,0.020,0.016,0.032,0.9617
1786527058.267,130.800,WAIT,DONE_HOLD,2,1,-6.183,18.170,-0.386,0.051,0.034,0.038,0.9591
1786527058.367,130.900,WAIT,DONE_HOLD,2,1,-6.186,18.171,-0.386,0.062,0.004,0.037,0.9598
1786527058.467,131.000,WAIT,DONE_HOLD,2,1,-6.187,18.171,-0.385,0.071,-0.009,0.039,0.9604
1786527058.567,131.100,WAIT,DONE_HOLD,2,1,-6.187,18.168,-0.385,0.061,0.002,0.024,0.9615
1786527058.667,131.200,WAIT,DONE_HOLD,2,1,-6.185,18.165,-0.384,0.060,-0.013,0.030,0.9634
1786527058.767,131.300,WAIT,DONE_HOLD,2,1,-6.183,18.160,-0.382,0.064,-0.032,0.041,0.9651
1786527058.867,131.400,WAIT,DONE_HOLD,2,1,-6.181,18.155,-0.381,0.068,-0.002,0.032,0.9683
1786527058.967,131.500,WAIT,DONE_HOLD,2,1,-6.177,18.150,-0.378,0.111,0.004,0.043,0.9717
1786527059.067,131.600,WAIT,DONE_HOLD,2,1,-6.173,18.145,-0.376,0.113,-0.027,0.045,0.9746
1786527059.167,131.700,WAIT,DONE_HOLD,2,1,-6.170,18.139,-0.373,0.037,-0.047,0.028,0.9758
1786527059.267,131.800,WAIT,DONE_HOLD,2,1,-6.166,18.133,-0.371,0.104,0.003,0.024,0.9761
1786527059.367,131.900,WAIT,DONE_HOLD,2,1,-6.163,18.129,-0.370,0.053,-0.030,0.021,0.9777
1786527059.467,132.000,WAIT,DONE_HOLD,2,1,-6.157,18.123,-0.368,0.102,-0.019,0.021,0.9794
1786527059.567,132.100,WAIT,DONE_HOLD,2,1,-6.152,18.117,-0.367,0.082,-0.055,0.001,0.9819
1786527059.667,132.200,WAIT,DONE_HOLD,2,1,-6.146,18.110,-0.367,0.078,-0.049,-0.005,0.9838
1786527059.767,132.300,WAIT,DONE_HOLD,2,1,-6.140,18.104,-0.368,0.111,-0.011,0.001,0.9849
1786527059.867,132.400,WAIT,DONE_HOLD,2,1,-6.132,18.098,-0.368,0.102,-0.047,-0.005,0.9851
1786527059.967,132.500,WAIT,DONE_HOLD,2,1,-6.123,18.095,-0.369,0.119,-0.019,0.011,0.9866
1786527060.067,132.600,WAIT,DONE_HOLD,2,1,-6.116,18.093,-0.369,0.087,-0.018,0.010,0.9891
1786527060.167,132.700,WAIT,DONE_HOLD,2,1,-6.108,18.092,-0.368,0.112,-0.008,0.007,0.9919
1786527060.267,132.800,WAIT,DONE_HOLD,2,1,-6.100,18.092,-0.368,0.084,-0.026,0.011,0.9939
1786527060.367,132.900,WAIT,DONE_HOLD,2,1,-6.090,18.091,-0.368,0.084,-0.039,0.016,0.9954
1786527060.467,133.000,WAIT,DONE_HOLD,2,1,-6.080,18.091,-0.367,0.119,0.009,0.028,0.9961
1786527060.567,133.100,WAIT,DONE_HOLD,2,1,-6.071,18.090,-0.366,0.156,0.032,0.037,0.9969
1786527060.667,133.200,WAIT,DONE_HOLD,2,1,-6.061,18.090,-0.366,0.103,-0.025,0.023,0.9979
1786527060.767,133.300,WAIT,DONE_HOLD,2,1,-6.053,18.089,-0.366,0.047,-0.024,0.024,0.9964
1786527060.867,133.400,WAIT,DONE_HOLD,2,1,-6.047,18.089,-0.365,0.026,-0.050,0.012,0.9951
1786527060.967,133.500,WAIT,DONE_HOLD,2,1,-6.041,18.090,-0.365,0.022,-0.005,0.017,0.9933
1786527061.067,133.600,WAIT,DONE_HOLD,2,1,-6.037,18.092,-0.365,0.033,0.006,0.019,0.9931
1786527061.167,133.700,WAIT,DONE_HOLD,2,1,-6.034,18.095,-0.366,0.043,0.004,0.017,0.9940
1786527061.267,133.800,WAIT,DONE_HOLD,2,1,-6.030,18.097,-0.368,0.047,0.035,0.015,0.9928
1786527061.367,133.900,WAIT,DONE_HOLD,2,1,-6.027,18.098,-0.369,0.006,-0.019,0.008,0.9923
1786527061.467,134.000,WAIT,DONE_HOLD,2,1,-6.025,18.098,-0.370,0.019,0.000,0.019,0.9927
1786527061.567,134.100,WAIT,DONE_HOLD,2,1,-6.023,18.097,-0.370,-0.026,-0.033,0.011,0.9934
1786527061.667,134.200,WAIT,DONE_HOLD,2,1,-6.021,18.097,-0.369,-0.010,-0.041,0.010,0.9930
1786527061.767,134.300,WAIT,DONE_HOLD,2,1,-6.019,18.097,-0.368,-0.010,0.008,0.015,0.9904
1786527061.867,134.400,WAIT,DONE_HOLD,2,1,-6.022,18.099,-0.366,-0.048,0.014,0.027,0.9886
1786527061.967,134.500,WAIT,DONE_HOLD,2,1,-6.025,18.102,-0.363,-0.031,0.039,0.030,0.9880
1786527062.067,134.600,WAIT,DONE_HOLD,2,1,-6.029,18.106,-0.360,-0.074,-0.003,0.033,0.9883
1786527062.167,134.700,WAIT,DONE_HOLD,2,1,-6.033,18.109,-0.357,-0.053,0.037,0.015,0.9888
1786527062.267,134.800,WAIT,DONE_HOLD,2,1,-6.037,18.112,-0.356,-0.068,0.019,0.010,0.9865
1786527062.367,134.900,WAIT,DONE_HOLD,2,1,-6.042,18.115,-0.355,-0.054,0.052,0.016,0.9857
1786527062.467,135.000,WAIT,DONE_HOLD,2,1,-6.050,18.119,-0.355,-0.057,0.061,0.015,0.9853
1786527062.567,135.100,WAIT,DONE_HOLD,2,1,-6.055,18.122,-0.356,-0.080,0.039,0.012,0.9846
1786527062.667,135.200,WAIT,DONE_HOLD,2,1,-6.060,18.124,-0.358,-0.070,0.018,-0.005,0.9842
1786527062.767,135.300,WAIT,DONE_HOLD,2,1,-6.064,18.125,-0.360,-0.088,-0.023,-0.008,0.9844
1786527062.867,135.400,WAIT,DONE_HOLD,2,1,-6.068,18.127,-0.362,-0.101,-0.024,-0.007,0.9848
1786527062.967,135.500,WAIT,DONE_HOLD,2,1,-6.072,18.128,-0.363,-0.082,-0.022,0.011,0.9845
1786527063.067,135.600,WAIT,DONE_HOLD,2,1,-6.075,18.129,-0.364,-0.059,-0.014,0.020,0.9842
1786527063.167,135.700,WAIT,DONE_HOLD,2,1,-6.076,18.131,-0.364,-0.067,-0.049,0.013,0.9842
1786527063.267,135.800,WAIT,DONE_HOLD,2,1,-6.078,18.134,-0.365,-0.053,-0.016,0.008,0.9852
1786527063.367,135.900,WAIT,DONE_HOLD,2,1,-6.078,18.138,-0.366,-0.013,0.001,0.006,0.9856
1786527063.467,136.000,WAIT,DONE_HOLD,2,1,-6.078,18.140,-0.366,-0.052,-0.043,0.013,0.9853
1786527063.567,136.100,WAIT,DONE_HOLD,2,1,-6.079,18.143,-0.365,-0.041,-0.004,0.028,0.9851
1786527063.667,136.200,WAIT,DONE_HOLD,2,1,-6.078,18.144,-0.365,-0.003,-0.014,0.022,0.9849
1786527063.767,136.300,WAIT,DONE_HOLD,2,1,-6.076,18.145,-0.364,0.016,0.009,0.024,0.9859
1786527063.867,136.400,WAIT,DONE_HOLD,2,1,-6.075,18.146,-0.364,0.015,0.017,0.026,0.9858
1786527063.967,136.500,WAIT,DONE_HOLD,2,1,-6.074,18.147,-0.364,0.008,-0.026,0.019,0.9846
1786527064.067,136.600,WAIT,DONE_HOLD,2,1,-6.071,18.146,-0.364,0.026,-0.037,0.009,0.9854
1786527064.167,136.700,WAIT,DONE_HOLD,2,1,-6.067,18.147,-0.365,-0.005,-0.032,0.005,0.9856
1786527064.267,136.800,WAIT,DONE_HOLD,2,1,-6.064,18.147,-0.366,0.027,-0.008,0.016,0.9845
1786527064.367,136.900,WAIT,DONE_HOLD,2,1,-6.061,18.148,-0.366,0.003,-0.024,0.016,0.9827
1786527064.467,137.000,WAIT,DONE_HOLD,2,1,-6.059,18.147,-0.367,0.031,-0.011,0.018,0.9812
1786527064.567,137.100,WAIT,DONE_HOLD,2,1,-6.057,18.147,-0.369,-0.019,-0.047,0.008,0.9834
1786527064.667,137.200,WAIT,DONE_HOLD,2,1,-6.057,18.146,-0.369,0.015,-0.027,0.022,0.9853
1786527064.767,137.300,WAIT,DONE_HOLD,2,1,-6.056,18.142,-0.371,-0.013,-0.039,0.014,0.9873
1786527064.867,137.400,WAIT,DONE_HOLD,2,1,-6.055,18.139,-0.373,0.039,-0.015,0.006,0.9892
1786527064.967,137.500,WAIT,DONE_HOLD,2,1,-6.053,18.136,-0.376,-0.005,-0.047,-0.004,0.9910
1786527065.067,137.600,WAIT,DONE_HOLD,2,1,-6.051,18.134,-0.378,0.011,-0.067,0.011,0.9926
1786527065.167,137.700,WAIT,DONE_HOLD,2,1,-6.046,18.131,-0.379,0.035,-0.042,0.008,0.9945
1786527065.267,137.800,WAIT,DONE_HOLD,2,1,-6.040,18.128,-0.379,0.024,-0.049,0.020,0.9963
1786527065.367,137.900,WAIT,DONE_HOLD,2,1,-6.035,18.126,-0.378,0.053,-0.011,0.020,0.9964
1786527065.467,138.000,WAIT,DONE_HOLD,2,1,-6.034,18.122,-0.377,0.004,-0.046,0.022,0.9953
1786527065.567,138.100,WAIT,DONE_HOLD,2,1,-6.034,18.118,-0.376,-0.001,-0.002,0.027,0.9958
1786527065.667,138.200,WAIT,DONE_HOLD,2,1,-6.035,18.114,-0.375,-0.028,-0.057,0.026,0.9925
1786527065.767,138.300,WAIT,DONE_HOLD,2,1,-6.035,18.112,-0.373,-0.017,-0.023,0.031,0.9900
1786527065.867,138.400,WAIT,DONE_HOLD,2,1,-6.038,18.111,-0.371,-0.064,-0.051,0.033,0.9869
1786527065.967,138.500,WAIT,DONE_HOLD,2,1,-6.040,18.109,-0.370,-0.026,-0.030,0.027,0.9852
1786527066.067,138.600,WAIT,DONE_HOLD,2,1,-6.043,18.109,-0.369,-0.031,0.007,0.025,0.9852
1786527066.167,138.700,WAIT,DONE_HOLD,2,1,-6.048,18.109,-0.367,-0.037,-0.018,0.034,0.9845
1786527066.267,138.800,WAIT,DONE_HOLD,2,1,-6.052,18.108,-0.366,-0.045,-0.013,0.032,0.9836
1786527066.367,138.900,WAIT,DONE_HOLD,2,1,-6.056,18.108,-0.365,-0.072,-0.008,0.029,0.9846
1786527066.467,139.000,WAIT,DONE_HOLD,2,1,-6.059,18.110,-0.364,-0.041,0.018,0.033,0.9862
1786527066.567,139.100,WAIT,DONE_HOLD,2,1,-6.063,18.112,-0.362,-0.005,0.011,0.045,0.9875
1786527066.667,139.200,WAIT,DONE_HOLD,2,1,-6.064,18.113,-0.360,-0.021,-0.027,0.040,0.9890
1786527066.767,139.300,WAIT,DONE_HOLD,2,1,-6.066,18.112,-0.358,-0.026,-0.001,0.027,0.9903
1786527066.867,139.400,WAIT,DONE_HOLD,2,1,-6.067,18.111,-0.356,0.005,0.004,0.032,0.9914
1786527066.967,139.500,WAIT,DONE_HOLD,2,1,-6.068,18.110,-0.355,-0.033,0.002,0.027,0.9923
1786527067.067,139.600,WAIT,DONE_HOLD,2,1,-6.068,18.107,-0.353,-0.026,-0.020,0.018,0.9935
1786527067.167,139.700,WAIT,DONE_HOLD,2,1,-6.067,18.106,-0.353,0.004,-0.007,0.009,0.9930
1786527067.267,139.800,WAIT,DONE_HOLD,2,1,-6.066,18.106,-0.353,-0.007,0.004,0.015,0.9916
1786527067.367,139.900,WAIT,DONE_HOLD,2,1,-6.066,18.106,-0.353,0.032,0.038,0.018,0.9899
1786527067.467,140.000,WAIT,DONE_HOLD,2,1,-6.064,18.107,-0.352,0.022,0.036,0.015,0.9862
1786527067.567,140.100,WAIT,DONE_HOLD,2,1,-6.064,18.107,-0.352,-0.000,0.019,0.011,0.9828
1786527067.667,140.200,WAIT,DONE_HOLD,2,1,-6.065,18.108,-0.352,0.012,0.026,0.015,0.9807
1786527067.767,140.300,WAIT,DONE_HOLD,2,1,-6.065,18.107,-0.352,0.016,-0.013,0.007,0.9804
1786527067.867,140.400,WAIT,DONE_HOLD,2,1,-6.063,18.106,-0.353,0.038,0.012,0.015,0.9803
1786527067.967,140.500,WAIT,DONE_HOLD,2,1,-6.062,18.105,-0.353,0.032,0.007,0.012,0.9803
1786527068.067,140.600,WAIT,DONE_HOLD,2,1,-6.062,18.105,-0.353,0.006,0.005,0.008,0.9812
1786527068.167,140.700,WAIT,DONE_HOLD,2,1,-6.060,18.105,-0.353,0.037,0.018,0.021,0.9822
1786527068.267,140.800,WAIT,DONE_HOLD,2,1,-6.058,18.104,-0.352,-0.016,-0.030,0.028,0.9834
1786527068.367,140.900,WAIT,DONE_HOLD,2,1,-6.056,18.104,-0.352,-0.014,-0.036,0.012,0.9839
1786527068.467,141.000,WAIT,DONE_HOLD,2,1,-6.053,18.106,-0.351,-0.001,0.013,0.022,0.9817
1786527068.567,141.100,WAIT,DONE_HOLD,2,1,-6.050,18.107,-0.350,0.019,0.002,0.009,0.9829
1786527068.667,141.200,WAIT,DONE_HOLD,2,1,-6.045,18.109,-0.351,0.003,0.026,0.004,0.9846
1786527068.767,141.300,WAIT,DONE_HOLD,2,1,-6.042,18.113,-0.351,-0.002,0.010,-0.001,0.9838
1786527068.867,141.400,WAIT,DONE_HOLD,2,1,-6.042,18.117,-0.352,-0.030,0.014,0.008,0.9827
1786527068.967,141.500,WAIT,DONE_HOLD,2,1,-6.043,18.121,-0.353,-0.027,0.025,-0.002,0.9826
1786527069.067,141.600,WAIT,DONE_HOLD,2,1,-6.042,18.122,-0.355,-0.002,-0.005,0.004,0.9808
1786527069.167,141.700,WAIT,DONE_HOLD,2,1,-6.041,18.125,-0.357,-0.038,-0.021,-0.002,0.9804
1786527069.267,141.800,WAIT,DONE_HOLD,2,1,-6.041,18.125,-0.357,-0.006,0.010,0.016,0.9805
1786527069.367,141.900,WAIT,DONE_HOLD,2,1,-6.041,18.126,-0.357,-0.030,-0.015,0.015,0.9813
1786527069.467,142.000,WAIT,DONE_HOLD,2,1,-6.040,18.125,-0.357,0.014,-0.001,0.017,0.9824
1786527069.567,142.100,WAIT,DONE_HOLD,2,1,-6.039,18.123,-0.357,-0.005,-0.034,0.009,0.9845
1786527069.667,142.200,WAIT,DONE_HOLD,2,1,-6.036,18.120,-0.358,-0.026,-0.064,0.006,0.9861
1786527069.767,142.300,WAIT,DONE_HOLD,2,1,-6.033,18.114,-0.359,0.025,-0.024,0.010,0.9889
1786527069.867,142.400,WAIT,DONE_HOLD,2,1,-6.030,18.106,-0.359,0.002,-0.053,0.005,0.9901
1786527069.967,142.500,WAIT,DONE_HOLD,2,1,-6.027,18.101,-0.359,-0.021,-0.059,0.002,0.9904
1786527070.067,142.600,WAIT,DONE_HOLD,2,1,-6.024,18.097,-0.358,-0.025,-0.070,0.023,0.9897
1786527070.167,142.700,WAIT,DONE_HOLD,2,1,-6.024,18.094,-0.357,-0.027,-0.030,0.023,0.9908
1786527070.267,142.800,WAIT,DONE_HOLD,2,1,-6.023,18.092,-0.356,-0.014,-0.018,0.023,0.9921
1786527070.367,142.900,WAIT,DONE_HOLD,2,1,-6.023,18.090,-0.355,-0.060,-0.051,0.017,0.9923
1786527070.467,143.000,WAIT,DONE_HOLD,2,1,-6.024,18.091,-0.354,-0.047,-0.017,0.012,0.9938
1786527070.567,143.100,WAIT,DONE_HOLD,2,1,-6.027,18.094,-0.353,-0.034,0.001,0.006,0.9953
1786527070.667,143.200,WAIT,DONE_HOLD,2,1,-6.029,18.097,-0.352,-0.063,-0.007,0.009,0.9947
1786527070.767,143.300,WAIT,DONE_HOLD,2,1,-6.031,18.100,-0.352,-0.007,0.003,0.008,0.9923
1786527070.867,143.400,WAIT,DONE_HOLD,2,1,-6.034,18.102,-0.352,-0.066,-0.009,-0.003,0.9898
1786527070.967,143.500,WAIT,DONE_HOLD,2,1,-6.037,18.106,-0.354,-0.034,-0.002,-0.011,0.9903
1786527071.067,143.600,WAIT,DONE_HOLD,2,1,-6.038,18.110,-0.357,-0.020,0.028,-0.008,0.9921
1786527071.167,143.700,WAIT,DONE_HOLD,2,1,-6.038,18.114,-0.359,-0.025,0.017,-0.006,0.9951
1786527071.267,143.800,WAIT,DONE_HOLD,2,1,-6.039,18.117,-0.360,-0.034,0.001,0.001,0.9979
1786527071.367,143.900,WAIT,DONE_HOLD,2,1,-6.039,18.119,-0.360,-0.025,0.009,0.010,0.9975
1786527071.467,144.000,WAIT,DONE_HOLD,2,1,-6.041,18.119,-0.361,-0.038,-0.018,0.010,0.9962
1786527071.567,144.100,WAIT,DONE_HOLD,2,1,-6.041,18.120,-0.361,-0.056,-0.024,-0.008,0.9944
1786527071.667,144.200,WAIT,DONE_HOLD,2,1,-6.042,18.119,-0.361,-0.050,-0.016,-0.007,0.9929
1786527071.767,144.300,WAIT,DONE_HOLD,2,1,-6.042,18.117,-0.361,-0.063,-0.063,-0.005,0.9915
1786527071.867,144.400,WAIT,DONE_HOLD,2,1,-6.042,18.114,-0.360,-0.019,-0.018,0.018,0.9899
1786527071.967,144.500,WAIT,DONE_HOLD,2,1,-6.042,18.113,-0.358,-0.036,-0.015,0.017,0.9915
1786527072.067,144.600,WAIT,DONE_HOLD,2,1,-6.044,18.112,-0.355,-0.051,-0.072,0.019,0.9940
1786527072.166,144.700,WAIT,DONE_HOLD,2,1,-6.048,18.110,-0.352,-0.025,-0.015,0.015,0.9955
1786527072.267,144.800,WAIT,DONE_HOLD,2,1,-6.052,18.109,-0.350,-0.078,-0.031,0.010,0.9982
1786527072.367,144.900,WAIT,DONE_HOLD,2,1,-6.058,18.110,-0.348,-0.133,-0.025,0.016,0.9988
1786527072.467,145.000,WAIT,DONE_HOLD,2,1,-6.066,18.111,-0.345,-0.104,-0.016,0.015,0.9980
1786527072.567,145.100,WAIT,DONE_HOLD,2,1,-6.074,18.112,-0.343,-0.078,0.025,0.016,0.9957
1786527072.667,145.200,WAIT,DONE_HOLD,2,1,-6.079,18.113,-0.343,-0.064,-0.012,0.016,0.9937
1786527072.767,145.300,WAIT,DONE_HOLD,2,1,-6.083,18.112,-0.342,-0.095,-0.049,-0.003,0.9928
1786527072.867,145.400,WAIT,DONE_HOLD,2,1,-6.085,18.111,-0.343,-0.050,-0.009,-0.002,0.9885
1786527072.967,145.500,WAIT,DONE_HOLD,2,1,-6.086,18.108,-0.344,-0.023,-0.025,-0.000,0.9865
1786527073.067,145.600,WAIT,DONE_HOLD,2,1,-6.084,18.105,-0.345,-0.045,-0.054,-0.012,0.9861
1786527073.167,145.700,WAIT,DONE_HOLD,2,1,-6.083,18.103,-0.346,-0.033,-0.048,-0.006,0.9837
1786527073.267,145.800,WAIT,DONE_HOLD,2,1,-6.083,18.100,-0.346,-0.010,-0.062,-0.002,0.9829
1786527073.367,145.900,WAIT,DONE_HOLD,2,1,-6.082,18.097,-0.346,0.010,-0.007,0.005,0.9847
1786527073.467,146.000,WAIT,DONE_HOLD,2,1,-6.082,18.096,-0.346,-0.006,-0.035,0.012,0.9842
1786527073.567,146.100,WAIT,DONE_HOLD,2,1,-6.082,18.094,-0.345,-0.017,-0.026,0.005,0.9832
1786527073.667,146.200,WAIT,DONE_HOLD,2,1,-6.082,18.093,-0.344,0.023,-0.006,0.018,0.9820
1786527073.767,146.300,WAIT,DONE_HOLD,2,1,-6.080,18.092,-0.344,-0.003,-0.017,0.018,0.9822
1786527073.867,146.400,WAIT,DONE_HOLD,2,1,-6.079,18.093,-0.342,0.011,-0.011,0.018,0.9832
1786527073.967,146.500,WAIT,DONE_HOLD,2,1,-6.079,18.092,-0.342,-0.009,-0.013,0.005,0.9839
1786527074.067,146.600,WAIT,DONE_HOLD,2,1,-6.082,18.093,-0.341,-0.018,-0.021,0.008,0.9841
1786527074.167,146.700,WAIT,DONE_HOLD,2,1,-6.084,18.092,-0.341,-0.034,-0.036,-0.005,0.9851
1786527074.267,146.800,WAIT,DONE_HOLD,2,1,-6.087,18.094,-0.342,-0.012,0.007,-0.004,0.9865
1786527074.367,146.900,WAIT,DONE_HOLD,2,1,-6.093,18.096,-0.343,-0.086,-0.007,-0.013,0.9869
1786527074.467,147.000,WAIT,DONE_HOLD,2,1,-6.097,18.098,-0.345,-0.068,-0.024,-0.023,0.9849
1786527074.567,147.100,WAIT,DONE_HOLD,2,1,-6.100,18.104,-0.347,-0.049,0.019,-0.013,0.9838
1786527074.667,147.200,WAIT,DONE_HOLD,2,1,-6.102,18.107,-0.348,-0.007,0.016,-0.013,0.9829
1786527074.767,147.300,WAIT,DONE_HOLD,2,1,-6.102,18.108,-0.349,-0.018,0.015,-0.012,0.9803
1786527074.867,147.400,WAIT,DONE_HOLD,2,1,-6.101,18.109,-0.350,0.012,0.038,-0.008,0.9759
1786527074.967,147.500,WAIT,DONE_HOLD,2,1,-6.098,18.108,-0.352,-0.003,0.003,-0.018,0.9728
1786527075.067,147.600,WAIT,DONE_HOLD,2,1,-6.093,18.106,-0.353,0.009,-0.031,-0.006,0.9716
1786527075.167,147.700,WAIT,DONE_HOLD,2,1,-6.089,18.104,-0.354,0.009,0.013,0.004,0.9719
1786527075.267,147.800,WAIT,DONE_HOLD,2,1,-6.086,18.102,-0.354,0.001,-0.037,0.003,0.9723
1786527075.367,147.900,WAIT,DONE_HOLD,2,1,-6.081,18.099,-0.355,0.022,-0.048,-0.006,0.9740
1786527075.467,148.000,WAIT,DONE_HOLD,2,1,-6.075,18.096,-0.356,0.069,-0.009,0.013,0.9775
1786527075.567,148.100,WAIT,DONE_HOLD,2,1,-6.068,18.092,-0.357,0.019,-0.048,0.006,0.9827
1786527075.667,148.200,WAIT,DONE_HOLD,2,1,-6.062,18.087,-0.356,0.025,-0.048,0.012,0.9870
1786527075.767,148.300,WAIT,DONE_HOLD,2,1,-6.055,18.084,-0.356,0.041,-0.016,0.013,0.9873
1786527075.867,148.400,WAIT,DONE_HOLD,2,1,-6.051,18.082,-0.356,0.041,-0.015,0.007,0.9856
1786527075.967,148.500,WAIT,DONE_HOLD,2,1,-6.048,18.079,-0.357,0.032,0.001,0.014,0.9825
1786527076.067,148.600,WAIT,DONE_HOLD,2,1,-6.045,18.077,-0.357,0.044,-0.003,0.003,0.9829
1786527076.167,148.700,WAIT,DONE_HOLD,2,1,-6.043,18.075,-0.358,0.030,0.039,0.014,0.9870
1786527076.267,148.800,WAIT,DONE_HOLD,2,1,-6.043,18.073,-0.358,-0.006,0.020,0.002,0.9885
1786527076.367,148.900,WAIT,DONE_HOLD,2,1,-6.045,18.071,-0.359,-0.017,0.025,0.005,0.9873
1786527076.467,149.000,WAIT,DONE_HOLD,2,1,-6.049,18.071,-0.360,-0.037,0.025,-0.010,0.9861
1786527076.567,149.100,WAIT,DONE_HOLD,2,1,-6.056,18.069,-0.360,-0.023,0.031,0.016,0.9832
1786527076.667,149.200,WAIT,DONE_HOLD,2,1,-6.062,18.068,-0.360,-0.025,0.062,0.003,0.9802
1786527076.767,149.300,WAIT,DONE_HOLD,2,1,-6.070,18.067,-0.359,-0.064,0.011,0.008,0.9798
1786527076.867,149.400,WAIT,DONE_HOLD,2,1,-6.077,18.066,-0.358,-0.068,0.035,0.011,0.9814
1786527076.967,149.500,WAIT,DONE_HOLD,2,1,-6.082,18.066,-0.357,-0.072,0.002,0.008,0.9838
1786527077.067,149.600,WAIT,DONE_HOLD,2,1,-6.086,18.063,-0.356,-0.029,0.023,0.019,0.9855
1786527077.167,149.700,WAIT,DONE_HOLD,2,1,-6.087,18.062,-0.355,-0.065,0.009,0.015,0.9845
1786527077.267,149.800,WAIT,DONE_HOLD,2,1,-6.088,18.060,-0.354,-0.035,0.013,0.003,0.9836
1786527077.367,149.900,WAIT,DONE_HOLD,2,1,-6.088,18.059,-0.355,-0.046,-0.004,0.011,0.9858
1786527077.467,150.000,WAIT,DONE_HOLD,2,1,-6.089,18.056,-0.357,-0.003,0.024,0.003,0.9882
1786527077.567,150.100,WAIT,DONE_HOLD,2,1,-6.089,18.054,-0.358,-0.007,0.009,0.016,0.9892
1786527077.667,150.200,WAIT,DONE_HOLD,2,1,-6.091,18.050,-0.359,-0.017,0.013,0.019,0.9883
1786527077.767,150.300,WAIT,DONE_HOLD,2,1,-6.092,18.049,-0.359,-0.008,0.040,0.021,0.9887
1786527077.867,150.400,WAIT,DONE_HOLD,2,1,-6.093,18.048,-0.358,-0.036,0.002,0.015,0.9895
1786527077.967,150.500,WAIT,DONE_HOLD,2,1,-6.095,18.049,-0.358,0.001,0.032,0.014,0.9906
1786527078.067,150.600,WAIT,DONE_HOLD,2,1,-6.099,18.052,-0.359,-0.004,0.071,0.009,0.9870
1786527078.167,150.700,WAIT,DONE_HOLD,2,1,-6.103,18.054,-0.360,-0.025,0.054,0.012,0.9813
1786527078.267,150.800,WAIT,DONE_HOLD,2,1,-6.105,18.058,-0.361,-0.038,0.008,0.013,0.9753
1786527078.367,150.900,WAIT,DONE_HOLD,2,1,-6.106,18.060,-0.363,0.003,0.055,0.020,0.9741
1786527078.467,151.000,WAIT,DONE_HOLD,2,1,-6.108,18.061,-0.363,0.021,0.049,0.023,0.9763
1786527078.567,151.100,WAIT,DONE_HOLD,2,1,-6.110,18.060,-0.364,0.019,0.031,0.028,0.9749
1786527078.667,151.200,WAIT,DONE_HOLD,2,1,-6.112,18.060,-0.364,-0.005,0.019,0.026,0.9718
1786527078.767,151.300,WAIT,DONE_HOLD,2,1,-6.114,18.061,-0.364,-0.002,0.044,0.032,0.9725
1786527078.867,151.400,WAIT,DONE_HOLD,2,1,-6.117,18.063,-0.363,-0.005,0.019,0.027,0.9765
1786527078.967,151.500,WAIT,DONE_HOLD,2,1,-6.120,18.066,-0.362,-0.009,0.041,0.022,0.9788
1786527079.067,151.600,WAIT,DONE_HOLD,2,1,-6.121,18.069,-0.362,-0.013,0.031,0.022,0.9840
1786527079.167,151.700,WAIT,DONE_HOLD,2,1,-6.122,18.073,-0.362,0.002,0.026,0.010,0.9906
1786527079.267,151.800,WAIT,DONE_HOLD,2,1,-6.122,18.078,-0.362,0.007,0.022,0.017,0.9949
1786527079.367,151.900,WAIT,DONE_HOLD,2,1,-6.123,18.083,-0.361,-0.006,0.056,0.017,0.9969
1786527079.467,152.000,WAIT,DONE_HOLD,2,1,-6.124,18.089,-0.359,0.014,0.039,0.032,0.9970
1786527079.567,152.100,WAIT,DONE_HOLD,2,1,-6.124,18.095,-0.358,0.016,0.046,0.031,0.9966
1786527079.667,152.200,WAIT,DONE_HOLD,2,1,-6.124,18.101,-0.356,-0.005,0.036,0.011,0.9963
1786527079.767,152.300,WAIT,DONE_HOLD,2,1,-6.123,18.106,-0.356,0.046,0.054,0.003,0.9958
1786527079.867,152.400,WAIT,DONE_HOLD,2,1,-6.123,18.110,-0.357,0.005,0.050,-0.009,0.9949
1786527079.967,152.500,WAIT,DONE_HOLD,2,1,-6.125,18.114,-0.358,-0.017,0.025,-0.010,0.9928
1786527080.067,152.600,WAIT,DONE_HOLD,2,1,-6.129,18.116,-0.360,-0.014,0.031,-0.011,0.9923
1786527080.167,152.700,WAIT,DONE_HOLD,2,1,-6.131,18.119,-0.361,-0.023,-0.004,-0.014,0.9903
1786527080.267,152.800,WAIT,DONE_HOLD,2,1,-6.136,18.121,-0.362,-0.017,0.033,0.005,0.9889
1786527080.367,152.900,WAIT,DONE_HOLD,2,1,-6.142,18.123,-0.362,-0.058,0.001,0.019,0.9879
1786527080.467,153.000,WAIT,DONE_HOLD,2,1,-6.146,18.125,-0.361,-0.052,0.017,0.011,0.9890
1786527080.567,153.100,WAIT,DONE_HOLD,2,1,-6.149,18.125,-0.360,0.018,0.011,0.011,0.9920
1786527080.667,153.200,WAIT,DONE_HOLD,2,1,-6.149,18.126,-0.360,0.028,-0.028,0.005,1.0007
1786527080.767,153.300,WAIT,DONE_HOLD,2,1,-6.149,18.126,-0.359,0.053,-0.013,0.010,1.0050
1786527080.867,153.400,WAIT,DONE_HOLD,2,1,-6.148,18.126,-0.358,0.024,0.007,0.053,1.0042
1786527080.967,153.500,WAIT,DONE_HOLD,2,1,-6.145,18.126,-0.348,0.069,-0.015,0.145,1.0059
1786527081.067,153.600,WAIT,DONE_HOLD,2,1,-6.141,18.126,-0.333,0.044,-0.012,0.181,1.0034
1786527081.167,153.700,WAIT,DONE_HOLD,2,1,-6.137,18.126,-0.313,0.062,-0.008,0.252,0.9974
1786527081.267,153.800,WAIT,DONE_HOLD,2,1,-6.136,18.125,-0.287,0.053,0.007,0.271,0.9931
1786527081.367,153.900,WAIT,DONE_HOLD,2,1,-6.133,18.125,-0.263,0.026,-0.008,0.242,0.9876
1786527081.467,154.000,WAIT,DONE_HOLD,2,1,-6.128,18.122,-0.238,0.064,-0.027,0.251,0.9821
1786527081.567,154.100,WAIT,DONE_HOLD,2,1,-6.121,18.120,-0.216,0.061,-0.021,0.245,0.9812
1786527081.667,154.200,WAIT,DONE_HOLD,2,1,-6.114,18.121,-0.191,0.031,-0.026,0.244,0.9823
1786527081.767,154.300,WAIT,DONE_HOLD,2,1,-6.107,18.123,-0.167,0.107,0.048,0.246,0.9823
1786527081.867,154.400,WAIT,DONE_HOLD,2,1,-6.102,18.129,-0.142,0.085,0.085,0.242,0.9817
1786527081.967,154.500,WAIT,DONE_HOLD,2,1,-6.101,18.132,-0.124,0.046,0.041,0.234,0.9783
1786527082.067,154.600,WAIT,DONE_HOLD,2,1,-6.099,18.135,-0.106,0.056,0.053,0.223,0.9803
1786527082.167,154.700,WAIT,DONE_HOLD,2,1,-6.103,18.140,-0.086,0.022,0.040,0.208,0.9855
1786527082.267,154.800,WAIT,DONE_HOLD,2,1,-6.103,18.145,-0.071,0.032,0.036,0.203,0.9814
1786527082.367,154.900,WAIT,DONE_HOLD,2,1,-6.102,18.148,-0.056,0.072,0.033,0.196,0.9727
1786527082.467,155.000,WAIT,DONE_HOLD,2,1,-6.098,18.151,-0.042,0.022,-0.019,0.194,0.9692
1786527082.567,155.100,WAIT,DONE_HOLD,2,1,-6.092,18.154,-0.024,0.065,0.016,0.196,0.9662
1786527082.667,155.200,WAIT,DONE_HOLD,2,1,-6.086,18.157,-0.011,0.058,-0.027,0.184,0.9637
1786527082.767,155.300,WAIT,DONE_HOLD,2,1,-6.077,18.160,-0.002,0.078,-0.002,0.142,0.9634
1786527082.867,155.400,WAIT,DONE_HOLD,2,1,-6.071,18.161,0.004,0.083,0.001,0.026,0.9633
1786527082.967,155.500,WAIT,DONE_HOLD,2,1,-6.065,18.156,0.000,0.042,-0.045,-0.044,0.9707
1786527083.067,155.600,WAIT,DONE_HOLD,2,1,-6.061,18.151,-0.004,0.050,0.007,0.003,0.9730
1786527083.167,155.700,WAIT,DONE_HOLD,2,1,-6.057,18.147,-0.007,0.004,-0.022,-0.025,0.9702
1786527083.267,155.800,WAIT,DONE_HOLD,2,1,-6.054,18.143,-0.014,-0.003,0.012,-0.026,0.9704
1786527083.367,155.900,WAIT,DONE_HOLD,2,1,-6.051,18.139,-0.020,0.001,0.001,-0.028,0.9702
1786527083.467,156.000,WAIT,DONE_HOLD,2,1,-6.047,18.134,-0.026,-0.003,-0.017,-0.030,0.9697
1786527083.567,156.100,WAIT,DONE_HOLD,2,1,-6.046,18.131,-0.030,-0.007,0.000,-0.026,0.9702
1786527083.667,156.200,WAIT,DONE_HOLD,2,1,-6.049,18.131,-0.032,-0.010,0.005,-0.034,0.9701
1786527083.767,156.300,WAIT,DONE_HOLD,2,1,-6.054,18.131,-0.035,-0.039,0.011,-0.041,0.9681
1786527083.866,156.400,WAIT,DONE_HOLD,2,1,-6.060,18.132,-0.039,-0.043,0.026,-0.043,0.9660
1786527083.967,156.500,WAIT,DONE_HOLD,2,1,-6.066,18.133,-0.043,-0.053,0.028,-0.045,0.9638
1786527084.067,156.600,WAIT,DONE_HOLD,2,1,-6.072,18.135,-0.048,-0.062,0.029,-0.048,0.9626
1786527084.167,156.700,WAIT,DONE_HOLD,2,1,-6.077,18.137,-0.052,-0.067,0.043,-0.050,0.9618
1786527084.267,156.800,WAIT,DONE_HOLD,2,1,-6.083,18.140,-0.056,-0.071,0.043,-0.053,0.9613
1786527084.367,156.900,WAIT,DONE_HOLD,2,1,-6.088,18.143,-0.061,-0.078,0.048,-0.054,0.9613
1786527084.467,157.000,WAIT,DONE_HOLD,2,1,-6.092,18.146,-0.065,-0.076,0.057,-0.055,0.9617
1786527084.567,157.100,WAIT,DONE_HOLD,2,1,-6.095,18.149,-0.069,-0.076,0.049,-0.052,0.9623
1786527084.667,157.200,WAIT,DONE_HOLD,2,1,-6.099,18.152,-0.073,-0.080,0.057,-0.057,0.9630
1786527084.767,157.300,WAIT,DONE_HOLD,2,1,-6.098,18.154,-0.125,-0.075,0.051,-0.059,0.9639
1786527084.867,157.400,WAIT,DONE_HOLD,2,1,-6.090,18.151,-0.124,-0.062,0.039,-0.061,0.9659
1786527084.967,157.500,WAIT,DONE_HOLD,2,1,-6.084,18.148,-0.122,-0.055,0.029,-0.062,0.9682
1786527085.067,157.600,WAIT,DONE_HOLD,2,1,-6.077,18.144,-0.120,-0.048,0.021,-0.063,0.9706
1786527085.167,157.700,WAIT,DONE_HOLD,2,1,-6.072,18.140,-0.120,-0.043,0.012,-0.063,0.9722
1786527085.267,157.800,WAIT,DONE_HOLD,2,1,-6.067,18.136,-0.119,-0.038,0.004,-0.065,0.9734
1786527085.367,157.900,WAIT,DONE_HOLD,2,1,-6.063,18.133,-0.119,-0.034,0.002,-0.065,0.9742
1786527085.467,158.000,WAIT,DONE_HOLD,2,1,-6.059,18.130,-0.118,-0.030,-0.002,-0.066,0.9746
1786527085.567,158.100,WAIT,DONE_HOLD,2,1,-6.057,18.128,-0.118,-0.028,-0.004,-0.064,0.9751
1786527085.667,158.200,WAIT,DONE_HOLD,2,1,-6.055,18.127,-0.116,-0.026,-0.005,-0.062,0.9754
1786527085.767,158.300,WAIT,DONE_HOLD,2,0,-6.053,18.126,-0.114,-0.024,-0.005,-0.059,0.9756
1786527085.867,158.400,WAIT,DONE_HOLD,2,0,-6.051,18.125,-0.112,-0.019,-0.007,-0.057,0.9760
1786527085.967,158.500,WAIT,DONE_HOLD,2,0,-6.049,18.125,-0.109,-0.009,-0.014,-0.052,0.9764
1786527086.067,158.600,WAIT,DONE_HOLD,2,0,-6.046,18.124,-0.105,-0.000,-0.026,-0.045,0.9768
                                                                                                                                                                                                                                                                                                                                                                                                                                                                                                                                                                                                                                                                                                                                                                                                                                                                                        